Sektor_ID,Lat,Lon,dist_to_ditch,manholes_300m,in_basin,NDVI,NDWI,NDMI,Forecast_Date,Step,WRI
S_1,50.96,16.71,19204.135492674224,0,0,0.36727145,-0.44984293,-0.041721594,2026-03-01,1,0.2934927974
S_10,51.14,16.71,6812.088247351817,0,0,0.3989108,-0.45863837,0.05004103,2026-03-01,1,0.339689652
S_100,51.14,16.83,299.0414108789792,0,0,0.37283716,-0.46456277,-0.10741199,2026-03-01,1,0.12869463417579585
S_101,51.16,16.83,193.31260986371728,0,0,0.27372506,-0.37382436,-0.12488072,2026-03-01,1,0.07082775197274346
S_102,51.18,16.83,218.76394220477843,0,0,0.38086918,-0.46244207,-0.10239305,2026-03-01,1,0.11705632244095568
S_103,51.2,16.83,1750.830765751724,0,0,0.30439085,-0.40056717,-0.116790384,2026-03-01,1,0.24460110140000002
S_104,51.22,16.83,3972.279685462268,0,0,0.31109303,-0.41418597,-0.13364191,2026-03-01,1,0.239871145
S_105,51.24,16.83,5445.385947041962,0,0,0.24077725,-0.3200597,-0.11729264,2026-03-01,1,0.225316119
S_106,50.96,16.85,12984.678140135651,0,0,0.33663043,-0.41046438,-0.07428409,2026-03-01,1,0.271275493
S_107,50.98,16.85,11325.094646471813,0,0,0.31262645,-0.40354574,-0.12556213,2026-03-01,1,0.243563083
S_108,51.0,16.85,9861.896499378292,0,0,0.24870567,-0.3780072,-0.100240335,2026-03-01,1,0.23451556699999998
S_109,51.02,16.85,8418.741567826879,0,0,0.3007343,-0.37391078,-0.009601513,2026-03-01,1,0.2863796848
S_11,51.16,16.71,7197.1030753367495,0,0,0.33512643,-0.4119754,-0.046691462,2026-03-01,1,0.2818613442
S_110,51.04,16.85,6723.889490045874,0,0,0.32131618,-0.39641717,-0.11532017,2026-03-01,1,0.250266786
S_111,51.06,16.85,5421.191720799655,0,0,0.24990924,-0.36429253,-0.20479375,2026-03-01,1,0.193055272
S_112,51.08,16.85,3253.6617859423213,0,0,0.26500872,-0.3760848,-0.18471025,2026-03-01,1,0.205618516
S_113,51.1,16.85,1042.0817532091585,0,0,0.31591436,-0.39978606,-0.09485098,2026-03-01,1,0.256833916
S_114,51.12,16.85,152.9756075835791,0,0,0.34727922,-0.43664563,-0.12190344,2026-03-01,1,0.08601751151671581
S_115,51.14,16.85,30.375214416566127,145,0,0.33196434,-0.42086312,-0.10826862,2026-03-01,1,0.0
S_116,51.16,16.85,129.81078397110568,0,0,0.3710818,-0.45441204,-0.079110764,2026-03-01,1,0.10564239119422113
S_117,51.18,16.85,328.7539166104857,0,0,0.4272928,-0.4996955,-0.06864928,2026-03-01,1,0.16647891132209713
S_118,51.2,16.85,2136.925593380406,0,0,0.30188328,-0.40578577,-0.11535396,2026-03-01,1,0.24442339999999999
S_119,51.22,16.85,2891.784132546267,0,0,0.23958917,-0.32739198,-0.11968068,2026-03-01,1,0.224004479
S_12,51.18,16.71,7880.060446899775,0,0,0.48778602,-0.53303796,0.07872674,2026-03-01,1,0.377826502
S_120,51.24,16.85,4629.559266687689,0,0,0.22055922,-0.2916533,-0.12375191,2026-03-01,1,0.216667002
S_121,50.96,16.87,12162.057822383023,0,0,0.28572795,-0.40719137,-0.13864723,2026-03-01,1,0.23025949299999998
S_122,50.98,16.87,10372.104290519828,0,0,0.3333279,-0.4445556,-0.18166785,2026-03-01,1,0.22733123
S_123,51.0,16.87,8783.28397005277,0,0,0.2913954,-0.3931617,-0.11969031,2026-03-01,1,0.23954249600000002
S_124,51.02,16.87,7374.158792219467,0,0,0.38578278,-0.43521523,0.00080199254,2026-03-01,1,0.316055631016
S_125,51.04,16.87,5793.450664727714,0,0,0.3364276,-0.41153508,-0.116898626,2026-03-01,1,0.2541688296
S_126,51.06,16.87,4219.665969002121,0,0,0.25461286,-0.36483592,-0.18677074,2026-03-01,1,0.20167556200000003
S_127,51.08,16.87,3145.7712341569377,0,0,0.315229,-0.40066865,-0.11594366,2026-03-01,1,0.24819123599999998
S_128,51.1,16.87,997.1952678499712,0,0,0.28780118,-0.38466775,-0.15416856,2026-03-01,1,0.22411198356999423
S_129,51.12,16.87,75.42879838910036,42,0,0.29222697,-0.38462877,-0.104788795,2026-03-01,1,0.0
S_13,51.2,16.71,8327.208531487542,0,0,0.40631703,-0.48861194,-0.072943926,2026-03-01,1,0.2927175386
S_130,51.14,16.87,95.03052149332436,144,0,0.30278504,-0.38721886,-0.11218359,2026-03-01,1,0.0
S_131,51.16,16.87,0.5964238645431652,43,0,0.3495603,-0.42916784,-0.09081291,2026-03-01,1,0.0
S_132,51.18,16.87,62.120452330665,0,0,0.40413833,-0.473201,-0.06393104,2026-03-01,1,0.108093173466133
S_133,51.2,16.87,839.0660138119009,0,0,0.33755243,-0.4294974,-0.10340723,2026-03-01,1,0.2277160397623802
S_134,51.22,16.87,2011.4215042469016,0,0,0.36187252,-0.44479048,-0.078553654,2026-03-01,1,0.2771402944
S_135,51.24,16.87,4028.182801526247,0,0,0.28004628,-0.36126214,-0.11450653,2026-03-01,1,0.238211272
S_136,50.96,16.89,11452.977110542222,0,0,0.32348225,-0.4300987,-0.18371241,2026-03-01,1,0.22355971100000002
S_137,50.98,16.89,9531.1532212864,0,0,0.35321346,-0.46207502,-0.16790974,2026-03-01,1,0.238800142
S_138,51.0,16.89,7772.7528452904835,0,0,0.2879858,-0.38411957,-0.1085069,2026-03-01,1,0.24299298
S_139,51.02,16.89,6287.684180771339,0,0,0.20072928,-0.2570042,-0.024726933,2026-03-01,1,0.2503280108
S_14,51.22,16.71,9167.625026369526,0,0,0.38601145,-0.47645512,-0.08384813,2026-03-01,1,0.282264183
S_140,51.04,16.89,4966.126143458281,0,0,0.29024762,-0.36198485,-0.07121267,2026-03-01,1,0.258589218
S_141,51.06,16.89,3177.13745578146,0,0,0.35514587,-0.412568,-0.03811775,2026-03-01,1,0.291296661
S_142,51.08,16.89,2059.1496145995893,0,0,0.31559107,-0.39818305,-0.094911605,2026-03-01,1,0.256712679
S_143,51.1,16.89,584.150058798024,0,0,0.2831972,-0.3649025,-0.115282014,2026-03-01,1,0.1556763661596048
S_144,51.12,16.89,29.2480101924891,21,0,0.28723425,-0.38139024,-0.117489815,2026-03-01,1,0.0
S_145,51.14,16.89,166.35084857578028,184,0,0.30939844,-0.39802998,-0.10832101,2026-03-01,1,0.0
S_146,51.16,16.89,88.52606590553637,16,0,0.33032644,-0.40870953,-0.097626835,2026-03-01,1,0.0
S_147,51.18,16.89,40.6187379953634,0,0,0.3348552,-0.42660835,-0.11466808,2026-03-01,1,0.06271307559907267
S_148,51.2,16.89,128.5731600417197,0,0,0.28913823,-0.39639303,-0.15385696,2026-03-01,1,0.05091331700834394
S_149,51.22,16.89,1612.966088400308,0,0,0.31084022,-0.39837304,-0.09048417,2026-03-01,1,0.257058398
S_15,51.24,16.71,10346.277459912872,0,0,0.26353672,-0.36867315,-0.13736315,2026-03-01,1,0.224115756
S_150,51.24,16.89,3836.1304745548578,0,0,0.29300573,-0.39369005,-0.13088943,2026-03-01,1,0.235545947
S_151,50.96,16.91,10879.657044859136,0,0,0.34191838,-0.44859004,-0.15976924,2026-03-01,1,0.23866781800000003
S_152,50.98,16.91,8834.293411715706,0,0,0.32213613,-0.433542,-0.15127072,2026-03-01,1,0.23613255100000002
S_153,51.0,16.91,6900.951084593016,0,0,0.31074002,-0.4258661,-0.11370658,2026-03-01,1,0.247739374
S_154,51.02,16.91,5205.976876149072,0,0,0.2908944,-0.37623343,-0.102396645,2026-03-01,1,0.246309662
S_155,51.04,16.91,3800.973434448058,0,0,0.28341803,-0.36810452,-0.13833034,2026-03-01,1,0.229693273
S_156,51.06,16.91,2512.5632313491706,0,0,0.31351784,-0.39976475,-0.112864874,2026-03-01,1,0.2489094024
S_157,51.08,16.91,678.6116760835603,0,0,0.31285837,-0.41004765,-0.110704705,2026-03-01,1,0.18529796421671205
S_158,51.1,16.91,856.39299833093,0,0,0.3378893,-0.43013567,-0.0932675,2026-03-01,1,0.23533838966618603
S_159,51.12,16.91,178.3818645157325,4,0,0.3108413,-0.40683815,-0.10545328,2026-03-01,1,0.006747450903146504
S_16,50.96,16.73,18562.794541818243,0,0,0.2994439,-0.4036188,-0.111191005,2026-03-01,1,0.245356768
S_160,51.14,16.91,79.09561123337517,67,0,0.31793606,-0.40741608,-0.1137369,2026-03-01,1,0.0
S_161,51.16,16.91,29.5531253741436,125,0,0.31764764,-0.4058643,-0.106988765,2026-03-01,1,0.0
S_162,51.18,16.91,140.86672674542552,12,0,0.32239455,-0.42136836,-0.14272425,2026-03-01,1,0.0
S_163,51.2,16.91,76.31560408295768,50,0,0.32271773,-0.4141881,-0.13172589,2026-03-01,1,0.0
S_164,51.22,16.91,1287.798552325959,0,0,0.33912942,-0.42415348,-0.08821038,2026-03-01,1,0.266454674
S_165,51.24,16.91,3216.653967735071,0,0,0.32863316,-0.4300742,-0.1364662,2026-03-01,1,0.244003468
S_166,50.96,16.93,10464.433929184495,0,0,0.3533571,-0.45690885,-0.15556194,2026-03-01,1,0.24378235399999998
S_167,50.98,16.93,8317.817703353361,0,0,0.3064847,-0.42850876,-0.20439729,2026-03-01,1,0.210186494
S_168,51.0,16.93,6226.424610680338,0,0,0.28882506,-0.40499005,-0.18006833,2026-03-01,1,0.21462018600000002
S_169,51.02,16.93,4272.15334819429,0,0,0.3542151,-0.4465152,-0.116481274,2026-03-01,1,0.25967202040000004
S_17,50.98,16.73,16577.85936257925,0,0,0.35856915,-0.43355393,-0.062468525,2026-03-01,1,0.282583335
S_170,51.04,16.93,2734.6300697935235,0,0,0.28408346,-0.373005,-0.119547665,2026-03-01,1,0.23740597200000002
S_171,51.06,16.93,1405.8627140060885,0,0,0.31779963,-0.41530526,-0.17048942,2026-03-01,1,0.227144121
S_172,51.08,16.93,153.7128938178727,8,0,0.33882293,-0.43184185,-0.1382957,2026-03-01,1,0.0
S_173,51.1,16.93,171.4950135169203,23,0,0.317089,-0.41569892,-0.085269816,2026-03-01,1,0.0
S_174,51.12,16.93,110.37966010894912,171,0,0.31661943,-0.41946682,-0.08730153,2026-03-01,1,0.0
S_175,51.14,16.93,35.063298395709715,86,0,0.2908216,-0.37994665,-0.10009667,2026-03-01,1,0.0
S_176,51.16,16.93,119.28241091083214,232,0,0.3152599,-0.39607644,-0.09925652,2026-03-01,1,0.0
S_177,51.18,16.93,116.24242338942592,0,0,0.28186655,-0.35045183,-0.13675082,2026-03-01,1,0.05310812167788519
S_178,51.2,16.93,243.57309243338528,0,0,0.34097815,-0.42742833,-0.15925543,2026-03-01,1,0.08730589148667706
S_179,51.22,16.93,934.989887008772,0,0,0.33473846,-0.4219673,-0.1173821,2026-03-01,1,0.24046667540175443
S_18,51.0,16.73,14659.31178278656,0,0,0.35261923,-0.41980287,0.0017416674,2026-03-01,1,0.30648243596
S_180,51.24,16.93,3093.126161565517,0,0,0.35045278,-0.442149,-0.114490464,2026-03-01,1,0.2593396484
S_181,50.96,16.95,10226.581742100509,0,0,0.3749402,-0.46507967,-0.14627841,2026-03-01,1,0.253970696
S_182,50.98,16.95,8016.664197115699,0,0,0.30843475,-0.44301534,-0.22719821,2026-03-01,1,0.20165114099999998
S_183,51.0,16.95,5818.1929194215,0,0,0.2685555,-0.3503544,-0.11562607,2026-03-01,1,0.23431622200000002
S_184,51.02,16.95,3651.912744084874,0,0,0.31557545,-0.41877365,-0.19540104,2026-03-01,1,0.216512219
S_185,51.04,16.95,1649.9390675083405,0,0,0.16874638,-0.24807185,-0.08025251,2026-03-01,1,0.21852291000000001
S_186,51.06,16.95,410.0436766351651,0,0,0.2985718,-0.41275674,-0.19262002,2026-03-01,1,0.09453226732703301
S_187,51.08,16.95,135.73596988018187,17,0,0.23738824,-0.3408241,-0.15302283,2026-03-01,1,0.0
S_188,51.1,16.95,247.77790874820764,497,0,0.30367866,-0.38187492,-0.07271511,2026-03-01,1,0.0
S_189,51.12,16.95,32.48864238868553,207,0,0.2945084,-0.37735966,-0.08207863,2026-03-01,1,0.0
S_19,51.02,16.73,12840.031827983006,0,0,0.2957881,-0.37036607,-0.04759641,2026-03-01,1,0.269697866
S_190,51.14,16.95,58.19435946083127,26,0,0.28889042,-0.36571464,-0.09185909,2026-03-01,1,0.0
S_191,51.16,16.95,130.6314516932038,2,0,0.31802526,-0.40672442,-0.09566683,2026-03-01,1,0.043267136338640745
S_192,51.18,16.95,178.81956525149948,0,0,0.38198984,-0.4729198,-0.08898047,2026-03-01,1,0.1147686770502999
S_193,51.2,16.95,22.64852181705673,0,0,0.34183216,-0.45046443,-0.13475864,2026-03-01,1,0.05317589636341133
S_194,51.22,16.95,1150.6667062630731,0,0,0.30604875,-0.40276688,-0.1027532,2026-03-01,1,0.250713345
S_195,51.24,16.95,3375.3802928720816,0,0,0.3402068,-0.43640903,-0.09914836,2026-03-01,1,0.262402696
S_196,50.96,16.97,10021.414158449285,0,0,0.323462,-0.44086787,-0.23325966,2026-03-01,1,0.203734736
S_197,50.98,16.97,7910.592124100563,0,0,0.30056033,-0.4300048,-0.22002491,2026-03-01,1,0.20215813500000002
S_198,51.0,16.97,5733.420616111684,0,0,0.28109646,-0.37756354,-0.15551886,2026-03-01,1,0.222121394
S_199,51.02,16.97,3515.349555011848,0,0,0.27379516,-0.36216462,-0.122327656,2026-03-01,1,0.2332074856
S_2,50.98,16.71,17290.38293212061,0,0,0.35523996,-0.4357355,-0.01270515,2026-03-01,1,0.301489928
S_20,51.04,16.73,11168.639446384244,0,0,0.33178443,-0.40484574,-0.057417136,2026-03-01,1,0.2765684746
S_200,51.04,16.97,1320.5917622766913,0,0,0.2835821,-0.36636326,-0.056404766,2026-03-01,1,0.2625127236
S_201,51.06,16.97,147.75952938197452,167,0,0.30321103,-0.3887992,-0.08649474,2026-03-01,1,0.0
S_202,51.08,16.97,340.05915963391885,216,0,0.40854928,-0.4811385,-0.038012356,2026-03-01,1,0.0
S_203,51.1,16.97,365.3418207991952,21,0,0.30493724,-0.37799028,-0.069999665,2026-03-01,1,0.0
S_204,51.12,16.97,67.7717167848776,382,0,0.24894573,-0.31990093,-0.10173363,2026-03-01,1,0.0
S_205,51.14,16.97,412.10660404271215,202,0,0.2541875,-0.32363075,-0.08021229,2026-03-01,1,0.0
S_206,51.16,16.97,16.5153612818919,0,0,0.2870209,-0.3866045,-0.07913825,2026-03-01,1,0.05775404225637838
S_207,51.18,16.97,2.9191676711853622,0,0,0.30743057,-0.44392228,-0.09574463,2026-03-01,1,0.05451515253423707
S_208,51.2,16.97,155.10794754818698,11,0,0.3243629,-0.43303996,-0.110653736,2026-03-01,1,0.0
S_209,51.22,16.97,1398.73570960171,0,0,0.30649063,-0.40416515,-0.10885321,2026-03-01,1,0.248405905
S_21,51.06,16.73,9721.71749163114,0,0,0.3428766,-0.4135473,-0.029536467,2026-03-01,1,0.2910483932
S_210,51.24,16.97,3500.14658272472,0,0,0.31875497,-0.41135904,-0.08959874,2026-03-01,1,0.259786995
S_211,50.96,16.99,9604.746935014811,0,0,0.2862008,-0.41921908,-0.24573927,2026-03-01,1,0.187564532
S_212,50.98,16.99,7499.008014909064,0,0,0.314782,-0.43397313,-0.23703077,2026-03-01,1,0.19962229199999998
S_213,51.0,16.99,5357.026442742652,0,0,0.3165136,-0.43017763,-0.25376996,2026-03-01,1,0.193446096
S_214,51.02,16.99,3261.557369365852,0,0,0.33052906,-0.4242283,-0.14937769,2026-03-01,1,0.239407642
S_215,51.04,16.99,1331.156605452766,0,0,0.3527241,-0.44362703,-0.08713655,2026-03-01,1,0.27096261
S_216,51.06,16.99,67.99246611873737,190,0,0.34387845,-0.4247329,-0.05919898,2026-03-01,1,0.0
S_217,51.08,16.99,332.1993831246549,235,0,0.3136161,-0.38893846,-0.06838195,2026-03-01,1,0.0
S_218,51.1,16.99,95.92616121470772,365,0,0.25794652,-0.33482802,-0.0906663,2026-03-01,1,0.0
S_219,51.12,16.99,328.76141429986643,366,0,0.23084025,-0.2998402,-0.07980501,2026-03-01,1,0.0
S_22,51.08,16.73,8506.568173937441,0,0,0.30722746,-0.39453965,-0.07315386,2026-03-01,1,0.262906694
S_220,51.14,16.99,268.2790269957991,83,0,0.22328731,-0.26769093,-0.03944246,2026-03-01,1,0.0
S_221,51.16,16.99,73.6050073256935,4,0,0.2792809,-0.38474816,-0.08270775,2026-03-01,1,0.0
S_222,51.18,16.99,123.6884542477482,11,0,0.29727456,-0.40946296,-0.114067666,2026-03-01,1,0.0
S_223,51.2,16.99,168.12409711065547,0,0,0.3148124,-0.41115925,-0.09422726,2026-03-01,1,0.09037763542213109
S_224,51.22,16.99,1746.1197465715757,0,0,0.30958623,-0.40558982,-0.06829609,2026-03-01,1,0.265557433
S_225,51.24,16.99,3909.727010031838,0,0,0.3142376,-0.4002521,-0.04955373,2026-03-01,1,0.27444978800000003
S_226,50.96,17.01,9302.025966010857,0,0,0.31576917,-0.4369648,-0.21840698,2026-03-01,1,0.207367959
S_227,50.98,17.01,7107.333504160153,0,0,0.3351957,-0.4500559,-0.19433795,2026-03-01,1,0.22282353
S_228,51.0,17.01,4939.745864156982,0,0,0.3222382,-0.43739393,-0.2061079,2026-03-01,1,0.21422829999999998
S_229,51.02,17.01,2861.553217630114,0,0,0.32843453,-0.43649784,-0.18155797,2026-03-01,1,0.22590717100000002
S_23,51.1,16.73,6936.109378879808,0,0,0.3563598,-0.4282393,-0.06625474,2026-03-01,1,0.280406044
S_230,51.04,17.01,708.5497524206784,0,0,0.34386888,-0.43303552,-0.08812238,2026-03-01,1,0.20962166248413566
S_231,51.06,17.01,185.8425725294435,221,0,0.32685098,-0.40605357,-0.045192305,2026-03-01,1,0.0
S_232,51.08,17.01,492.6122690702354,269,0,0.2605956,-0.3385948,-0.07978884,2026-03-01,1,0.0
S_233,51.1,17.01,739.3658417430682,357,0,0.21923319,-0.2785823,-0.12781505,2026-03-01,1,0.0
S_234,51.12,17.01,975.8713986883582,194,0,0.1840862,-0.24906488,-0.08612971,2026-03-01,1,0.0
S_235,51.14,17.01,379.9979625897767,10,0,0.23880078,-0.31654668,-0.0704561,2026-03-01,1,0.0
S_236,51.16,17.01,47.96600225330634,194,0,0.32107586,-0.4261792,-0.09404915,2026-03-01,1,0.0
S_237,51.18,17.01,162.33728524036934,0,0,0.32310662,-0.42241976,-0.08318161,2026-03-01,1,0.09612679904807386
S_238,51.2,17.01,522.3469551576198,0,0,0.32588378,-0.42367503,-0.076341346,2026-03-01,1,0.17169798663152397
S_239,51.22,17.01,2309.388779925825,0,0,0.33192614,-0.42123494,-0.07683133,2026-03-01,1,0.26884531
S_24,51.12,16.73,5810.251733180315,0,0,0.40871245,-0.45179504,-0.048864882,2026-03-01,1,0.3030677822
S_240,51.24,17.01,4320.154486873881,0,0,0.35226154,-0.4349524,-0.075661965,2026-03-01,1,0.275413676
S_241,50.96,17.03,9205.759974995748,0,0,0.3154599,-0.43609697,-0.22342329,2026-03-01,1,0.205268654
S_242,50.98,17.03,6980.9290012326765,0,0,0.34349388,-0.45571062,-0.2062481,2026-03-01,1,0.22054892399999998
S_243,51.0,17.03,4756.164058545855,0,0,0.2983565,-0.42644325,-0.22347908,2026-03-01,1,0.20011531800000001
S_244,51.02,17.03,2531.6591433168446,0,0,0.34300297,-0.4461911,-0.19394429,2026-03-01,1,0.22532317500000001
S_245,51.04,17.03,313.16913283537696,0,0,0.34310815,-0.4305451,-0.086092815,2026-03-01,1,0.1311291455670754
S_246,51.06,17.03,168.58167701773638,168,0,0.35176912,-0.43665662,-0.050148595,2026-03-01,1,0.0
S_247,51.08,17.03,726.1887889648634,17,0,0.2222254,-0.30403382,-0.089436,2026-03-01,1,0.0
S_248,51.1,17.03,1524.3718245292073,326,0,0.14063859,-0.20943074,-0.12313738,2026-03-01,1,0.0
S_249,51.12,17.03,1695.1292589071084,346,0,0.1950786,-0.2602494,-0.09070713,2026-03-01,1,0.0
S_25,51.14,16.73,5412.525413426852,0,0,0.35788894,-0.41711482,-0.026418405,2026-03-01,1,0.29679932
S_250,51.14,17.03,587.7412940066755,456,0,0.1970771,-0.2509018,-0.06405151,2026-03-01,1,0.0
S_251,51.16,17.03,87.43406113267545,278,0,0.28256184,-0.36786366,-0.07499065,2026-03-01,1,0.0
S_252,51.18,17.03,253.34953180821336,6,0,0.33178616,-0.4243009,-0.06583934,2026-03-01,1,0.003870018361642677
S_253,51.2,17.03,1408.1716662089086,0,0,0.32926166,-0.42266104,-0.07191178,2026-03-01,1,0.27001378600000003
S_254,51.22,17.03,3149.442431326004,0,0,0.33484796,-0.42867184,-0.06544913,2026-03-01,1,0.274274736
S_255,51.24,17.03,4934.831602902228,0,0,0.36996597,-0.45468068,-0.04340264,2026-03-01,1,0.293628735
S_256,50.96,17.05,9322.345445162837,0,0,0.2980451,-0.41607004,-0.2725928,2026-03-01,1,0.18037641
S_257,50.98,17.05,7133.907327775435,0,0,0.31291386,-0.4277886,-0.22370245,2026-03-01,1,0.204393178
S_258,51.0,17.05,4977.9004993604,0,0,0.3304295,-0.43838704,-0.19752444,2026-03-01,1,0.220119074
S_259,51.02,17.05,2910.9997256157144,0,0,0.3741508,-0.4569477,-0.16575876,2026-03-01,1,0.24594173600000002
S_26,51.16,16.73,5863.717409588568,0,0,0.31986743,-0.3872388,-0.040424295,2026-03-01,1,0.279790511
S_260,51.04,17.05,842.6495839861251,0,0,0.34384188,-0.43158883,-0.11728929,2026-03-01,1,0.22476676479722502
S_261,51.06,17.05,26.754012374311475,241,0,0.29133493,-0.38808143,-0.107835986,2026-03-01,1,0.0
S_262,51.08,17.05,760.0327535766545,249,0,0.22144243,-0.30123365,-0.105467215,2026-03-01,1,0.0
S_263,51.1,17.05,905.3365178959564,428,0,0.17968147,-0.2526031,-0.097983375,2026-03-01,1,0.0
S_264,51.12,17.05,1342.7351323182363,304,0,0.22576548,-0.2992183,-0.0944338,2026-03-01,1,0.0
S_265,51.14,17.05,1096.9398205322211,166,0,0.2876488,-0.35835287,-0.057397235,2026-03-01,1,0.0
S_266,51.16,17.05,37.50494213788518,29,0,0.29384565,-0.36860713,-0.06868628,2026-03-01,1,0.0
S_267,51.18,17.05,781.3390905233456,0,0,0.32767364,-0.42457274,-0.07631513,2026-03-01,1,0.22404385810466915
S_268,51.2,17.05,2627.0151318828944,0,0,0.35038412,-0.44164687,-0.0657997,2026-03-01,1,0.278795356
S_269,51.22,17.05,3996.7819122721135,0,0,0.42211264,-0.49104843,-0.025456933,2026-03-01,1,0.31645101880000004
S_27,51.18,16.73,6493.224785585582,0,0,0.42112312,-0.46881497,0.029007457,2026-03-01,1,0.3379399188
S_270,51.24,17.05,5775.605634906718,0,0,0.451723,-0.50744635,0.009465958,2026-03-01,1,0.3393032832
S_271,50.96,17.07,9503.511109340056,0,0,0.32914785,-0.4360083,-0.22053498,2026-03-01,1,0.210530363
S_272,50.98,17.07,7285.075000429359,0,0,0.30633223,-0.41390106,-0.19650856,2026-03-01,1,0.213296245
S_273,51.0,17.07,5072.297259895921,0,0,0.33679214,-0.43706393,-0.20383045,2026-03-01,1,0.21950546199999998
S_274,51.02,17.07,2878.275441631271,0,0,0.33974326,-0.4396906,-0.18681292,2026-03-01,1,0.22719781
S_275,51.04,17.07,860.946420128604,0,0,0.33756354,-0.43200114,-0.13760792,2026-03-01,1,0.2184151780257208
S_276,51.06,17.07,18.403622301136235,17,0,0.3542946,-0.44645068,-0.084878065,2026-03-01,1,0.0
S_277,51.08,17.07,214.70843905693792,331,0,0.29830292,-0.3745422,-0.08430122,2026-03-01,1,0.0
S_278,51.1,17.07,263.626736591189,71,0,0.25656274,-0.32786426,-0.087703995,2026-03-01,1,0.0
S_279,51.12,17.07,620.3995166988473,54,0,0.29880524,-0.37462488,-0.08011956,2026-03-01,1,0.0
S_28,51.2,16.73,7008.001097177331,0,0,0.3371707,-0.44564545,-0.104886875,2026-03-01,1,0.25919646
S_280,51.14,17.07,5.296732199324818,340,0,0.30100238,-0.3839271,-0.0895733,2026-03-01,1,0.0
S_281,51.16,17.07,170.6004669692908,0,0,0.31619552,-0.40941253,-0.08102454,2026-03-01,1,0.09656893339385816
S_282,51.18,17.07,1059.4018588611032,0,0,0.36837193,-0.4591534,-0.07913985,2026-03-01,1,0.278855639
S_283,51.2,17.07,2821.0569727528555,0,0,0.39512765,-0.47661665,-0.054327745,2026-03-01,1,0.296807197
S_284,51.22,17.07,4963.876382114957,0,0,0.44107288,-0.5181136,-0.025593614,2026-03-01,1,0.3220844184
S_285,51.24,17.07,6615.739492012172,0,0,0.5426192,-0.59644914,0.029957324,2026-03-01,1,0.3747686896
S_286,50.96,17.09,9505.401786812829,0,0,0.3606839,-0.45644838,-0.2203367,2026-03-01,1,0.22007049
S_287,50.98,17.09,7285.655100610123,0,0,0.34406346,-0.44271675,-0.21071604,2026-03-01,1,0.21893262200000002
S_288,51.0,17.09,5068.946250743713,0,0,0.33505148,-0.43968502,-0.24330895,2026-03-01,1,0.203191864
S_289,51.02,17.09,2846.062558614396,0,0,0.34099555,-0.44277942,-0.20016034,2026-03-01,1,0.22223452900000001
S_29,51.22,16.73,7938.677214869078,0,0,0.33878756,-0.43317997,-0.10719785,2026-03-01,1,0.258757128
S_290,51.04,17.09,627.9980417595431,0,0,0.33124816,-0.43108138,-0.17953154,2026-03-01,1,0.15316144035190862
S_291,51.06,17.09,118.86744519004682,20,0,0.34773222,-0.4436798,-0.103386104,2026-03-01,1,0.0
S_292,51.08,17.09,88.13980394258562,107,0,0.36052492,-0.44804567,-0.06793264,2026-03-01,1,0.0
S_293,51.1,17.09,429.06807227558295,113,0,0.32320002,-0.40514854,-0.075553134,2026-03-01,1,0.0
S_294,51.12,17.09,450.62107651110034,141,0,0.34689945,-0.42505348,-0.07204529,2026-03-01,1,0.0
S_295,51.14,17.09,201.25573821191043,248,0,0.32460806,-0.41499522,-0.087994605,2026-03-01,1,0.0
S_296,51.16,17.09,60.45637724612981,0,0,0.34184518,-0.44965243,-0.08766235,2026-03-01,1,0.07957988944922596
S_297,51.18,17.09,402.1787713061745,0,0,0.38170654,-0.47520208,-0.09045236,2026-03-01,1,0.15876677226123492
S_298,51.2,17.09,2617.146664306679,0,0,0.37384036,-0.46386772,-0.054971263,2026-03-01,1,0.2901636028
S_299,51.22,17.09,4841.310711102912,0,0,0.36726618,-0.46524486,-0.07334677,2026-03-01,1,0.280841146
S_3,51.0,16.71,15460.167737524162,0,0,0.32727802,-0.3976675,0.06597393,2026-03-01,1,0.324572978
S_30,51.24,16.73,9275.33000166609,0,0,0.34889722,-0.438556,-0.09062083,2026-03-01,1,0.268420834
S_300,51.24,17.09,7065.999347705496,0,0,0.42125237,-0.50091094,-0.030938026,2026-03-01,1,0.3140005006
S_301,50.96,17.11,9502.278649368596,0,0,0.35369638,-0.46330944,-0.20242614,2026-03-01,1,0.22513845799999999
S_302,50.98,17.11,7280.877747704259,0,0,0.35669273,-0.4594169,-0.21168005,2026-03-01,1,0.222335799
S_303,51.0,17.11,5062.534830177265,0,0,0.3630786,-0.45089698,-0.21335214,2026-03-01,1,0.223582724
S_304,51.02,17.11,2854.4062347284403,0,0,0.34083125,-0.4358098,-0.19901514,2026-03-01,1,0.222643319
S_305,51.04,17.11,752.6021058611249,0,0,0.32006624,-0.4251376,-0.12951696,2026-03-01,1,0.19473350917222498
S_306,51.06,17.11,404.7006786032911,0,0,0.339905,-0.44734713,-0.098022684,2026-03-01,1,0.14370256212065824
S_307,51.08,17.11,21.61305392219596,0,0,0.34519476,-0.44142735,-0.07812375,2026-03-01,1,0.07663153878443918
S_308,51.1,17.11,626.639890995596,124,0,0.3253152,-0.41149148,-0.07525823,2026-03-01,1,0.0
S_309,51.12,17.11,293.12140737681347,400,0,0.23270486,-0.31438103,-0.11158034,2026-03-01,1,0.0
S_31,50.96,16.75,18000.470905369522,0,0,0.34954435,-0.4323001,-0.073076986,2026-03-01,1,0.27563251060000005
S_310,51.14,17.11,1.2634738104871963,7,0,0.30589476,-0.39902568,-0.0870791,2026-03-01,1,0.0
S_311,51.16,17.11,11.974441257387422,96,0,0.31368494,-0.41162732,-0.08283765,2026-03-01,1,0.0
S_312,51.18,17.11,652.976173360686,0,0,0.34761575,-0.43968487,-0.07288803,2026-03-01,1,0.20572474767213716
S_313,51.2,17.11,2734.1440659639547,0,0,0.34315607,-0.4307567,-0.042902585,2026-03-01,1,0.285785787
S_314,51.22,17.11,4788.973441161141,0,0,0.31634292,-0.4212755,-0.086717114,2026-03-01,1,0.2602160304
S_315,51.24,17.11,6891.885687981036,0,0,0.3312166,-0.43827274,-0.058015246,2026-03-01,1,0.2761588816
S_316,50.96,17.13,9406.611013607397,0,0,0.33705068,-0.46272862,-0.15226401,2026-03-01,1,0.24020960000000002
S_317,50.98,17.13,7196.12198055024,0,0,0.36822936,-0.46487054,-0.14986369,2026-03-01,1,0.250523332
S_318,51.0,17.13,4998.414551367272,0,0,0.39016435,-0.47591823,-0.13527252,2026-03-01,1,0.262940297
S_319,51.02,17.13,2843.301120642574,0,0,0.32770005,-0.41740328,-0.093665436,2026-03-01,1,0.2608438406
S_32,50.98,16.75,15952.247462011475,0,0,0.29051712,-0.36160228,-0.086424135,2026-03-01,1,0.25258548200000003
S_320,51.04,17.13,1041.5912548421352,0,0,0.30253324,-0.39926872,-0.09246553,2026-03-01,1,0.25377376
S_321,51.06,17.13,211.6792510664819,0,0,0.32590267,-0.42600995,-0.09076559,2026-03-01,1,0.10380041521329639
S_322,51.08,17.13,49.6135296497983,0,0,0.36845237,-0.4774945,-0.07461031,2026-03-01,1,0.09061429292995965
S_323,51.1,17.13,9.46748805952812,0,0,0.3468349,-0.4459586,-0.078907564,2026-03-01,1,0.07438094201190561
S_324,51.12,17.13,26.32567471779296,52,0,0.31166777,-0.4107902,-0.08222518,2026-03-01,1,0.0
S_325,51.14,17.13,86.17281976514295,100,0,0.31724438,-0.4090375,-0.083955966,2026-03-01,1,0.0
S_326,51.16,17.13,94.59162240169668,258,0,0.31996942,-0.40016755,-0.06716318,2026-03-01,1,0.0
S_327,51.18,17.13,289.3309346024406,0,0,0.3286168,-0.4139889,-0.061335023,2026-03-01,1,0.13191721772048812
S_328,51.2,17.13,2233.8334123942354,0,0,0.33155903,-0.42075086,-0.041792728,2026-03-01,1,0.2827506178
S_329,51.22,17.13,4433.292020477803,0,0,0.33026654,-0.4279768,-0.05177127,2026-03-01,1,0.278371454
S_33,51.0,16.75,13953.746654401524,0,0,0.31619698,-0.39688858,-0.08783716,2026-03-01,1,0.25972423
S_330,51.24,17.13,6649.757122092191,0,0,0.3252264,-0.42496893,-0.02565603,2026-03-01,1,0.287305508
S_331,50.96,17.15,9302.065628001628,0,0,0.3317209,-0.43487984,-0.17689823,2026-03-01,1,0.228756978
S_332,50.98,17.15,7077.2259491861805,0,0,0.35825232,-0.45728502,-0.17930035,2026-03-01,1,0.235755556
S_333,51.0,17.15,4852.415661603735,0,0,0.38242257,-0.4672982,-0.112318344,2026-03-01,1,0.2697994334
S_334,51.02,17.15,2627.7286660969885,0,0,0.29761446,-0.383662,-0.051332694,2026-03-01,1,0.2687512604
S_335,51.04,17.15,405.3255842916269,0,0,0.30479017,-0.39512044,-0.10589663,2026-03-01,1,0.1301435158583254
S_336,51.06,17.15,311.1005865256748,0,0,0.29360437,-0.3760003,-0.09287338,2026-03-01,1,0.11315207630513496
S_337,51.08,17.15,379.9059987106683,0,0,0.34583586,-0.4447582,-0.08277983,2026-03-01,1,0.14662002574213368
S_338,51.1,17.15,47.71133279133735,48,0,0.39641502,-0.49204874,-0.08198362,2026-03-01,1,0.0
S_339,51.12,17.15,31.8034264834681,0,0,0.3433912,-0.44090256,-0.084000595,2026-03-01,1,0.07577780729669362
S_34,51.02,16.75,12028.58577000032,0,0,0.23438719,-0.30522153,-0.059993107,2026-03-01,1,0.24631891420000002
S_340,51.14,17.15,612.9558315376042,0,0,0.33126584,-0.42251307,-0.071077056,2026-03-01,1,0.19354009590752086
S_341,51.16,17.15,29.59519998379784,12,0,0.32135332,-0.41020748,-0.07743265,2026-03-01,1,0.0
S_342,51.18,17.15,504.73404352611607,0,0,0.3404341,-0.43274257,-0.07401266,2026-03-01,1,0.17347197470522321
S_343,51.2,17.15,2272.8014071320617,0,0,0.36133808,-0.45953113,-0.060384616,2026-03-01,1,0.2842475776
S_344,51.22,17.15,4456.511132128606,0,0,0.354508,-0.45087308,-0.049475044,2026-03-01,1,0.2865623824
S_345,51.24,17.15,6667.206056752632,0,0,0.35203922,-0.44777068,-0.034176648,2026-03-01,1,0.2919411068
S_346,50.96,17.17,9400.094892925816,0,0,0.3718928,-0.46201488,-0.15871106,2026-03-01,1,0.248083416
S_347,50.98,17.17,7205.537667660058,0,0,0.33805177,-0.4465962,-0.20881607,2026-03-01,1,0.217889103
S_348,51.0,17.17,5037.643313075092,0,0,0.36250275,-0.4474661,-0.08664342,2026-03-01,1,0.274093457
S_349,51.02,17.17,2955.6922018360483,0,0,0.3102881,-0.41109675,-0.10668041,2026-03-01,1,0.250414266
S_35,51.04,16.75,10225.838452160657,0,0,0.31905794,-0.3934931,-0.06625851,2026-03-01,1,0.269213978
S_350,51.04,17.17,1351.7422326019637,0,0,0.28933108,-0.370918,-0.10411433,2026-03-01,1,0.245153592
S_351,51.06,17.17,928.5546687939476,0,0,0.23070838,-0.2796713,-0.11571777,2026-03-01,1,0.2086363397587895
S_352,51.08,17.17,1222.2373882291276,0,0,0.31952518,-0.40757653,-0.07025339,2026-03-01,1,0.267756198
S_353,51.1,17.17,64.3623122469601,11,0,0.3327726,-0.4186874,-0.072252214,2026-03-01,1,0.0
S_354,51.12,17.17,782.985738214666,0,0,0.34450823,-0.44206727,-0.07692042,2026-03-01,1,0.22918144864293322
S_355,51.14,17.17,1685.2291347635687,0,0,0.31894144,-0.4182661,-0.08021306,2026-03-01,1,0.26359720799999997
S_356,51.16,17.17,1175.496525571058,0,0,0.29403654,-0.38583425,-0.07923484,2026-03-01,1,0.25651702600000004
S_357,51.18,17.17,1045.405382052987,0,0,0.32160357,-0.41043067,-0.07337692,2026-03-01,1,0.267130303
S_358,51.2,17.17,2797.905024062247,0,0,0.41691744,-0.512433,-0.08818086,2026-03-01,1,0.289802888
S_359,51.22,17.17,4848.664960109084,0,0,0.43968976,-0.5214516,-0.037975557,2026-03-01,1,0.3167167052
S_36,51.06,16.75,8622.635029524121,0,0,0.2979301,-0.3978318,-0.108371474,2026-03-01,1,0.2460304404
S_360,51.24,17.17,6936.034365292944,0,0,0.3163001,-0.41478053,-0.021837672,2026-03-01,1,0.2861549612
S_361,50.96,17.19,9702.407959934322,0,0,0.39391744,-0.4794281,-0.10697721,2026-03-01,1,0.275384348
S_362,50.98,17.19,7595.544875188068,0,0,0.424756,-0.49567816,-0.06463861,2026-03-01,1,0.301571356
S_363,51.0,17.19,5581.034959595853,0,0,0.37036514,-0.46506637,-0.10749774,2026-03-01,1,0.268110446
S_364,51.02,17.19,3808.381448597596,0,0,0.35408783,-0.46590248,-0.116900966,2026-03-01,1,0.2594659626
S_365,51.04,17.19,2677.399665191623,0,0,0.3374099,-0.43878186,-0.10000944,2026-03-01,1,0.261219194
S_366,51.06,17.19,1391.3829292996506,0,0,0.33571032,-0.42597505,-0.08044041,2026-03-01,1,0.268536932
S_367,51.08,17.19,1721.6045046302854,0,0,0.4047974,-0.47930455,-0.017800087,2026-03-01,1,0.3143191852
S_368,51.1,17.19,1184.036912541745,0,0,0.32510608,-0.41635758,-0.0767588,2026-03-01,1,0.266828304
S_369,51.12,17.19,1776.3806349218871,0,0,0.30138755,-0.41113073,-0.09898045,2026-03-01,1,0.250824085
S_37,51.08,16.75,7350.725399726949,0,0,0.33839452,-0.42783752,-0.0915528,2026-03-01,1,0.26489723600000004
S_370,51.14,17.19,2564.33775392618,0,0,0.31638625,-0.4188008,-0.07671668,2026-03-01,1,0.264229203
S_371,51.16,17.19,2567.547044450593,0,0,0.33599278,-0.43018883,-0.070425205,2026-03-01,1,0.272627752
S_372,51.18,17.19,2389.1599553755764,0,0,0.34609354,-0.44145262,-0.072844766,2026-03-01,1,0.2746901556
S_373,51.2,17.19,3548.269857966122,0,0,0.3717253,-0.4667689,-0.08803461,2026-03-01,1,0.27630374599999996
S_374,51.22,17.19,5404.641768609151,0,0,0.35499588,-0.4533603,-0.08353858,2026-03-01,1,0.273083332
S_375,51.24,17.19,7456.230708247526,0,0,0.32382166,-0.42445043,-0.042172104,2026-03-01,1,0.2802776564
S_376,50.96,17.21,10190.839513748497,0,0,0.41675755,-0.48629472,-0.04420449,2026-03-01,1,0.30734546900000004
S_377,50.98,17.21,8210.03594069413,0,0,0.31004632,-0.4293273,-0.13079713,2026-03-01,1,0.240695044
S_378,51.0,17.21,6391.886841119376,0,0,0.36006263,-0.4588293,-0.096188165,2026-03-01,1,0.269543523
S_379,51.02,17.21,4906.809099143584,0,0,0.40998623,-0.5074646,-0.085517675,2026-03-01,1,0.288788799
S_38,51.1,16.75,5908.015345296582,0,0,0.44745424,-0.49434987,0.0107718455,2026-03-01,1,0.3385450102
S_380,51.04,17.21,3974.282833083281,0,0,0.36456642,-0.45867598,-0.10450135,2026-03-01,1,0.267569386
S_381,51.06,17.21,2630.657955118508,0,0,0.36766648,-0.44980985,-0.0623994,2026-03-01,1,0.285340184
S_382,51.08,17.21,2818.8981827577068,0,0,0.42873135,-0.47426024,0.036542222,2026-03-01,1,0.3432362938
S_383,51.1,17.21,2460.9366280540366,0,0,0.3375734,-0.42330435,-0.05180803,2026-03-01,1,0.28054880800000004
S_384,51.12,17.21,2811.402315802659,0,0,0.30380794,-0.41177347,-0.07008579,2026-03-01,1,0.26310806600000003
S_385,51.14,17.21,3771.039082895692,0,0,0.32100776,-0.41741878,-0.08067012,2026-03-01,1,0.26403428
S_386,51.16,17.21,3964.297130363847,0,0,0.32276416,-0.41861683,-0.071282744,2026-03-01,1,0.2683161504
S_387,51.18,17.21,3772.9307114841904,0,0,0.33946395,-0.43376088,-0.070209116,2026-03-01,1,0.2737555386
S_388,51.2,17.21,4594.935939212146,0,0,0.33851388,-0.43563843,-0.077794544,2026-03-01,1,0.2704363464
S_389,51.22,17.21,6155.712601673673,0,0,0.30669704,-0.4028774,-0.09715745,2026-03-01,1,0.253146132
S_39,51.12,16.75,4534.291563557253,0,0,0.32232994,-0.40166092,-0.05942921,2026-03-01,1,0.272927298
S_390,51.24,17.21,8024.6705081537875,0,0,0.31733724,-0.41543648,-0.024802364,2026-03-01,1,0.2852802264
S_391,50.96,17.23,10840.25969081234,0,0,0.3792027,-0.46961984,-0.12537396,2026-03-01,1,0.263611226
S_392,50.98,17.23,9003.161363737108,0,0,0.3561776,-0.44813788,-0.07463137,2026-03-01,1,0.27700073199999997
S_393,51.0,17.23,7382.589353045482,0,0,0.32861105,-0.4331246,-0.090838335,2026-03-01,1,0.262247981
S_394,51.02,17.23,6111.605858024738,0,0,0.39773443,-0.49517453,-0.072989516,2026-03-01,1,0.2901245226
S_395,51.04,17.23,4971.335173736405,0,0,0.32874474,-0.42029545,-0.07493618,2026-03-01,1,0.26864895
S_396,51.06,17.23,3979.420376276317,0,0,0.33265626,-0.43145314,-0.078754924,2026-03-01,1,0.26829490840000003
S_397,51.08,17.23,4105.821277418549,0,0,0.30578777,-0.4142115,-0.09339743,2026-03-01,1,0.254377359
S_398,51.1,17.23,3825.238852130517,0,0,0.30317494,-0.4025392,-0.07383231,2026-03-01,1,0.261419558
S_399,51.12,17.23,4059.24751098903,0,0,0.32704696,-0.42740744,-0.07710981,2026-03-01,1,0.26727016400000003
S_4,51.02,16.71,13746.899774716265,0,0,0.3185313,-0.39347255,-0.02891566,2026-03-01,1,0.28399312600000004
S_40,51.14,16.75,4013.110042361553,0,0,0.43360958,-0.4637006,0.088517316,2026-03-01,1,0.3654898004
S_400,51.14,17.23,5077.889591772684,0,0,0.321955,-0.4147694,-0.08972617,2026-03-01,1,0.260696032
S_401,51.16,17.23,5362.238851744935,0,0,0.32540196,-0.41834792,-0.07929267,2026-03-01,1,0.26590352
S_402,51.18,17.23,5164.650253401098,0,0,0.35134184,-0.44646657,-0.06937174,2026-03-01,1,0.27765385600000003
S_403,51.2,17.23,5791.946670621568,0,0,0.34489515,-0.44272846,-0.07271444,2026-03-01,1,0.274382769
S_404,51.22,17.23,7093.700827252286,0,0,0.3296829,-0.42455876,-0.045057684,2026-03-01,1,0.2808817964
S_405,51.24,17.23,8774.710761505301,0,0,0.29980794,-0.40345478,-0.017893218,2026-03-01,1,0.2827850948
S_406,50.96,17.25,11623.715328983602,0,0,0.3753854,-0.44930547,-0.036028393,2026-03-01,1,0.2982042628
S_407,50.98,17.25,9932.217903269244,0,0,0.31388503,-0.42963535,-0.109975606,2026-03-01,1,0.2501752666
S_408,51.0,17.25,8484.01056952527,0,0,0.34298033,-0.44696158,-0.080567695,2026-03-01,1,0.270667021
S_409,51.02,17.25,7384.285945805905,0,0,0.3235307,-0.41539627,-0.08464841,2026-03-01,1,0.263199846
S_41,51.16,16.75,4531.119295161696,0,0,0.38046557,-0.440749,0.015110582,2026-03-01,1,0.3201839038
S_410,51.04,17.25,6129.1194061255255,0,0,0.24696314,-0.33216894,-0.110439636,2026-03-01,1,0.2299130876
S_411,51.06,17.25,5355.576514058632,0,0,0.30784866,-0.40387514,-0.08529059,2026-03-01,1,0.258238362
S_412,51.08,17.25,5449.646214796447,0,0,0.34369776,-0.43332034,-0.06430449,2026-03-01,1,0.277387532
S_413,51.1,17.25,5208.939555461392,0,0,0.3240924,-0.4208142,-0.07936756,2026-03-01,1,0.265480696
S_414,51.12,17.25,5382.7184159775925,0,0,0.3468234,-0.4469841,-0.07887956,2026-03-01,1,0.27249519600000005
S_415,51.14,17.25,6380.169182758276,0,0,0.31583187,-0.41219956,-0.066738896,2026-03-01,1,0.2680540026
S_416,51.16,17.25,6760.631388968914,0,0,0.3573079,-0.44325802,-0.048304673,2026-03-01,1,0.2878705008
S_417,51.18,17.25,6559.259200270753,0,0,0.46142223,-0.5217247,-0.022278076,2026-03-01,1,0.3295154386
S_418,51.2,17.25,7063.273077274323,0,0,0.42638156,-0.49139526,-0.023972662,2026-03-01,1,0.3183254032
S_419,51.22,17.25,8164.353191759555,0,0,0.30619532,-0.38544384,-0.039878216,2026-03-01,1,0.2759073096
S_42,51.18,16.75,5112.8447514642985,0,0,0.36572474,-0.46383488,-0.097073905,2026-03-01,1,0.27088786
S_420,51.24,17.25,9660.460230112583,0,0,0.32179517,-0.41398567,-0.028458076,2026-03-01,1,0.28515532060000004
S_43,51.2,16.75,5706.64132954761,0,0,0.34067395,-0.43252462,-0.11682129,2026-03-01,1,0.255473669
S_44,51.22,16.75,6775.548434194237,0,0,0.27736956,-0.38725406,-0.12843898,2026-03-01,1,0.231835276
S_45,51.24,16.75,8302.081445945038,0,0,0.35848838,-0.44387114,-0.07215849,2026-03-01,1,0.278683118
S_46,50.96,16.77,17022.908120220254,0,0,0.28805888,-0.38127306,-0.10924228,2026-03-01,1,0.242720752
S_47,50.98,16.77,15422.41639279965,0,0,0.30283722,-0.39702645,-0.1121724,2026-03-01,1,0.245982206
S_48,51.0,16.77,13349.921110816154,0,0,0.35759434,-0.4431097,-0.10795897,2026-03-01,1,0.264094714
S_49,51.02,16.77,11333.075173326231,0,0,0.35547984,-0.43041193,-0.08681999,2026-03-01,1,0.271915956
S_5,51.04,16.71,12199.952563339264,0,0,0.33632284,-0.41905352,-0.07000231,2026-03-01,1,0.272895928
S_50,51.04,16.77,9398.22334858242,0,0,0.28949946,-0.37600216,-0.091002904,2026-03-01,1,0.2504486764
S_51,51.06,16.77,7623.368673179539,0,0,0.2693557,-0.3545497,-0.10995186,2026-03-01,1,0.236825966
S_52,51.08,16.77,6148.669471297736,0,0,0.32476705,-0.4077545,-0.08530994,2026-03-01,1,0.263306139
S_53,51.1,16.77,5053.636350499835,0,0,0.35420665,-0.43460354,-0.06085803,2026-03-01,1,0.281918783
S_54,51.12,16.77,3358.716664473822,0,0,0.29240444,-0.3880163,-0.12347867,2026-03-01,1,0.238329864
S_55,51.14,16.77,2614.072225314547,0,0,0.3936538,-0.45789164,-0.0065166685,2026-03-01,1,0.3154894726
S_56,51.16,16.77,3191.577926385069,0,0,0.428031,-0.49249184,-0.046673357,2026-03-01,1,0.3097399572
S_57,51.18,16.77,3746.058938902203,0,0,0.4696019,-0.5206903,-0.010192742,2026-03-01,1,0.33680347320000004
S_58,51.2,16.77,4425.096477717739,0,0,0.4537521,-0.51567024,-0.026077984,2026-03-01,1,0.3256944364
S_59,51.22,16.77,5718.539643471043,0,0,0.29812667,-0.41003212,-0.14611971,2026-03-01,1,0.230990117
S_6,51.06,16.71,10890.438633297126,0,0,0.38972482,-0.44606298,0.0059126816,2026-03-01,1,0.31928251864
S_60,51.24,16.77,7464.841019661316,0,0,0.35304135,-0.45128843,-0.13160121,2026-03-01,1,0.253271921
S_61,50.96,16.79,15947.047960674154,0,0,0.3288279,-0.40730706,-0.09832693,2026-03-01,1,0.259317598
S_62,50.98,16.79,14509.12439155469,0,0,0.3327378,-0.40244454,-0.025944464,2026-03-01,1,0.2894435544
S_63,51.0,16.79,12846.126033979224,0,0,0.34353465,-0.43196726,-0.118095234,2026-03-01,1,0.2558223014
S_64,51.02,16.79,10761.477088982943,0,0,0.30433172,-0.3755433,-0.059062093,2026-03-01,1,0.2676746788
S_65,51.04,16.79,8716.684616946155,0,0,0.36274037,-0.4421037,-0.06776371,2026-03-01,1,0.281716627
S_66,51.06,16.79,6768.271669017946,0,0,0.33463356,-0.42140314,-0.109842636,2026-03-01,1,0.2564530136
S_67,51.08,16.79,5050.2723857274605,0,0,0.30240625,-0.3755368,-0.0720517,2026-03-01,1,0.261901195
S_68,51.1,16.79,3826.043540989088,0,0,0.3449383,-0.43239117,-0.08222687,2026-03-01,1,0.270590742
S_69,51.12,16.79,2433.623491543097,0,0,0.3567433,-0.43739772,-0.07979734,2026-03-01,1,0.27510405400000004
S_7,51.08,16.71,9460.246648260876,0,0,0.3454749,-0.41943112,-0.06755438,2026-03-01,1,0.276620718
S_70,51.14,16.79,1216.7007448199618,0,0,0.42935938,-0.46485358,0.04200336,2026-03-01,1,0.345609158
S_71,51.16,16.79,1936.0636528547705,0,0,0.3859161,-0.44065535,-0.013472753,2026-03-01,1,0.31038572880000004
S_72,51.18,16.79,2360.4833464144017,0,0,0.32179973,-0.4160346,-0.097091965,2026-03-01,1,0.25770313300000003
S_73,51.2,16.79,3206.1302202323163,0,0,0.4002413,-0.48239905,-0.063610375,2026-03-01,1,0.29462824
S_74,51.22,16.79,4837.714195186279,0,0,0.36736566,-0.43932983,-0.071903005,2026-03-01,1,0.281448496
S_75,51.24,16.79,6813.926733180992,0,0,0.30597416,-0.42091876,-0.15054034,2026-03-01,1,0.231576112
S_76,50.96,16.81,14892.8901715824,0,0,0.3477236,-0.432091,-0.12735629,2026-03-01,1,0.253374564
S_77,50.98,16.81,13441.16549326596,0,0,0.39073536,-0.4440528,0.010294825,2026-03-01,1,0.321338538
S_78,51.0,16.81,11897.905348101373,0,0,0.32745224,-0.41719738,-0.13782994,2026-03-01,1,0.243103696
S_79,51.02,16.81,10294.632437154196,0,0,0.33646032,-0.40208432,-0.027393727,2026-03-01,1,0.2899806052
S_8,51.1,16.71,8076.924726854547,0,0,0.34429145,-0.41696066,-0.058318943,2026-03-01,1,0.2799598578
S_80,51.04,16.81,8200.007119833177,0,0,0.3128457,-0.3958441,-0.084302165,2026-03-01,1,0.26013284400000003
S_81,51.06,16.81,6109.181139309905,0,0,0.32687777,-0.4028631,-0.041935578,2026-03-01,1,0.2812890998
S_82,51.08,16.81,4138.897714803536,0,0,0.33686227,-0.4297782,-0.10677509,2026-03-01,1,0.258348645
S_83,51.1,16.81,2594.4511589129984,0,0,0.36390963,-0.45577896,-0.105402835,2026-03-01,1,0.267011755
S_84,51.12,16.81,1523.8956538703992,0,0,0.3322382,-0.4219697,-0.08467497,2026-03-01,1,0.265801472
S_85,51.14,16.81,123.62824571182684,0,0,0.35545933,-0.43070987,-0.04643198,2026-03-01,1,0.11279065614236537
S_86,51.16,16.81,1107.4803238024615,0,0,0.30597767,-0.3862838,-0.06053838,2026-03-01,1,0.267577949
S_87,51.18,16.81,990.510390736507,0,0,0.3720459,-0.45209008,-0.06799427,2026-03-01,1,0.28251814014730137
S_88,51.2,16.81,2210.625683987344,0,0,0.44957247,-0.4986021,-0.026652066,2026-03-01,1,0.3242109146
S_89,51.22,16.81,4244.216239528772,0,0,0.30701667,-0.40938747,-0.11769782,2026-03-01,1,0.245025873
S_9,51.12,16.71,7132.92987537034,0,0,0.32403332,-0.3990037,-0.054580625,2026-03-01,1,0.27537774600000003
S_90,51.24,16.81,6384.869133637413,0,0,0.26539427,-0.37702754,-0.13452925,2026-03-01,1,0.225806581
S_91,50.96,16.83,13900.696550902425,0,0,0.315038,-0.4106257,-0.13422501,2026-03-01,1,0.240821396
S_92,50.98,16.83,12364.24594647767,0,0,0.30036673,-0.41084057,-0.15928197,2026-03-01,1,0.226397231
S_93,51.0,16.83,10953.594163227584,0,0,0.30608857,-0.39380383,-0.09779316,2026-03-01,1,0.252709307
S_94,51.02,16.83,9298.41469926228,0,0,0.3409153,-0.4157201,-0.027700473,2026-03-01,1,0.29119440080000003
S_95,51.04,16.83,7796.744007056143,0,0,0.31853878,-0.3983408,-0.14588572,2026-03-01,1,0.237207346
S_96,51.06,16.83,5694.590757082613,0,0,0.3127695,-0.39282605,-0.10452423,2026-03-01,1,0.252021158
S_97,51.08,16.83,3534.511095614605,0,0,0.3134566,-0.40653333,-0.13496427,2026-03-01,1,0.240051272
S_98,51.1,16.83,1511.4306172008778,0,0,0.34950057,-0.44184077,-0.10175713,2026-03-01,1,0.264147319
S_99,51.12,16.83,372.4822459180336,0,0,0.36938706,-0.45537478,-0.113957286,2026-03-01,1,0.13972965278360672
S_1,50.96,16.71,19204.135492674224,0,0,0.55760586,-0.53662336,0.124578625,2026-04-01,2,0.417113208
S_10,51.14,16.71,6812.088247351817,0,0,0.5597639,-0.5571538,0.18201417,2026-04-01,2,0.440734838
S_100,51.14,16.83,299.0414108789792,0,0,0.52533036,-0.5404057,0.056323256,2026-04-01,2,0.23993669257579583
S_101,51.16,16.83,193.31260986371728,0,0,0.4860329,-0.44108924,0.054765478,2026-04-01,2,0.20637858317274344
S_102,51.18,16.83,218.76394220477843,0,0,0.568782,-0.55212694,0.082587704,2026-04-01,2,0.2474224700409557
S_103,51.2,16.83,1750.830765751724,0,0,0.48747072,-0.4457519,0.029773379,2026-04-01,2,0.3581505676
S_104,51.22,16.83,3972.279685462268,0,0,0.52541256,-0.49161023,0.061539598,2026-04-01,2,0.3822396072
S_105,51.24,16.83,5445.385947041962,0,0,0.45064148,-0.39545736,0.06755385,2026-04-01,2,0.36221398400000004
S_106,50.96,16.85,12984.678140135651,0,0,0.53897333,-0.55146134,0.16977665,2026-04-01,2,0.429602659
S_107,50.98,16.85,11325.094646471813,0,0,0.49117872,-0.52969885,0.08378326,2026-04-01,2,0.38086692
S_108,51.0,16.85,9861.896499378292,0,0,0.45911276,-0.45748413,0.082879916,2026-04-01,2,0.3708857944
S_109,51.02,16.85,8418.741567826879,0,0,0.48004946,-0.4836795,0.10593473,2026-04-01,2,0.38638872999999996
S_11,51.16,16.71,7197.1030753367495,0,0,0.5119038,-0.53094137,0.14469683,2026-04-01,2,0.411449872
S_110,51.04,16.85,6723.889490045874,0,0,0.4597406,-0.49363574,0.05077374,2026-04-01,2,0.35823167600000005
S_111,51.06,16.85,5421.191720799655,0,0,0.46221295,-0.41388988,-0.051892832,2026-04-01,2,0.3179067522
S_112,51.08,16.85,3253.6617859423213,0,0,0.47627077,-0.43901512,-0.0640189,2026-04-01,2,0.31727367100000003
S_113,51.1,16.85,1042.0817532091585,0,0,0.4877104,-0.5100636,0.026431661,2026-04-01,2,0.3568857844
S_114,51.12,16.85,152.9756075835791,0,0,0.5335749,-0.5310834,0.017433716,2026-04-01,2,0.1976410779167158
S_115,51.14,16.85,30.375214416566127,145,0,0.5366117,-0.4949705,0.048491303,2026-04-01,2,0.0
S_116,51.16,16.85,129.81078397110568,0,0,0.5377884,-0.53699744,0.12717481,2026-04-01,2,0.23816860079422117
S_117,51.18,16.85,328.7539166104857,0,0,0.56756705,-0.5479701,0.15620059,2026-04-01,2,0.29850113432209713
S_118,51.2,16.85,2136.925593380406,0,0,0.5136321,-0.46942312,0.10602432,2026-04-01,2,0.396499358
S_119,51.22,16.85,2891.784132546267,0,0,0.47265348,-0.36491236,-0.0036830422,2026-04-01,2,0.34032282712000006
S_12,51.18,16.71,7880.060446899775,0,0,0.63848424,-0.5959958,0.17933448,2026-04-01,2,0.463279064
S_120,51.24,16.85,4629.559266687689,0,0,0.47381768,-0.35921448,0.08276485,2026-04-01,2,0.375251244
S_121,50.96,16.87,12162.057822383023,0,0,0.47311196,-0.50594884,0.096907206,2026-04-01,2,0.3806964704
S_122,50.98,16.87,10372.104290519828,0,0,0.4897076,-0.5357115,0.012072567,2026-04-01,2,0.35174130680000004
S_123,51.0,16.87,8783.28397005277,0,0,0.49535555,-0.5049735,0.08318749,2026-04-01,2,0.381881661
S_124,51.02,16.87,7374.158792219467,0,0,0.52864593,-0.55771494,0.15944086,2026-04-01,2,0.42237012300000004
S_125,51.04,16.87,5793.450664727714,0,0,0.50454277,-0.506138,0.056514997,2026-04-01,2,0.3739688298
S_126,51.06,16.87,4219.665969002121,0,0,0.47478276,-0.43008068,-0.08322695,2026-04-01,2,0.30914404800000006
S_127,51.08,16.87,3145.7712341569377,0,0,0.48750186,-0.49775442,0.016283752,2026-04-01,2,0.3527640588
S_128,51.1,16.87,997.1952678499712,0,0,0.4567326,-0.45814458,-0.0038976641,2026-04-01,2,0.3348997679299942
S_129,51.12,16.87,75.42879838910036,42,0,0.4763547,-0.4766496,0.04523423,2026-04-01,2,0.0
S_13,51.2,16.71,8327.208531487542,0,0,0.6093611,-0.57658726,0.14039038,2026-04-01,2,0.43896448200000004
S_130,51.14,16.87,95.03052149332436,144,0,0.47006702,-0.46586594,0.028291961,2026-04-01,2,0.0
S_131,51.16,16.87,0.5964238645431652,43,0,0.5354025,-0.48983508,0.10931695,2026-04-01,2,0.0
S_132,51.18,16.87,62.120452330665,0,0,0.56089413,-0.5709685,0.11808095,2026-04-01,2,0.227924709466133
S_133,51.2,16.87,839.0660138119009,0,0,0.5474814,-0.53902763,0.09842232,2026-04-01,2,0.3714265507623802
S_134,51.22,16.87,2011.4215042469016,0,0,0.5709143,-0.5288602,0.098971136,2026-04-01,2,0.41086274440000004
S_135,51.24,16.87,4028.182801526247,0,0,0.5065801,-0.4213468,0.083008826,2026-04-01,2,0.3851775604
S_136,50.96,16.89,11452.977110542222,0,0,0.49454358,-0.5297177,0.054379832,2026-04-01,2,0.3701150068
S_137,50.98,16.89,9531.1532212864,0,0,0.50598776,-0.5452606,0.057393566,2026-04-01,2,0.3747537544
S_138,51.0,16.89,7772.7528452904835,0,0,0.48883018,-0.46918896,0.09938975,2026-04-01,2,0.386404954
S_139,51.02,16.89,6287.684180771339,0,0,0.32705492,-0.31818593,0.134859,2026-04-01,2,0.352060076
S_14,51.22,16.71,9167.625026369526,0,0,0.57015085,-0.5777272,0.1434154,2026-04-01,2,0.428411415
S_140,51.04,16.89,4966.126143458281,0,0,0.47539276,-0.45834565,0.1329657,2026-04-01,2,0.395804108
S_141,51.06,16.89,3177.13745578146,0,0,0.555403,-0.5416346,0.12572521,2026-04-01,2,0.41691098400000004
S_142,51.08,16.89,2059.1496145995893,0,0,0.49988344,-0.4974866,0.0390639,2026-04-01,2,0.365590592
S_143,51.1,16.89,584.150058798024,0,0,0.4480862,-0.43156314,0.056173716,2026-04-01,2,0.2737253581596048
S_144,51.12,16.89,29.2480101924891,21,0,0.48954183,-0.42937595,0.042689223,2026-04-01,2,0.0
S_145,51.14,16.89,166.35084857578028,184,0,0.5030075,-0.47744945,0.04638208,2026-04-01,2,0.0
S_146,51.16,16.89,88.52606590553637,16,0,0.544104,-0.5015324,0.10209586,2026-04-01,2,0.0
S_147,51.18,16.89,40.6187379953634,0,0,0.53315246,-0.5092072,0.09415532,2026-04-01,2,0.2057316135990727
S_148,51.2,16.89,128.5731600417197,0,0,0.4961157,-0.455252,0.052293323,2026-04-01,2,0.19546667120834393
S_149,51.22,16.89,1612.966088400308,0,0,0.53312856,-0.50967216,0.09317776,2026-04-01,2,0.397209672
S_15,51.24,16.71,10346.277459912872,0,0,0.5025251,-0.41741535,0.06379696,2026-04-01,2,0.376276314
S_150,51.24,16.89,3836.1304745548578,0,0,0.50657606,-0.43653446,0.07864745,2026-04-01,2,0.383431798
S_151,50.96,16.91,10879.657044859136,0,0,0.5187708,-0.5543083,0.102910936,2026-04-01,2,0.3967956144
S_152,50.98,16.91,8834.293411715706,0,0,0.47677428,-0.53290904,0.062321667,2026-04-01,2,0.3679609508
S_153,51.0,16.91,6900.951084593016,0,0,0.49013516,-0.54207695,0.095383205,2026-04-01,2,0.38519383
S_154,51.02,16.91,5205.976876149072,0,0,0.46972185,-0.4595344,0.09011288,2026-04-01,2,0.376961707
S_155,51.04,16.91,3800.973434448058,0,0,0.46712857,-0.4493487,0.050011814,2026-04-01,2,0.3601432966
S_156,51.06,16.91,2512.5632313491706,0,0,0.5079565,-0.50501215,0.08540374,2026-04-01,2,0.38654844600000005
S_157,51.08,16.91,678.6116760835603,0,0,0.50631356,-0.48194957,0.06410765,2026-04-01,2,0.31325946321671205
S_158,51.1,16.91,856.39299833093,0,0,0.51902556,-0.5002998,0.09846068,2026-04-01,2,0.36637053966618605
S_159,51.12,16.91,178.3818645157325,4,0,0.5206261,-0.51941895,0.036818434,2026-04-01,2,0.1265915765031465
S_16,50.96,16.73,18562.794541818243,0,0,0.46797967,-0.48377168,0.0239396,2026-04-01,2,0.349969741
S_160,51.14,16.91,79.09561123337517,67,0,0.4989868,-0.5102164,0.048225842,2026-04-01,2,0.0
S_161,51.16,16.91,29.5531253741436,125,0,0.5391908,-0.50318724,0.04951163,2026-04-01,2,0.0
S_162,51.18,16.91,140.86672674542552,12,0,0.50669956,-0.51342034,0.019869072,2026-04-01,2,0.0
S_163,51.2,16.91,76.31560408295768,50,0,0.5131103,-0.49009776,0.06606346,2026-04-01,2,0.0
S_164,51.22,16.91,1287.798552325959,0,0,0.5522492,-0.5109007,0.122731626,2026-04-01,2,0.4147674104
S_165,51.24,16.91,3216.653967735071,0,0,0.49972728,-0.47467434,0.01532321,2026-04-01,2,0.356047468
S_166,50.96,16.93,10464.433929184495,0,0,0.53077745,-0.54366297,0.087508745,2026-04-01,2,0.394236733
S_167,50.98,16.93,8317.817703353361,0,0,0.4460133,-0.51053643,0.031189183,2026-04-01,2,0.34627966320000003
S_168,51.0,16.93,6226.424610680338,0,0,0.46628904,-0.49771366,0.043855865,2026-04-01,2,0.357429058
S_169,51.02,16.93,4272.15334819429,0,0,0.5319859,-0.5476001,0.1263605,2026-04-01,2,0.41013997
S_17,50.98,16.73,16577.85936257925,0,0,0.5399605,-0.531126,0.09931139,2026-04-01,2,0.401712706
S_170,51.04,16.93,2734.6300697935235,0,0,0.45777848,-0.44996908,0.082338855,2026-04-01,2,0.370269086
S_171,51.06,16.93,1405.8627140060885,0,0,0.49510425,-0.5393549,0.042718653,2026-04-01,2,0.3656187362
S_172,51.08,16.93,153.7128938178727,8,0,0.52120537,-0.5443734,0.0739224,2026-04-01,2,0.05667314976357454
S_173,51.1,16.93,171.4950135169203,23,0,0.52786154,-0.517159,0.12733743,2026-04-01,2,0.0
S_174,51.12,16.93,110.37966010894912,171,0,0.54051447,-0.5029383,0.13673425,2026-04-01,2,0.0
S_175,51.14,16.93,35.063298395709715,86,0,0.48680258,-0.4598468,0.079708986,2026-04-01,2,0.0
S_176,51.16,16.93,119.28241091083214,232,0,0.49046436,-0.46192244,0.10142848,2026-04-01,2,0.0
S_177,51.18,16.93,116.24242338942592,0,0,0.5030514,-0.46479583,0.078179635,2026-04-01,2,0.2054357586778852
S_178,51.2,16.93,243.57309243338528,0,0,0.5385715,-0.49224037,0.018271856,2026-04-01,2,0.21759481088667704
S_179,51.22,16.93,934.989887008772,0,0,0.546749,-0.5101381,0.096666835,2026-04-01,2,0.3896894114017544
S_18,51.0,16.73,14659.31178278656,0,0,0.5478159,-0.5641254,0.1491076,2026-04-01,2,0.42398781
S_180,51.24,16.93,3093.126161565517,0,0,0.5478319,-0.5093399,0.059505742,2026-04-01,2,0.3881518668
S_181,50.96,16.95,10226.581742100509,0,0,0.54606134,-0.5476851,0.11306568,2026-04-01,2,0.409044674
S_182,50.98,16.95,8016.664197115699,0,0,0.4762454,-0.5143703,-0.02317792,2026-04-01,2,0.333602452
S_183,51.0,16.95,5818.1929194215,0,0,0.45032528,-0.4514337,0.09189705,2026-04-01,2,0.371856404
S_184,51.02,16.95,3651.912744084874,0,0,0.44381964,-0.5068886,0.02180939,2026-04-01,2,0.34186964799999997
S_185,51.04,16.95,1649.9390675083405,0,0,0.3753143,-0.3500667,0.071857974,2026-04-01,2,0.3413374796
S_186,51.06,16.95,410.0436766351651,0,0,0.4571028,-0.50092053,0.030564839,2026-04-01,2,0.231365510927033
S_187,51.08,16.95,135.73596988018187,17,0,0.44903532,-0.38475126,-0.031617954,2026-04-01,2,0.0
S_188,51.1,16.95,247.77790874820764,497,0,0.5051498,-0.47189444,0.13550611,2026-04-01,2,0.0
S_189,51.12,16.95,32.48864238868553,207,0,0.48988804,-0.4404813,0.13098118,2026-04-01,2,0.0
S_19,51.02,16.73,12840.031827983006,0,0,0.47640577,-0.47483686,0.13722236,2026-04-01,2,0.397810675
S_190,51.14,16.95,58.19435946083127,26,0,0.47467554,-0.47242668,0.09166092,2026-04-01,2,0.0
S_191,51.16,16.95,130.6314516932038,2,0,0.47130808,-0.51399034,0.12121523,2026-04-01,2,0.17600480633864074
S_192,51.18,16.95,178.81956525149948,0,0,0.59148633,-0.6022163,0.19025199,2026-04-01,2,0.2893106080502999
S_193,51.2,16.95,22.64852181705673,0,0,0.497901,-0.5539455,0.05383502,2026-04-01,2,0.17543401236341133
S_194,51.22,16.95,1150.6667062630731,0,0,0.52640533,-0.46500888,0.09725668,2026-04-01,2,0.396824271
S_195,51.24,16.95,3375.3802928720816,0,0,0.54974246,-0.52773607,0.10085515,2026-04-01,2,0.40526479800000004
S_196,50.96,16.97,10021.414158449285,0,0,0.49076387,-0.51581085,-0.038980346,2026-04-01,2,0.3316370226
S_197,50.98,16.97,7910.592124100563,0,0,0.48023626,-0.49875888,-0.022102624,2026-04-01,2,0.33522982840000004
S_198,51.0,16.97,5733.420616111684,0,0,0.4980002,-0.49296767,0.07164205,2026-04-01,2,0.37805688000000004
S_199,51.02,16.97,3515.349555011848,0,0,0.44838876,-0.4523378,0.09370868,2026-04-01,2,0.3720001
S_2,50.98,16.71,17290.38293212061,0,0,0.55049235,-0.55389345,0.13720076,2026-04-01,2,0.420028009
S_20,51.04,16.73,11168.639446384244,0,0,0.47991914,-0.49560168,0.12967955,2026-04-01,2,0.39584756200000004
S_200,51.04,16.97,1320.5917622766913,0,0,0.46425653,-0.4257415,0.14077528,2026-04-01,2,0.395587071
S_201,51.06,16.97,147.75952938197452,167,0,0.5248702,-0.4865159,0.13673888,2026-04-01,2,0.0
S_202,51.08,16.97,340.05915963391885,216,0,0.5826543,-0.5483524,0.2109194,2026-04-01,2,0.027175881926783774
S_203,51.1,16.97,365.3418207991952,21,0,0.5282883,-0.4783446,0.15246136,2026-04-01,2,0.0
S_204,51.12,16.97,67.7717167848776,382,0,0.45942688,-0.41730744,0.08641943,2026-04-01,2,0.0
S_205,51.14,16.97,412.10660404271215,202,0,0.49546212,-0.46654642,0.13663949,2026-04-01,2,0.0
S_206,51.16,16.97,16.5153612818919,0,0,0.52292365,-0.48708063,0.14303702,2026-04-01,2,0.21739497525637838
S_207,51.18,16.97,2.9191676711853622,0,0,0.53035474,-0.5612433,0.069738,2026-04-01,2,0.18758545553423708
S_208,51.2,16.97,155.10794754818698,11,0,0.49481997,-0.5445004,0.13238205,2026-04-01,2,0.012420400509637414
S_209,51.22,16.97,1398.73570960171,0,0,0.4623146,-0.48531842,0.08984112,2026-04-01,2,0.374630828
S_21,51.06,16.73,9721.71749163114,0,0,0.49720696,-0.50967807,0.13763574,2026-04-01,2,0.40421638400000004
S_210,51.24,16.97,3500.14658272472,0,0,0.48998645,-0.4963784,0.12049707,2026-04-01,2,0.395194763
S_211,50.96,16.99,9604.746935014811,0,0,0.4673682,-0.4709835,-0.062190574,2026-04-01,2,0.3153342304
S_212,50.98,16.99,7499.008014909064,0,0,0.4830127,-0.49165648,-0.022733107,2026-04-01,2,0.3358105672
S_213,51.0,16.99,5357.026442742652,0,0,0.4640628,-0.51969033,0.05919811,2026-04-01,2,0.362898084
S_214,51.02,16.99,3261.557369365852,0,0,0.4721438,-0.5184658,0.06270684,2026-04-01,2,0.366725876
S_215,51.04,16.99,1331.156605452766,0,0,0.5437119,-0.52946055,0.15823087,2026-04-01,2,0.42640591800000005
S_216,51.06,16.99,67.99246611873737,190,0,0.54390883,-0.5084529,0.17603044,2026-04-01,2,0.0
S_217,51.08,16.99,332.1993831246549,235,0,0.5187492,-0.48607498,0.16593508,2026-04-01,2,0.0
S_218,51.1,16.99,95.92616121470772,365,0,0.47316855,-0.41957846,0.13207462,2026-04-01,2,0.0
S_219,51.12,16.99,328.76141429986643,366,0,0.46607375,-0.4019434,0.13018215,2026-04-01,2,0.0
S_22,51.08,16.73,8506.568173937441,0,0,0.5061856,-0.504038,0.13533147,2026-04-01,2,0.405988268
S_220,51.14,16.99,268.2790269957991,83,0,0.46382916,-0.40147042,0.16354449,2026-04-01,2,0.0
S_221,51.16,16.99,73.6050073256935,4,0,0.47957903,-0.46873876,0.0966693,2026-04-01,2,0.11726243046513866
S_222,51.18,16.99,123.6884542477482,11,0,0.49897426,-0.49441308,0.066555105,2026-04-01,2,0.0
S_223,51.2,16.99,168.12409711065547,0,0,0.5581901,-0.5434184,0.11908592,2026-04-01,2,0.24871621742213113
S_224,51.22,16.99,1746.1197465715757,0,0,0.5123088,-0.52238655,0.10408886,2026-04-01,2,0.395328184
S_225,51.24,16.99,3909.727010031838,0,0,0.5127866,-0.53408015,0.18311617,2026-04-01,2,0.427082448
S_226,50.96,17.01,9302.025966010857,0,0,0.4590944,-0.5233362,0.017186912,2026-04-01,2,0.3446030848
S_227,50.98,17.01,7107.333504160153,0,0,0.50343007,-0.5338663,0.026550496,2026-04-01,2,0.3616492194
S_228,51.0,17.01,4939.745864156982,0,0,0.492909,-0.55097675,0.049607836,2026-04-01,2,0.3677158344
S_229,51.02,17.01,2861.553217630114,0,0,0.5293508,-0.5534975,0.059295114,2026-04-01,2,0.3825232856
S_23,51.1,16.73,6936.109378879808,0,0,0.5756023,-0.5663277,0.15795778,2026-04-01,2,0.435863802
S_230,51.04,17.01,708.5497524206784,0,0,0.5461798,-0.5218081,0.15004201,2026-04-01,2,0.36558069448413566
S_231,51.06,17.01,185.8425725294435,221,0,0.51963,-0.49734557,0.1606949,2026-04-01,2,0.0
S_232,51.08,17.01,492.6122690702354,269,0,0.47418633,-0.42243597,0.14063103,2026-04-01,2,0.0
S_233,51.1,17.01,739.3658417430682,357,0,0.40991098,-0.3655816,0.08305446,2026-04-01,2,0.0040682463486136355
S_234,51.12,17.01,975.8713986883582,194,0,0.42365214,-0.36892748,0.12327268,2026-04-01,2,0.07157899373767168
S_235,51.14,17.01,379.9979625897767,10,0,0.46405423,-0.4116831,0.09838414,2026-04-01,2,0.05456951751795536
S_236,51.16,17.01,47.96600225330634,194,0,0.516248,-0.499082,0.110097885,2026-04-01,2,0.0
S_237,51.18,17.01,162.33728524036934,0,0,0.53909653,-0.51229906,0.08448916,2026-04-01,2,0.22799208004807386
S_238,51.2,17.01,522.3469551576198,0,0,0.5373622,-0.55175024,0.15021664,2026-04-01,2,0.325764707031524
S_239,51.22,17.01,2309.388779925825,0,0,0.5308912,-0.55493975,0.1548288,2026-04-01,2,0.42119888
S_24,51.12,16.73,5810.251733180315,0,0,0.5552219,-0.5629337,0.20047261,2026-04-01,2,0.446755614
S_240,51.24,17.01,4320.154486873881,0,0,0.55233884,-0.54939014,0.1711796,2026-04-01,2,0.434173492
S_241,50.96,17.03,9205.759974995748,0,0,0.4784915,-0.57367665,0.04938898,2026-04-01,2,0.363303042
S_242,50.98,17.03,6980.9290012326765,0,0,0.53804904,-0.5642848,0.06534866,2026-04-01,2,0.387554176
S_243,51.0,17.03,4756.164058545855,0,0,0.5479092,-0.5708864,0.06363249,2026-04-01,2,0.389825756
S_244,51.02,17.03,2531.6591433168446,0,0,0.5378826,-0.5780591,0.075521216,2026-04-01,2,0.3915732664
S_245,51.04,17.03,313.16913283537696,0,0,0.5501649,-0.51315457,0.15487044,2026-04-01,2,0.28963147256707533
S_246,51.06,17.03,168.58167701773638,168,0,0.5447791,-0.5059059,0.16698013,2026-04-01,2,0.0
S_247,51.08,17.03,726.1887889648634,17,0,0.44136328,-0.3851198,0.1100271,2026-04-01,2,0.02165758179297267
S_248,51.1,17.03,1524.3718245292073,326,0,0.2860608,-0.29337507,0.025191344,2026-04-01,2,0.0
S_249,51.12,17.03,1695.1292589071084,346,0,0.40293017,-0.36021903,0.10525049,2026-04-01,2,0.06297924700000002
S_25,51.14,16.73,5412.525413426852,0,0,0.5494369,-0.4981572,0.13706562,2026-04-01,2,0.419657318
S_250,51.14,17.03,587.7412940066755,456,0,0.4246597,-0.35724,0.16160727,2026-04-01,2,0.009589076801335084
S_251,51.16,17.03,87.43406113267545,278,0,0.48001674,-0.47584888,0.09585733,2026-04-01,2,0.0
S_252,51.18,17.03,253.34953180821336,6,0,0.5347052,-0.5171788,0.120156385,2026-04-01,2,0.13914402036164264
S_253,51.2,17.03,1408.1716662089086,0,0,0.5170636,-0.55254066,0.15589625,2026-04-01,2,0.41747758
S_254,51.22,17.03,3149.442431326004,0,0,0.53904414,-0.5646242,0.17468159,2026-04-01,2,0.43158587800000003
S_255,51.24,17.03,4934.831602902228,0,0,0.577202,-0.5704351,0.18114628,2026-04-01,2,0.44561911200000004
S_256,50.96,17.05,9322.345445162837,0,0,0.4879009,-0.5206048,0.053888954,2026-04-01,2,0.3679258516
S_257,50.98,17.05,7133.907327775435,0,0,0.49541,-0.5654155,0.05624598,2026-04-01,2,0.37112139200000005
S_258,51.0,17.05,4977.9004993604,0,0,0.5117584,-0.56158626,0.04786102,2026-04-01,2,0.372671928
S_259,51.02,17.05,2910.9997256157144,0,0,0.54263455,-0.564416,0.10846902,2026-04-01,2,0.406177973
S_26,51.16,16.73,5863.717409588568,0,0,0.5203017,-0.51842093,0.15012643,2026-04-01,2,0.416141082
S_260,51.04,17.05,842.6495839861251,0,0,0.531155,-0.514823,0.12203314,2026-04-01,2,0.37668967279722504
S_261,51.06,17.05,26.754012374311475,241,0,0.50346327,-0.46988413,0.10318222,2026-04-01,2,0.0
S_262,51.08,17.05,760.0327535766545,249,0,0.43589312,-0.38640195,0.09789825,2026-04-01,2,0.021933786715330916
S_263,51.1,17.05,905.3365178959564,428,0,0.36712742,-0.3572759,0.09947245,2026-04-01,2,0.03099450957919131
S_264,51.12,17.05,1342.7351323182363,304,0,0.46150616,-0.41827962,0.09655992,2026-04-01,2,0.07707581600000002
S_265,51.14,17.05,1096.9398205322211,166,0,0.51052374,-0.47678602,0.1653789,2026-04-01,2,0.11930868200000005
S_266,51.16,17.05,37.50494213788518,29,0,0.51805943,-0.49823293,0.14513305,2026-04-01,2,0.0
S_267,51.18,17.05,781.3390905233456,0,0,0.5060482,-0.5274865,0.13913353,2026-04-01,2,0.3637356901046691
S_268,51.2,17.05,2627.0151318828944,0,0,0.5603236,-0.5625397,0.17529266,2026-04-01,2,0.438214144
S_269,51.22,17.05,3996.7819122721135,0,0,0.62034583,-0.5879796,0.23501185,2026-04-01,2,0.48010848899999997
S_27,51.18,16.73,6493.224785585582,0,0,0.5225341,-0.52332103,0.15731654,2026-04-01,2,0.419686846
S_270,51.24,17.05,5775.605634906718,0,0,0.6693699,-0.61315584,0.24293602,2026-04-01,2,0.497985378
S_271,50.96,17.07,9503.511109340056,0,0,0.48771164,-0.5335103,0.041581713,2026-04-01,2,0.3629461772
S_272,50.98,17.07,7285.075000429359,0,0,0.4842049,-0.49497083,0.019625489,2026-04-01,2,0.3531116656
S_273,51.0,17.07,5072.297259895921,0,0,0.48855868,-0.51350343,0.005887161,2026-04-01,2,0.34892246839999996
S_274,51.02,17.07,2878.275441631271,0,0,0.49214768,-0.52908635,-0.0025253836,2026-04-01,2,0.34663415056
S_275,51.04,17.07,860.946420128604,0,0,0.5152229,-0.49564004,0.023473702,2026-04-01,2,0.3361456348257208
S_276,51.06,17.07,18.403622301136235,17,0,0.54632276,-0.50869614,0.1653776,2026-04-01,2,0.0
S_277,51.08,17.07,214.70843905693792,331,0,0.5032482,-0.46904626,0.1278918,2026-04-01,2,0.0
S_278,51.1,17.07,263.626736591189,71,0,0.49211022,-0.45864984,0.11434058,2026-04-01,2,0.0
S_279,51.12,17.07,620.3995166988473,54,0,0.5227507,-0.49103156,0.13193914,2026-04-01,2,0.03368076933976949
S_28,51.2,16.73,7008.001097177331,0,0,0.5110074,-0.5467969,0.0806106,2026-04-01,2,0.38554646000000004
S_280,51.14,17.07,5.296732199324818,340,0,0.54150206,-0.49288955,0.14521343,2026-04-01,2,0.0
S_281,51.16,17.07,170.6004669692908,0,0,0.5439098,-0.51966655,0.12811144,2026-04-01,2,0.24853760939385813
S_282,51.18,17.07,1059.4018588611032,0,0,0.5724455,-0.5578292,0.15568633,2026-04-01,2,0.434008182
S_283,51.2,17.07,2821.0569727528555,0,0,0.5785211,-0.57845455,0.19644193,2026-04-01,2,0.452133102
S_284,51.22,17.07,4963.876382114957,0,0,0.7028398,-0.6261148,0.24617626,2026-04-01,2,0.5093224439999999
S_285,51.24,17.07,6615.739492012172,0,0,0.7211793,-0.6488664,0.25115663,2026-04-01,2,0.516816442
S_286,50.96,17.09,9505.401786812829,0,0,0.5327828,-0.5605958,0.081285946,2026-04-01,2,0.39234921840000003
S_287,50.98,17.09,7285.655100610123,0,0,0.50145674,-0.50794864,0.046467006,2026-04-01,2,0.3690238244
S_288,51.0,17.09,5068.946250743713,0,0,0.485575,-0.5163274,-0.050740294,2026-04-01,2,0.3253763824
S_289,51.02,17.09,2846.062558614396,0,0,0.48192787,-0.4961158,-0.02542531,2026-04-01,2,0.334408237
S_29,51.22,16.73,7938.677214869078,0,0,0.53532,-0.505931,0.10648655,2026-04-01,2,0.40319062
S_290,51.04,17.09,627.9980417595431,0,0,0.4854707,-0.4975091,-0.023120826,2026-04-01,2,0.2619924879519086
S_291,51.06,17.09,118.86744519004682,20,0,0.53380173,-0.4842374,0.09787848,2026-04-01,2,0.0
S_292,51.08,17.09,88.13980394258562,107,0,0.57514566,-0.5416167,0.17099667,2026-04-01,2,0.0
S_293,51.1,17.09,429.06807227558295,113,0,0.5452727,-0.5176162,0.13982153,2026-04-01,2,0.005324036455116643
S_294,51.12,17.09,450.62107651110034,141,0,0.5696059,-0.548357,0.15676828,2026-04-01,2,0.023713297302220104
S_295,51.14,17.09,201.25573821191043,248,0,0.55896604,-0.50773317,0.111066796,2026-04-01,2,0.0
S_296,51.16,17.09,60.45637724612981,0,0,0.57617205,-0.5654123,0.13326178,2026-04-01,2,0.238247602449226
S_297,51.18,17.09,402.1787713061745,0,0,0.58320665,-0.5759115,0.14941835,2026-04-01,2,0.31516508926123493
S_298,51.2,17.09,2617.146664306679,0,0,0.5819446,-0.5710967,0.19940828,2026-04-01,2,0.45434669200000005
S_299,51.22,17.09,4841.310711102912,0,0,0.58103937,-0.56963575,0.11288942,2026-04-01,2,0.41946757900000003
S_3,51.0,16.71,15460.167737524162,0,0,0.5471352,-0.5344208,0.16138922,2026-04-01,2,0.42869624800000006
S_30,51.24,16.73,9275.33000166609,0,0,0.52267694,-0.51511675,0.102984175,2026-04-01,2,0.397996752
S_300,51.24,17.09,7065.999347705496,0,0,0.650262,-0.5951456,0.1770686,2026-04-01,2,0.46590604
S_301,50.96,17.11,9502.278649368596,0,0,0.5182817,-0.5514877,0.08265899,2026-04-01,2,0.388548106
S_302,50.98,17.11,7280.877747704259,0,0,0.51864165,-0.53036237,0.055124186,2026-04-01,2,0.37764216939999995
S_303,51.0,17.11,5062.534830177265,0,0,0.51672554,-0.5145851,-0.0014216176,2026-04-01,2,0.35444901496000003
S_304,51.02,17.11,2854.4062347284403,0,0,0.51590365,-0.50366557,-0.009614383,2026-04-01,2,0.3509253418
S_305,51.04,17.11,752.6021058611249,0,0,0.48216283,-0.46738887,0.016567284,2026-04-01,2,0.30179618377222495
S_306,51.06,17.11,404.7006786032911,0,0,0.57095265,-0.53894114,0.13767721,2026-04-01,2,0.30729681472065823
S_307,51.08,17.11,21.61305392219596,0,0,0.58592993,-0.53709346,0.1357947,2026-04-01,2,0.23441946978443917
S_308,51.1,17.11,626.639890995596,124,0,0.5499934,-0.5321974,0.13856077,2026-04-01,2,0.045750306199119184
S_309,51.12,17.11,293.12140737681347,400,0,0.4561681,-0.42349228,0.11051041,2026-04-01,2,0.0
S_31,50.96,16.75,18000.470905369522,0,0,0.5203832,-0.4848003,0.08623489,2026-04-01,2,0.39060891600000003
S_310,51.14,17.11,1.2634738104871963,7,0,0.5467468,-0.4878119,0.120613605,2026-04-01,2,0.0725221767620974
S_311,51.16,17.11,11.974441257387422,96,0,0.5325398,-0.5048153,0.09674839,2026-04-01,2,0.0
S_312,51.18,17.11,652.976173360686,0,0,0.56854063,-0.55803454,0.1594521,2026-04-01,2,0.3649382636721372
S_313,51.2,17.11,2734.1440659639547,0,0,0.551376,-0.562868,0.18033506,2026-04-01,2,0.437546824
S_314,51.22,17.11,4788.973441161141,0,0,0.5184671,-0.5197382,0.09662679,2026-04-01,2,0.394190846
S_315,51.24,17.11,6891.885687981036,0,0,0.5294188,-0.5620691,0.16704583,2026-04-01,2,0.42564397200000004
S_316,50.96,17.13,9406.611013607397,0,0,0.5649095,-0.5847142,0.10681948,2026-04-01,2,0.412200642
S_317,50.98,17.13,7196.12198055024,0,0,0.549557,-0.5716671,0.10567744,2026-04-01,2,0.407138076
S_318,51.0,17.13,4998.414551367272,0,0,0.5401157,-0.576977,0.1352017,2026-04-01,2,0.41611539000000003
S_319,51.02,17.13,2843.301120642574,0,0,0.52047664,-0.51104385,0.11230039,2026-04-01,2,0.40106314800000004
S_32,50.98,16.75,15952.247462011475,0,0,0.48656636,-0.46246392,0.09107937,2026-04-01,2,0.382401656
S_320,51.04,17.13,1041.5912548421352,0,0,0.5141276,-0.47501862,0.10008723,2026-04-01,2,0.394273172
S_321,51.06,17.13,211.6792510664819,0,0,0.5153061,-0.5240958,0.13787557,2026-04-01,2,0.25207790821329634
S_322,51.08,17.13,49.6135296497983,0,0,0.59985,-0.5767923,0.1732715,2026-04-01,2,0.25918630592995967
S_323,51.1,17.13,9.46748805952812,0,0,0.5901406,-0.55325997,0.17768387,2026-04-01,2,0.2500092256119056
S_324,51.12,17.13,26.32567471779296,52,0,0.56100947,-0.51010764,0.13944043,2026-04-01,2,0.0
S_325,51.14,17.13,86.17281976514295,100,0,0.5480636,-0.50372016,0.13872279,2026-04-01,2,0.0
S_326,51.16,17.13,94.59162240169668,258,0,0.53075814,-0.50539166,0.109273404,2026-04-01,2,0.0
S_327,51.18,17.13,289.3309346024406,0,0,0.50966203,-0.52745306,0.18210816,2026-04-01,2,0.2836080599204881
S_328,51.2,17.13,2233.8334123942354,0,0,0.5142793,-0.55348897,0.1464623,2026-04-01,2,0.41286871
S_329,51.22,17.13,4433.292020477803,0,0,0.53367233,-0.56972355,0.17057282,2026-04-01,2,0.428330827
S_33,51.0,16.75,13953.746654401524,0,0,0.5251597,-0.53965133,0.10515351,2026-04-01,2,0.399609314
S_330,51.24,17.13,6649.757122092191,0,0,0.52284986,-0.55036175,0.18600707,2026-04-01,2,0.431257786
S_331,50.96,17.15,9302.065628001628,0,0,0.4817242,-0.5254468,-0.07178438,2026-04-01,2,0.315803508
S_332,50.98,17.15,7077.2259491861805,0,0,0.5119304,-0.56741345,0.0632608,2026-04-01,2,0.37888344
S_333,51.0,17.15,4852.415661603735,0,0,0.54983646,-0.581832,0.14275385,2026-04-01,2,0.422052478
S_334,51.02,17.15,2627.7286660969885,0,0,0.45953053,-0.4698522,0.14599635,2026-04-01,2,0.39625769899999996
S_335,51.04,17.15,405.3255842916269,0,0,0.4938279,-0.47774237,0.09483493,2026-04-01,2,0.2671474588583254
S_336,51.06,17.15,311.1005865256748,0,0,0.49418342,-0.47501343,0.13367966,2026-04-01,2,0.263947007305135
S_337,51.08,17.15,379.9059987106683,0,0,0.5408557,-0.5336415,0.16669227,2026-04-01,2,0.3049148177421337
S_338,51.1,17.15,47.71133279133735,48,0,0.6404975,-0.56335074,0.16308174,2026-04-01,2,0.0
S_339,51.12,17.15,31.8034264834681,0,0,0.5717913,-0.5475258,0.16574171,2026-04-01,2,0.2441947592966936
S_34,51.02,16.75,12028.58577000032,0,0,0.47388047,-0.42583388,0.16527729,2026-04-01,2,0.408275057
S_340,51.14,17.15,612.9558315376042,0,0,0.5634552,-0.5294797,0.16363211,2026-04-01,2,0.3570805703075209
S_341,51.16,17.15,29.59519998379784,12,0,0.5410919,-0.5179318,0.14717911,2026-04-01,2,0.0
S_342,51.18,17.15,504.73404352611607,0,0,0.5524564,-0.52876586,0.16090536,2026-04-01,2,0.3310458727052232
S_343,51.2,17.15,2272.8014071320617,0,0,0.58837384,-0.55875343,0.17091937,2026-04-01,2,0.4448799
S_344,51.22,17.15,4456.511132128606,0,0,0.5701856,-0.5621468,0.18964808,2026-04-01,2,0.446914912
S_345,51.24,17.15,6667.206056752632,0,0,0.57632047,-0.5723195,0.1911087,2026-04-01,2,0.449339621
S_346,50.96,17.17,9400.094892925816,0,0,0.5180553,-0.5426766,0.09088268,2026-04-01,2,0.391769662
S_347,50.98,17.17,7205.537667660058,0,0,0.5183084,-0.5676302,0.09941343,2026-04-01,2,0.395257892
S_348,51.0,17.17,5037.643313075092,0,0,0.5534648,-0.5581774,0.15933698,2026-04-01,2,0.429774232
S_349,51.02,17.17,2955.6922018360483,0,0,0.5045041,-0.4839427,0.1045598,2026-04-01,2,0.39317515000000003
S_35,51.04,16.75,10225.838452160657,0,0,0.49723747,-0.4697957,0.11617475,2026-04-01,2,0.39564114100000003
S_350,51.04,17.17,1351.7422326019637,0,0,0.50308245,-0.4643153,0.087263264,2026-04-01,2,0.3858300406
S_351,51.06,17.17,928.5546687939476,0,0,0.47010696,-0.43388706,0.0858386,2026-04-01,2,0.36107846175878955
S_352,51.08,17.17,1222.2373882291276,0,0,0.51560163,-0.51914096,0.14898203,2026-04-01,2,0.41427330100000004
S_353,51.1,17.17,64.3623122469601,11,0,0.5370421,-0.50531864,0.16911358,2026-04-01,2,0.021630524449392008
S_354,51.12,17.17,782.985738214666,0,0,0.5703673,-0.5410122,0.1647469,2026-04-01,2,0.3936060976429332
S_355,51.14,17.17,1685.2291347635687,0,0,0.566092,-0.53803223,0.15314992,2026-04-01,2,0.43108756800000003
S_356,51.16,17.17,1175.496525571058,0,0,0.5228501,-0.49747804,0.12712537,2026-04-01,2,0.407705178
S_357,51.18,17.17,1045.405382052987,0,0,0.5130862,-0.4966095,0.15930413,2026-04-01,2,0.417647512
S_358,51.2,17.17,2797.905024062247,0,0,0.63285226,-0.58682877,0.16068771,2026-04-01,2,0.454130762
S_359,51.22,17.17,4848.664960109084,0,0,0.68623096,-0.6098068,0.24267259,2026-04-01,2,0.502938324
S_36,51.06,16.75,8622.635029524121,0,0,0.46614203,-0.4742831,0.055098053,2026-04-01,2,0.3618818302
S_360,51.24,17.17,6936.034365292944,0,0,0.52596766,-0.54421705,0.18615314,2026-04-01,2,0.432251554
S_361,50.96,17.19,9702.407959934322,0,0,0.5487491,-0.5707473,0.16244774,2026-04-01,2,0.429603826
S_362,50.98,17.19,7595.544875188068,0,0,0.60639346,-0.60430276,0.21653366,2026-04-01,2,0.468531502
S_363,51.0,17.19,5581.034959595853,0,0,0.5816452,-0.582311,0.17145284,2026-04-01,2,0.443074696
S_364,51.02,17.19,3808.381448597596,0,0,0.55366164,-0.55038315,0.15983918,2026-04-01,2,0.430034164
S_365,51.04,17.19,2677.399665191623,0,0,0.5449422,-0.5337131,0.08865309,2026-04-01,2,0.398943896
S_366,51.06,17.19,1391.3829292996506,0,0,0.5463291,-0.5237049,0.15458155,2026-04-01,2,0.42573135
S_367,51.08,17.19,1721.6045046302854,0,0,0.58380395,-0.581887,0.21231498,2026-04-01,2,0.460067177
S_368,51.1,17.19,1184.036912541745,0,0,0.5095334,-0.4855472,0.11614377,2026-04-01,2,0.39931752800000003
S_369,51.12,17.19,1776.3806349218871,0,0,0.5215295,-0.49691296,0.07241525,2026-04-01,2,0.38542495
S_37,51.08,16.75,7350.725399726949,0,0,0.51254296,-0.5025649,0.09240786,2026-04-01,2,0.390726032
S_370,51.14,17.19,2564.33775392618,0,0,0.5403873,-0.5330843,0.1544083,2026-04-01,2,0.42387951
S_371,51.16,17.19,2567.547044450593,0,0,0.5318014,-0.5534814,0.15685762,2026-04-01,2,0.422283468
S_372,51.18,17.19,2389.1599553755764,0,0,0.5482831,-0.5326903,0.13862158,2026-04-01,2,0.419933562
S_373,51.2,17.19,3548.269857966122,0,0,0.52618843,-0.52847505,0.09002431,2026-04-01,2,0.393866253
S_374,51.22,17.19,5404.641768609151,0,0,0.5532571,-0.5343036,0.16108519,2026-04-01,2,0.430411206
S_375,51.24,17.19,7456.230708247526,0,0,0.5215476,-0.54181606,0.16970198,2026-04-01,2,0.424345072
S_376,50.96,17.21,10190.839513748497,0,0,0.5905764,-0.5938531,0.21244596,2026-04-01,2,0.462151304
S_377,50.98,17.21,8210.03594069413,0,0,0.5049692,-0.5095282,0.0989777,2026-04-01,2,0.39108184
S_378,51.0,17.21,6391.886841119376,0,0,0.53604084,-0.53991145,0.10072113,2026-04-01,2,0.401100704
S_379,51.02,17.21,4906.809099143584,0,0,0.562986,-0.56217325,0.08364068,2026-04-01,2,0.402352072
S_38,51.1,16.75,5908.015345296582,0,0,0.5683931,-0.48091674,0.203438,2026-04-01,2,0.45189313000000003
S_380,51.04,17.21,3974.282833083281,0,0,0.5335627,-0.5383223,0.09342189,2026-04-01,2,0.397437566
S_381,51.06,17.21,2630.657955118508,0,0,0.54504406,-0.5349829,0.18063675,2026-04-01,2,0.43576791800000003
S_382,51.08,17.21,2818.8981827577068,0,0,0.61065894,-0.5852066,0.23118505,2026-04-01,2,0.47567170200000003
S_383,51.1,17.21,2460.9366280540366,0,0,0.53820485,-0.53711903,0.18105575,2026-04-01,2,0.433883755
S_384,51.12,17.21,2811.402315802659,0,0,0.5284355,-0.4939561,0.106561616,2026-04-01,2,0.40115529639999997
S_385,51.14,17.21,3771.039082895692,0,0,0.52088344,-0.5503298,0.15739043,2026-04-01,2,0.419221204
S_386,51.16,17.21,3964.297130363847,0,0,0.5114545,-0.5387911,0.15300979,2026-04-01,2,0.41464026600000004
S_387,51.18,17.21,3772.9307114841904,0,0,0.5396338,-0.5490109,0.16931382,2026-04-01,2,0.42961566800000006
S_388,51.2,17.21,4594.935939212146,0,0,0.5431888,-0.5257072,0.15267102,2026-04-01,2,0.424025048
S_389,51.22,17.21,6155.712601673673,0,0,0.4662916,-0.485926,0.09979782,2026-04-01,2,0.379806608
S_39,51.12,16.75,4534.291563557253,0,0,0.4871113,-0.4849799,0.10897278,2026-04-01,2,0.389722502
S_390,51.24,17.21,8024.6705081537875,0,0,0.52597684,-0.5515356,0.18716168,2026-04-01,2,0.432657724
S_391,50.96,17.23,10840.25969081234,0,0,0.5780729,-0.58106244,0.17881528,2026-04-01,2,0.444947982
S_392,50.98,17.23,9003.161363737108,0,0,0.54337186,-0.52478313,0.15400478,2026-04-01,2,0.42461347000000005
S_393,51.0,17.23,7382.589353045482,0,0,0.5201928,-0.52276176,0.096771725,2026-04-01,2,0.39476653
S_394,51.02,17.23,6111.605858024738,0,0,0.58400774,-0.5636469,0.19473869,2026-04-01,2,0.453097798
S_395,51.04,17.23,4971.335173736405,0,0,0.5364825,-0.49940357,0.08186906,2026-04-01,2,0.393692374
S_396,51.06,17.23,3979.420376276317,0,0,0.54026276,-0.5404256,0.1606548,2026-04-01,2,0.426340748
S_397,51.08,17.23,4105.821277418549,0,0,0.5277,-0.51395595,0.102610335,2026-04-01,2,0.39935413399999997
S_398,51.1,17.23,3825.238852130517,0,0,0.52928036,-0.5091481,0.09921004,2026-04-01,2,0.39846812400000003
S_399,51.12,17.23,4059.24751098903,0,0,0.5429116,-0.52760124,0.14203729,2026-04-01,2,0.419688396
S_4,51.02,16.71,13746.899774716265,0,0,0.51592803,-0.5153475,0.13489373,2026-04-01,2,0.408735901
S_40,51.14,16.75,4013.110042361553,0,0,0.65428615,-0.6200824,0.3000999,2026-04-01,2,0.5163258049999999
S_400,51.14,17.23,5077.889591772684,0,0,0.5624516,-0.5636671,0.15530784,2026-04-01,2,0.430858616
S_401,51.16,17.23,5362.238851744935,0,0,0.5394289,-0.5340922,0.16122267,2026-04-01,2,0.426317738
S_402,51.18,17.23,5164.650253401098,0,0,0.51949143,-0.51775414,0.11112105,2026-04-01,2,0.400295849
S_403,51.2,17.23,5791.946670621568,0,0,0.5698684,-0.55854845,0.16509931,2026-04-01,2,0.43700024400000004
S_404,51.22,17.23,7093.700827252286,0,0,0.52707875,-0.55574113,0.17166734,2026-04-01,2,0.426790561
S_405,51.24,17.23,8774.710761505301,0,0,0.5276317,-0.5257125,0.1562295,2026-04-01,2,0.42078131
S_406,50.96,17.25,11623.715328983602,0,0,0.57997125,-0.58128613,0.19949386,2026-04-01,2,0.453788919
S_407,50.98,17.25,9932.217903269244,0,0,0.4964234,-0.49417558,0.06527123,2026-04-01,2,0.375035512
S_408,51.0,17.25,8484.01056952527,0,0,0.56221056,-0.54120535,0.16331893,2026-04-01,2,0.43399074000000004
S_409,51.02,17.25,7384.285945805905,0,0,0.4989617,-0.5207583,0.15497479,2026-04-01,2,0.41167842600000004
S_41,51.16,16.75,4531.119295161696,0,0,0.5760281,-0.5460402,0.18243851,2026-04-01,2,0.44578383400000005
S_410,51.04,17.25,6129.1194061255255,0,0,0.506424,-0.42990965,0.100399755,2026-04-01,2,0.39208710199999997
S_411,51.06,17.25,5355.576514058632,0,0,0.5151599,-0.520503,0.14188519,2026-04-01,2,0.41130204600000003
S_412,51.08,17.25,5449.646214796447,0,0,0.55325127,-0.5542495,0.15186438,2026-04-01,2,0.426721133
S_413,51.1,17.25,5208.939555461392,0,0,0.5422752,-0.52226543,0.14925061,2026-04-01,2,0.422382804
S_414,51.12,17.25,5382.7184159775925,0,0,0.5331714,-0.52895385,0.12061831,2026-04-01,2,0.408198744
S_415,51.14,17.25,6380.169182758276,0,0,0.5225287,-0.5082238,0.09480579,2026-04-01,2,0.39468092600000004
S_416,51.16,17.25,6760.631388968914,0,0,0.5367218,-0.5535239,0.19168563,2026-04-01,2,0.43769079200000005
S_417,51.18,17.25,6559.259200270753,0,0,0.70237887,-0.5874115,0.2303534,2026-04-01,2,0.502855021
S_418,51.2,17.25,7063.273077274323,0,0,0.6182257,-0.53929555,0.19396727,2026-04-01,2,0.463054618
S_419,51.22,17.25,8164.353191759555,0,0,0.5137184,-0.51252013,0.17331578,2026-04-01,2,0.423441832
S_42,51.18,16.75,5112.8447514642985,0,0,0.56107837,-0.5579397,0.11040812,2026-04-01,2,0.41248675900000004
S_420,51.24,17.25,9660.460230112583,0,0,0.5229755,-0.54659957,0.18538271,2026-04-01,2,0.431045734
S_43,51.2,16.75,5706.64132954761,0,0,0.51896626,-0.52178353,0.068801284,2026-04-01,2,0.38321039160000003
S_44,51.22,16.75,6775.548434194237,0,0,0.48373666,-0.42083308,0.073640145,2026-04-01,2,0.374577056
S_45,51.24,16.75,8302.081445945038,0,0,0.5072374,-0.50231624,0.10675329,2026-04-01,2,0.394872536
S_46,50.96,16.77,17022.908120220254,0,0,0.46397352,-0.45604628,0.047135975,2026-04-01,2,0.358046446
S_47,50.98,16.77,15422.41639279965,0,0,0.4841638,-0.50340027,0.037415482,2026-04-01,2,0.3602153328
S_48,51.0,16.77,13349.921110816154,0,0,0.5215997,-0.5151933,0.035214934,2026-04-01,2,0.3705658836
S_49,51.02,16.77,11333.075173326231,0,0,0.5230154,-0.5235084,0.061416216,2026-04-01,2,0.38147110640000004
S_5,51.04,16.71,12199.952563339264,0,0,0.5188422,-0.51207525,0.10577687,2026-04-01,2,0.397963408
S_50,51.04,16.77,9398.22334858242,0,0,0.47056735,-0.45530492,0.09240922,2026-04-01,2,0.378133893
S_51,51.06,16.77,7623.368673179539,0,0,0.46781245,-0.4842535,0.055250943,2026-04-01,2,0.3624441122
S_52,51.08,16.77,6148.669471297736,0,0,0.49687323,-0.5109021,0.11710468,2026-04-01,2,0.395903841
S_53,51.1,16.77,5053.636350499835,0,0,0.49521327,-0.5227561,0.12759864,2026-04-01,2,0.399603437
S_54,51.12,16.77,3358.716664473822,0,0,0.46836355,-0.40529293,0.06721586,2026-04-01,2,0.367395409
S_55,51.14,16.77,2614.072225314547,0,0,0.5591715,-0.52717876,0.11138036,2026-04-01,2,0.412303594
S_56,51.16,16.77,3191.577926385069,0,0,0.57467276,-0.5749081,0.1067965,2026-04-01,2,0.41512042800000004
S_57,51.18,16.77,3746.058938902203,0,0,0.59065133,-0.5747308,0.16744125,2026-04-01,2,0.44417189900000004
S_58,51.2,16.77,4425.096477717739,0,0,0.60479516,-0.5886339,0.21254513,2026-04-01,2,0.46645660000000005
S_59,51.22,16.77,5718.539643471043,0,0,0.48352516,-0.4735265,0.052143916,2026-04-01,2,0.3659151144
S_6,51.06,16.71,10890.438633297126,0,0,0.5505642,-0.5517831,0.14234094,2026-04-01,2,0.422105636
S_60,51.24,16.77,7464.841019661316,0,0,0.52925295,-0.52245796,0.061339315,2026-04-01,2,0.383311611
S_61,50.96,16.79,15947.047960674154,0,0,0.4858172,-0.518914,0.030573696,2026-04-01,2,0.3579746384
S_62,50.98,16.79,14509.12439155469,0,0,0.5330498,-0.4986702,0.13301647,2026-04-01,2,0.413121528
S_63,51.0,16.79,12846.126033979224,0,0,0.49752992,-0.5010026,0.03242916,2026-04-01,2,0.36223064
S_64,51.02,16.79,10761.477088982943,0,0,0.49390987,-0.4884267,0.11421175,2026-04-01,2,0.39385766099999997
S_65,51.04,16.79,8716.684616946155,0,0,0.5426603,-0.55577654,0.099952675,2026-04-01,2,0.40277916
S_66,51.06,16.79,6768.271669017946,0,0,0.51437175,-0.5282274,0.06366076,2026-04-01,2,0.379775829
S_67,51.08,16.79,5050.2723857274605,0,0,0.50653994,-0.46409142,0.109565355,2026-04-01,2,0.395788124
S_68,51.1,16.79,3826.043540989088,0,0,0.524645,-0.48632422,0.08440451,2026-04-01,2,0.391155304
S_69,51.12,16.79,2433.623491543097,0,0,0.5184122,-0.52545965,0.08177158,2026-04-01,2,0.388232292
S_7,51.08,16.71,9460.246648260876,0,0,0.54808533,-0.5664784,0.13467775,2026-04-01,2,0.418296699
S_70,51.14,16.79,1216.7007448199618,0,0,0.5109754,-0.5245309,0.20928481,2026-04-01,2,0.437006544
S_71,51.16,16.79,1936.0636528547705,0,0,0.50803846,-0.5056056,0.13865808,2026-04-01,2,0.40787477
S_72,51.18,16.79,2360.4833464144017,0,0,0.5505536,-0.48661256,0.101755515,2026-04-01,2,0.405868286
S_73,51.2,16.79,3206.1302202323163,0,0,0.54649526,-0.57591414,0.1337946,2026-04-01,2,0.41746641800000006
S_74,51.22,16.79,4837.714195186279,0,0,0.57111657,-0.54620224,0.18080936,2026-04-01,2,0.44365871500000004
S_75,51.24,16.79,6813.926733180992,0,0,0.4994396,-0.46631986,0.041019734,2026-04-01,2,0.36623977360000004
S_76,50.96,16.81,14892.8901715824,0,0,0.4771147,-0.51756024,0.08124585,2026-04-01,2,0.37563275
S_77,50.98,16.81,13441.16549326596,0,0,0.59132195,-0.59761596,0.18796645,2026-04-01,2,0.452583165
S_78,51.0,16.81,11897.905348101373,0,0,0.5126231,-0.50918925,0.0011036125,2026-04-01,2,0.35422837500000004
S_79,51.02,16.81,10294.632437154196,0,0,0.5386366,-0.5467051,0.1696662,2026-04-01,2,0.42945746
S_8,51.1,16.71,8076.924726854547,0,0,0.55368906,-0.5442947,0.14674033,2026-04-01,2,0.42480285
S_80,51.04,16.81,8200.007119833177,0,0,0.5229831,-0.5586514,0.12073056,2026-04-01,2,0.40518715400000005
S_81,51.06,16.81,6109.181139309905,0,0,0.50623906,-0.508969,0.112147875,2026-04-01,2,0.396730868
S_82,51.08,16.81,4138.897714803536,0,0,0.549743,-0.52158844,0.049496837,2026-04-01,2,0.3847216348
S_83,51.1,16.81,2594.4511589129984,0,0,0.5458664,-0.53053874,0.06484978,2026-04-01,2,0.389699832
S_84,51.12,16.81,1523.8956538703992,0,0,0.50784576,-0.5232572,0.08677755,2026-04-01,2,0.387064748
S_85,51.14,16.81,123.62824571182684,0,0,0.54414237,-0.5442504,0.14226522,2026-04-01,2,0.24487444814236534
S_86,51.16,16.81,1107.4803238024615,0,0,0.4505081,-0.45150593,0.13000473,2026-04-01,2,0.387154322
S_87,51.18,16.81,990.510390736507,0,0,0.5215206,-0.52132267,0.12609144,2026-04-01,2,0.4049948341473014
S_88,51.2,16.81,2210.625683987344,0,0,0.60799474,-0.58748615,0.16456302,2026-04-01,2,0.44822363
S_89,51.22,16.81,4244.216239528772,0,0,0.49660116,-0.4691924,0.062429547,2026-04-01,2,0.3739521668
S_9,51.12,16.71,7132.92987537034,0,0,0.5149618,-0.53471255,0.1956391,2026-04-01,2,0.43274418000000003
S_90,51.24,16.81,6384.869133637413,0,0,0.4988504,-0.43662614,0.0691704,2026-04-01,2,0.37732328000000004
S_91,50.96,16.83,13900.696550902425,0,0,0.55784553,-0.553538,0.059964515,2026-04-01,2,0.39133946500000005
S_92,50.98,16.83,12364.24594647767,0,0,0.4585248,-0.4971185,0.020706333,2026-04-01,2,0.34583997320000004
S_93,51.0,16.83,10953.594163227584,0,0,0.5048044,-0.5460551,0.068229415,2026-04-01,2,0.378733086
S_94,51.02,16.83,9298.41469926228,0,0,0.52984077,-0.52256846,0.110083394,2026-04-01,2,0.4029855886
S_95,51.04,16.83,7796.744007056143,0,0,0.45202994,-0.5009449,-0.03582515,2026-04-01,2,0.32127892199999997
S_96,51.06,16.83,5694.590757082613,0,0,0.47564006,-0.47215497,0.0641684,2026-04-01,2,0.36835937799999996
S_97,51.08,16.83,3534.511095614605,0,0,0.4725382,-0.47163817,-0.023658253,2026-04-01,2,0.3322981588
S_98,51.1,16.83,1511.4306172008778,0,0,0.515867,-0.5123931,0.050978355,2026-04-01,2,0.375151442
S_99,51.12,16.83,372.4822459180336,0,0,0.48128623,-0.5350035,0.034938242,2026-04-01,2,0.23285761498360674
S_1,50.96,16.71,19204.135492674224,0,0,0.62418413,-0.5633164,0.20615073,2026-05-01,3,0.469715531
S_10,51.14,16.71,6812.088247351817,0,0,0.6048797,-0.5792753,0.26091406,2026-05-01,3,0.485829534
S_100,51.14,16.83,299.0414108789792,0,0,0.6444038,-0.5805841,0.151128,2026-05-01,3,0.31358062217579585
S_101,51.16,16.83,193.31260986371728,0,0,0.47028574,-0.48597193,0.1386951,2026-05-01,3,0.23522628397274348
S_102,51.18,16.83,218.76394220477843,0,0,0.6305924,-0.58149517,0.1847511,2026-05-01,3,0.3068309484409557
S_103,51.2,16.83,1750.830765751724,0,0,0.4734726,-0.4913515,0.1440269,2026-05-01,3,0.39965254000000006
S_104,51.22,16.83,3972.279685462268,0,0,0.57419306,-0.52644086,0.1888304,2026-05-01,3,0.44779007800000004
S_105,51.24,16.83,5445.385947041962,0,0,0.5313821,-0.49242103,0.14664698,2026-05-01,3,0.418073422
S_106,50.96,16.85,12984.678140135651,0,0,0.60567945,-0.5844443,0.2374988,2026-05-01,3,0.476703355
S_107,50.98,16.85,11325.094646471813,0,0,0.6003311,-0.55565685,0.1616247,2026-05-01,3,0.44474921
S_108,51.0,16.85,9861.896499378292,0,0,0.48817265,-0.51765794,0.19419189,2026-05-01,3,0.424128551
S_109,51.02,16.85,8418.741567826879,0,0,0.46563384,-0.45496413,0.17385204,2026-05-01,3,0.40923096800000003
S_11,51.16,16.71,7197.1030753367495,0,0,0.54637694,-0.54936105,0.20905988,2026-05-01,3,0.447537034
S_110,51.04,16.85,6723.889490045874,0,0,0.50286573,-0.4989417,0.11229477,2026-05-01,3,0.395777627
S_111,51.06,16.85,5421.191720799655,0,0,0.4500357,-0.47774324,0.0861461,2026-05-01,3,0.36946915
S_112,51.08,16.85,3253.6617859423213,0,0,0.46938312,-0.49273276,0.05008477,2026-05-01,3,0.360848844
S_113,51.1,16.85,1042.0817532091585,0,0,0.57392025,-0.54438406,0.11318089,2026-05-01,3,0.41744843100000006
S_114,51.12,16.85,152.9756075835791,0,0,0.60991156,-0.56606615,0.14789826,2026-05-01,3,0.27272789351671584
S_115,51.14,16.85,30.375214416566127,145,0,0.62319595,-0.551126,0.16185571,2026-05-01,3,0.0
S_116,51.16,16.85,129.81078397110568,0,0,0.6454171,-0.5931941,0.20445779,2026-05-01,3,0.3013704027942211
S_117,51.18,16.85,328.7539166104857,0,0,0.67280143,-0.6090524,0.18711402,2026-05-01,3,0.34243682032209716
S_118,51.2,16.85,2136.925593380406,0,0,0.52865714,-0.49511322,0.15689887,2026-05-01,3,0.42135669
S_119,51.22,16.85,2891.784132546267,0,0,0.46094957,-0.43608904,0.11997147,2026-05-01,3,0.386273459
S_12,51.18,16.71,7880.060446899775,0,0,0.6678979,-0.6128273,0.26288137,2026-05-01,3,0.5055219180000001
S_120,51.24,16.85,4629.559266687689,0,0,0.51868314,-0.4849615,0.16514371,2026-05-01,3,0.42166242600000003
S_121,50.96,16.87,12162.057822383023,0,0,0.57434106,-0.55125654,0.1704549,2026-05-01,3,0.440484278
S_122,50.98,16.87,10372.104290519828,0,0,0.58869624,-0.58217996,0.08600245,2026-05-01,3,0.411009852
S_123,51.0,16.87,8783.28397005277,0,0,0.56340814,-0.5385868,0.18216252,2026-05-01,3,0.44188744999999996
S_124,51.02,16.87,7374.158792219467,0,0,0.56858474,-0.5642655,0.24414341,2026-05-01,3,0.468232786
S_125,51.04,16.87,5793.450664727714,0,0,0.5253505,-0.51723564,0.122853555,2026-05-01,3,0.40674657200000003
S_126,51.06,16.87,4219.665969002121,0,0,0.45291084,-0.48223692,0.086401775,2026-05-01,3,0.370433962
S_127,51.08,16.87,3145.7712341569377,0,0,0.54696137,-0.5258555,0.10656794,2026-05-01,3,0.406715587
S_128,51.1,16.87,997.1952678499712,0,0,0.5824818,-0.54711163,0.09255553,2026-05-01,3,0.41120580556999425
S_129,51.12,16.87,75.42879838910036,42,0,0.49948782,-0.5120935,0.102910675,2026-05-01,3,0.0
S_13,51.2,16.71,8327.208531487542,0,0,0.7118266,-0.63968015,0.26542884,2026-05-01,3,0.5197195160000001
S_130,51.14,16.87,95.03052149332436,144,0,0.47986084,-0.489413,0.12534988,2026-05-01,3,0.0
S_131,51.16,16.87,0.5964238645431652,43,0,0.61157787,-0.54269564,0.16239154,2026-05-01,3,0.0
S_132,51.18,16.87,62.120452330665,0,0,0.6340914,-0.6243558,0.19574465,2026-05-01,3,0.280949370466133
S_133,51.2,16.87,839.0660138119009,0,0,0.60831803,-0.5555106,0.19555162,2026-05-01,3,0.4285292597623802
S_134,51.22,16.87,2011.4215042469016,0,0,0.6283381,-0.5830402,0.17798434,2026-05-01,3,0.459695166
S_135,51.24,16.87,4028.182801526247,0,0,0.5251772,-0.5031254,0.17579317,2026-05-01,3,0.427870428
S_136,50.96,16.89,11452.977110542222,0,0,0.586306,-0.56735736,0.13633874,2026-05-01,3,0.430427296
S_137,50.98,16.89,9531.1532212864,0,0,0.6243074,-0.5795651,0.14057015,2026-05-01,3,0.44352028
S_138,51.0,16.89,7772.7528452904835,0,0,0.5033407,-0.52149767,0.17539223,2026-05-01,3,0.421159102
S_139,51.02,16.89,6287.684180771339,0,0,0.34733257,-0.32013822,0.14527664,2026-05-01,3,0.36231042700000005
S_14,51.22,16.71,9167.625026369526,0,0,0.6646062,-0.6152293,0.236502,2026-05-01,3,0.49398266
S_140,51.04,16.89,4966.126143458281,0,0,0.47570565,-0.47653183,0.17656055,2026-05-01,3,0.413335915
S_141,51.06,16.89,3177.13745578146,0,0,0.5756627,-0.5608257,0.21595767,2026-05-01,3,0.459081878
S_142,51.08,16.89,2059.1496145995893,0,0,0.54747957,-0.53062814,0.12463335,2026-05-01,3,0.414097211
S_143,51.1,16.89,584.150058798024,0,0,0.5188078,-0.5020403,0.105665594,2026-05-01,3,0.31473858935960486
S_144,51.12,16.89,29.2480101924891,21,0,0.4664416,-0.48488957,0.124981456,2026-05-01,3,0.0
S_145,51.14,16.89,166.35084857578028,184,0,0.5209794,-0.50833154,0.1586857,2026-05-01,3,0.0
S_146,51.16,16.89,88.52606590553637,16,0,0.58830297,-0.5341951,0.16449872,2026-05-01,3,0.0
S_147,51.18,16.89,40.6187379953634,0,0,0.60714215,-0.53887683,0.17364287,2026-05-01,3,0.2597235405990727
S_148,51.2,16.89,128.5731600417197,0,0,0.54172385,-0.5112548,0.14944164,2026-05-01,3,0.24800844300834396
S_149,51.22,16.89,1612.966088400308,0,0,0.5921185,-0.56220573,0.17916134,2026-05-01,3,0.44930008600000004
S_15,51.24,16.71,10346.277459912872,0,0,0.5284806,-0.5082504,0.2029674,2026-05-01,3,0.43973114
S_150,51.24,16.89,3836.1304745548578,0,0,0.5372222,-0.5251805,0.18024836,2026-05-01,3,0.433266004
S_151,50.96,16.91,10879.657044859136,0,0,0.6482787,-0.6007581,0.19652869,2026-05-01,3,0.473095086
S_152,50.98,16.91,8834.293411715706,0,0,0.5931167,-0.5790112,0.1445664,2026-05-01,3,0.43576157000000004
S_153,51.0,16.91,6900.951084593016,0,0,0.60682946,-0.56749696,0.20002219,2026-05-01,3,0.462057714
S_154,51.02,16.91,5205.976876149072,0,0,0.5129754,-0.49723545,0.1826578,2026-05-01,3,0.42695574000000003
S_155,51.04,16.91,3800.973434448058,0,0,0.5125818,-0.48370868,0.11220239,2026-05-01,3,0.398655496
S_156,51.06,16.91,2512.5632313491706,0,0,0.5585449,-0.53287417,0.18094823,2026-05-01,3,0.439942762
S_157,51.08,16.91,678.6116760835603,0,0,0.5580175,-0.5290053,0.10151832,2026-05-01,3,0.34373491321671207
S_158,51.1,16.91,856.39299833093,0,0,0.6146245,-0.55596435,0.18278131,2026-05-01,3,0.42877847366618604
S_159,51.12,16.91,178.3818645157325,4,0,0.5813747,-0.5394774,0.15403186,2026-05-01,3,0.19170152690314646
S_16,50.96,16.73,18562.794541818243,0,0,0.5889674,-0.5282133,0.108894296,2026-05-01,3,0.4202479384
S_160,51.14,16.91,79.09561123337517,67,0,0.6127675,-0.55310255,0.12058715,2026-05-01,3,0.0
S_161,51.16,16.91,29.5531253741436,125,0,0.62442225,-0.5450949,0.1665464,2026-05-01,3,0.0
S_162,51.18,16.91,140.86672674542552,12,0,0.59838086,-0.5436348,0.14024606,2026-05-01,3,0.023786027349085137
S_163,51.2,16.91,76.31560408295768,50,0,0.60037893,-0.553195,0.18393824,2026-05-01,3,0.0
S_164,51.22,16.91,1287.798552325959,0,0,0.6151788,-0.5656242,0.20073788,2026-05-01,3,0.464848792
S_165,51.24,16.91,3216.653967735071,0,0,0.5476491,-0.55906147,0.14087287,2026-05-01,3,0.420643878
S_166,50.96,16.93,10464.433929184495,0,0,0.62801266,-0.59522194,0.17552887,2026-05-01,3,0.458615346
S_167,50.98,16.93,8317.817703353361,0,0,0.5814807,-0.5702329,0.11231491,2026-05-01,3,0.419370174
S_168,51.0,16.93,6226.424610680338,0,0,0.5791695,-0.5699383,0.12378214,2026-05-01,3,0.42326370599999996
S_169,51.02,16.93,4272.15334819429,0,0,0.6160944,-0.5724124,0.22069666,2026-05-01,3,0.473106984
S_17,50.98,16.73,16577.85936257925,0,0,0.6251119,-0.56828064,0.18604842,2026-05-01,3,0.46195293800000004
S_170,51.04,16.93,2734.6300697935235,0,0,0.51027536,-0.49225888,0.16558762,2026-05-01,3,0.419317656
S_171,51.06,16.93,1405.8627140060885,0,0,0.5772737,-0.56751364,0.12119454,2026-05-01,3,0.421659926
S_172,51.08,16.93,153.7128938178727,8,0,0.60179025,-0.5744476,0.13929284,2026-05-01,3,0.10699678976357455
S_173,51.1,16.93,171.4950135169203,23,0,0.5876726,-0.5533682,0.19442578,2026-05-01,3,0.0
S_174,51.12,16.93,110.37966010894912,171,0,0.6148121,-0.5717377,0.21692158,2026-05-01,3,0.0
S_175,51.14,16.93,35.063298395709715,86,0,0.56606597,-0.545135,0.19132882,2026-05-01,3,0.0
S_176,51.16,16.93,119.28241091083214,232,0,0.53735894,-0.5343684,0.17798877,2026-05-01,3,0.0
S_177,51.18,16.93,116.24242338942592,0,0,0.60149175,-0.53796154,0.19402316,2026-05-01,3,0.2813052736778852
S_178,51.2,16.93,243.57309243338528,0,0,0.6184121,-0.5630903,0.15842816,2026-05-01,3,0.29760951248667705
S_179,51.22,16.93,934.989887008772,0,0,0.60986346,-0.55760986,0.19672558,2026-05-01,3,0.44864724740175443
S_18,51.0,16.73,14659.31178278656,0,0,0.6005436,-0.5691164,0.28797853,2026-05-01,3,0.495354492
S_180,51.24,16.93,3093.126161565517,0,0,0.61727077,-0.5671104,0.17228271,2026-05-01,3,0.45409431499999997
S_181,50.96,16.95,10226.581742100509,0,0,0.57410467,-0.5907606,0.171215,2026-05-01,3,0.440717401
S_182,50.98,16.95,8016.664197115699,0,0,0.6007368,-0.57055336,0.07862657,2026-05-01,3,0.411671668
S_183,51.0,16.95,5818.1929194215,0,0,0.4623872,-0.45100966,0.14402936,2026-05-01,3,0.396327904
S_184,51.02,16.95,3651.912744084874,0,0,0.5753704,-0.56317586,0.090066716,2026-05-01,3,0.4086378064
S_185,51.04,16.95,1649.9390675083405,0,0,0.37815186,-0.3388314,0.1372878,2026-05-01,3,0.368360678
S_186,51.06,16.95,410.0436766351651,0,0,0.63657,-0.6016106,0.12535162,2026-05-01,3,0.323120383327033
S_187,51.08,16.95,135.73596988018187,17,0,0.53257537,-0.475415,0.1077074,2026-05-01,3,0.0
S_188,51.1,16.95,247.77790874820764,497,0,0.52256185,-0.502663,0.15771563,2026-05-01,3,0.0
S_189,51.12,16.95,32.48864238868553,207,0,0.5249724,-0.4847125,0.18733025,2026-05-01,3,0.0
S_19,51.02,16.73,12840.031827983006,0,0,0.49647576,-0.49204442,0.17930138,2026-05-01,3,0.42066328000000003
S_190,51.14,16.95,58.19435946083127,26,0,0.54923916,-0.49131963,0.18244421,2026-05-01,3,0.0
S_191,51.16,16.95,130.6314516932038,2,0,0.6055042,-0.5653615,0.19519971,2026-05-01,3,0.2458574343386408
S_192,51.18,16.95,178.81956525149948,0,0,0.69993085,-0.6297825,0.2481921,2026-05-01,3,0.3450200080502999
S_193,51.2,16.95,22.64852181705673,0,0,0.63067794,-0.58845824,0.16036266,2026-05-01,3,0.25787815036341133
S_194,51.22,16.95,1150.6667062630731,0,0,0.5523214,-0.5210221,0.1936475,2026-05-01,3,0.44315541999999997
S_195,51.24,16.95,3375.3802928720816,0,0,0.6080144,-0.56335396,0.19227248,2026-05-01,3,0.459313312
S_196,50.96,16.97,10021.414158449285,0,0,0.5692689,-0.5695628,0.08320928,2026-05-01,3,0.404064382
S_197,50.98,16.97,7910.592124100563,0,0,0.577799,-0.5678172,0.074407615,2026-05-01,3,0.403102746
S_198,51.0,16.97,5733.420616111684,0,0,0.5424704,-0.53989893,0.16923559,2026-05-01,3,0.430435356
S_199,51.02,16.97,3515.349555011848,0,0,0.511076,-0.47589147,0.15510778,2026-05-01,3,0.415365912
S_2,50.98,16.71,17290.38293212061,0,0,0.6096934,-0.5625034,0.22971784,2026-05-01,3,0.47479515600000005
S_20,51.04,16.73,11168.639446384244,0,0,0.5783948,-0.52631193,0.16887312,2026-05-01,3,0.441067688
S_200,51.04,16.97,1320.5917622766913,0,0,0.46232504,-0.44707617,0.15516552,2026-05-01,3,0.40076372000000005
S_201,51.06,16.97,147.75952938197452,167,0,0.5520833,-0.53938246,0.17935978,2026-05-01,3,0.0
S_202,51.08,16.97,340.05915963391885,216,0,0.643044,-0.5846992,0.22250737,2026-05-01,3,0.04992797992678377
S_203,51.1,16.97,365.3418207991952,21,0,0.51685894,-0.49979904,0.1871571,2026-05-01,3,0.002988886159839055
S_204,51.12,16.97,67.7717167848776,382,0,0.45792428,-0.40612662,0.15525767,2026-05-01,3,0.0
S_205,51.14,16.97,412.10660404271215,202,0,0.51855165,-0.48261154,0.19086964,2026-05-01,3,0.01433467180854242
S_206,51.16,16.97,16.5153612818919,0,0,0.59518856,-0.544242,0.20728302,2026-05-01,3,0.26477284825637837
S_207,51.18,16.97,2.9191676711853622,0,0,0.66181767,-0.58029693,0.22222483,2026-05-01,3,0.2880190665342371
S_208,51.2,16.97,155.10794754818698,11,0,0.6311272,-0.58083373,0.21741523,2026-05-01,3,0.08732584150963738
S_209,51.22,16.97,1398.73570960171,0,0,0.50333434,-0.5228098,0.18816754,2026-05-01,3,0.426267318
S_21,51.06,16.73,9721.71749163114,0,0,0.5783892,-0.5559513,0.23663217,2026-05-01,3,0.468169628
S_210,51.24,16.97,3500.14658272472,0,0,0.54705256,-0.53387666,0.18431397,2026-05-01,3,0.437841356
S_211,50.96,16.99,9604.746935014811,0,0,0.56208277,-0.5630437,0.10604755,2026-05-01,3,0.41104385099999996
S_212,50.98,16.99,7499.008014909064,0,0,0.59296644,-0.584386,0.08090519,2026-05-01,3,0.410252008
S_213,51.0,16.99,5357.026442742652,0,0,0.62506413,-0.59113944,0.14875965,2026-05-01,3,0.44702309900000003
S_214,51.02,16.99,3261.557369365852,0,0,0.5700422,-0.56856436,0.13144681,2026-05-01,3,0.423591384
S_215,51.04,16.99,1331.156605452766,0,0,0.6075129,-0.55642325,0.2149439,2026-05-01,3,0.46823143000000006
S_216,51.06,16.99,67.99246611873737,190,0,0.5653495,-0.5478532,0.20633733,2026-05-01,3,0.0
S_217,51.08,16.99,332.1993831246549,235,0,0.5178013,-0.49231055,0.18271756,2026-05-01,3,0.0
S_218,51.1,16.99,95.92616121470772,365,0,0.45209777,-0.4358001,0.15039805,2026-05-01,3,0.0
S_219,51.12,16.99,328.76141429986643,366,0,0.48272735,-0.44576764,0.16102065,2026-05-01,3,0.0
S_22,51.08,16.73,8506.568173937441,0,0,0.58600616,-0.5219695,0.24056545,2026-05-01,3,0.47202802800000004
S_220,51.14,16.99,268.2790269957991,83,0,0.5056327,-0.45175132,0.22567348,2026-05-01,3,0.0
S_221,51.16,16.99,73.6050073256935,4,0,0.56614053,-0.5182475,0.20126073,2026-05-01,3,0.18506745246513867
S_222,51.18,16.99,123.6884542477482,11,0,0.5634173,-0.54878837,0.1803887,2026-05-01,3,0.045918360849549616
S_223,51.2,16.99,168.12409711065547,0,0,0.5797639,-0.55287355,0.20501031,2026-05-01,3,0.28955811342213106
S_224,51.22,16.99,1746.1197465715757,0,0,0.55712795,-0.54700017,0.18997422,2026-05-01,3,0.443128073
S_225,51.24,16.99,3909.727010031838,0,0,0.5756972,-0.5551332,0.24758784,2026-05-01,3,0.471744296
S_226,50.96,17.01,9302.025966010857,0,0,0.5764315,-0.59359086,0.09796796,2026-05-01,3,0.412116634
S_227,50.98,17.01,7107.333504160153,0,0,0.6309689,-0.602871,0.1447873,2026-05-01,3,0.44720559000000004
S_228,51.0,17.01,4939.745864156982,0,0,0.6017742,-0.5898659,0.15296374,2026-05-01,3,0.441717756
S_229,51.02,17.01,2861.553217630114,0,0,0.63574106,-0.5820715,0.16565858,2026-05-01,3,0.45698574999999997
S_23,51.1,16.73,6936.109378879808,0,0,0.62599826,-0.5871024,0.22828579,2026-05-01,3,0.47911379400000004
S_230,51.04,17.01,708.5497524206784,0,0,0.590916,-0.5522821,0.21122749,2026-05-01,3,0.40347574648413564
S_231,51.06,17.01,185.8425725294435,221,0,0.5253988,-0.5137857,0.17819285,2026-05-01,3,0.0
S_232,51.08,17.01,492.6122690702354,269,0,0.45328686,-0.43583116,0.1461045,2026-05-01,3,0.0
S_233,51.1,17.01,739.3658417430682,357,0,0.40696865,-0.4137722,0.12007077,2026-05-01,3,0.017992071348613636
S_234,51.12,17.01,975.8713986883582,194,0,0.48086038,-0.4350378,0.14982599,2026-05-01,3,0.09936278973767165
S_235,51.14,17.01,379.9979625897767,10,0,0.49755082,-0.41268387,0.19421244,2026-05-01,3,0.10294981451795532
S_236,51.16,17.01,47.96600225330634,194,0,0.57167166,-0.52657616,0.20036367,2026-05-01,3,0.0
S_237,51.18,17.01,162.33728524036934,0,0,0.5574738,-0.54650587,0.1809264,2026-05-01,3,0.27208015704807387
S_238,51.2,17.01,522.3469551576198,0,0,0.57395476,-0.56148565,0.20793878,2026-05-01,3,0.359831331031524
S_239,51.22,17.01,2309.388779925825,0,0,0.58174926,-0.5637777,0.21053573,2026-05-01,3,0.45873907
S_24,51.12,16.73,5810.251733180315,0,0,0.61303043,-0.5998842,0.26826358,2026-05-01,3,0.491214561
S_240,51.24,17.01,4320.154486873881,0,0,0.5773352,-0.5577043,0.20018466,2026-05-01,3,0.453274424
S_241,50.96,17.03,9205.759974995748,0,0,0.57501537,-0.59402263,0.14380366,2026-05-01,3,0.430026075
S_242,50.98,17.03,6980.9290012326765,0,0,0.68236667,-0.6103519,0.1760488,2026-05-01,3,0.475129521
S_243,51.0,17.03,4756.164058545855,0,0,0.6555029,-0.58764243,0.19060336,2026-05-01,3,0.47289221400000003
S_244,51.02,17.03,2531.6591433168446,0,0,0.6356832,-0.6040197,0.181195,2026-05-01,3,0.46318296000000003
S_245,51.04,17.03,313.16913283537696,0,0,0.568929,-0.5498739,0.20319714,2026-05-01,3,0.3145913825670754
S_246,51.06,17.03,168.58167701773638,168,0,0.5446196,-0.5448258,0.19744627,2026-05-01,3,0.0
S_247,51.08,17.03,726.1887889648634,17,0,0.42795116,-0.42023894,0.14261384,2026-05-01,3,0.030668641792972684
S_248,51.1,17.03,1524.3718245292073,326,0,0.35168472,-0.31026927,0.08229628,2026-05-01,3,0.038423927999999996
S_249,51.12,17.03,1695.1292589071084,346,0,0.40338057,-0.38588154,0.08587821,2026-05-01,3,0.05536545500000001
S_25,51.14,16.73,5412.525413426852,0,0,0.5634432,-0.5439002,0.21734294,2026-05-01,3,0.455970136
S_250,51.14,17.03,587.7412940066755,456,0,0.41949487,-0.37685487,0.103829876,2026-05-01,3,0.0
S_251,51.16,17.03,87.43406113267545,278,0,0.4898488,-0.48356327,0.18992524,2026-05-01,3,0.0
S_252,51.18,17.03,253.34953180821336,6,0,0.5577084,-0.5534917,0.18903048,2026-05-01,3,0.1735946183616427
S_253,51.2,17.03,1408.1716662089086,0,0,0.59496695,-0.56634605,0.21233344,2026-05-01,3,0.46342346100000004
S_254,51.22,17.03,3149.442431326004,0,0,0.614293,-0.5707387,0.22356625,2026-05-01,3,0.4737144
S_255,51.24,17.03,4934.831602902228,0,0,0.6447448,-0.58615655,0.2223905,2026-05-01,3,0.48237964
S_256,50.96,17.05,9322.345445162837,0,0,0.6016747,-0.56940985,0.17940539,2026-05-01,3,0.45226456600000003
S_257,50.98,17.05,7133.907327775435,0,0,0.6085742,-0.5765871,0.14674999,2026-05-01,3,0.441272256
S_258,51.0,17.05,4977.9004993604,0,0,0.6052565,-0.5979425,0.16926017,2026-05-01,3,0.449281018
S_259,51.02,17.05,2910.9997256157144,0,0,0.6094667,-0.5964122,0.17027065,2026-05-01,3,0.45094827
S_26,51.16,16.73,5863.717409588568,0,0,0.5828129,-0.53954506,0.21310459,2026-05-01,3,0.46008570600000004
S_260,51.04,17.05,842.6495839861251,0,0,0.58295643,-0.5630174,0.1585757,2026-05-01,3,0.40684712579722504
S_261,51.06,17.05,26.754012374311475,241,0,0.5155859,-0.5002678,0.15009592,2026-05-01,3,0.0
S_262,51.08,17.05,760.0327535766545,249,0,0.4702851,-0.45081842,0.12220902,2026-05-01,3,0.04197568871533092
S_263,51.1,17.05,905.3365178959564,428,0,0.3885455,-0.35629243,0.07990804,2026-05-01,3,0.02959416957919131
S_264,51.12,17.05,1342.7351323182363,304,0,0.44895193,-0.4321388,0.15701129,2026-05-01,3,0.097490095
S_265,51.14,17.05,1096.9398205322211,166,0,0.5146457,-0.4791831,0.19151238,2026-05-01,3,0.13099866200000004
S_266,51.16,17.05,37.50494213788518,29,0,0.5429752,-0.518565,0.19390732,2026-05-01,3,0.0
S_267,51.18,17.05,781.3390905233456,0,0,0.61657953,-0.57252336,0.23196732,2026-05-01,3,0.4340286051046691
S_268,51.2,17.05,2627.0151318828944,0,0,0.6620839,-0.59431577,0.21807733,2026-05-01,3,0.485856102
S_269,51.22,17.05,3996.7819122721135,0,0,0.71122754,-0.6288436,0.2616607,2026-05-01,3,0.518032542
S_27,51.18,16.73,6493.224785585582,0,0,0.6121729,-0.5798454,0.22226429,2026-05-01,3,0.47255758600000003
S_270,51.24,17.05,5775.605634906718,0,0,0.69482255,-0.6281383,0.25420934,2026-05-01,3,0.510130501
S_271,50.96,17.07,9503.511109340056,0,0,0.6235519,-0.5950039,0.14480183,2026-05-01,3,0.444986302
S_272,50.98,17.07,7285.075000429359,0,0,0.58437437,-0.5597345,0.10962667,2026-05-01,3,0.419162979
S_273,51.0,17.07,5072.297259895921,0,0,0.55372435,-0.57414067,0.0718864,2026-05-01,3,0.39487186500000004
S_274,51.02,17.07,2878.275441631271,0,0,0.5788795,-0.57141864,0.10386596,2026-05-01,3,0.415210234
S_275,51.04,17.07,860.946420128604,0,0,0.56895876,-0.55517477,0.10385269,2026-05-01,3,0.3844179880257208
S_276,51.06,17.07,18.403622301136235,17,0,0.59509385,-0.55102235,0.19342619,2026-05-01,3,0.0
S_277,51.08,17.07,214.70843905693792,331,0,0.5422675,-0.50482756,0.18444875,2026-05-01,3,0.0
S_278,51.1,17.07,263.626736591189,71,0,0.52703184,-0.48349503,0.16405915,2026-05-01,3,0.0
S_279,51.12,17.07,620.3995166988473,54,0,0.54756474,-0.51992226,0.18947662,2026-05-01,3,0.06413997333976951
S_28,51.2,16.73,7008.001097177331,0,0,0.62081146,-0.57344264,0.20408274,2026-05-01,3,0.467876534
S_280,51.14,17.07,5.296732199324818,340,0,0.54614115,-0.52115345,0.18786329,2026-05-01,3,0.0
S_281,51.16,17.07,170.6004669692908,0,0,0.5834225,-0.55931544,0.20806186,2026-05-01,3,0.29237158739385816
S_282,51.18,17.07,1059.4018588611032,0,0,0.7076056,-0.62929034,0.24565738,2026-05-01,3,0.510544632
S_283,51.2,17.07,2821.0569727528555,0,0,0.7021204,-0.624832,0.25368187,2026-05-01,3,0.512108868
S_284,51.22,17.07,4963.876382114957,0,0,0.7351749,-0.66893715,0.26960272,2026-05-01,3,0.528393558
S_285,51.24,17.07,6615.739492012172,0,0,0.7664767,-0.7133462,0.33976895,2026-05-01,3,0.5658505899999999
S_286,50.96,17.09,9505.401786812829,0,0,0.64685714,-0.60583454,0.17758709,2026-05-01,3,0.465091978
S_287,50.98,17.09,7285.655100610123,0,0,0.59886307,-0.57285744,0.13449006,2026-05-01,3,0.43345494500000004
S_288,51.0,17.09,5068.946250743713,0,0,0.5675056,-0.5692912,0.06749114,2026-05-01,3,0.39724813600000003
S_289,51.02,17.09,2846.062558614396,0,0,0.55428517,-0.5710977,0.07517459,2026-05-01,3,0.396355387
S_29,51.22,16.73,7938.677214869078,0,0,0.59175664,-0.5417882,0.20834403,2026-05-01,3,0.460864604
S_290,51.04,17.09,627.9980417595431,0,0,0.58326674,-0.56036085,0.07193424,2026-05-01,3,0.3293533263519086
S_291,51.06,17.09,118.86744519004682,20,0,0.6234623,-0.56501657,0.18799944,2026-05-01,3,0.0
S_292,51.08,17.09,88.13980394258562,107,0,0.6474517,-0.5995158,0.22819732,2026-05-01,3,0.003142398788517131
S_293,51.1,17.09,429.06807227558295,113,0,0.60360223,-0.5751393,0.21087967,2026-05-01,3,0.05124615145511663
S_294,51.12,17.09,450.62107651110034,141,0,0.63331354,-0.5821684,0.22050697,2026-05-01,3,0.0683210653022201
S_295,51.14,17.09,201.25573821191043,248,0,0.62814236,-0.5852042,0.21542268,2026-05-01,3,0.014862927642382062
S_296,51.16,17.09,60.45637724612981,0,0,0.6680066,-0.61506397,0.23347242,2026-05-01,3,0.305882223449226
S_297,51.18,17.09,402.1787713061745,0,0,0.69374335,-0.6318593,0.24483491,2026-05-01,3,0.3864927232612349
S_298,51.2,17.09,2617.146664306679,0,0,0.6923409,-0.6144745,0.23515913,2026-05-01,3,0.5017659219999999
S_299,51.22,17.09,4841.310711102912,0,0,0.68885124,-0.6185425,0.22170913,2026-05-01,3,0.495339024
S_3,51.0,16.71,15460.167737524162,0,0,0.61574054,-0.56435627,0.27986297,2026-05-01,3,0.49666735
S_30,51.24,16.73,9275.33000166609,0,0,0.58760285,-0.55733126,0.18137826,2026-05-01,3,0.448832159
S_300,51.24,17.09,7065.999347705496,0,0,0.70874256,-0.65365297,0.2572952,2026-05-01,3,0.515540848
S_301,50.96,17.11,9502.278649368596,0,0,0.64184326,-0.59549105,0.16255395,2026-05-01,3,0.457574558
S_302,50.98,17.11,7280.877747704259,0,0,0.5874584,-0.59340686,0.13881981,2026-05-01,3,0.43176544400000005
S_303,51.0,17.11,5062.534830177265,0,0,0.577158,-0.57717806,0.10476411,2026-05-01,3,0.415053044
S_304,51.02,17.11,2854.4062347284403,0,0,0.58347607,-0.5599671,0.08682913,2026-05-01,3,0.40977447300000003
S_305,51.04,17.11,752.6021058611249,0,0,0.5793295,-0.5484912,0.11265996,2026-05-01,3,0.369383255172225
S_306,51.06,17.11,404.7006786032911,0,0,0.6448404,-0.59683764,0.22087677,2026-05-01,3,0.36274296372065823
S_307,51.08,17.11,21.61305392219596,0,0,0.683448,-0.5965024,0.22481912,2026-05-01,3,0.2992846587844392
S_308,51.1,17.11,626.639890995596,124,0,0.6148943,-0.5780382,0.21684274,2026-05-01,3,0.09653336419911923
S_309,51.12,17.11,293.12140737681347,400,0,0.45934227,-0.43219662,0.13170977,2026-05-01,3,0.0
S_31,50.96,16.75,18000.470905369522,0,0,0.5640966,-0.5544673,0.19021814,2026-05-01,3,0.445316236
S_310,51.14,17.11,1.2634738104871963,7,0,0.5718943,-0.5451827,0.19395006,2026-05-01,3,0.10940100876209741
S_311,51.16,17.11,11.974441257387422,96,0,0.6043286,-0.5615461,0.18684219,2026-05-01,3,0.0
S_312,51.18,17.11,652.976173360686,0,0,0.6715428,-0.5970627,0.23477845,2026-05-01,3,0.4259694546721372
S_313,51.2,17.11,2734.1440659639547,0,0,0.62001723,-0.57531625,0.22006765,2026-05-01,3,0.474032229
S_314,51.22,17.11,4788.973441161141,0,0,0.62586,-0.5554053,0.20028856,2026-05-01,3,0.467873424
S_315,51.24,17.11,6891.885687981036,0,0,0.6365974,-0.58257085,0.23619746,2026-05-01,3,0.485458204
S_316,50.96,17.13,9406.611013607397,0,0,0.6129006,-0.6001611,0.19686943,2026-05-01,3,0.462617952
S_317,50.98,17.13,7196.12198055024,0,0,0.62625426,-0.6020359,0.20863487,2026-05-01,3,0.471330226
S_318,51.0,17.13,4998.414551367272,0,0,0.6184806,-0.6016594,0.2203626,2026-05-01,3,0.47368922
S_319,51.02,17.13,2843.301120642574,0,0,0.5801671,-0.5453961,0.18289323,2026-05-01,3,0.447207422
S_32,50.98,16.75,15952.247462011475,0,0,0.5797595,-0.51889473,0.1797966,2026-05-01,3,0.44584649
S_320,51.04,17.13,1041.5912548421352,0,0,0.5696729,-0.53500193,0.16701773,2026-05-01,3,0.43770896200000003
S_321,51.06,17.13,211.6792510664819,0,0,0.65270346,-0.57067704,0.21285458,2026-05-01,3,0.3232887202132964
S_322,51.08,17.13,49.6135296497983,0,0,0.7087942,-0.6420137,0.2661806,2026-05-01,3,0.3290332059299596
S_323,51.1,17.13,9.46748805952812,0,0,0.6892746,-0.60499996,0.23915604,2026-05-01,3,0.30433829361190556
S_324,51.12,17.13,26.32567471779296,52,0,0.64135,-0.59630257,0.21794303,2026-05-01,3,0.0
S_325,51.14,17.13,86.17281976514295,100,0,0.58932686,-0.56417114,0.19173038,2026-05-01,3,0.0
S_326,51.16,17.13,94.59162240169668,258,0,0.56662536,-0.53977513,0.20530063,2026-05-01,3,0.0
S_327,51.18,17.13,289.3309346024406,0,0,0.5828104,-0.55976504,0.21617569,2026-05-01,3,0.31917958292048815
S_328,51.2,17.13,2233.8334123942354,0,0,0.6200766,-0.5763546,0.23557775,2026-05-01,3,0.48025407999999997
S_329,51.22,17.13,4433.292020477803,0,0,0.6371677,-0.58832556,0.2305722,2026-05-01,3,0.48337919
S_33,51.0,16.75,13953.746654401524,0,0,0.623863,-0.5595709,0.22500776,2026-05-01,3,0.47716200400000003
S_330,51.24,17.13,6649.757122092191,0,0,0.59829056,-0.5734068,0.24194813,2026-05-01,3,0.47626642
S_331,50.96,17.15,9302.065628001628,0,0,0.5849558,-0.5968023,0.11244426,2026-05-01,3,0.42046444400000005
S_332,50.98,17.15,7077.2259491861805,0,0,0.6082277,-0.59894174,0.1907457,2026-05-01,3,0.45876659000000003
S_333,51.0,17.15,4852.415661603735,0,0,0.57532954,-0.5873766,0.23526712,2026-05-01,3,0.46670571
S_334,51.02,17.15,2627.7286660969885,0,0,0.45858592,-0.4736025,0.13816857,2026-05-01,3,0.392843204
S_335,51.04,17.15,405.3255842916269,0,0,0.5652684,-0.53736675,0.16968897,2026-05-01,3,0.3185212248583254
S_336,51.06,17.15,311.1005865256748,0,0,0.6260851,-0.53601974,0.22758086,2026-05-01,3,0.341077991305135
S_337,51.08,17.15,379.9059987106683,0,0,0.6702491,-0.5893912,0.237122,2026-05-01,3,0.37190472974213373
S_338,51.1,17.15,47.71133279133735,48,0,0.73156524,-0.67304343,0.2516402,2026-05-01,3,0.029667918558267448
S_339,51.12,17.15,31.8034264834681,0,0,0.649183,-0.59663355,0.22815421,2026-05-01,3,0.2923772692966936
S_34,51.02,16.75,12028.58577000032,0,0,0.43442327,-0.41221234,0.18525042,2026-05-01,3,0.404427149
S_340,51.14,17.15,612.9558315376042,0,0,0.5992614,-0.56738585,0.20731771,2026-05-01,3,0.3852966703075209
S_341,51.16,17.15,29.59519998379784,12,0,0.5695333,-0.5522591,0.20774859,2026-05-01,3,0.019878465996759576
S_342,51.18,17.15,504.73404352611607,0,0,0.64409864,-0.59251386,0.2312694,2026-05-01,3,0.3866841607052232
S_343,51.2,17.15,2272.8014071320617,0,0,0.6807239,-0.61362827,0.24398032,2026-05-01,3,0.501809298
S_344,51.22,17.15,4456.511132128606,0,0,0.69144773,-0.62270176,0.2458631,2026-05-01,3,0.505779559
S_345,51.24,17.15,6667.206056752632,0,0,0.6620966,-0.605564,0.24894823,2026-05-01,3,0.498208272
S_346,50.96,17.17,9400.094892925816,0,0,0.59304297,-0.5841479,0.15311569,2026-05-01,3,0.439159167
S_347,50.98,17.17,7205.537667660058,0,0,0.61918443,-0.59185123,0.19136979,2026-05-01,3,0.46230324500000003
S_348,51.0,17.17,5037.643313075092,0,0,0.613262,-0.58339185,0.2219217,2026-05-01,3,0.47274728
S_349,51.02,17.17,2955.6922018360483,0,0,0.5786866,-0.54108804,0.12642315,2026-05-01,3,0.42417524000000006
S_35,51.04,16.75,10225.838452160657,0,0,0.54638255,-0.5150374,0.1713447,2026-05-01,3,0.432452645
S_350,51.04,17.17,1351.7422326019637,0,0,0.5682196,-0.51890105,0.17043066,2026-05-01,3,0.438638144
S_351,51.06,17.17,928.5546687939476,0,0,0.5766754,-0.5380644,0.18945491,2026-05-01,3,0.4344955177587895
S_352,51.08,17.17,1222.2373882291276,0,0,0.601351,-0.5744166,0.20860738,2026-05-01,3,0.463848252
S_353,51.1,17.17,64.3623122469601,11,0,0.60020447,-0.5524939,0.16785727,2026-05-01,3,0.04007671144939198
S_354,51.12,17.17,782.985738214666,0,0,0.6258297,-0.58405364,0.21543723,2026-05-01,3,0.4305209496429332
S_355,51.14,17.17,1685.2291347635687,0,0,0.586523,-0.56667334,0.20816885,2026-05-01,3,0.45922444
S_356,51.16,17.17,1175.496525571058,0,0,0.53755796,-0.5234978,0.2297288,2026-05-01,3,0.45315890799999997
S_357,51.18,17.17,1045.405382052987,0,0,0.5590801,-0.5468574,0.16543037,2026-05-01,3,0.433896178
S_358,51.2,17.17,2797.905024062247,0,0,0.7504489,-0.6912119,0.26632476,2026-05-01,3,0.531664574
S_359,51.22,17.17,4848.664960109084,0,0,0.7487064,-0.6943594,0.2776592,2026-05-01,3,0.5356756
S_36,51.06,16.75,8622.635029524121,0,0,0.5514414,-0.511542,0.11761054,2026-05-01,3,0.412476636
S_360,51.24,17.17,6936.034365292944,0,0,0.6301589,-0.5794351,0.25356707,2026-05-01,3,0.490474498
S_361,50.96,17.19,9702.407959934322,0,0,0.6364536,-0.6021536,0.23190746,2026-05-01,3,0.483699064
S_362,50.98,17.19,7595.544875188068,0,0,0.65024513,-0.61763066,0.24365705,2026-05-01,3,0.492536359
S_363,51.0,17.19,5581.034959595853,0,0,0.652991,-0.6001154,0.21735258,2026-05-01,3,0.482838332
S_364,51.02,17.19,3808.381448597596,0,0,0.67610073,-0.5998684,0.21288933,2026-05-01,3,0.48798595100000003
S_365,51.04,17.19,2677.399665191623,0,0,0.66028893,-0.61052734,0.20085911,2026-05-01,3,0.478430323
S_366,51.06,17.19,1391.3829292996506,0,0,0.62406147,-0.56984705,0.21372278,2026-05-01,3,0.472707553
S_367,51.08,17.19,1721.6045046302854,0,0,0.608919,-0.58630264,0.22172208,2026-05-01,3,0.471364532
S_368,51.1,17.19,1184.036912541745,0,0,0.5655043,-0.54222,0.16981348,2026-05-01,3,0.437576682
S_369,51.12,17.19,1776.3806349218871,0,0,0.6027654,-0.56827396,0.1741491,2026-05-01,3,0.45048926
S_37,51.08,16.75,7350.725399726949,0,0,0.57081485,-0.53449225,0.1787711,2026-05-01,3,0.442752895
S_370,51.14,17.19,2564.33775392618,0,0,0.5847515,-0.56591856,0.19541529,2026-05-01,3,0.453591566
S_371,51.16,17.19,2567.547044450593,0,0,0.6170943,-0.5798341,0.22394556,2026-05-01,3,0.474706514
S_372,51.18,17.19,2389.1599553755764,0,0,0.6885217,-0.6136222,0.22262554,2026-05-01,3,0.49560672600000005
S_373,51.2,17.19,3548.269857966122,0,0,0.6729188,-0.613299,0.19190085,2026-05-01,3,0.47863598
S_374,51.22,17.19,5404.641768609151,0,0,0.6174997,-0.5890633,0.20163783,2026-05-01,3,0.465905042
S_375,51.24,17.19,7456.230708247526,0,0,0.6245871,-0.59067273,0.24963059,2026-05-01,3,0.487228366
S_376,50.96,17.21,10190.839513748497,0,0,0.6253227,-0.59268105,0.24224634,2026-05-01,3,0.48449534600000005
S_377,50.98,17.21,8210.03594069413,0,0,0.58458495,-0.5573671,0.12555717,2026-05-01,3,0.42559835300000004
S_378,51.0,17.21,6391.886841119376,0,0,0.6120239,-0.5749116,0.18916802,2026-05-01,3,0.459274378
S_379,51.02,17.21,4906.809099143584,0,0,0.66063184,-0.61427397,0.20185557,2026-05-01,3,0.47893178000000003
S_38,51.1,16.75,5908.015345296582,0,0,0.5579989,-0.5529393,0.23086484,2026-05-01,3,0.459745606
S_380,51.04,17.21,3974.282833083281,0,0,0.64972085,-0.61399984,0.20169412,2026-05-01,3,0.47559390300000004
S_381,51.06,17.21,2630.657955118508,0,0,0.6387769,-0.59253347,0.23064214,2026-05-01,3,0.48388992599999997
S_382,51.08,17.21,2818.8981827577068,0,0,0.61802477,-0.5911592,0.2509259,2026-05-01,3,0.485777791
S_383,51.1,17.21,2460.9366280540366,0,0,0.614881,-0.5674184,0.18463096,2026-05-01,3,0.45831668400000003
S_384,51.12,17.21,2811.402315802659,0,0,0.6452283,-0.5723151,0.17870101,2026-05-01,3,0.465048894
S_385,51.14,17.21,3771.039082895692,0,0,0.59900135,-0.5760913,0.21698104,2026-05-01,3,0.466492821
S_386,51.16,17.21,3964.297130363847,0,0,0.6116028,-0.56602496,0.23167093,2026-05-01,3,0.476149212
S_387,51.18,17.21,3772.9307114841904,0,0,0.5980007,-0.5735059,0.21807753,2026-05-01,3,0.466631222
S_388,51.2,17.21,4594.935939212146,0,0,0.6343517,-0.59049577,0.22119927,2026-05-01,3,0.478785218
S_389,51.22,17.21,6155.712601673673,0,0,0.6211401,-0.5440782,0.20827228,2026-05-01,3,0.469650942
S_39,51.12,16.75,4534.291563557253,0,0,0.56289685,-0.52848035,0.15438351,2026-05-01,3,0.430622459
S_390,51.24,17.21,8024.6705081537875,0,0,0.62547463,-0.5827374,0.25801718,2026-05-01,3,0.490849261
S_391,50.96,17.23,10840.25969081234,0,0,0.68163323,-0.62564737,0.26174465,2026-05-01,3,0.509187829
S_392,50.98,17.23,9003.161363737108,0,0,0.56811595,-0.55096924,0.19166021,2026-05-01,3,0.447098869
S_393,51.0,17.23,7382.589353045482,0,0,0.5938946,-0.55749077,0.18963788,2026-05-01,3,0.45402353200000006
S_394,51.02,17.23,6111.605858024738,0,0,0.7032404,-0.6413549,0.2442097,2026-05-01,3,0.508656
S_395,51.04,17.23,4971.335173736405,0,0,0.64118546,-0.5813653,0.1761641,2026-05-01,3,0.462821278
S_396,51.06,17.23,3979.420376276317,0,0,0.6098313,-0.5896303,0.21495698,2026-05-01,3,0.46893218200000003
S_397,51.08,17.23,4105.821277418549,0,0,0.589791,-0.5497768,0.17755911,2026-05-01,3,0.44796094399999997
S_398,51.1,17.23,3825.238852130517,0,0,0.5885521,-0.54559416,0.1526188,2026-05-01,3,0.43761315
S_399,51.12,17.23,4059.24751098903,0,0,0.61807936,-0.5640002,0.21636818,2026-05-01,3,0.47197108000000004
S_4,51.02,16.71,13746.899774716265,0,0,0.5945967,-0.54754645,0.24120526,2026-05-01,3,0.47486111400000003
S_40,51.14,16.75,4013.110042361553,0,0,0.65326905,-0.56694615,0.25194463,2026-05-01,3,0.49675856700000004
S_400,51.14,17.23,5077.889591772684,0,0,0.65882576,-0.5937354,0.2434138,2026-05-01,3,0.495013248
S_401,51.16,17.23,5362.238851744935,0,0,0.618141,-0.5743634,0.22842094,2026-05-01,3,0.476810676
S_402,51.18,17.23,5164.650253401098,0,0,0.6024107,-0.5764738,0.1693246,2026-05-01,3,0.44845305
S_403,51.2,17.23,5791.946670621568,0,0,0.6000657,-0.5799266,0.2121219,2026-05-01,3,0.46486847000000003
S_404,51.22,17.23,7093.700827252286,0,0,0.627584,-0.5771023,0.24387544,2026-05-01,3,0.48582537600000003
S_405,51.24,17.23,8774.710761505301,0,0,0.6771578,-0.60137796,0.30512744,2026-05-01,3,0.525198316
S_406,50.96,17.25,11623.715328983602,0,0,0.6421089,-0.5894469,0.27133957,2026-05-01,3,0.501168498
S_407,50.98,17.25,9932.217903269244,0,0,0.5654934,-0.5402162,0.1437765,2026-05-01,3,0.42715862000000004
S_408,51.0,17.25,8484.01056952527,0,0,0.6081632,-0.5738846,0.21169291,2026-05-01,3,0.46712612400000003
S_409,51.02,17.25,7384.285945805905,0,0,0.62691176,-0.57743704,0.21400252,2026-05-01,3,0.47367453600000003
S_41,51.16,16.75,4531.119295161696,0,0,0.6062308,-0.6008892,0.24323773,2026-05-01,3,0.479164332
S_410,51.04,17.25,6129.1194061255255,0,0,0.5577643,-0.5125169,0.15052192,2026-05-01,3,0.427538058
S_411,51.06,17.25,5355.576514058632,0,0,0.5969833,-0.5565011,0.19921699,2026-05-01,3,0.458781786
S_412,51.08,17.25,5449.646214796447,0,0,0.6132879,-0.57926077,0.23077546,2026-05-01,3,0.476296554
S_413,51.1,17.25,5208.939555461392,0,0,0.6018464,-0.56119263,0.19057432,2026-05-01,3,0.456783648
S_414,51.12,17.25,5382.7184159775925,0,0,0.6047228,-0.5618726,0.14633366,2026-05-01,3,0.439950304
S_415,51.14,17.25,6380.169182758276,0,0,0.5535317,-0.54633075,0.19817019,2026-05-01,3,0.445327586
S_416,51.16,17.25,6760.631388968914,0,0,0.6270081,-0.5835497,0.23033297,2026-05-01,3,0.480235618
S_417,51.18,17.25,6559.259200270753,0,0,0.79129374,-0.68315965,0.28670782,2026-05-01,3,0.55207125
S_418,51.2,17.25,7063.273077274323,0,0,0.6842388,-0.64429,0.25969023,2026-05-01,3,0.509147732
S_419,51.22,17.25,8164.353191759555,0,0,0.5942247,-0.5660463,0.24715124,2026-05-01,3,0.47712790600000005
S_42,51.18,16.75,5112.8447514642985,0,0,0.63049406,-0.6057584,0.18595514,2026-05-01,3,0.46353027399999996
S_420,51.24,17.25,9660.460230112583,0,0,0.6238849,-0.5827995,0.25190464,2026-05-01,3,0.487927326
S_43,51.2,16.75,5706.64132954761,0,0,0.60151464,-0.57418364,0.17342341,2026-05-01,3,0.449823756
S_44,51.22,16.75,6775.548434194237,0,0,0.45391542,-0.47524172,0.14822197,2026-05-01,3,0.395463414
S_45,51.24,16.75,8302.081445945038,0,0,0.5828612,-0.55988,0.19249827,2026-05-01,3,0.451857668
S_46,50.96,16.77,17022.908120220254,0,0,0.55443347,-0.52469313,0.15889154,2026-05-01,3,0.429886657
S_47,50.98,16.77,15422.41639279965,0,0,0.60942894,-0.53772527,0.1439088,2026-05-01,3,0.440392202
S_48,51.0,16.77,13349.921110816154,0,0,0.62838644,-0.5742769,0.17872162,2026-05-01,3,0.46000458
S_49,51.02,16.77,11333.075173326231,0,0,0.6266003,-0.55307376,0.19320531,2026-05-01,3,0.465262214
S_5,51.04,16.71,12199.952563339264,0,0,0.5991306,-0.53891885,0.19978549,2026-05-01,3,0.459653376
S_50,51.04,16.77,9398.22334858242,0,0,0.5001125,-0.48075882,0.14444077,2026-05-01,3,0.40781005800000003
S_51,51.06,16.77,7623.368673179539,0,0,0.55264544,-0.51496863,0.15129787,2026-05-01,3,0.42631278
S_52,51.08,16.77,6148.669471297736,0,0,0.59426427,-0.5444134,0.17546745,2026-05-01,3,0.44846626100000003
S_53,51.1,16.77,5053.636350499835,0,0,0.6127036,-0.5726612,0.18719393,2026-05-01,3,0.45868865200000003
S_54,51.12,16.77,3358.716664473822,0,0,0.47782886,-0.49363106,0.12776056,2026-05-01,3,0.394452882
S_55,51.14,16.77,2614.072225314547,0,0,0.61768615,-0.561374,0.21149826,2026-05-01,3,0.469905149
S_56,51.16,16.77,3191.577926385069,0,0,0.65154886,-0.5991716,0.17925338,2026-05-01,3,0.46716600999999996
S_57,51.18,16.77,3746.058938902203,0,0,0.6770975,-0.6107368,0.18415304,2026-05-01,3,0.476790466
S_58,51.2,16.77,4425.096477717739,0,0,0.6879891,-0.62607443,0.25828472,2026-05-01,3,0.509710618
S_59,51.22,16.77,5718.539643471043,0,0,0.5473929,-0.51315206,0.13084598,2026-05-01,3,0.416556262
S_6,51.06,16.71,10890.438633297126,0,0,0.6085239,-0.56450963,0.22643657,2026-05-01,3,0.473131798
S_60,51.24,16.77,7464.841019661316,0,0,0.61844903,-0.577921,0.18336761,2026-05-01,3,0.458881753
S_61,50.96,16.79,15947.047960674154,0,0,0.62172997,-0.5431244,0.11723042,2026-05-01,3,0.43341115900000005
S_62,50.98,16.79,14509.12439155469,0,0,0.52363986,-0.51143,0.21013814,2026-05-01,3,0.441147214
S_63,51.0,16.79,12846.126033979224,0,0,0.609203,-0.5700906,0.14390634,2026-05-01,3,0.440323436
S_64,51.02,16.79,10761.477088982943,0,0,0.54261863,-0.5123476,0.16703203,2026-05-01,3,0.429598401
S_65,51.04,16.79,8716.684616946155,0,0,0.66361713,-0.56478614,0.18183942,2026-05-01,3,0.471820907
S_66,51.06,16.79,6768.271669017946,0,0,0.6461763,-0.58161026,0.23036385,2026-05-01,3,0.48599843000000004
S_67,51.08,16.79,5050.2723857274605,0,0,0.4998078,-0.4754954,0.16424909,2026-05-01,3,0.415641976
S_68,51.1,16.79,3826.043540989088,0,0,0.5249368,-0.52127266,0.1820209,2026-05-01,3,0.4302894
S_69,51.12,16.79,2433.623491543097,0,0,0.59521675,-0.55715823,0.17707649,2026-05-01,3,0.449395621
S_7,51.08,16.71,9460.246648260876,0,0,0.6106155,-0.5665582,0.2593038,2026-05-01,3,0.48690616999999997
S_70,51.14,16.79,1216.7007448199618,0,0,0.57435215,-0.54662865,0.20050888,2026-05-01,3,0.452509197
S_71,51.16,16.79,1936.0636528547705,0,0,0.5669829,-0.5544206,0.20272473,2026-05-01,3,0.45118476199999996
S_72,51.18,16.79,2360.4833464144017,0,0,0.54715365,-0.52815807,0.18733405,2026-05-01,3,0.43907971500000004
S_73,51.2,16.79,3206.1302202323163,0,0,0.63833,-0.5904731,0.1967182,2026-05-01,3,0.47018628
S_74,51.22,16.79,4837.714195186279,0,0,0.6330469,-0.5835471,0.19267134,2026-05-01,3,0.466982606
S_75,51.24,16.79,6813.926733180992,0,0,0.5526268,-0.52347344,0.1471505,2026-05-01,3,0.42464824
S_76,50.96,16.81,14892.8901715824,0,0,0.6147547,-0.55047506,0.15016353,2026-05-01,3,0.444491822
S_77,50.98,16.81,13441.16549326596,0,0,0.6482087,-0.57934093,0.2308086,2026-05-01,3,0.48678605
S_78,51.0,16.81,11897.905348101373,0,0,0.59247833,-0.5494773,0.1179661,2026-05-01,3,0.424929939
S_79,51.02,16.81,10294.632437154196,0,0,0.5602192,-0.53505826,0.21986389,2026-05-01,3,0.45601131600000006
S_8,51.1,16.71,8076.924726854547,0,0,0.63920105,-0.56377214,0.2607541,2026-05-01,3,0.496061955
S_80,51.04,16.81,8200.007119833177,0,0,0.6022295,-0.555747,0.2086612,2026-05-01,3,0.46413333
S_81,51.06,16.81,6109.181139309905,0,0,0.51911855,-0.5148873,0.17423557,2026-05-01,3,0.425429793
S_82,51.08,16.81,4138.897714803536,0,0,0.6290378,-0.57287145,0.15352543,2026-05-01,3,0.450121512
S_83,51.1,16.81,2594.4511589129984,0,0,0.64471143,-0.581308,0.19230226,2026-05-01,3,0.470334333
S_84,51.12,16.81,1523.8956538703992,0,0,0.57968235,-0.5304531,0.16521838,2026-05-01,3,0.439992057
S_85,51.14,16.81,123.62824571182684,0,0,0.6045345,-0.5746976,0.19364081,2026-05-01,3,0.2835423231423653
S_86,51.16,16.81,1107.4803238024615,0,0,0.521997,-0.51708084,0.14391148,2026-05-01,3,0.414163692
S_87,51.18,16.81,990.510390736507,0,0,0.63220274,-0.58060235,0.21984509,2026-05-01,3,0.47570093614730136
S_88,51.2,16.81,2210.625683987344,0,0,0.652123,-0.6076581,0.23904896,2026-05-01,3,0.49125648400000005
S_89,51.22,16.81,4244.216239528772,0,0,0.5641681,-0.52775735,0.16918509,2026-05-01,3,0.436924466
S_9,51.12,16.71,7132.92987537034,0,0,0.6318482,-0.59855044,0.27213833,2026-05-01,3,0.49840979199999996
S_90,51.24,16.81,6384.869133637413,0,0,0.5022663,-0.5081215,0.18705207,2026-05-01,3,0.425500718
S_91,50.96,16.83,13900.696550902425,0,0,0.64540714,-0.58212805,0.20774452,2026-05-01,3,0.47671995
S_92,50.98,16.83,12364.24594647767,0,0,0.5836499,-0.56639105,0.15384649,2026-05-01,3,0.43663356600000003
S_93,51.0,16.83,10953.594163227584,0,0,0.6232527,-0.57873845,0.19074863,2026-05-01,3,0.463275262
S_94,51.02,16.83,9298.41469926228,0,0,0.56960917,-0.5347105,0.19952162,2026-05-01,3,0.45069139900000005
S_95,51.04,16.83,7796.744007056143,0,0,0.54206896,-0.5307827,0.071836606,2026-05-01,3,0.39135533040000003
S_96,51.06,16.83,5694.590757082613,0,0,0.46566865,-0.5042264,0.1396941,2026-05-01,3,0.395578235
S_97,51.08,16.83,3534.511095614605,0,0,0.48722738,-0.5104853,0.101801954,2026-05-01,3,0.3868889956
S_98,51.1,16.83,1511.4306172008778,0,0,0.642273,-0.5846975,0.16510907,2026-05-01,3,0.458725528
S_99,51.12,16.83,372.4822459180336,0,0,0.62206095,-0.5888821,0.096291125,2026-05-01,3,0.2996311841836067
S_1,50.96,16.71,19204.135492674224,0,0,0.62309223,-0.5436711,0.2972337,2026-06-01,4,0.505821149
S_10,51.14,16.71,6812.088247351817,0,0,0.6112174,-0.5308624,0.28089055,2026-06-01,4,0.49572144
S_100,51.14,16.83,299.0414108789792,0,0,0.77118826,-0.63093174,0.3176345,2026-06-01,4,0.41821856017579584
S_101,51.16,16.83,193.31260986371728,0,0,0.62426263,-0.5606889,0.26275113,2026-06-01,4,0.33104176297274346
S_102,51.18,16.83,218.76394220477843,0,0,0.7269686,-0.59936,0.31210357,2026-06-01,4,0.3866847964409557
S_103,51.2,16.83,1750.830765751724,0,0,0.6891524,-0.6053723,0.25708807,2026-06-01,4,0.509580948
S_104,51.22,16.83,3972.279685462268,0,0,0.62593126,-0.57590425,0.25781107,2026-06-01,4,0.490903806
S_105,51.24,16.83,5445.385947041962,0,0,0.632673,-0.54223835,0.23681562,2026-06-01,4,0.48452814800000005
S_106,50.96,16.85,12984.678140135651,0,0,0.688619,-0.6567234,0.31252357,2026-06-01,4,0.531595128
S_107,50.98,16.85,11325.094646471813,0,0,0.69107705,-0.6326272,0.25853044,2026-06-01,4,0.510735291
S_108,51.0,16.85,9861.896499378292,0,0,0.67301047,-0.6052893,0.2667367,2026-06-01,4,0.508597821
S_109,51.02,16.85,8418.741567826879,0,0,0.6625081,-0.5630284,0.22503693,2026-06-01,4,0.488767202
S_11,51.16,16.71,7197.1030753367495,0,0,0.5743515,-0.52100605,0.23364243,2026-06-01,4,0.465762422
S_110,51.04,16.85,6723.889490045874,0,0,0.65431553,-0.57712376,0.24945056,2026-06-01,4,0.49607488299999997
S_111,51.06,16.85,5421.191720799655,0,0,0.6621945,-0.60146385,0.26390502,2026-06-01,4,0.504220358
S_112,51.08,16.85,3253.6617859423213,0,0,0.64875025,-0.5732437,0.26960474,2026-06-01,4,0.502466971
S_113,51.1,16.85,1042.0817532091585,0,0,0.6054436,-0.532477,0.23167643,2026-06-01,4,0.47430365199999996
S_114,51.12,16.85,152.9756075835791,0,0,0.69187576,-0.5980183,0.26588887,2026-06-01,4,0.34451339751671584
S_115,51.14,16.85,30.375214416566127,145,0,0.6407199,-0.5396582,0.19462223,2026-06-01,4,0.0
S_116,51.16,16.85,129.81078397110568,0,0,0.68066454,-0.62153065,0.24691848,2026-06-01,4,0.32892891079422115
S_117,51.18,16.85,328.7539166104857,0,0,0.7626432,-0.6419408,0.25731465,2026-06-01,4,0.39746960332209713
S_118,51.2,16.85,2136.925593380406,0,0,0.66038406,-0.5827328,0.27166182,2026-06-01,4,0.506779946
S_119,51.22,16.85,2891.784132546267,0,0,0.6478062,-0.59192276,0.26028702,2026-06-01,4,0.49845666800000005
S_12,51.18,16.71,7880.060446899775,0,0,0.7534121,-0.6515892,0.33243904,2026-06-01,4,0.558999246
S_120,51.24,16.85,4629.559266687689,0,0,0.5964004,-0.5111601,0.20107444,2026-06-01,4,0.45934989600000004
S_121,50.96,16.87,12162.057822383023,0,0,0.66266966,-0.62324095,0.2666844,2026-06-01,4,0.505474658
S_122,50.98,16.87,10372.104290519828,0,0,0.72426873,-0.6768691,0.28835905,2026-06-01,4,0.532624239
S_123,51.0,16.87,8783.28397005277,0,0,0.67496914,-0.615938,0.27815342,2026-06-01,4,0.51375211
S_124,51.02,16.87,7374.158792219467,0,0,0.6467259,-0.6011186,0.27997142,2026-06-01,4,0.5060063379999999
S_125,51.04,16.87,5793.450664727714,0,0,0.6357015,-0.5681989,0.2420414,2026-06-01,4,0.48752701000000004
S_126,51.06,16.87,4219.665969002121,0,0,0.6455238,-0.58866143,0.2595376,2026-06-01,4,0.49747218
S_127,51.08,16.87,3145.7712341569377,0,0,0.6560028,-0.56451905,0.23196785,2026-06-01,4,0.48958798000000003
S_128,51.1,16.87,997.1952678499712,0,0,0.6529478,-0.57247365,0.23939961,2026-06-01,4,0.4910832375699943
S_129,51.12,16.87,75.42879838910036,42,0,0.6109047,-0.5413011,0.15689246,2026-06-01,4,0.0
S_13,51.2,16.71,8327.208531487542,0,0,0.795522,-0.6824504,0.33558378,2026-06-01,4,0.5728901120000001
S_130,51.14,16.87,95.03052149332436,144,0,0.63301766,-0.57598853,0.2195921,2026-06-01,4,0.0
S_131,51.16,16.87,0.5964238645431652,43,0,0.6468863,-0.5577326,0.23502015,2026-06-01,4,0.0
S_132,51.18,16.87,62.120452330665,0,0,0.6672727,-0.6072137,0.24175532,2026-06-01,4,0.30930802846613303
S_133,51.2,16.87,839.0660138119009,0,0,0.6567281,-0.5550844,0.2468743,2026-06-01,4,0.4635813527623802
S_134,51.22,16.87,2011.4215042469016,0,0,0.6455422,-0.5626863,0.2560289,2026-06-01,4,0.49607422
S_135,51.24,16.87,4028.182801526247,0,0,0.6525195,-0.56972796,0.23456405,2026-06-01,4,0.48958147
S_136,50.96,16.89,11452.977110542222,0,0,0.68394953,-0.6636561,0.26423404,2026-06-01,4,0.5108784749999999
S_137,50.98,16.89,9531.1532212864,0,0,0.7259527,-0.67809,0.28382856,2026-06-01,4,0.5313172340000001
S_138,51.0,16.89,7772.7528452904835,0,0,0.6126191,-0.59096307,0.25333267,2026-06-01,4,0.48511879799999996
S_139,51.02,16.89,6287.684180771339,0,0,0.3303385,-0.3232282,0.123176225,2026-06-01,4,0.34837204
S_14,51.22,16.71,9167.625026369526,0,0,0.72238874,-0.6567401,0.27724695,2026-06-01,4,0.527615402
S_140,51.04,16.89,4966.126143458281,0,0,0.57681525,-0.53408056,0.21913362,2026-06-01,4,0.460698023
S_141,51.06,16.89,3177.13745578146,0,0,0.6307103,-0.55250055,0.28831738,2026-06-01,4,0.5045400419999999
S_142,51.08,16.89,2059.1496145995893,0,0,0.6549865,-0.5954402,0.23523523,2026-06-01,4,0.490590042
S_143,51.1,16.89,584.150058798024,0,0,0.60009384,-0.5228207,0.18434823,2026-06-01,4,0.37059745575960484
S_144,51.12,16.89,29.2480101924891,21,0,0.613117,-0.54715437,0.18136732,2026-06-01,4,0.0
S_145,51.14,16.89,166.35084857578028,184,0,0.6128918,-0.551655,0.18002224,2026-06-01,4,0.0
S_146,51.16,16.89,88.52606590553637,16,0,0.6241184,-0.5381044,0.24952874,2026-06-01,4,0.0047522291811072925
S_147,51.18,16.89,40.6187379953634,0,0,0.6481412,-0.54854256,0.24260934,2026-06-01,4,0.29960984359907267
S_148,51.2,16.89,128.5731600417197,0,0,0.61762613,-0.57289994,0.2615405,2026-06-01,4,0.31561867100834395
S_149,51.22,16.89,1612.966088400308,0,0,0.6018712,-0.5295581,0.22609751,2026-06-01,4,0.471000364
S_15,51.24,16.71,10346.277459912872,0,0,0.62778145,-0.5791232,0.22908346,2026-06-01,4,0.479967819
S_150,51.24,16.89,3836.1304745548578,0,0,0.64086187,-0.57880116,0.2661203,2026-06-01,4,0.498706681
S_151,50.96,16.91,10879.657044859136,0,0,0.70936304,-0.6674803,0.27619216,2026-06-01,4,0.523285776
S_152,50.98,16.91,8834.293411715706,0,0,0.68604034,-0.6580048,0.27186954,2026-06-01,4,0.514559918
S_153,51.0,16.91,6900.951084593016,0,0,0.72672,-0.64454615,0.2729459,2026-06-01,4,0.52719436
S_154,51.02,16.91,5205.976876149072,0,0,0.5990651,-0.5583136,0.2246406,2026-06-01,4,0.46957577
S_155,51.04,16.91,3800.973434448058,0,0,0.6118272,-0.57892185,0.19470267,2026-06-01,4,0.461429228
S_156,51.06,16.91,2512.5632313491706,0,0,0.66210955,-0.6100704,0.2680404,2026-06-01,4,0.5058490250000001
S_157,51.08,16.91,678.6116760835603,0,0,0.7075114,-0.6449561,0.27757326,2026-06-01,4,0.4590050592167121
S_158,51.1,16.91,856.39299833093,0,0,0.6516243,-0.6135582,0.20955212,2026-06-01,4,0.450586737666186
S_159,51.12,16.91,178.3818645157325,4,0,0.6512841,-0.5596377,0.24052747,2026-06-01,4,0.24727259090314652
S_16,50.96,16.73,18562.794541818243,0,0,0.6408174,-0.5257513,0.3239736,2026-06-01,4,0.52183466
S_160,51.14,16.91,79.09561123337517,67,0,0.64681774,-0.5484504,0.22211394,2026-06-01,4,0.0
S_161,51.16,16.91,29.5531253741436,125,0,0.6124446,-0.53585356,0.19783388,2026-06-01,4,0.0
S_162,51.18,16.91,140.86672674542552,12,0,0.70804244,-0.60609317,0.24897285,2026-06-01,4,0.10017521734908513
S_163,51.2,16.91,76.31560408295768,50,0,0.6356442,-0.56668353,0.27130777,2026-06-01,4,0.014479488816591557
S_164,51.22,16.91,1287.798552325959,0,0,0.66010326,-0.5730949,0.27864945,2026-06-01,4,0.5094907580000001
S_165,51.24,16.91,3216.653967735071,0,0,0.6365574,-0.57539064,0.23399715,2026-06-01,4,0.48456608000000007
S_166,50.96,16.93,10464.433929184495,0,0,0.7031228,-0.6618045,0.26333663,2026-06-01,4,0.516271492
S_167,50.98,16.93,8317.817703353361,0,0,0.6866322,-0.658029,0.27740029,2026-06-01,4,0.5169497759999999
S_168,51.0,16.93,6226.424610680338,0,0,0.6889576,-0.61973226,0.20023417,2026-06-01,4,0.486780948
S_169,51.02,16.93,4272.15334819429,0,0,0.69149894,-0.64044076,0.26758605,2026-06-01,4,0.5144841019999999
S_17,50.98,16.73,16577.85936257925,0,0,0.6340624,-0.53691894,0.29160127,2026-06-01,4,0.506859228
S_170,51.04,16.93,2734.6300697935235,0,0,0.61436856,-0.57437027,0.19502084,2026-06-01,4,0.46231890400000003
S_171,51.06,16.93,1405.8627140060885,0,0,0.705873,-0.6480331,0.29869854,2026-06-01,4,0.531241316
S_172,51.08,16.93,153.7128938178727,8,0,0.68866724,-0.64057034,0.28082132,2026-06-01,4,0.18967127876357456
S_173,51.1,16.93,171.4950135169203,23,0,0.6617046,-0.62280256,0.24245179,2026-06-01,4,0.029791098703384034
S_174,51.12,16.93,110.37966010894912,171,0,0.6898165,-0.6523295,0.23212545,2026-06-01,4,0.021871062021789844
S_175,51.14,16.93,35.063298395709715,86,0,0.65725076,-0.6031243,0.1773887,2026-06-01,4,0.0
S_176,51.16,16.93,119.28241091083214,232,0,0.60285085,-0.5340934,0.13096781,2026-06-01,4,0.0
S_177,51.18,16.93,116.24242338942592,0,0,0.6996283,-0.57828707,0.2670941,2026-06-01,4,0.3399746146778852
S_178,51.2,16.93,243.57309243338528,0,0,0.6976138,-0.5710904,0.27497095,2026-06-01,4,0.367987138486677
S_179,51.22,16.93,934.989887008772,0,0,0.64599365,-0.56384027,0.25617465,2026-06-01,4,0.4832659324017544
S_18,51.0,16.73,14659.31178278656,0,0,0.5673396,-0.53558105,0.29411805,2026-06-01,4,0.48784910000000004
S_180,51.24,16.93,3093.126161565517,0,0,0.63582367,-0.56613714,0.18952802,2026-06-01,4,0.466558309
S_181,50.96,16.95,10226.581742100509,0,0,0.7087456,-0.6572043,0.2730265,2026-06-01,4,0.52183428
S_182,50.98,16.95,8016.664197115699,0,0,0.69180745,-0.65839136,0.2648709,2026-06-01,4,0.5134905949999999
S_183,51.0,16.95,5818.1929194215,0,0,0.48759383,-0.46311706,0.21370512,2026-06-01,4,0.431760197
S_184,51.02,16.95,3651.912744084874,0,0,0.6785069,-0.646431,0.25603932,2026-06-01,4,0.505967798
S_185,51.04,16.95,1649.9390675083405,0,0,0.38237405,-0.3651779,0.15363507,2026-06-01,4,0.376166243
S_186,51.06,16.95,410.0436766351651,0,0,0.70061195,-0.6229205,0.2513817,2026-06-01,4,0.39274500032703297
S_187,51.08,16.95,135.73596988018187,17,0,0.65575767,-0.58793527,0.2050979,2026-06-01,4,0.005913654976036409
S_188,51.1,16.95,247.77790874820764,497,0,0.57440996,-0.56361485,0.22081216,2026-06-01,4,0.0102034337496415
S_189,51.12,16.95,32.48864238868553,207,0,0.57818395,-0.55647284,0.1490725,2026-06-01,4,0.0
S_19,51.02,16.73,12840.031827983006,0,0,0.5152845,-0.5083566,0.19882888,2026-06-01,4,0.434116902
S_190,51.14,16.95,58.19435946083127,26,0,0.57407784,-0.53182435,0.20299608,2026-06-01,4,0.0
S_191,51.16,16.95,130.6314516932038,2,0,0.6472359,-0.59107745,0.25499475,2026-06-01,4,0.2822949603386408
S_192,51.18,16.95,178.81956525149948,0,0,0.79815084,-0.70382816,0.3317136,2026-06-01,4,0.40789460505029995
S_193,51.2,16.95,22.64852181705673,0,0,0.7082844,-0.6095708,0.27923748,2026-06-01,4,0.3287100163634113
S_194,51.22,16.95,1150.6667062630731,0,0,0.6454836,-0.5705848,0.2545921,2026-06-01,4,0.49548192
S_195,51.24,16.95,3375.3802928720816,0,0,0.638332,-0.56096923,0.24875419,2026-06-01,4,0.491001276
S_196,50.96,16.97,10021.414158449285,0,0,0.717011,-0.66553533,0.2730652,2026-06-01,4,0.52432938
S_197,50.98,16.97,7910.592124100563,0,0,0.71774423,-0.675597,0.2683983,2026-06-01,4,0.522682589
S_198,51.0,16.97,5733.420616111684,0,0,0.6386218,-0.5901088,0.2295429,2026-06-01,4,0.48340370000000005
S_199,51.02,16.97,3515.349555011848,0,0,0.59244317,-0.54130584,0.20602103,2026-06-01,4,0.460141363
S_2,50.98,16.71,17290.38293212061,0,0,0.600032,-0.5311236,0.30106327,2026-06-01,4,0.500434908
S_20,51.04,16.73,11168.639446384244,0,0,0.60500056,-0.54241455,0.25069812,2026-06-01,4,0.481779416
S_200,51.04,16.97,1320.5917622766913,0,0,0.4853515,-0.46636167,0.19347486,2026-06-01,4,0.422995394
S_201,51.06,16.97,147.75952938197452,167,0,0.61536133,-0.5717432,0.18959533,2026-06-01,4,0.0
S_202,51.08,16.97,340.05915963391885,216,0,0.6352196,-0.61221534,0.24900346,2026-06-01,4,0.05817909592678383
S_203,51.1,16.97,365.3418207991952,21,0,0.5471546,-0.5266446,0.18677597,2026-06-01,4,0.011925132159839036
S_204,51.12,16.97,67.7717167848776,382,0,0.48257443,-0.45135868,0.15450837,2026-06-01,4,0.0
S_205,51.14,16.97,412.10660404271215,202,0,0.55346715,-0.5192131,0.13890833,2026-06-01,4,0.004024797808542424
S_206,51.16,16.97,16.5153612818919,0,0,0.6430312,-0.60400045,0.23413071,2026-06-01,4,0.2898647162563784
S_207,51.18,16.97,2.9191676711853622,0,0,0.6869428,-0.66391003,0.20864467,2026-06-01,4,0.29012454153423706
S_208,51.2,16.97,155.10794754818698,11,0,0.6640353,-0.61326784,0.26349854,2026-06-01,4,0.11563159550963739
S_209,51.22,16.97,1398.73570960171,0,0,0.5994368,-0.5542678,0.19766107,2026-06-01,4,0.45889546800000003
S_21,51.06,16.73,9721.71749163114,0,0,0.5689649,-0.5280887,0.21939774,2026-06-01,4,0.458448566
S_210,51.24,16.97,3500.14658272472,0,0,0.61039174,-0.55830485,0.21131632,2026-06-01,4,0.46764405
S_211,50.96,16.99,9604.746935014811,0,0,0.7147832,-0.6839691,0.28428012,2026-06-01,4,0.5281470079999999
S_212,50.98,16.99,7499.008014909064,0,0,0.70640624,-0.66829944,0.2671866,2026-06-01,4,0.518796512
S_213,51.0,16.99,5357.026442742652,0,0,0.6739562,-0.6529915,0.2649666,2026-06-01,4,0.5081735000000001
S_214,51.02,16.99,3261.557369365852,0,0,0.67550313,-0.64076495,0.22969592,2026-06-01,4,0.494529307
S_215,51.04,16.99,1331.156605452766,0,0,0.67558366,-0.6365163,0.25880828,2026-06-01,4,0.5061984100000001
S_216,51.06,16.99,67.99246611873737,190,0,0.61506504,-0.5827264,0.22297634,2026-06-01,4,0.0
S_217,51.08,16.99,332.1993831246549,235,0,0.5494544,-0.520092,0.1933233,2026-06-01,4,0.008605516624931031
S_218,51.1,16.99,95.92616121470772,365,0,0.49643272,-0.4545746,0.16617507,2026-06-01,4,0.0
S_219,51.12,16.99,328.76141429986643,366,0,0.48432532,-0.4584474,0.16611412,2026-06-01,4,0.0
S_22,51.08,16.73,8506.568173937441,0,0,0.5220089,-0.44355524,0.2749604,2026-06-01,4,0.46658683
S_220,51.14,16.99,268.2790269957991,83,0,0.501953,-0.47248715,0.20454414,2026-06-01,4,0.0
S_221,51.16,16.99,73.6050073256935,4,0,0.6106755,-0.55137956,0.19880767,2026-06-01,4,0.1974467194651387
S_222,51.18,16.99,123.6884542477482,11,0,0.6538426,-0.61893547,0.21261622,2026-06-01,4,0.08593695884954963
S_223,51.2,16.99,168.12409711065547,0,0,0.6791527,-0.6250545,0.23140341,2026-06-01,4,0.3299319934221311
S_224,51.22,16.99,1746.1197465715757,0,0,0.64269155,-0.60782063,0.23769929,2026-06-01,4,0.487887181
S_225,51.24,16.99,3909.727010031838,0,0,0.62806153,-0.59385186,0.27006176,2026-06-01,4,0.49644316299999997
S_226,50.96,17.01,9302.025966010857,0,0,0.70788956,-0.6817202,0.24462351,2026-06-01,4,0.5102162720000001
S_227,50.98,17.01,7107.333504160153,0,0,0.7228466,-0.68034357,0.26188815,2026-06-01,4,0.5216092400000001
S_228,51.0,17.01,4939.745864156982,0,0,0.69055015,-0.6584372,0.2673542,2026-06-01,4,0.514106725
S_229,51.02,17.01,2861.553217630114,0,0,0.6732458,-0.6513719,0.25749177,2026-06-01,4,0.504970448
S_23,51.1,16.73,6936.109378879808,0,0,0.5933448,-0.5313939,0.23985843,2026-06-01,4,0.473946812
S_230,51.04,17.01,708.5497524206784,0,0,0.6523684,-0.6272022,0.22928697,2026-06-01,4,0.4291352584841357
S_231,51.06,17.01,185.8425725294435,221,0,0.56006867,-0.5259466,0.20118588,2026-06-01,4,0.0
S_232,51.08,17.01,492.6122690702354,269,0,0.49131683,-0.4530451,0.15975365,2026-06-01,4,0.009818962814047094
S_233,51.1,17.01,739.3658417430682,357,0,0.43563002,-0.4347367,0.14658783,2026-06-01,4,0.03719730634861368
S_234,51.12,17.01,975.8713986883582,194,0,0.45953783,-0.44654325,0.17270471,2026-06-01,4,0.10211751273767167
S_235,51.14,17.01,379.9979625897767,10,0,0.48703602,-0.440943,0.19562408,2026-06-01,4,0.10036003051795533
S_236,51.16,17.01,47.96600225330634,194,0,0.6252616,-0.5435545,0.16274612,2026-06-01,4,0.0
S_237,51.18,17.01,162.33728524036934,0,0,0.65756994,-0.5971501,0.22345822,2026-06-01,4,0.31912172704807384
S_238,51.2,17.01,522.3469551576198,0,0,0.66343755,-0.61852545,0.24101324,2026-06-01,4,0.399905952031524
S_239,51.22,17.01,2309.388779925825,0,0,0.6633739,-0.6273774,0.2509245,2026-06-01,4,0.49938197
S_24,51.12,16.73,5810.251733180315,0,0,0.5795956,-0.5453684,0.2323983,2026-06-01,4,0.46683800000000003
S_240,51.24,17.01,4320.154486873881,0,0,0.67166924,-0.631794,0.2652135,2026-06-01,4,0.5075861719999999
S_241,50.96,17.03,9205.759974995748,0,0,0.68355453,-0.6693029,0.2831874,2026-06-01,4,0.518341319
S_242,50.98,17.03,6980.9290012326765,0,0,0.71186525,-0.6644114,0.27445418,2026-06-01,4,0.5233412470000001
S_243,51.0,17.03,4756.164058545855,0,0,0.72035015,-0.6547962,0.29016608,2026-06-01,4,0.532171477
S_244,51.02,17.03,2531.6591433168446,0,0,0.7152041,-0.66326195,0.26047367,2026-06-01,4,0.5187506980000001
S_245,51.04,17.03,313.16913283537696,0,0,0.6629874,-0.6300164,0.24436241,2026-06-01,4,0.3592750105670754
S_246,51.06,17.03,168.58167701773638,168,0,0.6185602,-0.58513194,0.23283708,2026-06-01,4,0.012419227403547284
S_247,51.08,17.03,726.1887889648634,17,0,0.44700375,-0.44477838,0.16548719,2026-06-01,4,0.04553375879297267
S_248,51.1,17.03,1524.3718245292073,326,0,0.32843858,-0.33380377,0.08610595,2026-06-01,4,0.03297395400000003
S_249,51.12,17.03,1695.1292589071084,346,0,0.3890775,-0.40866843,0.098210774,2026-06-01,4,0.056007559600000034
S_25,51.14,16.73,5412.525413426852,0,0,0.614359,-0.53568417,0.2920287,2026-06-01,4,0.50111918
S_250,51.14,17.03,587.7412940066755,456,0,0.40545994,-0.39359793,0.079173535,2026-06-01,4,0.0
S_251,51.16,17.03,87.43406113267545,278,0,0.5296417,-0.49543265,0.18971193,2026-06-01,4,0.0
S_252,51.18,17.03,253.34953180821336,6,0,0.6485714,-0.59552,0.22970936,2026-06-01,4,0.21712507036164264
S_253,51.2,17.03,1408.1716662089086,0,0,0.6712718,-0.62728626,0.25724897,2026-06-01,4,0.504281128
S_254,51.22,17.03,3149.442431326004,0,0,0.6740624,-0.63040257,0.26075223,2026-06-01,4,0.506519612
S_255,51.24,17.03,4934.831602902228,0,0,0.66798115,-0.62231433,0.251624,2026-06-01,4,0.5010439449999999
S_256,50.96,17.05,9322.345445162837,0,0,0.6601058,-0.64684576,0.27081108,2026-06-01,4,0.506356172
S_257,50.98,17.05,7133.907327775435,0,0,0.70670044,-0.67125016,0.27803448,2026-06-01,4,0.5232239240000001
S_258,51.0,17.05,4977.9004993604,0,0,0.6781695,-0.6618762,0.27595606,2026-06-01,4,0.513833274
S_259,51.02,17.05,2910.9997256157144,0,0,0.6926088,-0.6594207,0.28372338,2026-06-01,4,0.521271992
S_26,51.16,16.73,5863.717409588568,0,0,0.5280857,-0.48669475,0.21043094,2026-06-01,4,0.442598086
S_260,51.04,17.05,842.6495839861251,0,0,0.6932177,-0.64621365,0.27447295,2026-06-01,4,0.48628440679722507
S_261,51.06,17.05,26.754012374311475,241,0,0.6022767,-0.5719191,0.22412682,2026-06-01,4,0.0
S_262,51.08,17.05,760.0327535766545,249,0,0.4787537,-0.45969272,0.1675616,2026-06-01,4,0.06265730071533088
S_263,51.1,17.05,905.3365178959564,428,0,0.3745845,-0.3811011,0.086482674,2026-06-01,4,0.028035723179191285
S_264,51.12,17.05,1342.7351323182363,304,0,0.48433495,-0.44793034,0.16409217,2026-06-01,4,0.11093735300000002
S_265,51.14,17.05,1096.9398205322211,166,0,0.5424722,-0.49916562,0.17687124,2026-06-01,4,0.13349015600000003
S_266,51.16,17.05,37.50494213788518,29,0,0.5476782,-0.52003205,0.19485705,2026-06-01,4,0.0
S_267,51.18,17.05,781.3390905233456,0,0,0.66591716,-0.62457377,0.26148152,2026-06-01,4,0.46063557410466915
S_268,51.2,17.05,2627.0151318828944,0,0,0.6736343,-0.626864,0.27308726,2026-06-01,4,0.5113251940000001
S_269,51.22,17.05,3996.7819122721135,0,0,0.7143208,-0.6502578,0.28039712,2026-06-01,4,0.5264550880000001
S_27,51.18,16.73,6493.224785585582,0,0,0.7105394,-0.5856215,0.27783427,2026-06-01,4,0.524295528
S_270,51.24,17.05,5775.605634906718,0,0,0.69456095,-0.6379425,0.2778776,2026-06-01,4,0.5195193250000001
S_271,50.96,17.07,9503.511109340056,0,0,0.69238913,-0.6627869,0.26931426,2026-06-01,4,0.515442443
S_272,50.98,17.07,7285.075000429359,0,0,0.6974528,-0.65028185,0.26392874,2026-06-01,4,0.5148073360000001
S_273,51.0,17.07,5072.297259895921,0,0,0.7135932,-0.6753748,0.2673342,2026-06-01,4,0.52101164
S_274,51.02,17.07,2878.275441631271,0,0,0.708629,-0.6821044,0.28428644,2026-06-01,4,0.5263032759999999
S_275,51.04,17.07,860.946420128604,0,0,0.7248836,-0.660007,0.2568904,2026-06-01,4,0.4924105240257208
S_276,51.06,17.07,18.403622301136235,17,0,0.67765653,-0.6282737,0.25719953,2026-06-01,4,0.009857495460227295
S_277,51.08,17.07,214.70843905693792,331,0,0.59838,-0.570442,0.23791608,2026-06-01,4,0.017622119811387615
S_278,51.1,17.07,263.626736591189,71,0,0.57775396,-0.54054546,0.1805087,2026-06-01,4,0.0
S_279,51.12,17.07,620.3995166988473,54,0,0.556408,-0.5373736,0.18255459,2026-06-01,4,0.06402413933976947
S_28,51.2,16.73,7008.001097177331,0,0,0.67603576,-0.59375894,0.3376894,2026-06-01,4,0.537886488
S_280,51.14,17.07,5.296732199324818,340,0,0.5871754,-0.5646935,0.18825,2026-06-01,4,0.0
S_281,51.16,17.07,170.6004669692908,0,0,0.658945,-0.5947242,0.22261702,2026-06-01,4,0.3208504013938582
S_282,51.18,17.07,1059.4018588611032,0,0,0.72761434,-0.65657574,0.28501382,2026-06-01,4,0.5322898300000001
S_283,51.2,17.07,2821.0569727528555,0,0,0.73808223,-0.6670103,0.2957225,2026-06-01,4,0.539713669
S_284,51.22,17.07,4963.876382114957,0,0,0.74743533,-0.6800118,0.2887876,2026-06-01,4,0.5397456389999999
S_285,51.24,17.07,6615.739492012172,0,0,0.8157676,-0.7200198,0.38676926,2026-06-01,4,0.5994379839999999
S_286,50.96,17.09,9505.401786812829,0,0,0.69902104,-0.6735831,0.27865395,2026-06-01,4,0.521167892
S_287,50.98,17.09,7285.655100610123,0,0,0.68354684,-0.6638301,0.281041,2026-06-01,4,0.517480452
S_288,51.0,17.09,5068.946250743713,0,0,0.70245486,-0.6743337,0.262572,2026-06-01,4,0.5157652580000001
S_289,51.02,17.09,2846.062558614396,0,0,0.72922426,-0.67101437,0.251694,2026-06-01,4,0.519444878
S_29,51.22,16.73,7938.677214869078,0,0,0.6261472,-0.56292206,0.22566845,2026-06-01,4,0.47811154000000006
S_290,51.04,17.09,627.9980417595431,0,0,0.7191121,-0.65919167,0.2702598,2026-06-01,4,0.44943715835190867
S_291,51.06,17.09,118.86744519004682,20,0,0.70138365,-0.6540362,0.26543784,2026-06-01,4,0.040363720038009365
S_292,51.08,17.09,88.13980394258562,107,0,0.68619823,-0.63222367,0.21420673,2026-06-01,4,0.009170121788517116
S_293,51.1,17.09,429.06807227558295,113,0,0.6412388,-0.591179,0.2071833,2026-06-01,4,0.06105857445511659
S_294,51.12,17.09,450.62107651110034,141,0,0.6262161,-0.5921484,0.20631434,2026-06-01,4,0.0605147813022201
S_295,51.14,17.09,201.25573821191043,248,0,0.6322448,-0.59291726,0.22678822,2026-06-01,4,0.02063987564238212
S_296,51.16,17.09,60.45637724612981,0,0,0.7260211,-0.6530686,0.27444044,2026-06-01,4,0.33967378144922594
S_297,51.18,17.09,402.1787713061745,0,0,0.7500501,-0.6843126,0.30136475,2026-06-01,4,0.4259966842612349
S_298,51.2,17.09,2617.146664306679,0,0,0.7374834,-0.6679977,0.30098438,2026-06-01,4,0.541638772
S_299,51.22,17.09,4841.310711102912,0,0,0.7323393,-0.67411983,0.27778158,2026-06-01,4,0.530814422
S_3,51.0,16.71,15460.167737524162,0,0,0.5640295,-0.47821382,0.291297,2026-06-01,4,0.48572765
S_30,51.24,16.73,9275.33000166609,0,0,0.637221,-0.5412607,0.22110768,2026-06-01,4,0.47960937200000003
S_300,51.24,17.09,7065.999347705496,0,0,0.75544256,-0.6944374,0.29060104,2026-06-01,4,0.5428731840000001
S_301,50.96,17.11,9502.278649368596,0,0,0.71176004,-0.666992,0.27599698,2026-06-01,4,0.523926804
S_302,50.98,17.11,7280.877747704259,0,0,0.68950844,-0.66474575,0.2545937,2026-06-01,4,0.508690012
S_303,51.0,17.11,5062.534830177265,0,0,0.6950424,-0.6716744,0.25207284,2026-06-01,4,0.509341856
S_304,51.02,17.11,2854.4062347284403,0,0,0.70074016,-0.66021574,0.2676786,2026-06-01,4,0.517293488
S_305,51.04,17.11,752.6021058611249,0,0,0.69113135,-0.6434061,0.24598585,2026-06-01,4,0.456254166172225
S_306,51.06,17.11,404.7006786032911,0,0,0.70408154,-0.6776231,0.2832769,2026-06-01,4,0.40547535772065824
S_307,51.08,17.11,21.61305392219596,0,0,0.7062635,-0.6505288,0.27038044,2026-06-01,4,0.3243538367844392
S_308,51.1,17.11,626.639890995596,124,0,0.6376045,-0.58367133,0.1905114,2026-06-01,4,0.09281388819911923
S_309,51.12,17.11,293.12140737681347,400,0,0.49856165,-0.450633,0.15037319,2026-06-01,4,0.0
S_31,50.96,16.75,18000.470905369522,0,0,0.61725944,-0.5339852,0.27753413,2026-06-01,4,0.496191484
S_310,51.14,17.11,1.2634738104871963,7,0,0.6215017,-0.5849461,0.20617957,2026-06-01,4,0.12917503276209746
S_311,51.16,17.11,11.974441257387422,96,0,0.6212543,-0.57923305,0.180779,2026-06-01,4,0.0
S_312,51.18,17.11,652.976173360686,0,0,0.6945634,-0.6474963,0.2769862,2026-06-01,4,0.44975873467213723
S_313,51.2,17.11,2734.1440659639547,0,0,0.6905476,-0.6351822,0.27568775,2026-06-01,4,0.5174393800000001
S_314,51.22,17.11,4788.973441161141,0,0,0.6768659,-0.61231565,0.26430988,2026-06-01,4,0.508783722
S_315,51.24,17.11,6891.885687981036,0,0,0.6816078,-0.6287579,0.26131392,2026-06-01,4,0.5090079080000001
S_316,50.96,17.13,9406.611013607397,0,0,0.6836497,-0.639987,0.27681392,2026-06-01,4,0.515820478
S_317,50.98,17.13,7196.12198055024,0,0,0.7044393,-0.66717863,0.2826342,2026-06-01,4,0.52438547
S_318,51.0,17.13,4998.414551367272,0,0,0.68342775,-0.65994895,0.29022673,2026-06-01,4,0.521119017
S_319,51.02,17.13,2843.301120642574,0,0,0.62892514,-0.5817427,0.22566916,2026-06-01,4,0.478945206
S_32,50.98,16.75,15952.247462011475,0,0,0.6287532,-0.53185016,0.27385697,2026-06-01,4,0.49816874800000005
S_320,51.04,17.13,1041.5912548421352,0,0,0.639211,-0.58159935,0.20685378,2026-06-01,4,0.474504812
S_321,51.06,17.13,211.6792510664819,0,0,0.69196606,-0.63353246,0.2673998,2026-06-01,4,0.3568855882132964
S_322,51.08,17.13,49.6135296497983,0,0,0.75892234,-0.690645,0.28261217,2026-06-01,4,0.35064427592995967
S_323,51.1,17.13,9.46748805952812,0,0,0.70967764,-0.6414612,0.2895917,2026-06-01,4,0.3306334696119056
S_324,51.12,17.13,26.32567471779296,52,0,0.672806,-0.6286293,0.24727368,2026-06-01,4,0.006016406943558539
S_325,51.14,17.13,86.17281976514295,100,0,0.6112414,-0.57922566,0.15652493,2026-06-01,4,0.0
S_326,51.16,17.13,94.59162240169668,258,0,0.57838976,-0.5388785,0.18896805,2026-06-01,4,0.0
S_327,51.18,17.13,289.3309346024406,0,0,0.6563076,-0.6028431,0.2582583,2026-06-01,4,0.3580617869204881
S_328,51.2,17.13,2233.8334123942354,0,0,0.67863595,-0.6431687,0.29402393,2026-06-01,4,0.521200357
S_329,51.22,17.13,4433.292020477803,0,0,0.6811945,-0.6376641,0.2940947,2026-06-01,4,0.5219962300000001
S_33,51.0,16.75,13953.746654401524,0,0,0.62869686,-0.5506226,0.30008966,2026-06-01,4,0.508644922
S_330,51.24,17.13,6649.757122092191,0,0,0.6517308,-0.6028453,0.261304,2026-06-01,4,0.50004084
S_331,50.96,17.15,9302.065628001628,0,0,0.7151674,-0.6971718,0.3083721,2026-06-01,4,0.53789906
S_332,50.98,17.15,7077.2259491861805,0,0,0.67507726,-0.65321755,0.25793144,2026-06-01,4,0.505695754
S_333,51.0,17.15,4852.415661603735,0,0,0.66480684,-0.65328753,0.28960446,2026-06-01,4,0.515283836
S_334,51.02,17.15,2627.7286660969885,0,0,0.49392033,-0.4800622,0.19548675,2026-06-01,4,0.426370799
S_335,51.04,17.15,405.3255842916269,0,0,0.62849,-0.5867149,0.21882541,2026-06-01,4,0.3571422808583254
S_336,51.06,17.15,311.1005865256748,0,0,0.6812045,-0.61487883,0.2888853,2026-06-01,4,0.38213558730513497
S_337,51.08,17.15,379.9059987106683,0,0,0.70564103,-0.6367128,0.2860626,2026-06-01,4,0.4020985487421337
S_338,51.1,17.15,47.71133279133735,48,0,0.7378467,-0.67570513,0.29183355,2026-06-01,4,0.04762969655826743
S_339,51.12,17.15,31.8034264834681,0,0,0.6924766,-0.6425623,0.27061015,2026-06-01,4,0.32234772529669364
S_34,51.02,16.75,12028.58577000032,0,0,0.41929895,-0.44057485,0.16121571,2026-06-01,4,0.390275969
S_340,51.14,17.15,612.9558315376042,0,0,0.6615234,-0.62340903,0.24505894,2026-06-01,4,0.41907176230752086
S_341,51.16,17.15,29.59519998379784,12,0,0.62431043,-0.58047223,0.22116116,2026-06-01,4,0.041676632996759555
S_342,51.18,17.15,504.73404352611607,0,0,0.6519941,-0.6103051,0.2622048,2026-06-01,4,0.40142695870522327
S_343,51.2,17.15,2272.8014071320617,0,0,0.6970378,-0.6512496,0.2909709,2026-06-01,4,0.5254997
S_344,51.22,17.15,4456.511132128606,0,0,0.711615,-0.65195435,0.28986523,2026-06-01,4,0.529430592
S_345,51.24,17.15,6667.206056752632,0,0,0.6871992,-0.63937956,0.26660162,2026-06-01,4,0.5128004079999999
S_346,50.96,17.17,9400.094892925816,0,0,0.7056868,-0.6682791,0.27260947,2026-06-01,4,0.520749828
S_347,50.98,17.17,7205.537667660058,0,0,0.6936863,-0.6559037,0.2534831,2026-06-01,4,0.50949913
S_348,51.0,17.17,5037.643313075092,0,0,0.65461326,-0.61213166,0.2579907,2026-06-01,4,0.499580258
S_349,51.02,17.17,2955.6922018360483,0,0,0.6617712,-0.63424605,0.24649264,2026-06-01,4,0.497128416
S_35,51.04,16.75,10225.838452160657,0,0,0.615211,-0.513364,0.22149965,2026-06-01,4,0.47316315999999997
S_350,51.04,17.17,1351.7422326019637,0,0,0.6468695,-0.59755546,0.2364341,2026-06-01,4,0.48863449
S_351,51.06,17.17,928.5546687939476,0,0,0.6435689,-0.5888049,0.2651677,2026-06-01,4,0.48484868375878953
S_352,51.08,17.17,1222.2373882291276,0,0,0.66031754,-0.57358634,0.26727587,2026-06-01,4,0.50500561
S_353,51.1,17.17,64.3623122469601,11,0,0.6738855,-0.6143658,0.26803645,2026-06-01,4,0.10225269244939203
S_354,51.12,17.17,782.985738214666,0,0,0.6882892,-0.6370694,0.26361117,2026-06-01,4,0.46852837564293326
S_355,51.14,17.17,1685.2291347635687,0,0,0.6865959,-0.63365054,0.23487312,2026-06-01,4,0.49992801800000003
S_356,51.16,17.17,1175.496525571058,0,0,0.58144015,-0.5751048,0.23196682,2026-06-01,4,0.46721877300000003
S_357,51.18,17.17,1045.405382052987,0,0,0.63074994,-0.58267146,0.24481115,2026-06-01,4,0.487149442
S_358,51.2,17.17,2797.905024062247,0,0,0.80857176,-0.7114637,0.30628562,2026-06-01,4,0.565085776
S_359,51.22,17.17,4848.664960109084,0,0,0.76164174,-0.6937303,0.29789394,2026-06-01,4,0.5476500980000001
S_36,51.06,16.75,8622.635029524121,0,0,0.6183959,-0.5278195,0.2235634,2026-06-01,4,0.47494413
S_360,51.24,17.17,6936.034365292944,0,0,0.6624747,-0.6130228,0.2896498,2026-06-01,4,0.51460233
S_361,50.96,17.19,9702.407959934322,0,0,0.70188206,-0.65590996,0.27991903,2026-06-01,4,0.5225322299999999
S_362,50.98,17.19,7595.544875188068,0,0,0.6331838,-0.62718225,0.24704435,2026-06-01,4,0.48877288
S_363,51.0,17.19,5581.034959595853,0,0,0.7037418,-0.6509582,0.28701657,2026-06-01,4,0.525929168
S_364,51.02,17.19,3808.381448597596,0,0,0.74599427,-0.69396603,0.2924358,2026-06-01,4,0.540772601
S_365,51.04,17.19,2677.399665191623,0,0,0.69161594,-0.64572835,0.2860826,2026-06-01,4,0.521917822
S_366,51.06,17.19,1391.3829292996506,0,0,0.65589154,-0.6071251,0.23496586,2026-06-01,4,0.490753806
S_367,51.08,17.19,1721.6045046302854,0,0,0.6443513,-0.60801584,0.25392365,2026-06-01,4,0.49487485000000003
S_368,51.1,17.19,1184.036912541745,0,0,0.64668334,-0.59793496,0.22965385,2026-06-01,4,0.485866542
S_369,51.12,17.19,1776.3806349218871,0,0,0.6794845,-0.62051785,0.27147368,2026-06-01,4,0.512434822
S_37,51.08,16.75,7350.725399726949,0,0,0.6199824,-0.53179276,0.23891085,2026-06-01,4,0.48155906000000004
S_370,51.14,17.19,2564.33775392618,0,0,0.6860569,-0.6162507,0.25403002,2026-06-01,4,0.507429078
S_371,51.16,17.19,2567.547044450593,0,0,0.70126635,-0.65053594,0.30226937,2026-06-01,4,0.531287653
S_372,51.18,17.19,2389.1599553755764,0,0,0.71852696,-0.64283025,0.26628655,2026-06-01,4,0.522072708
S_373,51.2,17.19,3548.269857966122,0,0,0.7363984,-0.6815739,0.2725596,2026-06-01,4,0.5299433600000001
S_374,51.22,17.19,5404.641768609151,0,0,0.66433793,-0.6284043,0.2361752,2026-06-01,4,0.493771459
S_375,51.24,17.19,7456.230708247526,0,0,0.6691794,-0.60167515,0.28367603,2026-06-01,4,0.5142242320000001
S_376,50.96,17.21,10190.839513748497,0,0,0.66204804,-0.63615483,0.2672957,2026-06-01,4,0.5055326920000001
S_377,50.98,17.21,8210.03594069413,0,0,0.6739343,-0.65948355,0.27376205,2026-06-01,4,0.5116851099999999
S_378,51.0,17.21,6391.886841119376,0,0,0.70315725,-0.6482103,0.26675734,2026-06-01,4,0.517650111
S_379,51.02,17.21,4906.809099143584,0,0,0.6941704,-0.6475329,0.29032594,2026-06-01,4,0.524381496
S_38,51.1,16.75,5908.015345296582,0,0,0.6263597,-0.54474527,0.2493596,2026-06-01,4,0.48765175
S_380,51.04,17.21,3974.282833083281,0,0,0.71608967,-0.6487067,0.28842664,2026-06-01,4,0.5301975569999999
S_381,51.06,17.21,2630.657955118508,0,0,0.6894489,-0.62459433,0.25347042,2026-06-01,4,0.508222838
S_382,51.08,17.21,2818.8981827577068,0,0,0.6550021,-0.63510484,0.29360205,2026-06-01,4,0.51394145
S_383,51.1,17.21,2460.9366280540366,0,0,0.67932254,-0.6331476,0.26867062,2026-06-01,4,0.51126501
S_384,51.12,17.21,2811.402315802659,0,0,0.70672876,-0.6482841,0.27826348,2026-06-01,4,0.52332402
S_385,51.14,17.21,3771.039082895692,0,0,0.68421817,-0.634776,0.2664376,2026-06-01,4,0.5118404910000001
S_386,51.16,17.21,3964.297130363847,0,0,0.66425514,-0.61899513,0.2680576,2026-06-01,4,0.506499582
S_387,51.18,17.21,3772.9307114841904,0,0,0.6671541,-0.61980146,0.2553616,2026-06-01,4,0.50229087
S_388,51.2,17.21,4594.935939212146,0,0,0.6657614,-0.6257908,0.24433835,2026-06-01,4,0.49746376
S_389,51.22,17.21,6155.712601673673,0,0,0.6405665,-0.61198986,0.26656914,2026-06-01,4,0.498797606
S_39,51.12,16.75,4534.291563557253,0,0,0.60685426,-0.5394735,0.2844618,2026-06-01,4,0.495840998
S_390,51.24,17.21,8024.6705081537875,0,0,0.69622976,-0.6157296,0.28570738,2026-06-01,4,0.52315188
S_391,50.96,17.23,10840.25969081234,0,0,0.70277315,-0.6621118,0.29642227,2026-06-01,4,0.5294008530000001
S_392,50.98,17.23,9003.161363737108,0,0,0.66249233,-0.6170862,0.23896275,2026-06-01,4,0.494332799
S_393,51.0,17.23,7382.589353045482,0,0,0.68954337,-0.65211815,0.26413342,2026-06-01,4,0.512516379
S_394,51.02,17.23,6111.605858024738,0,0,0.7268632,-0.66548836,0.29256025,2026-06-01,4,0.53508306
S_395,51.04,17.23,4971.335173736405,0,0,0.6727129,-0.60943127,0.2650067,2026-06-01,4,0.50781655
S_396,51.06,17.23,3979.420376276317,0,0,0.66201395,-0.62025714,0.28477547,2026-06-01,4,0.5125143729999999
S_397,51.08,17.23,4105.821277418549,0,0,0.66528124,-0.61721677,0.26242566,2026-06-01,4,0.504554636
S_398,51.1,17.23,3825.238852130517,0,0,0.67623854,-0.6261925,0.26876998,2026-06-01,4,0.510379554
S_399,51.12,17.23,4059.24751098903,0,0,0.687607,-0.6413023,0.26823598,2026-06-01,4,0.513576492
S_4,51.02,16.71,13746.899774716265,0,0,0.5314319,-0.49630767,0.2386445,2026-06-01,4,0.45488737
S_40,51.14,16.75,4013.110042361553,0,0,0.6013605,-0.5334967,0.25429118,2026-06-01,4,0.482124622
S_400,51.14,17.23,5077.889591772684,0,0,0.71641564,-0.6480048,0.33148235,2026-06-01,4,0.5475176319999999
S_401,51.16,17.23,5362.238851744935,0,0,0.67832464,-0.6390294,0.29394922,2026-06-01,4,0.52107708
S_402,51.18,17.23,5164.650253401098,0,0,0.6523138,-0.6115619,0.22360665,2026-06-01,4,0.48513680000000003
S_403,51.2,17.23,5791.946670621568,0,0,0.6595613,-0.61413646,0.22321427,2026-06-01,4,0.48715409800000004
S_404,51.22,17.23,7093.700827252286,0,0,0.653698,-0.60483944,0.27913713,2026-06-01,4,0.5077642520000001
S_405,51.24,17.23,8774.710761505301,0,0,0.70043486,-0.6442028,0.3139275,2026-06-01,4,0.535701458
S_406,50.96,17.25,11623.715328983602,0,0,0.61601603,-0.6130996,0.25274232,2026-06-01,4,0.48590173700000006
S_407,50.98,17.25,9932.217903269244,0,0,0.6686076,-0.63465756,0.28196678,2026-06-01,4,0.513368992
S_408,51.0,17.25,8484.01056952527,0,0,0.6809822,-0.62788266,0.23869659,2026-06-01,4,0.49977329600000003
S_409,51.02,17.25,7384.285945805905,0,0,0.6622918,-0.6074806,0.24681666,2026-06-01,4,0.497414204
S_41,51.16,16.75,4531.119295161696,0,0,0.6005322,-0.5532046,0.25449538,2026-06-01,4,0.481957812
S_410,51.04,17.25,6129.1194061255255,0,0,0.6456787,-0.5777448,0.25885612,2026-06-01,4,0.49724605800000005
S_411,51.06,17.25,5355.576514058632,0,0,0.65911055,-0.59392256,0.27238038,2026-06-01,4,0.5066853170000001
S_412,51.08,17.25,5449.646214796447,0,0,0.6549855,-0.61835706,0.27776825,2026-06-01,4,0.50760295
S_413,51.1,17.25,5208.939555461392,0,0,0.6771369,-0.6269579,0.27416086,2026-06-01,4,0.512805414
S_414,51.12,17.25,5382.7184159775925,0,0,0.67808855,-0.63905287,0.24314708,2026-06-01,4,0.500685397
S_415,51.14,17.25,6380.169182758276,0,0,0.6746761,-0.62274086,0.2698181,2026-06-01,4,0.51033007
S_416,51.16,17.25,6760.631388968914,0,0,0.6883463,-0.6500379,0.27499402,2026-06-01,4,0.516501498
S_417,51.18,17.25,6559.259200270753,0,0,0.76869726,-0.69586736,0.30778444,2026-06-01,4,0.5537229539999999
S_418,51.2,17.25,7063.273077274323,0,0,0.71429145,-0.6442759,0.28026265,2026-06-01,4,0.5263924950000001
S_419,51.22,17.25,8164.353191759555,0,0,0.6279839,-0.5750773,0.2886552,2026-06-01,4,0.50385725
S_42,51.18,16.75,5112.8447514642985,0,0,0.7194568,-0.6205387,0.31254488,2026-06-01,4,0.5408549920000001
S_420,51.24,17.25,9660.460230112583,0,0,0.692471,-0.6155141,0.30390707,2026-06-01,4,0.5293041279999999
S_43,51.2,16.75,5706.64132954761,0,0,0.6465259,-0.56140894,0.232006,2026-06-01,4,0.48676017
S_44,51.22,16.75,6775.548434194237,0,0,0.6504454,-0.5951493,0.25626525,2026-06-01,4,0.49763972
S_45,51.24,16.75,8302.081445945038,0,0,0.63376015,-0.5348385,0.2463181,2026-06-01,4,0.48865528500000005
S_46,50.96,16.77,17022.908120220254,0,0,0.62849975,-0.49388105,0.26365155,2026-06-01,4,0.494010545
S_47,50.98,16.77,15422.41639279965,0,0,0.6667795,-0.5427056,0.30343014,2026-06-01,4,0.521405906
S_48,51.0,16.77,13349.921110816154,0,0,0.70249635,-0.5678134,0.3303135,2026-06-01,4,0.542874305
S_49,51.02,16.77,11333.075173326231,0,0,0.6736765,-0.5563557,0.31086195,2026-06-01,4,0.52644773
S_5,51.04,16.71,12199.952563339264,0,0,0.60789037,-0.52509475,0.27329263,2026-06-01,4,0.491684163
S_50,51.04,16.77,9398.22334858242,0,0,0.5909292,-0.51721936,0.21544068,2026-06-01,4,0.463455032
S_51,51.06,16.77,7623.368673179539,0,0,0.62762374,-0.54252034,0.28956074,2026-06-01,4,0.5041114179999999
S_52,51.08,16.77,6148.669471297736,0,0,0.62187886,-0.5241687,0.22709525,2026-06-01,4,0.477401758
S_53,51.1,16.77,5053.636350499835,0,0,0.6377841,-0.58420306,0.23876235,2026-06-01,4,0.48684017
S_54,51.12,16.77,3358.716664473822,0,0,0.6234526,-0.59765154,0.22156483,2026-06-01,4,0.475661712
S_55,51.14,16.77,2614.072225314547,0,0,0.65306425,-0.53565156,0.23682417,2026-06-01,4,0.490648943
S_56,51.16,16.77,3191.577926385069,0,0,0.7103928,-0.61186403,0.28982455,2026-06-01,4,0.52904766
S_57,51.18,16.77,3746.058938902203,0,0,0.77349126,-0.6603827,0.31888238,2026-06-01,4,0.5596003300000001
S_58,51.2,16.77,4425.096477717739,0,0,0.7804518,-0.65283656,0.33311486,2026-06-01,4,0.567381484
S_59,51.22,16.77,5718.539643471043,0,0,0.64813066,-0.57857704,0.24647126,2026-06-01,4,0.493027702
S_6,51.06,16.71,10890.438633297126,0,0,0.5993322,-0.54322314,0.2487529,2026-06-01,4,0.47930082
S_60,51.24,16.77,7464.841019661316,0,0,0.686045,-0.57976514,0.2594804,2026-06-01,4,0.5096056600000001
S_61,50.96,16.79,15947.047960674154,0,0,0.678419,-0.60244334,0.30279887,2026-06-01,4,0.524645248
S_62,50.98,16.79,14509.12439155469,0,0,0.6341045,-0.58020955,0.30365807,2026-06-01,4,0.511694578
S_63,51.0,16.79,12846.126033979224,0,0,0.7154642,-0.5657823,0.29800475,2026-06-01,4,0.5338411599999999
S_64,51.02,16.79,10761.477088982943,0,0,0.62119365,-0.55509937,0.25310495,2026-06-01,4,0.487600075
S_65,51.04,16.79,8716.684616946155,0,0,0.72477096,-0.6682028,0.28643584,2026-06-01,4,0.532005624
S_66,51.06,16.79,6768.271669017946,0,0,0.691696,-0.63543195,0.27429897,2026-06-01,4,0.5172283879999999
S_67,51.08,16.79,5050.2723857274605,0,0,0.60679877,-0.5623169,0.20244041,2026-06-01,4,0.463015795
S_68,51.1,16.79,3826.043540989088,0,0,0.6358498,-0.55547154,0.26242274,2026-06-01,4,0.49572403600000003
S_69,51.12,16.79,2433.623491543097,0,0,0.6143441,-0.54290503,0.22776787,2026-06-01,4,0.475410378
S_7,51.08,16.71,9460.246648260876,0,0,0.57475775,-0.52641636,0.2680703,2026-06-01,4,0.479655445
S_70,51.14,16.79,1216.7007448199618,0,0,0.561323,-0.49611637,0.1525957,2026-06-01,4,0.42943518
S_71,51.16,16.79,1936.0636528547705,0,0,0.6001414,-0.53175855,0.25935248,2026-06-01,4,0.483783412
S_72,51.18,16.79,2360.4833464144017,0,0,0.6424852,-0.5581994,0.26899156,2026-06-01,4,0.500342184
S_73,51.2,16.79,3206.1302202323163,0,0,0.7044255,-0.62427205,0.27284488,2026-06-01,4,0.520465602
S_74,51.22,16.79,4837.714195186279,0,0,0.62387276,-0.5712449,0.26132303,2026-06-01,4,0.49169104
S_75,51.24,16.79,6813.926733180992,0,0,0.64239323,-0.5711378,0.24209116,2026-06-01,4,0.48955443300000007
S_76,50.96,16.81,14892.8901715824,0,0,0.7150161,-0.6064316,0.29173654,2026-06-01,4,0.531199446
S_77,50.98,16.81,13441.16549326596,0,0,0.70704436,-0.6456698,0.3044706,2026-06-01,4,0.533901548
S_78,51.0,16.81,11897.905348101373,0,0,0.6615365,-0.57421273,0.28976902,2026-06-01,4,0.5143685579999999
S_79,51.02,16.81,10294.632437154196,0,0,0.630809,-0.602201,0.28787285,2026-06-01,4,0.50439184
S_8,51.1,16.71,8076.924726854547,0,0,0.58452475,-0.52023095,0.26525235,2026-06-01,4,0.48145836500000005
S_80,51.04,16.81,8200.007119833177,0,0,0.6566837,-0.6058247,0.28039393,2026-06-01,4,0.5091626819999999
S_81,51.06,16.81,6109.181139309905,0,0,0.624634,-0.59634125,0.24954835,2026-06-01,4,0.48720954
S_82,51.08,16.81,4138.897714803536,0,0,0.7389932,-0.6162692,0.30500695,2026-06-01,4,0.54370074
S_83,51.1,16.81,2594.4511589129984,0,0,0.6774624,-0.61560434,0.29608083,2026-06-01,4,0.5216710520000001
S_84,51.12,16.81,1523.8956538703992,0,0,0.65679353,-0.5665441,0.23314743,2026-06-01,4,0.490297031
S_85,51.14,16.81,123.62824571182684,0,0,0.59678125,-0.5324913,0.23128861,2026-06-01,4,0.29627546814236533
S_86,51.16,16.81,1107.4803238024615,0,0,0.5574429,-0.48406392,0.1796946,2026-06-01,4,0.43911071
S_87,51.18,16.81,990.510390736507,0,0,0.64520633,-0.5711343,0.24389115,2026-06-01,4,0.48922043714730146
S_88,51.2,16.81,2210.625683987344,0,0,0.70803136,-0.6079979,0.2542187,2026-06-01,4,0.5140968880000001
S_89,51.22,16.81,4244.216239528772,0,0,0.63545454,-0.5716513,0.23373131,2026-06-01,4,0.48412888600000004
S_9,51.12,16.71,7132.92987537034,0,0,0.5453351,-0.49304545,0.2917733,2026-06-01,4,0.48030985
S_90,51.24,16.81,6384.869133637413,0,0,0.6293772,-0.5884749,0.22904153,2026-06-01,4,0.480429772
S_91,50.96,16.83,13900.696550902425,0,0,0.73491967,-0.66443056,0.3012459,2026-06-01,4,0.540974261
S_92,50.98,16.83,12364.24594647767,0,0,0.6893493,-0.6537098,0.29851454,2026-06-01,4,0.526210606
S_93,51.0,16.83,10953.594163227584,0,0,0.67945427,-0.6150766,0.29545817,2026-06-01,4,0.522019549
S_94,51.02,16.83,9298.41469926228,0,0,0.66625226,-0.60725594,0.2732005,2026-06-01,4,0.5091558780000001
S_95,51.04,16.83,7796.744007056143,0,0,0.6735648,-0.5949997,0.25452885,2026-06-01,4,0.5038809799999999
S_96,51.06,16.83,5694.590757082613,0,0,0.6450278,-0.5947018,0.2761967,2026-06-01,4,0.5039870200000001
S_97,51.08,16.83,3534.511095614605,0,0,0.660221,-0.5853024,0.25476652,2026-06-01,4,0.499972908
S_98,51.1,16.83,1511.4306172008778,0,0,0.72477865,-0.64359,0.27719918,2026-06-01,4,0.5283132669999999
S_99,51.12,16.83,372.4822459180336,0,0,0.6767626,-0.5851851,0.24169,2026-06-01,4,0.3742012291836067
S_1,50.96,16.71,19204.135492674224,0,0,0.47127125,-0.48732716,0.14627299,2026-07-01,5,0.399890571
S_10,51.14,16.71,6812.088247351817,0,0,0.46967322,-0.5027266,0.10509275,2026-07-01,5,0.382939066
S_100,51.14,16.83,299.0414108789792,0,0,0.7388922,-0.686964,0.30803305,2026-07-01,5,0.40468916217579587
S_101,51.16,16.83,193.31260986371728,0,0,0.6225557,-0.57912576,0.2056302,2026-07-01,5,0.30768131197274345
S_102,51.18,16.83,218.76394220477843,0,0,0.71537584,-0.6593667,0.26654693,2026-07-01,5,0.3649843124409557
S_103,51.2,16.83,1750.830765751724,0,0,0.6606427,-0.61178935,0.23737596,2026-07-01,5,0.493143194
S_104,51.22,16.83,3972.279685462268,0,0,0.6250022,-0.5914043,0.2133854,2026-07-01,5,0.47285482
S_105,51.24,16.83,5445.385947041962,0,0,0.5608324,-0.5187217,0.16957119,2026-07-01,5,0.43607819600000003
S_106,50.96,16.85,12984.678140135651,0,0,0.6219681,-0.58866626,0.23110428,2026-07-01,5,0.47903214200000005
S_107,50.98,16.85,11325.094646471813,0,0,0.672356,-0.6067987,0.23319599,2026-07-01,5,0.494985196
S_108,51.0,16.85,9861.896499378292,0,0,0.67184186,-0.6402791,0.25818542,2026-07-01,5,0.504826726
S_109,51.02,16.85,8418.741567826879,0,0,0.59245354,-0.5549848,0.20424901,2026-07-01,5,0.459435666
S_11,51.16,16.71,7197.1030753367495,0,0,0.4750367,-0.4787502,0.122309275,2026-07-01,5,0.39143472
S_110,51.04,16.85,6723.889490045874,0,0,0.55825937,-0.53773654,0.23850317,2026-07-01,5,0.462879079
S_111,51.06,16.85,5421.191720799655,0,0,0.6830894,-0.62426937,0.23987685,2026-07-01,5,0.5008775599999999
S_112,51.08,16.85,3253.6617859423213,0,0,0.6589658,-0.5739272,0.23797831,2026-07-01,5,0.49288106400000004
S_113,51.1,16.85,1042.0817532091585,0,0,0.5644922,-0.5384044,0.16835949,2026-07-01,5,0.436691456
S_114,51.12,16.85,152.9756075835791,0,0,0.68970984,-0.64057416,0.22259392,2026-07-01,5,0.32654564151671583
S_115,51.14,16.85,30.375214416566127,145,0,0.61506844,-0.5711967,0.108480886,2026-07-01,5,0.0
S_116,51.16,16.85,129.81078397110568,0,0,0.7140227,-0.667492,0.26387516,2026-07-01,5,0.3457190307942211
S_117,51.18,16.85,328.7539166104857,0,0,0.74544543,-0.6794036,0.24370764,2026-07-01,5,0.3868674683220972
S_118,51.2,16.85,2136.925593380406,0,0,0.6696937,-0.59222245,0.24234122,2026-07-01,5,0.49784459799999997
S_119,51.22,16.85,2891.784132546267,0,0,0.59905356,-0.55558777,0.2184617,2026-07-01,5,0.467100748
S_12,51.18,16.71,7880.060446899775,0,0,0.73052377,-0.6638329,0.25744897,2026-07-01,5,0.522136719
S_120,51.24,16.85,4629.559266687689,0,0,0.5156031,-0.47798842,0.17844114,2026-07-01,5,0.426057386
S_121,50.96,16.87,12162.057822383023,0,0,0.61547405,-0.58044034,0.2304214,2026-07-01,5,0.476810775
S_122,50.98,16.87,10372.104290519828,0,0,0.71158195,-0.6548707,0.27654284,2026-07-01,5,0.524091721
S_123,51.0,16.87,8783.28397005277,0,0,0.63584703,-0.6118764,0.22850384,2026-07-01,5,0.482155645
S_124,51.02,16.87,7374.158792219467,0,0,0.46461293,-0.4685736,0.17183529,2026-07-01,5,0.408117995
S_125,51.04,16.87,5793.450664727714,0,0,0.5524167,-0.5300647,0.22650658,2026-07-01,5,0.45632764200000003
S_126,51.06,16.87,4219.665969002121,0,0,0.671396,-0.6327916,0.25498903,2026-07-01,5,0.5034144119999999
S_127,51.08,16.87,3145.7712341569377,0,0,0.59461015,-0.568374,0.20500773,2026-07-01,5,0.46038613700000003
S_128,51.1,16.87,997.1952678499712,0,0,0.643565,-0.5865802,0.22289042,2026-07-01,5,0.4816647215699943
S_129,51.12,16.87,75.42879838910036,42,0,0.55983734,-0.5033372,0.15492125,2026-07-01,5,0.0
S_13,51.2,16.71,8327.208531487542,0,0,0.7856422,-0.72671103,0.30241588,2026-07-01,5,0.556659012
S_130,51.14,16.87,95.03052149332436,144,0,0.6296043,-0.58017945,0.19350421,2026-07-01,5,0.0
S_131,51.16,16.87,0.5964238645431652,43,0,0.68412083,-0.6227604,0.22002724,2026-07-01,5,0.0
S_132,51.18,16.87,62.120452330665,0,0,0.7191054,-0.65396535,0.21733251,2026-07-01,5,0.315088714466133
S_133,51.2,16.87,839.0660138119009,0,0,0.6744581,-0.61418444,0.22040512,2026-07-01,5,0.4583126807623802
S_134,51.22,16.87,2011.4215042469016,0,0,0.5875648,-0.5574459,0.16821337,2026-07-01,5,0.44355478800000003
S_135,51.24,16.87,4028.182801526247,0,0,0.57286507,-0.54450333,0.20984198,2026-07-01,5,0.455796313
S_136,50.96,16.89,11452.977110542222,0,0,0.64571387,-0.6171228,0.22351107,2026-07-01,5,0.483118589
S_137,50.98,16.89,9531.1532212864,0,0,0.71803874,-0.6335159,0.26123476,2026-07-01,5,0.5199055260000001
S_138,51.0,16.89,7772.7528452904835,0,0,0.5427706,-0.5217573,0.17999172,2026-07-01,5,0.434827868
S_139,51.02,16.89,6287.684180771339,0,0,0.29763404,-0.31175625,0.051263805,2026-07-01,5,0.309795734
S_14,51.22,16.71,9167.625026369526,0,0,0.7276925,-0.69527423,0.25679913,2026-07-01,5,0.5210274020000001
S_140,51.04,16.89,4966.126143458281,0,0,0.4653544,-0.43834043,0.14673379,2026-07-01,5,0.398299836
S_141,51.06,16.89,3177.13745578146,0,0,0.5012049,-0.48639148,0.14983359,2026-07-01,5,0.41029490599999996
S_142,51.08,16.89,2059.1496145995893,0,0,0.56145144,-0.5483936,0.17105617,2026-07-01,5,0.4368579
S_143,51.1,16.89,584.150058798024,0,0,0.56079453,-0.504376,0.15983123,2026-07-01,5,0.34900086275960485
S_144,51.12,16.89,29.2480101924891,21,0,0.5856431,-0.52675116,0.15024444,2026-07-01,5,0.0
S_145,51.14,16.89,166.35084857578028,184,0,0.5833901,-0.54101723,0.13907407,2026-07-01,5,0.0
S_146,51.16,16.89,88.52606590553637,16,0,0.62079394,-0.56334794,0.20437181,2026-07-01,5,0.0
S_147,51.18,16.89,40.6187379953634,0,0,0.6912183,-0.61256677,0.24803033,2026-07-01,5,0.3147013695990727
S_148,51.2,16.89,128.5731600417197,0,0,0.664831,-0.5914141,0.22915694,2026-07-01,5,0.31682670800834395
S_149,51.22,16.89,1612.966088400308,0,0,0.56968606,-0.5263047,0.15114926,2026-07-01,5,0.431365522
S_15,51.24,16.71,10346.277459912872,0,0,0.5784017,-0.55337393,0.14021505,2026-07-01,5,0.42960653000000004
S_150,51.24,16.89,3836.1304745548578,0,0,0.64472455,-0.5819783,0.22561842,2026-07-01,5,0.48366473299999996
S_151,50.96,16.91,10879.657044859136,0,0,0.678805,-0.6267348,0.2347044,2026-07-01,5,0.49752326
S_152,50.98,16.91,8834.293411715706,0,0,0.67982614,-0.6286471,0.23722479,2026-07-01,5,0.498837758
S_153,51.0,16.91,6900.951084593016,0,0,0.6487864,-0.6005701,0.2600412,2026-07-01,5,0.4986524
S_154,51.02,16.91,5205.976876149072,0,0,0.5450072,-0.47484457,0.16980676,2026-07-01,5,0.431424864
S_155,51.04,16.91,3800.973434448058,0,0,0.58873224,-0.5173558,0.16851032,2026-07-01,5,0.4440238
S_156,51.06,16.91,2512.5632313491706,0,0,0.60070246,-0.57161444,0.18444991,2026-07-01,5,0.453990702
S_157,51.08,16.91,678.6116760835603,0,0,0.66284573,-0.59684753,0.24119022,2026-07-01,5,0.43105214221671206
S_158,51.1,16.91,856.39299833093,0,0,0.64948344,-0.5853708,0.18826802,2026-07-01,5,0.44143083966618607
S_159,51.12,16.91,178.3818645157325,4,0,0.6334162,-0.5776859,0.21812126,2026-07-01,5,0.23294973690314652
S_16,50.96,16.73,18562.794541818243,0,0,0.55230314,-0.51176506,0.24534094,2026-07-01,5,0.46382731800000004
S_160,51.14,16.91,79.09561123337517,67,0,0.6286263,-0.5706179,0.19127828,2026-07-01,5,0.0
S_161,51.16,16.91,29.5531253741436,125,0,0.613783,-0.5635484,0.1344398,2026-07-01,5,0.0
S_162,51.18,16.91,140.86672674542552,12,0,0.71124154,-0.63879097,0.25630596,2026-07-01,5,0.10406819134908513
S_163,51.2,16.91,76.31560408295768,50,0,0.65746015,-0.5910486,0.19876496,2026-07-01,5,0.0
S_164,51.22,16.91,1287.798552325959,0,0,0.6469191,-0.5876406,0.21245052,2026-07-01,5,0.47905593799999996
S_165,51.24,16.91,3216.653967735071,0,0,0.532499,-0.5402722,0.17196317,2026-07-01,5,0.42853496799999996
S_166,50.96,16.93,10464.433929184495,0,0,0.68251806,-0.6281747,0.25078252,2026-07-01,5,0.505068426
S_167,50.98,16.93,8317.817703353361,0,0,0.6489034,-0.6244335,0.23853491,2026-07-01,5,0.490084984
S_168,51.0,16.93,6226.424610680338,0,0,0.6238774,-0.5945676,0.20720872,2026-07-01,5,0.470046708
S_169,51.02,16.93,4272.15334819429,0,0,0.6233625,-0.5757982,0.21413127,2026-07-01,5,0.47266125800000003
S_17,50.98,16.73,16577.85936257925,0,0,0.53496,-0.5128958,0.17323183,2026-07-01,5,0.429780732
S_170,51.04,16.93,2734.6300697935235,0,0,0.565187,-0.47846794,0.16344762,2026-07-01,5,0.434935148
S_171,51.06,16.93,1405.8627140060885,0,0,0.6557526,-0.6008069,0.25057048,2026-07-01,5,0.49695397199999997
S_172,51.08,16.93,153.7128938178727,8,0,0.64454114,-0.6106715,0.24385941,2026-07-01,5,0.16164868476357455
S_173,51.1,16.93,171.4950135169203,23,0,0.64013493,-0.5915952,0.22360133,2026-07-01,5,0.015780013703384055
S_174,51.12,16.93,110.37966010894912,171,0,0.6550261,-0.61702293,0.27539057,2026-07-01,5,0.028739990021789785
S_175,51.14,16.93,35.063298395709715,86,0,0.64483196,-0.6095936,0.20761949,2026-07-01,5,0.0
S_176,51.16,16.93,119.28241091083214,232,0,0.5415997,-0.49562496,0.12504134,2026-07-01,5,0.0
S_177,51.18,16.93,116.24242338942592,0,0,0.71559143,-0.60241026,0.24246942,2026-07-01,5,0.3349136816778852
S_178,51.2,16.93,243.57309243338528,0,0,0.6817084,-0.5956027,0.21855466,2026-07-01,5,0.3406490024866771
S_179,51.22,16.93,934.989887008772,0,0,0.64511347,-0.57052076,0.18022893,2026-07-01,5,0.45262359040175437
S_18,51.0,16.73,14659.31178278656,0,0,0.43175706,-0.4712404,0.12976047,2026-07-01,5,0.38143130599999997
S_180,51.24,16.93,3093.126161565517,0,0,0.5897735,-0.5500972,0.1313504,2026-07-01,5,0.42947221
S_181,50.96,16.95,10226.581742100509,0,0,0.6710894,-0.62730813,0.24172938,2026-07-01,5,0.498018572
S_182,50.98,16.95,8016.664197115699,0,0,0.66440594,-0.65237284,0.21661922,2026-07-01,5,0.48596946999999996
S_183,51.0,16.95,5818.1929194215,0,0,0.445348,-0.435038,0.12741154,2026-07-01,5,0.38456901600000004
S_184,51.02,16.95,3651.912744084874,0,0,0.6488278,-0.6081724,0.22453026,2026-07-01,5,0.484460444
S_185,51.04,16.95,1649.9390675083405,0,0,0.3452377,-0.3426016,0.07397892,2026-07-01,5,0.333162878
S_186,51.06,16.95,410.0436766351651,0,0,0.65916663,-0.5958407,0.24420927,2026-07-01,5,0.377442432327033
S_187,51.08,16.95,135.73596988018187,17,0,0.6258205,-0.5781082,0.19834483,2026-07-01,5,0.0
S_188,51.1,16.95,247.77790874820764,497,0,0.52057457,-0.49615666,0.14637002,2026-07-01,5,0.0
S_189,51.12,16.95,32.48864238868553,207,0,0.54155934,-0.5011212,0.16720086,2026-07-01,5,0.0
S_19,51.02,16.73,12840.031827983006,0,0,0.44924125,-0.4612551,0.11960877,2026-07-01,5,0.38261588300000005
S_190,51.14,16.95,58.19435946083127,26,0,0.5415786,-0.47653824,0.12989528,2026-07-01,5,0.0
S_191,51.16,16.95,130.6314516932038,2,0,0.63506955,-0.5931583,0.21953943,2026-07-01,5,0.2644629273386408
S_192,51.18,16.95,178.81956525149948,0,0,0.75813484,-0.6773902,0.30786213,2026-07-01,5,0.3863492170502999
S_193,51.2,16.95,22.64852181705673,0,0,0.73202807,-0.6651703,0.2444959,2026-07-01,5,0.3219364853634113
S_194,51.22,16.95,1150.6667062630731,0,0,0.57478696,-0.548072,0.15203732,2026-07-01,5,0.433251016
S_195,51.24,16.95,3375.3802928720816,0,0,0.6317942,-0.5748084,0.18910877,2026-07-01,5,0.465181768
S_196,50.96,16.97,10021.414158449285,0,0,0.68906015,-0.661885,0.25007883,2026-07-01,5,0.506749577
S_197,50.98,16.97,7910.592124100563,0,0,0.6832235,-0.64134127,0.26642337,2026-07-01,5,0.5115363980000001
S_198,51.0,16.97,5733.420616111684,0,0,0.5403457,-0.4936001,0.17454986,2026-07-01,5,0.43192365400000005
S_199,51.02,16.97,3515.349555011848,0,0,0.4880318,-0.4667404,0.17216425,2026-07-01,5,0.41527524000000005
S_2,50.98,16.71,17290.38293212061,0,0,0.4613326,-0.48358688,0.15989745,2026-07-01,5,0.40235876000000004
S_20,51.04,16.73,11168.639446384244,0,0,0.5344514,-0.51123524,0.17387079,2026-07-01,5,0.429883736
S_200,51.04,16.97,1320.5917622766913,0,0,0.4299825,-0.41956857,0.12387353,2026-07-01,5,0.378544162
S_201,51.06,16.97,147.75952938197452,167,0,0.5550377,-0.4844044,0.16429399,2026-07-01,5,0.0
S_202,51.08,16.97,340.05915963391885,216,0,0.5770999,-0.54498565,0.18180184,2026-07-01,5,0.013862537926783769
S_203,51.1,16.97,365.3418207991952,21,0,0.48786944,-0.43835977,0.12773687,2026-07-01,5,0.0
S_204,51.12,16.97,67.7717167848776,382,0,0.47312632,-0.39771023,0.103727,2026-07-01,5,0.0
S_205,51.14,16.97,412.10660404271215,202,0,0.48235324,-0.44049415,0.15749076,2026-07-01,5,0.0
S_206,51.16,16.97,16.5153612818919,0,0,0.62148315,-0.55116755,0.20079942,2026-07-01,5,0.2700677852563784
S_207,51.18,16.97,2.9191676711853622,0,0,0.7082738,-0.62379533,0.19931231,2026-07-01,5,0.29279089753423704
S_208,51.2,16.97,155.10794754818698,11,0,0.6656662,-0.61575395,0.20870066,2026-07-01,5,0.09420171350963738
S_209,51.22,16.97,1398.73570960171,0,0,0.5367564,-0.5202385,0.13365884,2026-07-01,5,0.414490456
S_21,51.06,16.73,9721.71749163114,0,0,0.46589875,-0.51500094,0.12286393,2026-07-01,5,0.388915197
S_210,51.24,16.97,3500.14658272472,0,0,0.55355656,-0.5316446,0.14554387,2026-07-01,5,0.424284516
S_211,50.96,16.99,9604.746935014811,0,0,0.70256144,-0.6761941,0.24031131,2026-07-01,5,0.506892956
S_212,50.98,16.99,7499.008014909064,0,0,0.6894445,-0.642414,0.2647602,2026-07-01,5,0.51273743
S_213,51.0,16.99,5357.026442742652,0,0,0.6591241,-0.61993563,0.24181215,2026-07-01,5,0.49446209
S_214,51.02,16.99,3261.557369365852,0,0,0.64790124,-0.6138096,0.22268966,2026-07-01,5,0.48344623600000003
S_215,51.04,16.99,1331.156605452766,0,0,0.5985064,-0.56709385,0.20207095,2026-07-01,5,0.4603803
S_216,51.06,16.99,67.99246611873737,190,0,0.52950764,-0.51384336,0.1465648,2026-07-01,5,0.0
S_217,51.08,16.99,332.1993831246549,235,0,0.48378247,-0.47323433,0.1338522,2026-07-01,5,0.0
S_218,51.1,16.99,95.92616121470772,365,0,0.45991936,-0.39500424,0.12130955,2026-07-01,5,0.0
S_219,51.12,16.99,328.76141429986643,366,0,0.42900723,-0.38202018,0.11774474,2026-07-01,5,0.0
S_22,51.08,16.73,8506.568173937441,0,0,0.48469824,-0.47931087,0.123003006,2026-07-01,5,0.39461067439999997
S_220,51.14,16.99,268.2790269957991,83,0,0.49966002,-0.41376287,0.22202654,2026-07-01,5,0.0
S_221,51.16,16.99,73.6050073256935,4,0,0.5712239,-0.5163386,0.14692496,2026-07-01,5,0.16485815546513866
S_222,51.18,16.99,123.6884542477482,11,0,0.6843496,-0.60259104,0.21851698,2026-07-01,5,0.09744936284954966
S_223,51.2,16.99,168.12409711065547,0,0,0.578055,-0.54298866,0.1943604,2026-07-01,5,0.2847854794221311
S_224,51.22,16.99,1746.1197465715757,0,0,0.5735887,-0.5420024,0.16440819,2026-07-01,5,0.437839886
S_225,51.24,16.99,3909.727010031838,0,0,0.5318509,-0.513608,0.14298496,2026-07-01,5,0.416749254
S_226,50.96,17.01,9302.025966010857,0,0,0.6780962,-0.6305735,0.24944861,2026-07-01,5,0.5032083039999999
S_227,50.98,17.01,7107.333504160153,0,0,0.71190727,-0.6449462,0.24935073,2026-07-01,5,0.513312473
S_228,51.0,17.01,4939.745864156982,0,0,0.6604283,-0.62537014,0.22891419,2026-07-01,5,0.489694166
S_229,51.02,17.01,2861.553217630114,0,0,0.6228086,-0.6116597,0.2204185,2026-07-01,5,0.47500998
S_23,51.1,16.73,6936.109378879808,0,0,0.48343962,-0.5125776,0.11583446,2026-07-01,5,0.39136567
S_230,51.04,17.01,708.5497524206784,0,0,0.57840014,-0.54101956,0.20300879,2026-07-01,5,0.3964335084841357
S_231,51.06,17.01,185.8425725294435,221,0,0.518507,-0.47339615,0.13887157,2026-07-01,5,0.0
S_232,51.08,17.01,492.6122690702354,269,0,0.44421595,-0.39951757,0.1096703,2026-07-01,5,0.0
S_233,51.1,17.01,739.3658417430682,357,0,0.4264851,-0.38515994,0.110109024,2026-07-01,5,0.01986230794861371
S_234,51.12,17.01,975.8713986883582,194,0,0.3638481,-0.35428503,0.13578364,2026-07-01,5,0.05864216573767167
S_235,51.14,17.01,379.9979625897767,10,0,0.4472572,-0.3865761,0.11454957,2026-07-01,5,0.05599658051795536
S_236,51.16,17.01,47.96600225330634,194,0,0.5359525,-0.508691,0.08400008,2026-07-01,5,0.0
S_237,51.18,17.01,162.33728524036934,0,0,0.6154237,-0.5546899,0.18402557,2026-07-01,5,0.2907047950480739
S_238,51.2,17.01,522.3469551576198,0,0,0.5928863,-0.5682325,0.18621324,2026-07-01,5,0.356820577031524
S_239,51.22,17.01,2309.388779925825,0,0,0.5779598,-0.5683151,0.19271807,2026-07-01,5,0.45047516800000004
S_24,51.12,16.73,5810.251733180315,0,0,0.47628045,-0.48853308,0.13068901,2026-07-01,5,0.395159739
S_240,51.24,17.01,4320.154486873881,0,0,0.6079576,-0.5827196,0.2112478,2026-07-01,5,0.4668864
S_241,50.96,17.03,9205.759974995748,0,0,0.6556014,-0.61972463,0.23439144,2026-07-01,5,0.490436996
S_242,50.98,17.03,6980.9290012326765,0,0,0.6708102,-0.62588114,0.22009595,2026-07-01,5,0.48928144
S_243,51.0,17.03,4756.164058545855,0,0,0.63262886,-0.60943973,0.23247711,2026-07-01,5,0.48277950199999997
S_244,51.02,17.03,2531.6591433168446,0,0,0.64804345,-0.6167883,0.22162476,2026-07-01,5,0.483062939
S_245,51.04,17.03,313.16913283537696,0,0,0.5820969,-0.52716994,0.1919541,2026-07-01,5,0.31404453656707537
S_246,51.06,17.03,168.58167701773638,168,0,0.54610586,-0.52523345,0.15553388,2026-07-01,5,0.0
S_247,51.08,17.03,726.1887889648634,17,0,0.41445664,-0.401724,0.11757258,2026-07-01,5,0.01660378179297267
S_248,51.1,17.03,1524.3718245292073,326,0,0.3011965,-0.32003537,0.038438264,2026-07-01,5,0.0057342556000000156
S_249,51.12,17.03,1695.1292589071084,346,0,0.3786101,-0.35721397,0.07497856,2026-07-01,5,0.04357445400000004
S_25,51.14,16.73,5412.525413426852,0,0,0.51611924,-0.50809515,0.12770335,2026-07-01,5,0.405917112
S_250,51.14,17.03,587.7412940066755,456,0,0.35835788,-0.34739694,0.07159168,2026-07-01,5,0.0
S_251,51.16,17.03,87.43406113267545,278,0,0.49757904,-0.45936143,0.116656326,2026-07-01,5,0.0
S_252,51.18,17.03,253.34953180821336,6,0,0.5880433,-0.53741264,0.19050275,2026-07-01,5,0.18328399636164272
S_253,51.2,17.03,1408.1716662089086,0,0,0.6194923,-0.5746584,0.22165285,2026-07-01,5,0.47450883
S_254,51.22,17.03,3149.442431326004,0,0,0.5621891,-0.53712136,0.18346672,2026-07-01,5,0.442043418
S_255,51.24,17.03,4934.831602902228,0,0,0.6017353,-0.5746523,0.20744804,2026-07-01,5,0.463499806
S_256,50.96,17.05,9322.345445162837,0,0,0.60232586,-0.5875721,0.21955341,2026-07-01,5,0.468519122
S_257,50.98,17.05,7133.907327775435,0,0,0.6433604,-0.61523706,0.23383299,2026-07-01,5,0.486541316
S_258,51.0,17.05,4977.9004993604,0,0,0.6391159,-0.624558,0.21624151,2026-07-01,5,0.478231374
S_259,51.02,17.05,2910.9997256157144,0,0,0.63435495,-0.61643225,0.22678275,2026-07-01,5,0.481019585
S_26,51.16,16.73,5863.717409588568,0,0,0.41223356,-0.40979588,0.10682541,2026-07-01,5,0.366400232
S_260,51.04,17.05,842.6495839861251,0,0,0.67001987,-0.58580554,0.24393296,2026-07-01,5,0.467109061797225
S_261,51.06,17.05,26.754012374311475,241,0,0.5657811,-0.5213605,0.1424509,2026-07-01,5,0.0
S_262,51.08,17.05,760.0327535766545,249,0,0.4737378,-0.42979115,0.13008918,2026-07-01,5,0.0461635627153309
S_263,51.1,17.05,905.3365178959564,428,0,0.35940185,-0.34696358,0.06341636,2026-07-01,5,0.014254402579191305
S_264,51.12,17.05,1342.7351323182363,304,0,0.44814873,-0.37999007,0.1212277,2026-07-01,5,0.08293569900000003
S_265,51.14,17.05,1096.9398205322211,166,0,0.47487438,-0.42678544,0.14667752,2026-07-01,5,0.10113332199999997
S_266,51.16,17.05,37.50494213788518,29,0,0.48403662,-0.44457188,0.1459772,2026-07-01,5,0.0
S_267,51.18,17.05,781.3390905233456,0,0,0.64563876,-0.59403366,0.21873678,2026-07-01,5,0.43745415810466914
S_268,51.2,17.05,2627.0151318828944,0,0,0.61747503,-0.5789186,0.21741346,2026-07-01,5,0.47220789300000005
S_269,51.22,17.05,3996.7819122721135,0,0,0.63442814,-0.5991877,0.21633577,2026-07-01,5,0.47686275000000006
S_27,51.18,16.73,6493.224785585582,0,0,0.56909156,-0.60485506,0.19822073,2026-07-01,5,0.45001576000000004
S_270,51.24,17.05,5775.605634906718,0,0,0.6418358,-0.5912499,0.23439872,2026-07-01,5,0.48631022799999996
S_271,50.96,17.07,9503.511109340056,0,0,0.63648283,-0.61333525,0.22749673,2026-07-01,5,0.48194354100000003
S_272,50.98,17.07,7285.075000429359,0,0,0.6324761,-0.6119031,0.23260921,2026-07-01,5,0.482786514
S_273,51.0,17.07,5072.297259895921,0,0,0.68027484,-0.6256655,0.23711422,2026-07-01,5,0.49892814
S_274,51.02,17.07,2878.275441631271,0,0,0.71502817,-0.6825213,0.2523115,2026-07-01,5,0.515433051
S_275,51.04,17.07,860.946420128604,0,0,0.70302075,-0.64123297,0.24380322,2026-07-01,5,0.4806167970257208
S_276,51.06,17.07,18.403622301136235,17,0,0.6566054,-0.60208696,0.22442068,2026-07-01,5,0.0
S_277,51.08,17.07,214.70843905693792,331,0,0.5627155,-0.5033725,0.16153847,2026-07-01,5,0.0
S_278,51.1,17.07,263.626736591189,71,0,0.5385573,-0.4600551,0.15453409,2026-07-01,5,0.0
S_279,51.12,17.07,620.3995166988473,54,0,0.49488553,-0.49095985,0.14867775,2026-07-01,5,0.032016662339769464
S_28,51.2,16.73,7008.001097177331,0,0,0.7476192,-0.67192507,0.30495402,2026-07-01,5,0.5462673680000001
S_280,51.14,17.07,5.296732199324818,340,0,0.53437847,-0.4981767,0.13744555,2026-07-01,5,0.0
S_281,51.16,17.07,170.6004669692908,0,0,0.598424,-0.5544854,0.19932039,2026-07-01,5,0.2933754493938581
S_282,51.18,17.07,1059.4018588611032,0,0,0.6700255,-0.6128915,0.24410352,2026-07-01,5,0.49864905800000003
S_283,51.2,17.07,2821.0569727528555,0,0,0.6653512,-0.6117116,0.24499188,2026-07-01,5,0.49760211200000004
S_284,51.22,17.07,4963.876382114957,0,0,0.70529884,-0.63875234,0.25758365,2026-07-01,5,0.514623112
S_285,51.24,17.07,6615.739492012172,0,0,0.78786063,-0.72184,0.30347657,2026-07-01,5,0.557748817
S_286,50.96,17.09,9505.401786812829,0,0,0.6403293,-0.6318146,0.2284465,2026-07-01,5,0.48347739
S_287,50.98,17.09,7285.655100610123,0,0,0.65961826,-0.6243014,0.23034187,2026-07-01,5,0.490022226
S_288,51.0,17.09,5068.946250743713,0,0,0.67390007,-0.64997697,0.23336546,2026-07-01,5,0.495516205
S_289,51.02,17.09,2846.062558614396,0,0,0.6993301,-0.64945406,0.21725988,2026-07-01,5,0.496702982
S_29,51.22,16.73,7938.677214869078,0,0,0.6670559,-0.60410583,0.22328027,2026-07-01,5,0.489428878
S_290,51.04,17.09,627.9980417595431,0,0,0.7047404,-0.64414674,0.25102657,2026-07-01,5,0.4374323563519087
S_291,51.06,17.09,118.86744519004682,20,0,0.6888744,-0.60730386,0.24317096,2026-07-01,5,0.02770419303800936
S_292,51.08,17.09,88.13980394258562,107,0,0.63909554,-0.59494805,0.21078536,2026-07-01,5,0.0
S_293,51.1,17.09,429.06807227558295,113,0,0.58720964,-0.54271656,0.18478066,2026-07-01,5,0.03588877045511657
S_294,51.12,17.09,450.62107651110034,141,0,0.5795587,-0.51970464,0.16159734,2026-07-01,5,0.028630761302220087
S_295,51.14,17.09,201.25573821191043,248,0,0.57963884,-0.5174421,0.16264571,2026-07-01,5,0.0
S_296,51.16,17.09,60.45637724612981,0,0,0.6740284,-0.59183955,0.23082905,2026-07-01,5,0.3066314154492259
S_297,51.18,17.09,402.1787713061745,0,0,0.70679384,-0.6344105,0.2454224,2026-07-01,5,0.3906428662612349
S_298,51.2,17.09,2617.146664306679,0,0,0.66949576,-0.61522716,0.25230193,2026-07-01,5,0.5017695
S_299,51.22,17.09,4841.310711102912,0,0,0.7044815,-0.6360135,0.24570894,2026-07-01,5,0.509628026
S_3,51.0,16.71,15460.167737524162,0,0,0.39731312,-0.41289464,0.09255325,2026-07-01,5,0.35621523600000005
S_30,51.24,16.73,9275.33000166609,0,0,0.5353732,-0.56411105,0.12554081,2026-07-01,5,0.41082828400000004
S_300,51.24,17.09,7065.999347705496,0,0,0.7340216,-0.6601545,0.27491325,2026-07-01,5,0.5301717800000001
S_301,50.96,17.11,9502.278649368596,0,0,0.61923736,-0.6141663,0.2075188,2026-07-01,5,0.46877872800000003
S_302,50.98,17.11,7280.877747704259,0,0,0.6770952,-0.61885357,0.22413018,2026-07-01,5,0.492780632
S_303,51.0,17.11,5062.534830177265,0,0,0.68917966,-0.62407565,0.24173921,2026-07-01,5,0.503449582
S_304,51.02,17.11,2854.4062347284403,0,0,0.6989391,-0.6366161,0.23221236,2026-07-01,5,0.5025666740000001
S_305,51.04,17.11,752.6021058611249,0,0,0.68919027,-0.62793195,0.2432788,2026-07-01,5,0.45458902217222497
S_306,51.06,17.11,404.7006786032911,0,0,0.65049124,-0.58699363,0.20449969,2026-07-01,5,0.35788738372065826
S_307,51.08,17.11,21.61305392219596,0,0,0.6539298,-0.57883924,0.24430965,2026-07-01,5,0.2982254107844392
S_308,51.1,17.11,626.639890995596,124,0,0.57318145,-0.52215844,0.17220554,2026-07-01,5,0.0661646291991192
S_309,51.12,17.11,293.12140737681347,400,0,0.4684918,-0.40431303,0.1389722,2026-07-01,5,0.0
S_31,50.96,16.75,18000.470905369522,0,0,0.45218694,-0.48557493,0.14910471,2026-07-01,5,0.395297966
S_310,51.14,17.11,1.2634738104871963,7,0,0.5693423,-0.503085,0.14953348,2026-07-01,5,0.0908687767620974
S_311,51.16,17.11,11.974441257387422,96,0,0.6017251,-0.55430275,0.18175194,2026-07-01,5,0.0
S_312,51.18,17.11,652.976173360686,0,0,0.6528922,-0.58929706,0.22907415,2026-07-01,5,0.4180925546721372
S_313,51.2,17.11,2734.1440659639547,0,0,0.63263124,-0.58929366,0.22569747,2026-07-01,5,0.48006836
S_314,51.22,17.11,4788.973441161141,0,0,0.6345663,-0.6136006,0.22788066,2026-07-01,5,0.48152215400000004
S_315,51.24,17.11,6891.885687981036,0,0,0.6260097,-0.596821,0.19607168,2026-07-01,5,0.466231582
S_316,50.96,17.13,9406.611013607397,0,0,0.57685685,-0.5535753,0.19470018,2026-07-01,5,0.450937127
S_317,50.98,17.13,7196.12198055024,0,0,0.5925718,-0.5934595,0.18835106,2026-07-01,5,0.453111964
S_318,51.0,17.13,4998.414551367272,0,0,0.5842679,-0.5925408,0.1861564,2026-07-01,5,0.44974293
S_319,51.02,17.13,2843.301120642574,0,0,0.55453426,-0.5140587,0.15873738,2026-07-01,5,0.42985523
S_32,50.98,16.75,15952.247462011475,0,0,0.5111387,-0.49311987,0.16408192,2026-07-01,5,0.418974378
S_320,51.04,17.13,1041.5912548421352,0,0,0.5664258,-0.5275237,0.15276366,2026-07-01,5,0.431033204
S_321,51.06,17.13,211.6792510664819,0,0,0.65332747,-0.57958114,0.22267017,2026-07-01,5,0.32740215921329635
S_322,51.08,17.13,49.6135296497983,0,0,0.7024549,-0.63525945,0.24174234,2026-07-01,5,0.31735611192995966
S_323,51.1,17.13,9.46748805952812,0,0,0.6647827,-0.5772667,0.25286815,2026-07-01,5,0.30247556761190564
S_324,51.12,17.13,26.32567471779296,52,0,0.64810044,-0.57923925,0.22762714,2026-07-01,5,0.0
S_325,51.14,17.13,86.17281976514295,100,0,0.576734,-0.5169341,0.1691087,2026-07-01,5,0.0
S_326,51.16,17.13,94.59162240169668,258,0,0.5348791,-0.47528565,0.13523175,2026-07-01,5,0.0
S_327,51.18,17.13,289.3309346024406,0,0,0.58871096,-0.56026584,0.20567022,2026-07-01,5,0.3167475629204881
S_328,51.2,17.13,2233.8334123942354,0,0,0.605482,-0.5806951,0.2298885,2026-07-01,5,0.4736
S_329,51.22,17.13,4433.292020477803,0,0,0.6094512,-0.5828432,0.21731156,2026-07-01,5,0.469759984
S_33,51.0,16.75,13953.746654401524,0,0,0.4713884,-0.4889068,0.1511375,2026-07-01,5,0.40187152000000004
S_330,51.24,17.13,6649.757122092191,0,0,0.5782984,-0.5425819,0.20262986,2026-07-01,5,0.454541464
S_331,50.96,17.15,9302.065628001628,0,0,0.71912646,-0.6730215,0.25668845,2026-07-01,5,0.518413318
S_332,50.98,17.15,7077.2259491861805,0,0,0.66379166,-0.6166579,0.18785408,2026-07-01,5,0.47427913000000005
S_333,51.0,17.15,4852.415661603735,0,0,0.5825781,-0.5728471,0.18744345,2026-07-01,5,0.44975081
S_334,51.02,17.15,2627.7286660969885,0,0,0.45110995,-0.44233328,0.1211902,2026-07-01,5,0.383809065
S_335,51.04,17.15,405.3255842916269,0,0,0.58634573,-0.5318156,0.15036061,2026-07-01,5,0.3171130798583254
S_336,51.06,17.15,311.1005865256748,0,0,0.65007806,-0.5746308,0.2680752,2026-07-01,5,0.364473615305135
S_337,51.08,17.15,379.9059987106683,0,0,0.69661725,-0.6075292,0.24221179,2026-07-01,5,0.3818510907421337
S_338,51.1,17.15,47.71133279133735,48,0,0.6881126,-0.62291837,0.2626591,2026-07-01,5,0.021039686558267434
S_339,51.12,17.15,31.8034264834681,0,0,0.6666744,-0.5631551,0.2363449,2026-07-01,5,0.30090096529669363
S_34,51.02,16.75,12028.58577000032,0,0,0.3614736,-0.39013514,0.05877189,2026-07-01,5,0.33195083599999997
S_340,51.14,17.15,612.9558315376042,0,0,0.61276495,-0.5547432,0.20185107,2026-07-01,5,0.38716107930752086
S_341,51.16,17.15,29.59519998379784,12,0,0.5701382,-0.5237067,0.15151766,2026-07-01,5,0.0
S_342,51.18,17.15,504.73404352611607,0,0,0.6133433,-0.5651207,0.22645038,2026-07-01,5,0.3755299507052232
S_343,51.2,17.15,2272.8014071320617,0,0,0.6568816,-0.5706162,0.2216112,2026-07-01,5,0.48570896
S_344,51.22,17.15,4456.511132128606,0,0,0.64035374,-0.6042244,0.22683337,2026-07-01,5,0.48283947
S_345,51.24,17.15,6667.206056752632,0,0,0.5975849,-0.5769497,0.18858303,2026-07-01,5,0.45470868200000003
S_346,50.96,17.17,9400.094892925816,0,0,0.6872999,-0.6293762,0.20478494,2026-07-01,5,0.488103946
S_347,50.98,17.17,7205.537667660058,0,0,0.63330704,-0.6080244,0.17180116,2026-07-01,5,0.45871257600000004
S_348,51.0,17.17,5037.643313075092,0,0,0.5605298,-0.55077994,0.14897954,2026-07-01,5,0.427750756
S_349,51.02,17.17,2955.6922018360483,0,0,0.62873286,-0.58801365,0.20339413,2026-07-01,5,0.46997751
S_35,51.04,16.75,10225.838452160657,0,0,0.51744246,-0.49652946,0.15869065,2026-07-01,5,0.418708998
S_350,51.04,17.17,1351.7422326019637,0,0,0.6067985,-0.5417785,0.17454894,2026-07-01,5,0.451859126
S_351,51.06,17.17,928.5546687939476,0,0,0.61185133,-0.49204013,0.22336274,2026-07-01,5,0.4586114287587896
S_352,51.08,17.17,1222.2373882291276,0,0,0.6056769,-0.551148,0.196788,2026-07-01,5,0.46041827
S_353,51.1,17.17,64.3623122469601,11,0,0.64929616,-0.5834547,0.22812183,2026-07-01,5,0.07891004244939201
S_354,51.12,17.17,782.985738214666,0,0,0.63797224,-0.5594065,0.19830044,2026-07-01,5,0.4273089956429332
S_355,51.14,17.17,1685.2291347635687,0,0,0.5927551,-0.53420585,0.18276548,2026-07-01,5,0.450932722
S_356,51.16,17.17,1175.496525571058,0,0,0.52398896,-0.4620605,0.1505072,2026-07-01,5,0.417399568
S_357,51.18,17.17,1045.405382052987,0,0,0.58188003,-0.54304254,0.17685172,2026-07-01,5,0.44530469699999997
S_358,51.2,17.17,2797.905024062247,0,0,0.77373075,-0.70720714,0.30047977,2026-07-01,5,0.552311133
S_359,51.22,17.17,4848.664960109084,0,0,0.71346784,-0.63753176,0.25967783,2026-07-01,5,0.5179114840000001
S_36,51.06,16.75,8622.635029524121,0,0,0.53989786,-0.5194007,0.16445722,2026-07-01,5,0.427752246
S_360,51.24,17.17,6936.034365292944,0,0,0.5419343,-0.5422531,0.17788382,2026-07-01,5,0.433733818
S_361,50.96,17.19,9702.407959934322,0,0,0.5966958,-0.58038604,0.18222855,2026-07-01,5,0.45190016
S_362,50.98,17.19,7595.544875188068,0,0,0.53714675,-0.5379334,0.14736152,2026-07-01,5,0.420088633
S_363,51.0,17.19,5581.034959595853,0,0,0.5933036,-0.58375293,0.183416,2026-07-01,5,0.45135748000000003
S_364,51.02,17.19,3808.381448597596,0,0,0.6347584,-0.6021384,0.212769,2026-07-01,5,0.47553512000000003
S_365,51.04,17.19,2677.399665191623,0,0,0.64161307,-0.6059071,0.2054282,2026-07-01,5,0.474655201
S_366,51.06,17.19,1391.3829292996506,0,0,0.61066806,-0.5555692,0.19317652,2026-07-01,5,0.460471026
S_367,51.08,17.19,1721.6045046302854,0,0,0.58826476,-0.5633862,0.18691455,2026-07-01,5,0.45124524800000004
S_368,51.1,17.19,1184.036912541745,0,0,0.64406145,-0.5765822,0.18441747,2026-07-01,5,0.466985423
S_369,51.12,17.19,1776.3806349218871,0,0,0.6755031,-0.5959402,0.22330031,2026-07-01,5,0.491971054
S_37,51.08,16.75,7350.725399726949,0,0,0.5086499,-0.52877146,0.14098008,2026-07-01,5,0.40898700200000004
S_370,51.14,17.19,2564.33775392618,0,0,0.6414003,-0.5799458,0.20484047,2026-07-01,5,0.474356278
S_371,51.16,17.19,2567.547044450593,0,0,0.6469026,-0.5736753,0.2501904,2026-07-01,5,0.49414694
S_372,51.18,17.19,2389.1599553755764,0,0,0.68560934,-0.5999392,0.24755703,2026-07-01,5,0.5047056139999999
S_373,51.2,17.19,3548.269857966122,0,0,0.7586551,-0.66108245,0.25565794,2026-07-01,5,0.529859706
S_374,51.22,17.19,5404.641768609151,0,0,0.6249022,-0.57493,0.1837885,2026-07-01,5,0.46098606
S_375,51.24,17.19,7456.230708247526,0,0,0.5338975,-0.5346875,0.16302498,2026-07-01,5,0.42537924200000005
S_376,50.96,17.21,10190.839513748497,0,0,0.568982,-0.5611225,0.16353342,2026-07-01,5,0.436107968
S_377,50.98,17.21,8210.03594069413,0,0,0.6578978,-0.6023639,0.21989635,2026-07-01,5,0.48532788
S_378,51.0,17.21,6391.886841119376,0,0,0.6264453,-0.5740943,0.18122463,2026-07-01,5,0.460423442
S_379,51.02,17.21,4906.809099143584,0,0,0.63139975,-0.6093915,0.19701442,2026-07-01,5,0.468225693
S_38,51.1,16.75,5908.015345296582,0,0,0.49136847,-0.5030827,0.12154788,2026-07-01,5,0.396029693
S_380,51.04,17.21,3974.282833083281,0,0,0.64798826,-0.5921779,0.22848746,2026-07-01,5,0.485791462
S_381,51.06,17.21,2630.657955118508,0,0,0.6395992,-0.5849084,0.22944,2026-07-01,5,0.48365576000000005
S_382,51.08,17.21,2818.8981827577068,0,0,0.5941715,-0.5710393,0.24446921,2026-07-01,5,0.476039134
S_383,51.1,17.21,2460.9366280540366,0,0,0.64902556,-0.5792436,0.23284324,2026-07-01,5,0.48784496400000005
S_384,51.12,17.21,2811.402315802659,0,0,0.7106757,-0.61152565,0.25319108,2026-07-01,5,0.514479142
S_385,51.14,17.21,3771.039082895692,0,0,0.6042301,-0.56607723,0.20848101,2026-07-01,5,0.464661434
S_386,51.16,17.21,3964.297130363847,0,0,0.57864034,-0.5534141,0.20936254,2026-07-01,5,0.45733711800000004
S_387,51.18,17.21,3772.9307114841904,0,0,0.62543935,-0.58081853,0.20203361,2026-07-01,5,0.468445249
S_388,51.2,17.21,4594.935939212146,0,0,0.6359609,-0.5899155,0.19540384,2026-07-01,5,0.468949806
S_389,51.22,17.21,6155.712601673673,0,0,0.60246515,-0.56675696,0.19920976,2026-07-01,5,0.46042344900000004
S_39,51.12,16.75,4534.291563557253,0,0,0.5303894,-0.5103695,0.1434503,2026-07-01,5,0.41649694000000004
S_390,51.24,17.21,8024.6705081537875,0,0,0.57815087,-0.5474232,0.2011308,2026-07-01,5,0.453897581
S_391,50.96,17.23,10840.25969081234,0,0,0.5958521,-0.5777964,0.20915824,2026-07-01,5,0.462418926
S_392,50.98,17.23,9003.161363737108,0,0,0.5751738,-0.5686831,0.17691933,2026-07-01,5,0.443319872
S_393,51.0,17.23,7382.589353045482,0,0,0.64274824,-0.59898853,0.21277127,2026-07-01,5,0.47793298
S_394,51.02,17.23,6111.605858024738,0,0,0.6927403,-0.63439715,0.23143318,2026-07-01,5,0.500395362
S_395,51.04,17.23,4971.335173736405,0,0,0.61207396,-0.57379663,0.15693982,2026-07-01,5,0.446398116
S_396,51.06,17.23,3979.420376276317,0,0,0.6583314,-0.5694252,0.2561791,2026-07-01,5,0.49997106
S_397,51.08,17.23,4105.821277418549,0,0,0.6607213,-0.58969325,0.23071092,2026-07-01,5,0.490500758
S_398,51.1,17.23,3825.238852130517,0,0,0.67229813,-0.5941864,0.23633218,2026-07-01,5,0.496222311
S_399,51.12,17.23,4059.24751098903,0,0,0.6466047,-0.58414024,0.22859319,2026-07-01,5,0.485418686
S_4,51.02,16.71,13746.899774716265,0,0,0.4312689,-0.44869778,0.10459853,2026-07-01,5,0.371220082
S_40,51.14,16.75,4013.110042361553,0,0,0.453614,-0.4728407,0.05211509,2026-07-01,5,0.356930236
S_400,51.14,17.23,5077.889591772684,0,0,0.526525,-0.47670585,0.2308373,2026-07-01,5,0.45029242
S_401,51.16,17.23,5362.238851744935,0,0,0.621013,-0.562081,0.24432544,2026-07-01,5,0.484034076
S_402,51.18,17.23,5164.650253401098,0,0,0.6291469,-0.5879944,0.20012388,2026-07-01,5,0.468793622
S_403,51.2,17.23,5791.946670621568,0,0,0.6164588,-0.5742338,0.17113432,2026-07-01,5,0.453391368
S_404,51.22,17.23,7093.700827252286,0,0,0.58265364,-0.55856955,0.17391886,2026-07-01,5,0.444363636
S_405,51.24,17.23,8774.710761505301,0,0,0.6203005,-0.5809243,0.27067792,2026-07-01,5,0.49436131800000005
S_406,50.96,17.25,11623.715328983602,0,0,0.5025636,-0.49592838,0.12389424,2026-07-01,5,0.400326776
S_407,50.98,17.25,9932.217903269244,0,0,0.65892386,-0.6106694,0.21396336,2026-07-01,5,0.48326250200000004
S_408,51.0,17.25,8484.01056952527,0,0,0.62253255,-0.57979757,0.18269794,2026-07-01,5,0.459838941
S_409,51.02,17.25,7384.285945805905,0,0,0.6138938,-0.5679159,0.18901345,2026-07-01,5,0.45977352
S_41,51.16,16.75,4531.119295161696,0,0,0.54555935,-0.5202281,0.12091305,2026-07-01,5,0.412033025
S_410,51.04,17.25,6129.1194061255255,0,0,0.6581213,-0.5578686,0.2468679,2026-07-01,5,0.49618355
S_411,51.06,17.25,5355.576514058632,0,0,0.6522079,-0.5925251,0.21863501,2026-07-01,5,0.483116374
S_412,51.08,17.25,5449.646214796447,0,0,0.6025655,-0.5599098,0.21807788,2026-07-01,5,0.468000802
S_413,51.1,17.25,5208.939555461392,0,0,0.65129286,-0.5913169,0.21928369,2026-07-01,5,0.48310133400000005
S_414,51.12,17.25,5382.7184159775925,0,0,0.65281296,-0.59979934,0.19527052,2026-07-01,5,0.47395209600000004
S_415,51.14,17.25,6380.169182758276,0,0,0.60732853,-0.5634044,0.20251666,2026-07-01,5,0.463205223
S_416,51.16,17.25,6760.631388968914,0,0,0.6064347,-0.57833487,0.20368518,2026-07-01,5,0.463404482
S_417,51.18,17.25,6559.259200270753,0,0,0.7920772,-0.70695615,0.3193626,2026-07-01,5,0.5653682
S_418,51.2,17.25,7063.273077274323,0,0,0.7057907,-0.6388354,0.25893745,2026-07-01,5,0.51531219
S_419,51.22,17.25,8164.353191759555,0,0,0.5459039,-0.49875277,0.17035508,2026-07-01,5,0.431913202
S_42,51.18,16.75,5112.8447514642985,0,0,0.7233341,-0.6850594,0.26687235,2026-07-01,5,0.52374917
S_420,51.24,17.25,9660.460230112583,0,0,0.5967266,-0.5488739,0.23668376,2026-07-01,5,0.473691484
S_43,51.2,16.75,5706.64132954761,0,0,0.66675776,-0.6012931,0.21698458,2026-07-01,5,0.48682116000000003
S_44,51.22,16.75,6775.548434194237,0,0,0.5836584,-0.54984266,0.21675028,2026-07-01,5,0.461797632
S_45,51.24,16.75,8302.081445945038,0,0,0.49786898,-0.526169,0.13563018,2026-07-01,5,0.403612766
S_46,50.96,16.77,17022.908120220254,0,0,0.5380238,-0.5125966,0.20250265,2026-07-01,5,0.44240820000000003
S_47,50.98,16.77,15422.41639279965,0,0,0.5687636,-0.53696156,0.27646717,2026-07-01,5,0.48121594800000006
S_48,51.0,16.77,13349.921110816154,0,0,0.5983607,-0.5694303,0.29298243,2026-07-01,5,0.49670118199999996
S_49,51.02,16.77,11333.075173326231,0,0,0.5767825,-0.545782,0.21569866,2026-07-01,5,0.459314214
S_5,51.04,16.71,12199.952563339264,0,0,0.49198392,-0.49691448,0.14220624,2026-07-01,5,0.404477672
S_50,51.04,16.77,9398.22334858242,0,0,0.56618035,-0.5034693,0.18287395,2026-07-01,5,0.44300368500000004
S_51,51.06,16.77,7623.368673179539,0,0,0.596467,-0.5652406,0.19999813,2026-07-01,5,0.458939352
S_52,51.08,16.77,6148.669471297736,0,0,0.5429304,-0.5354739,0.16643241,2026-07-01,5,0.429452084
S_53,51.1,16.77,5053.636350499835,0,0,0.54599524,-0.5394028,0.16874176,2026-07-01,5,0.431295276
S_54,51.12,16.77,3358.716664473822,0,0,0.5845426,-0.56489915,0.18105145,2026-07-01,5,0.44778336
S_55,51.14,16.77,2614.072225314547,0,0,0.5141097,-0.5203934,0.123782836,2026-07-01,5,0.4037460444
S_56,51.16,16.77,3191.577926385069,0,0,0.6481866,-0.5978965,0.22823721,2026-07-01,5,0.485750864
S_57,51.18,16.77,3746.058938902203,0,0,0.731495,-0.69411665,0.26620245,2026-07-01,5,0.5259294800000001
S_58,51.2,16.77,4425.096477717739,0,0,0.7311766,-0.6940854,0.28322628,2026-07-01,5,0.532643492
S_59,51.22,16.77,5718.539643471043,0,0,0.67935133,-0.61466813,0.27096128,2026-07-01,5,0.5121899110000001
S_6,51.06,16.71,10890.438633297126,0,0,0.4937408,-0.52438676,0.12604931,2026-07-01,5,0.39854196399999997
S_60,51.24,16.77,7464.841019661316,0,0,0.70180535,-0.6360105,0.2251988,2026-07-01,5,0.500621125
S_61,50.96,16.79,15947.047960674154,0,0,0.5574555,-0.5324457,0.24389756,2026-07-01,5,0.464795674
S_62,50.98,16.79,14509.12439155469,0,0,0.508673,-0.5060933,0.22069633,2026-07-01,5,0.44088043200000004
S_63,51.0,16.79,12846.126033979224,0,0,0.5945551,-0.57101434,0.2727451,2026-07-01,5,0.48746457000000004
S_64,51.02,16.79,10761.477088982943,0,0,0.5270663,-0.5104683,0.1739734,2026-07-01,5,0.42770925
S_65,51.04,16.79,8716.684616946155,0,0,0.6852875,-0.63189495,0.2597824,2026-07-01,5,0.50949921
S_66,51.06,16.79,6768.271669017946,0,0,0.6526075,-0.6115245,0.2357877,2026-07-01,5,0.49009733
S_67,51.08,16.79,5050.2723857274605,0,0,0.55957854,-0.53814775,0.16114348,2026-07-01,5,0.432330954
S_68,51.1,16.79,3826.043540989088,0,0,0.55744725,-0.54893833,0.19286278,2026-07-01,5,0.444379287
S_69,51.12,16.79,2433.623491543097,0,0,0.5123177,-0.5217469,0.1339357,2026-07-01,5,0.40726959
S_7,51.08,16.71,9460.246648260876,0,0,0.40333068,-0.46585295,0.08382272,2026-07-01,5,0.354528292
S_70,51.14,16.79,1216.7007448199618,0,0,0.4656865,-0.4634934,0.1432752,2026-07-01,5,0.39701603
S_71,51.16,16.79,1936.0636528547705,0,0,0.5034255,-0.51222414,0.10673862,2026-07-01,5,0.393723098
S_72,51.18,16.79,2360.4833464144017,0,0,0.60114694,-0.5435324,0.20334405,2026-07-01,5,0.46168170199999997
S_73,51.2,16.79,3206.1302202323163,0,0,0.6980384,-0.6640384,0.2502817,2026-07-01,5,0.5095242
S_74,51.22,16.79,4837.714195186279,0,0,0.5851955,-0.57523406,0.18267111,2026-07-01,5,0.448627094
S_75,51.24,16.79,6813.926733180992,0,0,0.6682739,-0.5986224,0.24059771,2026-07-01,5,0.496721254
S_76,50.96,16.81,14892.8901715824,0,0,0.6060218,-0.5851034,0.28143248,2026-07-01,5,0.494379532
S_77,50.98,16.81,13441.16549326596,0,0,0.5963583,-0.58224344,0.2418667,2026-07-01,5,0.47565417000000004
S_78,51.0,16.81,11897.905348101373,0,0,0.62689734,-0.5889003,0.21774554,2026-07-01,5,0.475167418
S_79,51.02,16.81,10294.632437154196,0,0,0.45502874,-0.48863897,0.18928215,2026-07-01,5,0.41222148200000003
S_8,51.1,16.71,8076.924726854547,0,0,0.47282293,-0.51355904,0.13369901,2026-07-01,5,0.395326483
S_80,51.04,16.81,8200.007119833177,0,0,0.49143556,-0.5061834,0.18901803,2026-07-01,5,0.42303788
S_81,51.06,16.81,6109.181139309905,0,0,0.5381427,-0.53253514,0.17292,2026-07-01,5,0.43061081
S_82,51.08,16.81,4138.897714803536,0,0,0.7199756,-0.66333455,0.26110226,2026-07-01,5,0.5204335840000001
S_83,51.1,16.81,2594.4511589129984,0,0,0.690006,-0.652414,0.2513201,2026-07-01,5,0.50752984
S_84,51.12,16.81,1523.8956538703992,0,0,0.62536365,-0.5851534,0.22858287,2026-07-01,5,0.47904224300000003
S_85,51.14,16.81,123.62824571182684,0,0,0.5910786,-0.5697141,0.17571168,2026-07-01,5,0.2723339011423654
S_86,51.16,16.81,1107.4803238024615,0,0,0.46918368,-0.4828182,0.13413973,2026-07-01,5,0.394410996
S_87,51.18,16.81,990.510390736507,0,0,0.5422986,-0.55422086,0.16612133,2026-07-01,5,0.4272401901473014
S_88,51.2,16.81,2210.625683987344,0,0,0.6984097,-0.6074703,0.21296631,2026-07-01,5,0.494709434
S_89,51.22,16.81,4244.216239528772,0,0,0.59635425,-0.5708453,0.19182855,2026-07-01,5,0.455637695
S_9,51.12,16.71,7132.92987537034,0,0,0.44559047,-0.44971102,0.15909575,2026-07-01,5,0.39731544100000005
S_90,51.24,16.81,6384.869133637413,0,0,0.57263774,-0.558204,0.14345437,2026-07-01,5,0.42917307000000005
S_91,50.96,16.83,13900.696550902425,0,0,0.63330984,-0.6042642,0.2650929,2026-07-01,5,0.496030112
S_92,50.98,16.83,12364.24594647767,0,0,0.7125713,-0.662509,0.2998627,2026-07-01,5,0.53371647
S_93,51.0,16.83,10953.594163227584,0,0,0.5745404,-0.5872031,0.23413059,2026-07-01,5,0.466014356
S_94,51.02,16.83,9298.41469926228,0,0,0.551336,-0.5427546,0.20954438,2026-07-01,5,0.44921855200000005
S_95,51.04,16.83,7796.744007056143,0,0,0.54724234,-0.5685267,0.22617333,2026-07-01,5,0.45464203400000003
S_96,51.06,16.83,5694.590757082613,0,0,0.5994144,-0.55898464,0.23683482,2026-07-01,5,0.474558248
S_97,51.08,16.83,3534.511095614605,0,0,0.6706453,-0.61027795,0.26716346,2026-07-01,5,0.5080589740000001
S_98,51.1,16.83,1511.4306172008778,0,0,0.66749924,-0.61903113,0.22600527,2026-07-01,5,0.49065188000000004
S_99,51.12,16.83,372.4822459180336,0,0,0.6707174,-0.6081252,0.20370442,2026-07-01,5,0.3571934371836067
S_1,50.96,16.71,19204.135492674224,0,0,0.41975215,-0.45149323,0.16328791,2026-08-01,6,0.391240809
S_10,51.14,16.71,6812.088247351817,0,0,0.39658606,-0.44175023,0.16851509,2026-08-01,6,0.386381854
S_100,51.14,16.83,299.0414108789792,0,0,0.71785253,-0.62937105,0.27553257,2026-08-01,6,0.3853770691757959
S_101,51.16,16.83,193.31260986371728,0,0,0.56728333,-0.55201656,0.18916704,2026-08-01,6,0.2845143369727434
S_102,51.18,16.83,218.76394220477843,0,0,0.6985633,-0.6135741,0.24799381,2026-08-01,6,0.3525193024409557
S_103,51.2,16.83,1750.830765751724,0,0,0.632645,-0.5827278,0.21349506,2026-08-01,6,0.47519152400000003
S_104,51.22,16.83,3972.279685462268,0,0,0.61575985,-0.5568594,0.19040059,2026-08-01,6,0.460888191
S_105,51.24,16.83,5445.385947041962,0,0,0.51797795,-0.45978445,0.11661108,2026-08-01,6,0.402037817
S_106,50.96,16.85,12984.678140135651,0,0,0.49200267,-0.49096113,0.110004075,2026-08-01,6,0.39160243100000003
S_107,50.98,16.85,11325.094646471813,0,0,0.5569012,-0.5288743,0.12880245,2026-08-01,6,0.41859134000000003
S_108,51.0,16.85,9861.896499378292,0,0,0.5971533,-0.52712405,0.16543294,2026-08-01,6,0.445319166
S_109,51.02,16.85,8418.741567826879,0,0,0.47956637,-0.46084547,0.25358698,2026-08-01,6,0.445304703
S_11,51.16,16.71,7197.1030753367495,0,0,0.4201327,-0.43023723,0.09604481,2026-08-01,6,0.36445773400000003
S_110,51.04,16.85,6723.889490045874,0,0,0.44328493,-0.42269787,0.1190021,2026-08-01,6,0.380586319
S_111,51.06,16.85,5421.191720799655,0,0,0.5994602,-0.56256497,0.19095375,2026-08-01,6,0.45621956
S_112,51.08,16.85,3253.6617859423213,0,0,0.612304,-0.55917996,0.20816658,2026-08-01,6,0.466957832
S_113,51.1,16.85,1042.0817532091585,0,0,0.5321203,-0.5124685,0.13181375,2026-08-01,6,0.41236159
S_114,51.12,16.85,152.9756075835791,0,0,0.6654842,-0.6123963,0.22564322,2026-08-01,6,0.3204976695167158
S_115,51.14,16.85,30.375214416566127,145,0,0.6102816,-0.5760902,0.16810647,2026-08-01,6,0.0
S_116,51.16,16.85,129.81078397110568,0,0,0.71978813,-0.6305632,0.22334917,2026-08-01,6,0.3312382637942211
S_117,51.18,16.85,328.7539166104857,0,0,0.7402633,-0.6567898,0.24195679,2026-08-01,6,0.38461248932209713
S_118,51.2,16.85,2136.925593380406,0,0,0.63501054,-0.6027129,0.21850067,2026-08-01,6,0.47790343
S_119,51.22,16.85,2891.784132546267,0,0,0.51625437,-0.50564593,0.15583323,2026-08-01,6,0.417209603
S_12,51.18,16.71,7880.060446899775,0,0,0.7189671,-0.6380711,0.24029845,2026-08-01,6,0.51180951
S_120,51.24,16.85,4629.559266687689,0,0,0.4979445,-0.45173886,0.14196035,2026-08-01,6,0.40616749
S_121,50.96,16.87,12162.057822383023,0,0,0.45361626,-0.4096275,0.10641356,2026-08-01,6,0.378650302
S_122,50.98,16.87,10372.104290519828,0,0,0.6456215,-0.58919466,0.20061989,2026-08-01,6,0.473934406
S_123,51.0,16.87,8783.28397005277,0,0,0.59177715,-0.54882556,0.16087672,2026-08-01,6,0.441883833
S_124,51.02,16.87,7374.158792219467,0,0,0.40523416,-0.43807718,0.08756242,2026-08-01,6,0.356595216
S_125,51.04,16.87,5793.450664727714,0,0,0.516623,-0.48587382,0.1301091,2026-08-01,6,0.40703054000000005
S_126,51.06,16.87,4219.665969002121,0,0,0.63995343,-0.5707257,0.22100614,2026-08-01,6,0.48038848500000003
S_127,51.08,16.87,3145.7712341569377,0,0,0.54047936,-0.54050374,0.14633736,2026-08-01,6,0.420678752
S_128,51.1,16.87,997.1952678499712,0,0,0.6197919,-0.5521583,0.26653433,2026-08-01,6,0.4919903555699942
S_129,51.12,16.87,75.42879838910036,42,0,0.52728564,-0.5331851,0.14726548,2026-08-01,6,0.0
S_13,51.2,16.71,8327.208531487542,0,0,0.7523496,-0.68646413,0.2475903,2026-08-01,6,0.5247409999999999
S_130,51.14,16.87,95.03052149332436,144,0,0.60732925,-0.5533771,0.17617722,2026-08-01,6,0.0
S_131,51.16,16.87,0.5964238645431652,43,0,0.68412095,-0.5977716,0.22083355,2026-08-01,6,0.0
S_132,51.18,16.87,62.120452330665,0,0,0.7119336,-0.64797646,0.24900809,2026-08-01,6,0.325607406466133
S_133,51.2,16.87,839.0660138119009,0,0,0.6368454,-0.5758322,0.20996644,2026-08-01,6,0.4428533987623802
S_134,51.22,16.87,2011.4215042469016,0,0,0.5482587,-0.53843457,0.119458266,2026-08-01,6,0.4122609164
S_135,51.24,16.87,4028.182801526247,0,0,0.52148104,-0.5067356,0.14625065,2026-08-01,6,0.414944572
S_136,50.96,16.89,11452.977110542222,0,0,0.48357475,-0.47814035,0.14110123,2026-08-01,6,0.401512917
S_137,50.98,16.89,9531.1532212864,0,0,0.6268499,-0.56656474,0.18513478,2026-08-01,6,0.462108882
S_138,51.0,16.89,7772.7528452904835,0,0,0.4372733,-0.3916701,0.10872905,2026-08-01,6,0.37467361
S_139,51.02,16.89,6287.684180771339,0,0,0.27025977,-0.29959956,0.057222392,2026-08-01,6,0.30396688780000003
S_14,51.22,16.71,9167.625026369526,0,0,0.7333943,-0.6492144,0.22911033,2026-08-01,6,0.511662422
S_140,51.04,16.89,4966.126143458281,0,0,0.37713373,-0.38168836,0.09113078,2026-08-01,6,0.34959243100000004
S_141,51.06,16.89,3177.13745578146,0,0,0.43447766,-0.4237409,0.1075497,2026-08-01,6,0.373363178
S_142,51.08,16.89,2059.1496145995893,0,0,0.513338,-0.49610454,0.13757388,2026-08-01,6,0.409030952
S_143,51.1,16.89,584.150058798024,0,0,0.54016393,-0.47894,0.15341263,2026-08-01,6,0.3402442427596048
S_144,51.12,16.89,29.2480101924891,21,0,0.5328795,-0.5315196,0.1497812,2026-08-01,6,0.0
S_145,51.14,16.89,166.35084857578028,184,0,0.55132073,-0.5568569,0.16595042,2026-08-01,6,0.0
S_146,51.16,16.89,88.52606590553637,16,0,0.5918217,-0.53955835,0.18887676,2026-08-01,6,0.0
S_147,51.18,16.89,40.6187379953634,0,0,0.67046237,-0.59864616,0.2348954,2026-08-01,6,0.30322061859907273
S_148,51.2,16.89,128.5731600417197,0,0,0.63518256,-0.5603255,0.20578964,2026-08-01,6,0.29858525600834396
S_149,51.22,16.89,1612.966088400308,0,0,0.51379675,-0.4825823,0.13226147,2026-08-01,6,0.407043613
S_15,51.24,16.71,10346.277459912872,0,0,0.5330936,-0.5216772,0.12129427,2026-08-01,6,0.408445788
S_150,51.24,16.89,3836.1304745548578,0,0,0.5993214,-0.5568732,0.18268502,2026-08-01,6,0.452870428
S_151,50.96,16.91,10879.657044859136,0,0,0.49482387,-0.4618091,0.13832024,2026-08-01,6,0.403775257
S_152,50.98,16.91,8834.293411715706,0,0,0.5399983,-0.51948786,0.16712601,2026-08-01,6,0.428849894
S_153,51.0,16.91,6900.951084593016,0,0,0.5332936,-0.492475,0.13680021,2026-08-01,6,0.414708164
S_154,51.02,16.91,5205.976876149072,0,0,0.4467642,-0.41165796,0.11683431,2026-08-01,6,0.38076298399999997
S_155,51.04,16.91,3800.973434448058,0,0,0.49657565,-0.43507475,0.11651416,2026-08-01,6,0.395578359
S_156,51.06,16.91,2512.5632313491706,0,0,0.5145403,-0.47869352,0.12531467,2026-08-01,6,0.404487958
S_157,51.08,16.91,678.6116760835603,0,0,0.5831294,-0.53509295,0.19473137,2026-08-01,6,0.38855370321671207
S_158,51.1,16.91,856.39299833093,0,0,0.6532909,-0.573614,0.19785377,2026-08-01,6,0.44640737766618604
S_159,51.12,16.91,178.3818645157325,4,0,0.60166067,-0.545892,0.18315412,2026-08-01,6,0.20943622190314648
S_16,50.96,16.73,18562.794541818243,0,0,0.5311365,-0.5020818,0.2044409,2026-08-01,6,0.44111731000000004
S_160,51.14,16.91,79.09561123337517,67,0,0.6213063,-0.5591761,0.18436961,2026-08-01,6,0.0
S_161,51.16,16.91,29.5531253741436,125,0,0.6171193,-0.5442765,0.176372,2026-08-01,6,0.0
S_162,51.18,16.91,140.86672674542552,12,0,0.6972453,-0.60434484,0.23958868,2026-08-01,6,0.09318240734908512
S_163,51.2,16.91,76.31560408295768,50,0,0.6602142,-0.57166207,0.21384929,2026-08-01,6,0.0
S_164,51.22,16.91,1287.798552325959,0,0,0.6244968,-0.54943824,0.18559343,2026-08-01,6,0.461586412
S_165,51.24,16.91,3216.653967735071,0,0,0.5233972,-0.49071455,0.09655888,2026-08-01,6,0.395642712
S_166,50.96,16.93,10464.433929184495,0,0,0.58813167,-0.5442554,0.14832094,2026-08-01,6,0.435767877
S_167,50.98,16.93,8317.817703353361,0,0,0.54881006,-0.5300469,0.14607336,2026-08-01,6,0.42307236200000004
S_168,51.0,16.93,6226.424610680338,0,0,0.4484545,-0.4407947,0.112583205,2026-08-01,6,0.37956963200000005
S_169,51.02,16.93,4272.15334819429,0,0,0.54650086,-0.5254324,0.13528855,2026-08-01,6,0.418065678
S_17,50.98,16.73,16577.85936257925,0,0,0.5056648,-0.51904035,0.1605434,2026-08-01,6,0.4159168
S_170,51.04,16.93,2734.6300697935235,0,0,0.4852433,-0.43360335,0.12838279,2026-08-01,6,0.396926106
S_171,51.06,16.93,1405.8627140060885,0,0,0.56403077,-0.5312306,0.14705926,2026-08-01,6,0.428032935
S_172,51.08,16.93,153.7128938178727,8,0,0.5812194,-0.53701264,0.1321076,2026-08-01,6,0.09795143876357457
S_173,51.1,16.93,171.4950135169203,23,0,0.5920034,-0.5393285,0.16184765,2026-08-01,6,0.0
S_174,51.12,16.93,110.37966010894912,171,0,0.6477206,-0.5741542,0.20006303,2026-08-01,6,0.0
S_175,51.14,16.93,35.063298395709715,86,0,0.6196618,-0.5344983,0.20080343,2026-08-01,6,0.0
S_176,51.16,16.93,119.28241091083214,232,0,0.54096526,-0.49733126,0.15434384,2026-08-01,6,0.0
S_177,51.18,16.93,116.24242338942592,0,0,0.6677605,-0.55209357,0.21063271,2026-08-01,6,0.3078297186778852
S_178,51.2,16.93,243.57309243338528,0,0,0.66614413,-0.57764196,0.22742365,2026-08-01,6,0.339527317486677
S_179,51.22,16.93,934.989887008772,0,0,0.6217559,-0.5437059,0.17084645,2026-08-01,6,0.4418633274017544
S_18,51.0,16.73,14659.31178278656,0,0,0.35200313,-0.41037282,0.15935415,2026-08-01,6,0.369342599
S_180,51.24,16.93,3093.126161565517,0,0,0.57074434,-0.5409482,0.14560902,2026-08-01,6,0.42946691000000004
S_181,50.96,16.95,10226.581742100509,0,0,0.58340144,-0.5470466,0.14456742,2026-08-01,6,0.4328474
S_182,50.98,16.95,8016.664197115699,0,0,0.61108476,-0.5848399,0.15041624,2026-08-01,6,0.44349192400000004
S_183,51.0,16.95,5818.1929194215,0,0,0.37997448,-0.38633135,0.096478164,2026-08-01,6,0.3525836096
S_184,51.02,16.95,3651.912744084874,0,0,0.48730752,-0.49495664,0.15418762,2026-08-01,6,0.40786730400000004
S_185,51.04,16.95,1649.9390675083405,0,0,0.2986135,-0.32280487,0.06879378,2026-08-01,6,0.317101562
S_186,51.06,16.95,410.0436766351651,0,0,0.46042028,-0.43585694,0.15522873,2026-08-01,6,0.282226311327033
S_187,51.08,16.95,135.73596988018187,17,0,0.547437,-0.4779157,0.17322959,2026-08-01,6,0.0
S_188,51.1,16.95,247.77790874820764,497,0,0.4890515,-0.44638473,0.1310992,2026-08-01,6,0.0
S_189,51.12,16.95,32.48864238868553,207,0,0.52402014,-0.48699126,0.1591768,2026-08-01,6,0.0
S_19,51.02,16.73,12840.031827983006,0,0,0.37780243,-0.4018438,0.17963892,2026-08-01,6,0.385196297
S_190,51.14,16.95,58.19435946083127,26,0,0.47420847,-0.46253496,0.15742137,2026-08-01,6,0.0
S_191,51.16,16.95,130.6314516932038,2,0,0.58567905,-0.5072889,0.1804669,2026-08-01,6,0.23401676533864077
S_192,51.18,16.95,178.81956525149948,0,0,0.70044696,-0.6200375,0.17182073,2026-08-01,6,0.3146262930502999
S_193,51.2,16.95,22.64852181705673,0,0,0.711297,-0.6031252,0.23572576,2026-08-01,6,0.3122091083634113
S_194,51.22,16.95,1150.6667062630731,0,0,0.5442775,-0.52516073,0.14255345,2026-08-01,6,0.42030463
S_195,51.24,16.95,3375.3802928720816,0,0,0.61609733,-0.5341595,0.19860022,2026-08-01,6,0.46426928700000003
S_196,50.96,16.97,10021.414158449285,0,0,0.62369955,-0.5850216,0.16908436,2026-08-01,6,0.454743609
S_197,50.98,16.97,7910.592124100563,0,0,0.6312679,-0.59615386,0.18866828,2026-08-01,6,0.464847682
S_198,51.0,16.97,5733.420616111684,0,0,0.44090554,-0.39162767,0.11105436,2026-08-01,6,0.376693406
S_199,51.02,16.97,3515.349555011848,0,0,0.40438655,-0.39286414,0.10362175,2026-08-01,6,0.36276466500000004
S_2,50.98,16.71,17290.38293212061,0,0,0.38822052,-0.4460076,0.18458116,2026-08-01,6,0.39029862000000004
S_20,51.04,16.73,11168.639446384244,0,0,0.4942317,-0.44171333,0.1852324,2026-08-01,6,0.42236247
S_200,51.04,16.97,1320.5917622766913,0,0,0.43117237,-0.40977335,0.09012355,2026-08-01,6,0.36540113100000005
S_201,51.06,16.97,147.75952938197452,167,0,0.49339756,-0.43945813,0.13089702,2026-08-01,6,0.0
S_202,51.08,16.97,340.05915963391885,216,0,0.5961144,-0.5381456,0.14723645,2026-08-01,6,0.005740731926783815
S_203,51.1,16.97,365.3418207991952,21,0,0.4828696,-0.4152435,0.119001,2026-08-01,6,0.0
S_204,51.12,16.97,67.7717167848776,382,0,0.4645799,-0.3940856,0.123555474,2026-08-01,6,0.0
S_205,51.14,16.97,412.10660404271215,202,0,0.45873576,-0.4020079,0.13553919,2026-08-01,6,0.0
S_206,51.16,16.97,16.5153612818919,0,0,0.5923119,-0.4871178,0.15921277,2026-08-01,6,0.2446817502563784
S_207,51.18,16.97,2.9191676711853622,0,0,0.7004672,-0.6077294,0.20267424,2026-08-01,6,0.29179368953423707
S_208,51.2,16.97,155.10794754818698,11,0,0.6417787,-0.5685868,0.19888052,2026-08-01,6,0.08310740750963738
S_209,51.22,16.97,1398.73570960171,0,0,0.4400328,-0.44277823,0.11399929,2026-08-01,6,0.377609556
S_21,51.06,16.73,9721.71749163114,0,0,0.39124334,-0.4311292,0.17365503,2026-08-01,6,0.386835014
S_210,51.24,16.97,3500.14658272472,0,0,0.50541806,-0.49138096,0.120455675,2026-08-01,6,0.399807688
S_211,50.96,16.99,9604.746935014811,0,0,0.6183792,-0.60437477,0.18818058,2026-08-01,6,0.460785992
S_212,50.98,16.99,7499.008014909064,0,0,0.59047747,-0.55253124,0.1677236,2026-08-01,6,0.444232681
S_213,51.0,16.99,5357.026442742652,0,0,0.4707454,-0.4294018,0.11622488,2026-08-01,6,0.387713572
S_214,51.02,16.99,3261.557369365852,0,0,0.5076119,-0.4410301,0.15879779,2026-08-01,6,0.41580268600000003
S_215,51.04,16.99,1331.156605452766,0,0,0.58438593,-0.5279799,0.13270578,2026-08-01,6,0.42839809100000004
S_216,51.06,16.99,67.99246611873737,190,0,0.5160717,-0.48992023,0.13253355,2026-08-01,6,0.0
S_217,51.08,16.99,332.1993831246549,235,0,0.462131,-0.42724478,0.11353576,2026-08-01,6,0.0
S_218,51.1,16.99,95.92616121470772,365,0,0.4431811,-0.3965522,0.12421685,2026-08-01,6,0.0
S_219,51.12,16.99,328.76141429986643,366,0,0.42093962,-0.39533493,0.11048349,2026-08-01,6,0.0
S_22,51.08,16.73,8506.568173937441,0,0,0.42773843,-0.4715541,0.21331291,2026-08-01,6,0.413646693
S_220,51.14,16.99,268.2790269957991,83,0,0.39604577,-0.36581483,0.16058442,2026-08-01,6,0.0
S_221,51.16,16.99,73.6050073256935,4,0,0.57757413,-0.51037526,0.24295759,2026-08-01,6,0.2051762764651387
S_222,51.18,16.99,123.6884542477482,11,0,0.64052993,-0.5570623,0.18642834,2026-08-01,6,0.07146800584954963
S_223,51.2,16.99,168.12409711065547,0,0,0.5767903,-0.51000494,0.13306013,2026-08-01,6,0.25988596142213105
S_224,51.22,16.99,1746.1197465715757,0,0,0.5081277,-0.49529803,0.13520886,2026-08-01,6,0.406521854
S_225,51.24,16.99,3909.727010031838,0,0,0.47117177,-0.4147533,0.1286181,2026-08-01,6,0.39279877100000005
S_226,50.96,17.01,9302.025966010857,0,0,0.6106597,-0.5598259,0.16164403,2026-08-01,6,0.447855522
S_227,50.98,17.01,7107.333504160153,0,0,0.61620826,-0.5730801,0.13961546,2026-08-01,6,0.440708662
S_228,51.0,17.01,4939.745864156982,0,0,0.48755237,-0.45751294,0.144968,2026-08-01,6,0.40425291100000005
S_229,51.02,17.01,2861.553217630114,0,0,0.47622564,-0.4498743,0.1139464,2026-08-01,6,0.388446252
S_23,51.1,16.73,6936.109378879808,0,0,0.42339385,-0.4414236,0.108514875,2026-08-01,6,0.370424105
S_230,51.04,17.01,708.5497524206784,0,0,0.54699343,-0.504101,0.12333982,2026-08-01,6,0.3551439074841357
S_231,51.06,17.01,185.8425725294435,221,0,0.5058325,-0.45915836,0.14055657,2026-08-01,6,0.0
S_232,51.08,17.01,492.6122690702354,269,0,0.4375301,-0.39907905,0.10530582,2026-08-01,6,0.0
S_233,51.1,17.01,739.3658417430682,357,0,0.4163268,-0.3852279,0.12373935,2026-08-01,6,0.022266948348613702
S_234,51.12,17.01,975.8713986883582,194,0,0.37413046,-0.3510188,0.116095215,2026-08-01,6,0.05385150373767167
S_235,51.14,17.01,379.9979625897767,10,0,0.4350348,-0.3917423,0.21995643,2026-08-01,6,0.09449260451795533
S_236,51.16,17.01,47.96600225330634,194,0,0.6058534,-0.51176167,0.21745782,2026-08-01,6,0.0
S_237,51.18,17.01,162.33728524036934,0,0,0.6043774,-0.5479148,0.2382722,2026-08-01,6,0.30908955704807384
S_238,51.2,17.01,522.3469551576198,0,0,0.55909085,-0.5175767,0.14074768,2026-08-01,6,0.328495718031524
S_239,51.22,17.01,2309.388779925825,0,0,0.5332317,-0.50151116,0.11269103,2026-08-01,6,0.405045922
S_24,51.12,16.73,5810.251733180315,0,0,0.42101032,-0.44206947,0.06311347,2026-08-01,6,0.35154848400000005
S_240,51.24,17.01,4320.154486873881,0,0,0.5052591,-0.42067805,0.14300263,2026-08-01,6,0.408778782
S_241,50.96,17.03,9205.759974995748,0,0,0.48839217,-0.49795994,0.13229589,2026-08-01,6,0.39943600700000004
S_242,50.98,17.03,6980.9290012326765,0,0,0.50684476,-0.5186336,0.1213508,2026-08-01,6,0.400593748
S_243,51.0,17.03,4756.164058545855,0,0,0.49344096,-0.47543517,0.10312245,2026-08-01,6,0.389281268
S_244,51.02,17.03,2531.6591433168446,0,0,0.49890152,-0.45821267,0.13572098,2026-08-01,6,0.403958848
S_245,51.04,17.03,313.16913283537696,0,0,0.5405642,-0.49867615,0.11976484,2026-08-01,6,0.2727090225670754
S_246,51.06,17.03,168.58167701773638,168,0,0.52830553,-0.4970842,0.13862492,2026-08-01,6,0.0
S_247,51.08,17.03,726.1887889648634,17,0,0.38429525,-0.3817294,0.08491898,2026-08-01,6,0.0
S_248,51.1,17.03,1524.3718245292073,326,0,0.29976678,-0.30662364,0.06488509,2026-08-01,6,0.015884070000000028
S_249,51.12,17.03,1695.1292589071084,346,0,0.36919305,-0.35371524,0.075476505,2026-08-01,6,0.04094851700000002
S_25,51.14,16.73,5412.525413426852,0,0,0.49820045,-0.47351956,0.11512879,2026-08-01,6,0.395511651
S_250,51.14,17.03,587.7412940066755,456,0,0.3711254,-0.3596776,0.07702267,2026-08-01,6,0.0
S_251,51.16,17.03,87.43406113267545,278,0,0.48737976,-0.47099394,0.22530556,2026-08-01,6,0.0
S_252,51.18,17.03,253.34953180821336,6,0,0.5942805,-0.53739387,0.24013337,2026-08-01,6,0.20500740436164266
S_253,51.2,17.03,1408.1716662089086,0,0,0.5748914,-0.5338592,0.13370676,2026-08-01,6,0.42595012400000004
S_254,51.22,17.03,3149.442431326004,0,0,0.4790898,-0.48165107,0.10438198,2026-08-01,6,0.385479732
S_255,51.24,17.03,4934.831602902228,0,0,0.5880998,-0.5491284,0.13665481,2026-08-01,6,0.431091864
S_256,50.96,17.05,9322.345445162837,0,0,0.47943163,-0.43825465,0.09711833,2026-08-01,6,0.382676821
S_257,50.98,17.05,7133.907327775435,0,0,0.49911752,-0.46940082,0.121096976,2026-08-01,6,0.3981740464
S_258,51.0,17.05,4977.9004993604,0,0,0.49563584,-0.4621277,0.10383776,2026-08-01,6,0.390225856
S_259,51.02,17.05,2910.9997256157144,0,0,0.570364,-0.5260309,0.123313874,2026-08-01,6,0.4204347496
S_26,51.16,16.73,5863.717409588568,0,0,0.3960313,-0.3924873,0.05195037,2026-08-01,6,0.339589538
S_260,51.04,17.05,842.6495839861251,0,0,0.62106836,-0.54401964,0.17491701,2026-08-01,6,0.42481722879722505
S_261,51.06,17.05,26.754012374311475,241,0,0.5343475,-0.45345655,0.13543227,2026-08-01,6,0.0
S_262,51.08,17.05,760.0327535766545,249,0,0.43169227,-0.4058986,0.12257518,2026-08-01,6,0.0305443037153309
S_263,51.1,17.05,905.3365178959564,428,0,0.3885477,-0.34468818,0.07335804,2026-08-01,6,0.026974829579191284
S_264,51.12,17.05,1342.7351323182363,304,0,0.43094975,-0.38997138,0.11224674,2026-08-01,6,0.07418362100000003
S_265,51.14,17.05,1096.9398205322211,166,0,0.49295074,-0.47699663,0.124716386,2026-08-01,6,0.09777177640000001
S_266,51.16,17.05,37.50494213788518,29,0,0.49967542,-0.4692206,0.12067513,2026-08-01,6,0.0
S_267,51.18,17.05,781.3390905233456,0,0,0.64299536,-0.5746282,0.17292057,2026-08-01,6,0.4183346541046692
S_268,51.2,17.05,2627.0151318828944,0,0,0.6080256,-0.55417514,0.15233098,2026-08-01,6,0.44334007200000003
S_269,51.22,17.05,3996.7819122721135,0,0,0.6323359,-0.5781722,0.13935146,2026-08-01,6,0.445441354
S_27,51.18,16.73,6493.224785585582,0,0,0.5911263,-0.5759539,0.24396989,2026-08-01,6,0.47492584600000004
S_270,51.24,17.05,5775.605634906718,0,0,0.63651246,-0.57880545,0.18665233,2026-08-01,6,0.46561467
S_271,50.96,17.07,9503.511109340056,0,0,0.5161154,-0.44546068,0.101526506,2026-08-01,6,0.3954452224
S_272,50.98,17.07,7285.075000429359,0,0,0.50530356,-0.44430864,0.1262313,2026-08-01,6,0.402083588
S_273,51.0,17.07,5072.297259895921,0,0,0.6153059,-0.5673331,0.16727766,2026-08-01,6,0.451502834
S_274,51.02,17.07,2878.275441631271,0,0,0.6521793,-0.6049867,0.16456294,2026-08-01,6,0.461478966
S_275,51.04,17.07,860.946420128604,0,0,0.6535047,-0.5896097,0.20578793,2026-08-01,6,0.45055586602572084
S_276,51.06,17.07,18.403622301136235,17,0,0.6504796,-0.5638046,0.19118795,2026-08-01,6,0.0
S_277,51.08,17.07,214.70843905693792,331,0,0.5456528,-0.4727305,0.15299888,2026-08-01,6,0.0
S_278,51.1,17.07,263.626736591189,71,0,0.53460485,-0.45047987,0.15328106,2026-08-01,6,0.0
S_279,51.12,17.07,620.3995166988473,54,0,0.5146774,-0.47050586,0.13182144,2026-08-01,6,0.031211699339769472
S_28,51.2,16.73,7008.001097177331,0,0,0.73529047,-0.63063264,0.26076594,2026-08-01,6,0.524893517
S_280,51.14,17.07,5.296732199324818,340,0,0.55387646,-0.50045276,0.16028267,2026-08-01,6,0.0
S_281,51.16,17.07,170.6004669692908,0,0,0.5711222,-0.5302545,0.1667345,2026-08-01,6,0.2721505533938582
S_282,51.18,17.07,1059.4018588611032,0,0,0.6609372,-0.61700654,0.19282673,2026-08-01,6,0.47541185199999997
S_283,51.2,17.07,2821.0569727528555,0,0,0.64256316,-0.5832542,0.16382557,2026-08-01,6,0.45829917600000003
S_284,51.22,17.07,4963.876382114957,0,0,0.6896015,-0.6233601,0.20410118,2026-08-01,6,0.488520922
S_285,51.24,17.07,6615.739492012172,0,0,0.7602015,-0.69051594,0.24049792,2026-08-01,6,0.524259618
S_286,50.96,17.09,9505.401786812829,0,0,0.516691,-0.49926934,0.12503362,2026-08-01,6,0.405020748
S_287,50.98,17.09,7285.655100610123,0,0,0.57909894,-0.53778833,0.16383253,2026-08-01,6,0.43926269399999995
S_288,51.0,17.09,5068.946250743713,0,0,0.624986,-0.57491565,0.16646293,2026-08-01,6,0.454080972
S_289,51.02,17.09,2846.062558614396,0,0,0.6538529,-0.6079105,0.20267268,2026-08-01,6,0.477224942
S_29,51.22,16.73,7938.677214869078,0,0,0.68978614,-0.6236634,0.22825243,2026-08-01,6,0.49823681400000003
S_290,51.04,17.09,627.9980417595431,0,0,0.6596533,-0.59836924,0.21428083,2026-08-01,6,0.4092079303519086
S_291,51.06,17.09,118.86744519004682,20,0,0.663876,-0.5792148,0.19661416,2026-08-01,6,0.0015819530380093982
S_292,51.08,17.09,88.13980394258562,107,0,0.644389,-0.5672712,0.18822813,2026-08-01,6,0.0
S_293,51.1,17.09,429.06807227558295,113,0,0.5815048,-0.49252957,0.16135034,2026-08-01,6,0.024805190455116644
S_294,51.12,17.09,450.62107651110034,141,0,0.58204687,-0.5001431,0.15943399,2026-08-01,6,0.028511872302220076
S_295,51.14,17.09,201.25573821191043,248,0,0.5827998,-0.508236,0.14514364,2026-08-01,6,0.0
S_296,51.16,17.09,60.45637724612981,0,0,0.6719988,-0.59256333,0.19419876,2026-08-01,6,0.2913704194492259
S_297,51.18,17.09,402.1787713061745,0,0,0.67032593,-0.5937459,0.19090414,2026-08-01,6,0.35789518926123487
S_298,51.2,17.09,2617.146664306679,0,0,0.64782643,-0.6033671,0.17327555,2026-08-01,6,0.46365814899999996
S_299,51.22,17.09,4841.310711102912,0,0,0.68796587,-0.6391941,0.20944515,2026-08-01,6,0.490167821
S_3,51.0,16.71,15460.167737524162,0,0,0.3388045,-0.35812747,0.048864283,2026-08-01,6,0.3211870632
S_30,51.24,16.73,9275.33000166609,0,0,0.50792605,-0.52080256,0.11074867,2026-08-01,6,0.39667728300000005
S_300,51.24,17.09,7065.999347705496,0,0,0.6987029,-0.6408058,0.2266819,2026-08-01,6,0.50028363
S_301,50.96,17.11,9502.278649368596,0,0,0.51305777,-0.50527924,0.108489,2026-08-01,6,0.397312931
S_302,50.98,17.11,7280.877747704259,0,0,0.5851723,-0.5373385,0.14705634,2026-08-01,6,0.434374226
S_303,51.0,17.11,5062.534830177265,0,0,0.61786616,-0.564681,0.17816529,2026-08-01,6,0.45662596400000005
S_304,51.02,17.11,2854.4062347284403,0,0,0.6428987,-0.5751246,0.18167296,2026-08-01,6,0.46553879400000003
S_305,51.04,17.11,752.6021058611249,0,0,0.64806443,-0.5738736,0.22049929,2026-08-01,6,0.433139466172225
S_306,51.06,17.11,404.7006786032911,0,0,0.63416827,-0.57263094,0.17224883,2026-08-01,6,0.34009014872065824
S_307,51.08,17.11,21.61305392219596,0,0,0.6470329,-0.56175816,0.1810354,2026-08-01,6,0.2708466407844392
S_308,51.1,17.11,626.639890995596,124,0,0.586771,-0.5156604,0.16037431,2026-08-01,6,0.0655090021991192
S_309,51.12,17.11,293.12140737681347,400,0,0.47967708,-0.41903776,0.11621884,2026-08-01,6,0.0
S_31,50.96,16.75,18000.470905369522,0,0,0.4220527,-0.4758775,0.19292812,2026-08-01,6,0.40378705800000003
S_310,51.14,17.11,1.2634738104871963,7,0,0.5678099,-0.49498007,0.16391714,2026-08-01,6,0.09616252076209741
S_311,51.16,17.11,11.974441257387422,96,0,0.614828,-0.5358356,0.18828179,2026-08-01,6,0.0
S_312,51.18,17.11,652.976173360686,0,0,0.6173279,-0.5692824,0.18480441,2026-08-01,6,0.3897153686721372
S_313,51.2,17.11,2734.1440659639547,0,0,0.5642223,-0.5366294,0.17099601,2026-08-01,6,0.437665094
S_314,51.22,17.11,4788.973441161141,0,0,0.59961563,-0.5415539,0.15996309,2026-08-01,6,0.443869925
S_315,51.24,17.11,6891.885687981036,0,0,0.60580784,-0.5656629,0.15030783,2026-08-01,6,0.44186548400000003
S_316,50.96,17.13,9406.611013607397,0,0,0.535437,-0.5232328,0.099091664,2026-08-01,6,0.4002677656
S_317,50.98,17.13,7196.12198055024,0,0,0.5662781,-0.5198135,0.088448234,2026-08-01,6,0.40526272360000004
S_318,51.0,17.13,4998.414551367272,0,0,0.50913674,-0.46853775,0.06510408,2026-08-01,6,0.378782654
S_319,51.02,17.13,2843.301120642574,0,0,0.48674202,-0.4199822,0.10056288,2026-08-01,6,0.386247758
S_32,50.98,16.75,15952.247462011475,0,0,0.46589747,-0.4280328,0.19815083,2026-08-01,6,0.419029573
S_320,51.04,17.13,1041.5912548421352,0,0,0.5408931,-0.47732392,0.1200379,2026-08-01,6,0.41028309
S_321,51.06,17.13,211.6792510664819,0,0,0.63084793,-0.5320554,0.17640169,2026-08-01,6,0.30215090521329635
S_322,51.08,17.13,49.6135296497983,0,0,0.6779346,-0.61792284,0.2007877,2026-08-01,6,0.29361816592995965
S_323,51.1,17.13,9.46748805952812,0,0,0.64969325,-0.56247985,0.1951421,2026-08-01,6,0.27485831261190563
S_324,51.12,17.13,26.32567471779296,52,0,0.62877256,-0.5365735,0.19356012,2026-08-01,6,0.0
S_325,51.14,17.13,86.17281976514295,100,0,0.6051637,-0.5179043,0.16541289,2026-08-01,6,0.0
S_326,51.16,17.13,94.59162240169668,258,0,0.5460459,-0.48981217,0.15024704,2026-08-01,6,0.0
S_327,51.18,17.13,289.3309346024406,0,0,0.5643092,-0.5149088,0.15713096,2026-08-01,6,0.2900113309204881
S_328,51.2,17.13,2233.8334123942354,0,0,0.53919584,-0.52672404,0.15596724,2026-08-01,6,0.424145648
S_329,51.22,17.13,4433.292020477803,0,0,0.56401855,-0.5328169,0.14631155,2026-08-01,6,0.42773018500000004
S_33,51.0,16.75,13953.746654401524,0,0,0.37937212,-0.41227424,0.11620867,2026-08-01,6,0.360295104
S_330,51.24,17.13,6649.757122092191,0,0,0.47794935,-0.48230305,0.119840965,2026-08-01,6,0.391321191
S_331,50.96,17.15,9302.065628001628,0,0,0.6719198,-0.584396,0.1839559,2026-08-01,6,0.4751583
S_332,50.98,17.15,7077.2259491861805,0,0,0.59589237,-0.5301641,0.14968483,2026-08-01,6,0.43864164299999997
S_333,51.0,17.15,4852.415661603735,0,0,0.5077971,-0.43838894,0.07934336,2026-08-01,6,0.384076474
S_334,51.02,17.15,2627.7286660969885,0,0,0.45794487,-0.41654,0.08326636,2026-08-01,6,0.370690005
S_335,51.04,17.15,405.3255842916269,0,0,0.5395039,-0.48556933,0.1394119,2026-08-01,6,0.2986810468583254
S_336,51.06,17.15,311.1005865256748,0,0,0.597153,-0.4697441,0.17284217,2026-08-01,6,0.310502885305135
S_337,51.08,17.15,379.9059987106683,0,0,0.6501363,-0.56987864,0.19591163,2026-08-01,6,0.3493867417421337
S_338,51.1,17.15,47.71133279133735,48,0,0.67607003,-0.6270131,0.22616811,2026-08-01,6,0.0028305195582674636
S_339,51.12,17.15,31.8034264834681,0,0,0.64598143,-0.5650198,0.19146897,2026-08-01,6,0.2767427022966936
S_34,51.02,16.75,12028.58577000032,0,0,0.3644834,-0.37944147,0.047019843,2026-08-01,6,0.32815295720000004
S_340,51.14,17.15,612.9558315376042,0,0,0.60618234,-0.5408962,0.15592186,2026-08-01,6,0.3668146123075209
S_341,51.16,17.15,29.59519998379784,12,0,0.5660565,-0.50205153,0.16081238,2026-08-01,6,6.0941996759600325e-05
S_342,51.18,17.15,504.73404352611607,0,0,0.6046734,-0.5326613,0.17827727,2026-08-01,6,0.3536597367052232
S_343,51.2,17.15,2272.8014071320617,0,0,0.6323368,-0.57818884,0.16782004,2026-08-01,6,0.456829056
S_344,51.22,17.15,4456.511132128606,0,0,0.5935328,-0.5751849,0.1603105,2026-08-01,6,0.44218404
S_345,51.24,17.15,6667.206056752632,0,0,0.5486525,-0.53693193,0.1214095,2026-08-01,6,0.41315955
S_346,50.96,17.17,9400.094892925816,0,0,0.61528397,-0.5636341,0.14622122,2026-08-01,6,0.44307367900000005
S_347,50.98,17.17,7205.537667660058,0,0,0.5249651,-0.5029428,0.11078032,2026-08-01,6,0.401801658
S_348,51.0,17.17,5037.643313075092,0,0,0.5274083,-0.492366,0.091090284,2026-08-01,6,0.39465860360000005
S_349,51.02,17.17,2955.6922018360483,0,0,0.58912694,-0.4986237,0.12605329,2026-08-01,6,0.427159398
S_35,51.04,16.75,10225.838452160657,0,0,0.5008971,-0.46990734,0.23290168,2026-08-01,6,0.44342980200000004
S_350,51.04,17.17,1351.7422326019637,0,0,0.5386062,-0.48016134,0.14722253,2026-08-01,6,0.420470872
S_351,51.06,17.17,928.5546687939476,0,0,0.553187,-0.4387438,0.16213177,2026-08-01,6,0.41651974175878953
S_352,51.08,17.17,1222.2373882291276,0,0,0.5607989,-0.5046412,0.15910956,2026-08-01,6,0.431883494
S_353,51.1,17.17,64.3623122469601,11,0,0.6195637,-0.5227308,0.16816969,2026-08-01,6,0.046009448449392004
S_354,51.12,17.17,782.985738214666,0,0,0.6293527,-0.55414,0.17319746,2026-08-01,6,0.4146819416429332
S_355,51.14,17.17,1685.2291347635687,0,0,0.57129556,-0.52358866,0.15592061,2026-08-01,6,0.433756912
S_356,51.16,17.17,1175.496525571058,0,0,0.5120706,-0.45167318,0.12972869,2026-08-01,6,0.405512656
S_357,51.18,17.17,1045.405382052987,0,0,0.5647315,-0.5167506,0.15245992,2026-08-01,6,0.43040341800000004
S_358,51.2,17.17,2797.905024062247,0,0,0.7541439,-0.69062316,0.25001723,2026-08-01,6,0.526250062
S_359,51.22,17.17,4848.664960109084,0,0,0.6825451,-0.64179474,0.22201715,2026-08-01,6,0.49357039
S_36,51.06,16.75,8622.635029524121,0,0,0.5170289,-0.47917697,0.2158541,2026-08-01,6,0.44145031
S_360,51.24,17.17,6936.034365292944,0,0,0.469507,-0.4636494,0.11820714,2026-08-01,6,0.38813495600000003
S_361,50.96,17.19,9702.407959934322,0,0,0.5627331,-0.5269393,0.08674285,2026-08-01,6,0.40351707
S_362,50.98,17.19,7595.544875188068,0,0,0.51329005,-0.47199824,0.07202569,2026-08-01,6,0.38279729100000004
S_363,51.0,17.19,5581.034959595853,0,0,0.54925734,-0.5356154,0.08748186,2026-08-01,6,0.39976994600000004
S_364,51.02,17.19,3808.381448597596,0,0,0.59050333,-0.54970545,0.10722044,2026-08-01,6,0.420039175
S_365,51.04,17.19,2677.399665191623,0,0,0.61113274,-0.56744444,0.15956832,2026-08-01,6,0.44716715
S_366,51.06,17.19,1391.3829292996506,0,0,0.584805,-0.5149815,0.15879008,2026-08-01,6,0.438957532
S_367,51.08,17.19,1721.6045046302854,0,0,0.5747982,-0.5434449,0.13061899,2026-08-01,6,0.424687056
S_368,51.1,17.19,1184.036912541745,0,0,0.628519,-0.5480035,0.18163483,2026-08-01,6,0.46120963200000004
S_369,51.12,17.19,1776.3806349218871,0,0,0.6211981,-0.5544718,0.18650657,2026-08-01,6,0.460962058
S_37,51.08,16.75,7350.725399726949,0,0,0.46833014,-0.5181311,0.16999178,2026-08-01,6,0.408495754
S_370,51.14,17.19,2564.33775392618,0,0,0.6007249,-0.5500964,0.1636976,2026-08-01,6,0.44569651
S_371,51.16,17.19,2567.547044450593,0,0,0.5909282,-0.54360586,0.1391297,2026-08-01,6,0.43293034
S_372,51.18,17.19,2389.1599553755764,0,0,0.6486233,-0.57805645,0.20284796,2026-08-01,6,0.475726174
S_373,51.2,17.19,3548.269857966122,0,0,0.7277919,-0.651455,0.23492095,2026-08-01,6,0.51230595
S_374,51.22,17.19,5404.641768609151,0,0,0.5893357,-0.5558873,0.13070959,2026-08-01,6,0.429084546
S_375,51.24,17.19,7456.230708247526,0,0,0.51539034,-0.47312206,0.115051344,2026-08-01,6,0.4006376396
S_376,50.96,17.21,10190.839513748497,0,0,0.54639494,-0.51271796,0.08587588,2026-08-01,6,0.398268834
S_377,50.98,17.21,8210.03594069413,0,0,0.6040748,-0.542091,0.14635232,2026-08-01,6,0.43976336800000004
S_378,51.0,17.21,6391.886841119376,0,0,0.60117984,-0.57833976,0.14108308,2026-08-01,6,0.43678718400000005
S_379,51.02,17.21,4906.809099143584,0,0,0.62755823,-0.5803578,0.18145885,2026-08-01,6,0.46085100900000003
S_38,51.1,16.75,5908.015345296582,0,0,0.44497886,-0.46942914,0.08778651,2026-08-01,6,0.36860826199999996
S_380,51.04,17.21,3974.282833083281,0,0,0.629422,-0.5821147,0.1998927,2026-08-01,6,0.46878368000000004
S_381,51.06,17.21,2630.657955118508,0,0,0.58767796,-0.52946496,0.16063221,2026-08-01,6,0.440556272
S_382,51.08,17.21,2818.8981827577068,0,0,0.5507068,-0.53320676,0.13757265,2026-08-01,6,0.42024110000000003
S_383,51.1,17.21,2460.9366280540366,0,0,0.61961764,-0.54179996,0.17440434,2026-08-01,6,0.455647028
S_384,51.12,17.21,2811.402315802659,0,0,0.6654004,-0.58931226,0.20922981,2026-08-01,6,0.483312044
S_385,51.14,17.21,3771.039082895692,0,0,0.5741823,-0.5152531,0.12961574,2026-08-01,6,0.424100986
S_386,51.16,17.21,3964.297130363847,0,0,0.54337037,-0.5165505,0.12853353,2026-08-01,6,0.414424523
S_387,51.18,17.21,3772.9307114841904,0,0,0.57302755,-0.5329857,0.14362639,2026-08-01,6,0.429358821
S_388,51.2,17.21,4594.935939212146,0,0,0.6126325,-0.56754553,0.15885706,2026-08-01,6,0.44733257400000004
S_389,51.22,17.21,6155.712601673673,0,0,0.5425553,-0.52072936,0.14247318,2026-08-01,6,0.41975586200000004
S_39,51.12,16.75,4534.291563557253,0,0,0.49867633,-0.4800418,0.20814334,2026-08-01,6,0.43286023500000004
S_390,51.24,17.21,8024.6705081537875,0,0,0.48628917,-0.4643055,0.11341407,2026-08-01,6,0.391252379
S_391,50.96,17.23,10840.25969081234,0,0,0.51468277,-0.480241,0.0849393,2026-08-01,6,0.388380551
S_392,50.98,17.23,9003.161363737108,0,0,0.5742789,-0.53280246,0.1181209,2026-08-01,6,0.41953203
S_393,51.0,17.23,7382.589353045482,0,0,0.6114565,-0.54747725,0.10952047,2026-08-01,6,0.42724513799999997
S_394,51.02,17.23,6111.605858024738,0,0,0.65629375,-0.60146016,0.16843349,2026-08-01,6,0.464261521
S_395,51.04,17.23,4971.335173736405,0,0,0.6007496,-0.5468749,0.15466644,2026-08-01,6,0.442091456
S_396,51.06,17.23,3979.420376276317,0,0,0.60947937,-0.53840595,0.14548784,2026-08-01,6,0.441038947
S_397,51.08,17.23,4105.821277418549,0,0,0.6079629,-0.52840096,0.15848085,2026-08-01,6,0.44578121
S_398,51.1,17.23,3825.238852130517,0,0,0.6394023,-0.5338754,0.15576458,2026-08-01,6,0.454126522
S_399,51.12,17.23,4059.24751098903,0,0,0.6340233,-0.5618712,0.18107416,2026-08-01,6,0.46263665400000004
S_4,51.02,16.71,13746.899774716265,0,0,0.35712364,-0.41794276,0.07049101,2026-08-01,6,0.335333496
S_40,51.14,16.75,4013.110042361553,0,0,0.38683614,-0.41420293,0.06800055,2026-08-01,6,0.343251062
S_400,51.14,17.23,5077.889591772684,0,0,0.4743089,-0.42263564,0.11336758,2026-08-01,6,0.387639702
S_401,51.16,17.23,5362.238851744935,0,0,0.55825716,-0.49923182,0.13867581,2026-08-01,6,0.42294747200000005
S_402,51.18,17.23,5164.650253401098,0,0,0.6080132,-0.55414987,0.16487356,2026-08-01,6,0.448353384
S_403,51.2,17.23,5791.946670621568,0,0,0.5909968,-0.55547017,0.134295,2026-08-01,6,0.43101704
S_404,51.22,17.23,7093.700827252286,0,0,0.54610515,-0.51441455,0.122327805,2026-08-01,6,0.41276266699999997
S_405,51.24,17.23,8774.710761505301,0,0,0.4463749,-0.45616266,0.122199334,2026-08-01,6,0.3827922036
S_406,50.96,17.25,11623.715328983602,0,0,0.457613,-0.42420232,0.076949835,2026-08-01,6,0.368063834
S_407,50.98,17.25,9932.217903269244,0,0,0.6417958,-0.57458794,0.17065535,2026-08-01,6,0.46080088
S_408,51.0,17.25,8484.01056952527,0,0,0.5926627,-0.5532541,0.14344057,2026-08-01,6,0.435175038
S_409,51.02,17.25,7384.285945805905,0,0,0.58012146,-0.51606333,0.1428716,2026-08-01,6,0.431185078
S_41,51.16,16.75,4531.119295161696,0,0,0.463753,-0.48515967,0.09979972,2026-08-01,6,0.379045788
S_410,51.04,17.25,6129.1194061255255,0,0,0.621178,-0.5290791,0.18355083,2026-08-01,6,0.459773732
S_411,51.06,17.25,5355.576514058632,0,0,0.588131,-0.5458574,0.16147014,2026-08-01,6,0.441027356
S_412,51.08,17.25,5449.646214796447,0,0,0.56223,-0.5105449,0.13512342,2026-08-01,6,0.422718368
S_413,51.1,17.25,5208.939555461392,0,0,0.61387277,-0.5317629,0.154687,2026-08-01,6,0.446036631
S_414,51.12,17.25,5382.7184159775925,0,0,0.627398,-0.5770807,0.16347878,2026-08-01,6,0.45361091200000003
S_415,51.14,17.25,6380.169182758276,0,0,0.5712925,-0.5037426,0.15857062,2026-08-01,6,0.434815998
S_416,51.16,17.25,6760.631388968914,0,0,0.5686277,-0.5290343,0.14300182,2026-08-01,6,0.427789038
S_417,51.18,17.25,6559.259200270753,0,0,0.7715029,-0.70494604,0.2913875,2026-08-01,6,0.54800587
S_418,51.2,17.25,7063.273077274323,0,0,0.69328666,-0.629419,0.23373145,2026-08-01,6,0.501478578
S_419,51.22,17.25,8164.353191759555,0,0,0.48559085,-0.44014162,0.10977103,2026-08-01,6,0.389585667
S_42,51.18,16.75,5112.8447514642985,0,0,0.706308,-0.63508767,0.2527342,2026-08-01,6,0.5129860800000001
S_420,51.24,17.25,9660.460230112583,0,0,0.5132251,-0.47841865,0.11908491,2026-08-01,6,0.401601494
S_43,51.2,16.75,5706.64132954761,0,0,0.66461855,-0.6030657,0.22306083,2026-08-01,6,0.488609897
S_44,51.22,16.75,6775.548434194237,0,0,0.5553373,-0.51846033,0.15649667,2026-08-01,6,0.42919985800000005
S_45,51.24,16.75,8302.081445945038,0,0,0.47652653,-0.5013613,0.09728541,2026-08-01,6,0.381872123
S_46,50.96,16.77,17022.908120220254,0,0,0.5193448,-0.45061547,0.19799548,2026-08-01,6,0.435001632
S_47,50.98,16.77,15422.41639279965,0,0,0.55059093,-0.5092846,0.1931133,2026-08-01,6,0.442422599
S_48,51.0,16.77,13349.921110816154,0,0,0.60080445,-0.5490813,0.19551621,2026-08-01,6,0.45844781900000003
S_49,51.02,16.77,11333.075173326231,0,0,0.55497134,-0.5269765,0.20981859,2026-08-01,6,0.45041883800000004
S_5,51.04,16.71,12199.952563339264,0,0,0.42283335,-0.47590852,0.15051052,2026-08-01,6,0.387054213
S_50,51.04,16.77,9398.22334858242,0,0,0.54362863,-0.4893448,0.1814203,2026-08-01,6,0.435656709
S_51,51.06,16.77,7623.368673179539,0,0,0.56433076,-0.5165485,0.24214141,2026-08-01,6,0.466155792
S_52,51.08,16.77,6148.669471297736,0,0,0.5319551,-0.5193483,0.20060506,2026-08-01,6,0.43982855400000004
S_53,51.1,16.77,5053.636350499835,0,0,0.5261026,-0.5222353,0.12268365,2026-08-01,6,0.40690424000000003
S_54,51.12,16.77,3358.716664473822,0,0,0.52780026,-0.5055796,0.1510118,2026-08-01,6,0.418744798
S_55,51.14,16.77,2614.072225314547,0,0,0.46207598,-0.47257522,0.083445124,2026-08-01,6,0.3720008436
S_56,51.16,16.77,3191.577926385069,0,0,0.65214807,-0.60237247,0.22255623,2026-08-01,6,0.48466691300000003
S_57,51.18,16.77,3746.058938902203,0,0,0.727009,-0.65760285,0.24155279,2026-08-01,6,0.5147238160000001
S_58,51.2,16.77,4425.096477717739,0,0,0.7156845,-0.6424967,0.241458,2026-08-01,6,0.51128855
S_59,51.22,16.77,5718.539643471043,0,0,0.6331406,-0.5881677,0.2192014,2026-08-01,6,0.47762274000000005
S_6,51.06,16.71,10890.438633297126,0,0,0.4038985,-0.4326107,0.17846175,2026-08-01,6,0.39255425
S_60,51.24,16.77,7464.841019661316,0,0,0.6740496,-0.60766894,0.23224391,2026-08-01,6,0.49511244400000004
S_61,50.96,16.79,15947.047960674154,0,0,0.5008594,-0.500457,0.22893845,2026-08-01,6,0.4418332
S_62,50.98,16.79,14509.12439155469,0,0,0.4148583,-0.4447453,0.09793964,2026-08-01,6,0.363633346
S_63,51.0,16.79,12846.126033979224,0,0,0.592304,-0.55053073,0.19251916,2026-08-01,6,0.45469886400000004
S_64,51.02,16.79,10761.477088982943,0,0,0.50427705,-0.45519942,0.11211489,2026-08-01,6,0.396129071
S_65,51.04,16.79,8716.684616946155,0,0,0.64984566,-0.58218706,0.20693952,2026-08-01,6,0.477729506
S_66,51.06,16.79,6768.271669017946,0,0,0.6110189,-0.56908566,0.2104946,2026-08-01,6,0.46750351
S_67,51.08,16.79,5050.2723857274605,0,0,0.5404495,-0.47925094,0.13066365,2026-08-01,6,0.41440031
S_68,51.1,16.79,3826.043540989088,0,0,0.5522652,-0.53124315,0.1927979,2026-08-01,6,0.44279872000000003
S_69,51.12,16.79,2433.623491543097,0,0,0.43257907,-0.5009118,0.11737775,2026-08-01,6,0.37672482100000004
S_7,51.08,16.71,9460.246648260876,0,0,0.37459323,-0.42103133,0.040313754,2026-08-01,6,0.3285034706
S_70,51.14,16.79,1216.7007448199618,0,0,0.39009157,-0.42932978,0.21859714,2026-08-01,6,0.404466327
S_71,51.16,16.79,1936.0636528547705,0,0,0.5020016,-0.4821405,0.08473809,2026-08-01,6,0.384495716
S_72,51.18,16.79,2360.4833464144017,0,0,0.581228,-0.54906005,0.17500582,2026-08-01,6,0.444370728
S_73,51.2,16.79,3206.1302202323163,0,0,0.69969743,-0.63362515,0.23915616,2026-08-01,6,0.505571693
S_74,51.22,16.79,4837.714195186279,0,0,0.509917,-0.5007068,0.13253333,2026-08-01,6,0.405988432
S_75,51.24,16.79,6813.926733180992,0,0,0.665667,-0.6092824,0.23200203,2026-08-01,6,0.492500912
S_76,50.96,16.81,14892.8901715824,0,0,0.585484,-0.54547673,0.20209993,2026-08-01,6,0.456485172
S_77,50.98,16.81,13441.16549326596,0,0,0.45276845,-0.45448437,0.108460344,2026-08-01,6,0.3792146726
S_78,51.0,16.81,11897.905348101373,0,0,0.56949747,-0.5234397,0.1005432,2026-08-01,6,0.41106652099999996
S_79,51.02,16.81,10294.632437154196,0,0,0.4136877,-0.41031942,0.0822053,2026-08-01,6,0.35698843
S_8,51.1,16.71,8076.924726854547,0,0,0.47606787,-0.45975852,0.15556994,2026-08-01,6,0.405048337
S_80,51.04,16.81,8200.007119833177,0,0,0.40834638,-0.40219712,0.09034615,2026-08-01,6,0.358642374
S_81,51.06,16.81,6109.181139309905,0,0,0.5199511,-0.50042,0.12550612,2026-08-01,6,0.40618777800000005
S_82,51.08,16.81,4138.897714803536,0,0,0.67510206,-0.6204212,0.24179502,2026-08-01,6,0.499248626
S_83,51.1,16.81,2594.4511589129984,0,0,0.67819303,-0.63325536,0.24290748,2026-08-01,6,0.500620901
S_84,51.12,16.81,1523.8956538703992,0,0,0.6280985,-0.5623069,0.18077181,2026-08-01,6,0.460738274
S_85,51.14,16.81,123.62824571182684,0,0,0.54835373,-0.5299007,0.14355737,2026-08-01,6,0.24665471614236534
S_86,51.16,16.81,1107.4803238024615,0,0,0.4520492,-0.45536244,0.08165546,2026-08-01,6,0.368276944
S_87,51.18,16.81,990.510390736507,0,0,0.5403309,-0.5279825,0.18701053,2026-08-01,6,0.4350055601473014
S_88,51.2,16.81,2210.625683987344,0,0,0.7002492,-0.61948967,0.20505816,2026-08-01,6,0.492098024
S_89,51.22,16.81,4244.216239528772,0,0,0.53771156,-0.5288875,0.15300304,2026-08-01,6,0.42251468400000003
S_9,51.12,16.71,7132.92987537034,0,0,0.43058363,-0.42162335,0.15814298,2026-08-01,6,0.392432281
S_90,51.24,16.81,6384.869133637413,0,0,0.5376633,-0.5248271,0.15017095,2026-08-01,6,0.42136737
S_91,50.96,16.83,13900.696550902425,0,0,0.5198023,-0.5340705,0.13183212,2026-08-01,6,0.40867353800000006
S_92,50.98,16.83,12364.24594647767,0,0,0.62375206,-0.6052204,0.2385435,2026-08-01,6,0.48254301800000005
S_93,51.0,16.83,10953.594163227584,0,0,0.43920302,-0.45560136,0.1123252,2026-08-01,6,0.376690986
S_94,51.02,16.83,9298.41469926228,0,0,0.4442074,-0.42696705,0.102179766,2026-08-01,6,0.3741341264
S_95,51.04,16.83,7796.744007056143,0,0,0.4522723,-0.47982076,0.10641258,2026-08-01,6,0.378246722
S_96,51.06,16.83,5694.590757082613,0,0,0.5427842,-0.50424904,0.13643679,2026-08-01,6,0.417409976
S_97,51.08,16.83,3534.511095614605,0,0,0.6404496,-0.6066414,0.22786006,2026-08-01,6,0.483278904
S_98,51.1,16.83,1511.4306172008778,0,0,0.6641584,-0.6216675,0.23765162,2026-08-01,6,0.49430816800000005
S_99,51.12,16.83,372.4822459180336,0,0,0.6618855,-0.6035332,0.22092883,2026-08-01,6,0.3614336311836067
S_1,50.96,16.71,19204.135492674224,0,0,0.45624244,-0.46889222,0.111332044,2026-09-01,7,0.3814055496
S_10,51.14,16.71,6812.088247351817,0,0,0.45599583,-0.4554962,0.06843966,2026-09-01,7,0.364174613
S_100,51.14,16.83,299.0414108789792,0,0,0.56651866,-0.5819097,0.20574784,2026-09-01,7,0.31206301617579585
S_101,51.16,16.83,193.31260986371728,0,0,0.51075935,-0.5049083,0.11176918,2026-09-01,7,0.23659799897274342
S_102,51.18,16.83,218.76394220477843,0,0,0.5768903,-0.5805302,0.17368448,2026-09-01,7,0.28629367044095566
S_103,51.2,16.83,1750.830765751724,0,0,0.5358565,-0.4925487,0.098598346,2026-09-01,7,0.4001962884
S_104,51.22,16.83,3972.279685462268,0,0,0.5482447,-0.52630615,0.1167321,2026-09-01,7,0.41116625000000007
S_105,51.24,16.83,5445.385947041962,0,0,0.41486675,-0.3652675,0.12557757,2026-09-01,7,0.37469105300000005
S_106,50.96,16.85,12984.678140135651,0,0,0.45708397,-0.4545694,0.100841515,2026-09-01,7,0.37746179700000004
S_107,50.98,16.85,11325.094646471813,0,0,0.49285036,-0.42191222,0.12158889,2026-09-01,7,0.396490664
S_108,51.0,16.85,9861.896499378292,0,0,0.5045139,-0.4665496,0.12998872,2026-09-01,7,0.403349658
S_109,51.02,16.85,8418.741567826879,0,0,0.40770695,-0.4252785,0.11285022,2026-09-01,7,0.367452173
S_11,51.16,16.71,7197.1030753367495,0,0,0.41986793,-0.44142902,0.083279476,2026-09-01,7,0.3592721694
S_110,51.04,16.85,6723.889490045874,0,0,0.39416048,-0.29965043,0.09497777,2026-09-01,7,0.356239252
S_111,51.06,16.85,5421.191720799655,0,0,0.45739254,-0.43564713,0.09707714,2026-09-01,7,0.376048618
S_112,51.08,16.85,3253.6617859423213,0,0,0.5332929,-0.5052392,0.14465818,2026-09-01,7,0.41785114199999995
S_113,51.1,16.85,1042.0817532091585,0,0,0.53284335,-0.4924583,0.099635676,2026-09-01,7,0.39970727540000006
S_114,51.12,16.85,152.9756075835791,0,0,0.6244287,-0.5652099,0.15919375,2026-09-01,7,0.2816012315167158
S_115,51.14,16.85,30.375214416566127,145,0,0.5889023,-0.5450992,0.15144941,2026-09-01,7,0.0
S_116,51.16,16.85,129.81078397110568,0,0,0.6261298,-0.60157806,0.18668734,2026-09-01,7,0.2884760327942211
S_117,51.18,16.85,328.7539166104857,0,0,0.60271776,-0.59514254,0.20718198,2026-09-01,7,0.32943890332209713
S_118,51.2,16.85,2136.925593380406,0,0,0.55286026,-0.51619536,0.12180664,2026-09-01,7,0.414580734
S_119,51.22,16.85,2891.784132546267,0,0,0.4242238,-0.42001733,0.08741473,2026-09-01,7,0.362233032
S_12,51.18,16.71,7880.060446899775,0,0,0.6181977,-0.60634285,0.22406666,2026-09-01,7,0.475085974
S_120,51.24,16.85,4629.559266687689,0,0,0.40671358,-0.32469797,0.12406603,2026-09-01,7,0.371640486
S_121,50.96,16.87,12162.057822383023,0,0,0.43933505,-0.41261956,0.089006245,2026-09-01,7,0.367403013
S_122,50.98,16.87,10372.104290519828,0,0,0.58397096,-0.56573164,0.14366391,2026-09-01,7,0.43265685200000004
S_123,51.0,16.87,8783.28397005277,0,0,0.5389189,-0.52247417,0.14062017,2026-09-01,7,0.417923738
S_124,51.02,16.87,7374.158792219467,0,0,0.4449368,-0.4352519,0.05551571,2026-09-01,7,0.355687324
S_125,51.04,16.87,5793.450664727714,0,0,0.44771248,-0.40497607,0.11727067,2026-09-01,7,0.38122201200000005
S_126,51.06,16.87,4219.665969002121,0,0,0.54101986,-0.48728758,0.12957023,2026-09-01,7,0.41413405000000003
S_127,51.08,16.87,3145.7712341569377,0,0,0.5218789,-0.5081232,0.10788016,2026-09-01,7,0.39971573400000004
S_128,51.1,16.87,997.1952678499712,0,0,0.5699309,-0.50742835,0.15088892,2026-09-01,7,0.43077389156999424
S_129,51.12,16.87,75.42879838910036,42,0,0.5095385,-0.4999331,0.10439867,2026-09-01,7,0.0
S_13,51.2,16.71,8327.208531487542,0,0,0.64202905,-0.6057712,0.24469422,2026-09-01,7,0.490486403
S_130,51.14,16.87,95.03052149332436,144,0,0.5753847,-0.5105678,0.14873362,2026-09-01,7,0.0
S_131,51.16,16.87,0.5964238645431652,43,0,0.61734015,-0.5629666,0.15076953,2026-09-01,7,0.0
S_132,51.18,16.87,62.120452330665,0,0,0.60930854,-0.595276,0.18450093,2026-09-01,7,0.269017024466133
S_133,51.2,16.87,839.0660138119009,0,0,0.56787753,-0.5373689,0.1287914,2026-09-01,7,0.3896930217623802
S_134,51.22,16.87,2011.4215042469016,0,0,0.47070128,-0.49980047,0.10577236,2026-09-01,7,0.383519328
S_135,51.24,16.87,4028.182801526247,0,0,0.4357081,-0.45575604,0.07946296,2026-09-01,7,0.362497614
S_136,50.96,16.89,11452.977110542222,0,0,0.4602287,-0.3926749,0.09640851,2026-09-01,7,0.376632014
S_137,50.98,16.89,9531.1532212864,0,0,0.56415814,-0.54475,0.13353878,2026-09-01,7,0.422662954
S_138,51.0,16.89,7772.7528452904835,0,0,0.42767352,-0.43595076,0.10270208,2026-09-01,7,0.369382888
S_139,51.02,16.89,6287.684180771339,0,0,0.3112547,-0.28561378,0.055252757,2026-09-01,7,0.3154775128
S_14,51.22,16.71,9167.625026369526,0,0,0.63199466,-0.61061764,0.22393866,2026-09-01,7,0.479173862
S_140,51.04,16.89,4966.126143458281,0,0,0.38796124,-0.35682857,0.06574909,2026-09-01,7,0.342688008
S_141,51.06,16.89,3177.13745578146,0,0,0.46714252,-0.44739723,0.09978089,2026-09-01,7,0.38005511200000003
S_142,51.08,16.89,2059.1496145995893,0,0,0.46979216,-0.45642135,0.12072065,2026-09-01,7,0.389225908
S_143,51.1,16.89,584.150058798024,0,0,0.49253917,-0.46325755,0.1059937,2026-09-01,7,0.3069892427596048
S_144,51.12,16.89,29.2480101924891,21,0,0.49674997,-0.46561748,0.09006002,2026-09-01,7,0.0
S_145,51.14,16.89,166.35084857578028,184,0,0.51183546,-0.5128476,0.13510728,2026-09-01,7,0.0
S_146,51.16,16.89,88.52606590553637,16,0,0.5238057,-0.4887263,0.13591541,2026-09-01,7,0.0
S_147,51.18,16.89,40.6187379953634,0,0,0.6223377,-0.5689104,0.13279624,2026-09-01,7,0.24794355359907266
S_148,51.2,16.89,128.5731600417197,0,0,0.548025,-0.5079771,0.1167913,2026-09-01,7,0.23683865200834392
S_149,51.22,16.89,1612.966088400308,0,0,0.44998875,-0.47661945,0.127176,2026-09-01,7,0.38586702500000003
S_15,51.24,16.71,10346.277459912872,0,0,0.4412433,-0.4481203,0.10800458,2026-09-01,7,0.37557482200000003
S_150,51.24,16.89,3836.1304745548578,0,0,0.49182212,-0.49796072,0.06839316,2026-09-01,7,0.37490389999999996
S_151,50.96,16.91,10879.657044859136,0,0,0.48195368,-0.46244833,0.09509483,2026-09-01,7,0.382624036
S_152,50.98,16.91,8834.293411715706,0,0,0.49487254,-0.42631972,0.106187694,2026-09-01,7,0.39093683960000003
S_153,51.0,16.91,6900.951084593016,0,0,0.47259828,-0.41865975,0.11356771,2026-09-01,7,0.387206568
S_154,51.02,16.91,5205.976876149072,0,0,0.40026924,-0.39259833,0.096536696,2026-09-01,7,0.3586954504
S_155,51.04,16.91,3800.973434448058,0,0,0.4117984,-0.34771314,0.10677746,2026-09-01,7,0.36625050400000003
S_156,51.06,16.91,2512.5632313491706,0,0,0.45285416,-0.40109676,0.14244872,2026-09-01,7,0.392835736
S_157,51.08,16.91,678.6116760835603,0,0,0.5166711,-0.5201474,0.11752308,2026-09-01,7,0.33773289721671207
S_158,51.1,16.91,856.39299833093,0,0,0.65625215,-0.57025,0.17962915,2026-09-01,7,0.44000590466618605
S_159,51.12,16.91,178.3818645157325,4,0,0.56650895,-0.5272403,0.1496619,2026-09-01,7,0.18549381790314645
S_16,50.96,16.73,18562.794541818243,0,0,0.4811603,-0.48323196,0.13051748,2026-09-01,7,0.396555082
S_160,51.14,16.91,79.09561123337517,67,0,0.5750598,-0.53893095,0.13896628,2026-09-01,7,0.0
S_161,51.16,16.91,29.5531253741436,125,0,0.5853616,-0.5203494,0.15721251,2026-09-01,7,0.0
S_162,51.18,16.91,140.86672674542552,12,0,0.63558996,-0.56861085,0.14356057,2026-09-01,7,0.03627456134908508
S_163,51.2,16.91,76.31560408295768,50,0,0.5417068,-0.5512546,0.12669684,2026-09-01,7,0.0
S_164,51.22,16.91,1287.798552325959,0,0,0.5241711,-0.52599967,0.12018924,2026-09-01,7,0.40532702600000003
S_165,51.24,16.91,3216.653967735071,0,0,0.45087984,-0.4651461,0.09438412,2026-09-01,7,0.3730176
S_166,50.96,16.93,10464.433929184495,0,0,0.50119036,-0.48981327,0.11842609,2026-09-01,7,0.397727544
S_167,50.98,16.93,8317.817703353361,0,0,0.47654718,-0.42187944,0.09704397,2026-09-01,7,0.38178174200000004
S_168,51.0,16.93,6226.424610680338,0,0,0.4215362,-0.35282588,0.10027944,2026-09-01,7,0.366572636
S_169,51.02,16.93,4272.15334819429,0,0,0.5206478,-0.5248523,0.10639594,2026-09-01,7,0.398752716
S_17,50.98,16.73,16577.85936257925,0,0,0.4907223,-0.49773768,0.14145507,2026-09-01,7,0.403798718
S_170,51.04,16.93,2734.6300697935235,0,0,0.41078153,-0.3805618,0.11022439,2026-09-01,7,0.367324215
S_171,51.06,16.93,1405.8627140060885,0,0,0.48204324,-0.40891737,0.11479013,2026-09-01,7,0.390529024
S_172,51.08,16.93,153.7128938178727,8,0,0.53311735,-0.52939266,0.117390715,2026-09-01,7,0.07763406976357454
S_173,51.1,16.93,171.4950135169203,23,0,0.5473177,-0.5209886,0.14956081,2026-09-01,7,0.0
S_174,51.12,16.93,110.37966010894912,171,0,0.59205616,-0.533565,0.17616218,2026-09-01,7,0.0
S_175,51.14,16.93,35.063298395709715,86,0,0.5472636,-0.49124825,0.15196776,2026-09-01,7,0.0
S_176,51.16,16.93,119.28241091083214,232,0,0.5135454,-0.4715633,0.13753903,2026-09-01,7,0.0
S_177,51.18,16.93,116.24242338942592,0,0,0.6104578,-0.5309637,0.13802442,2026-09-01,7,0.26159559267788524
S_178,51.2,16.93,243.57309243338528,0,0,0.55646694,-0.5522166,0.12063054,2026-09-01,7,0.2639069164866771
S_179,51.22,16.93,934.989887008772,0,0,0.542608,-0.5166337,0.11405289,2026-09-01,7,0.39540153340175443
S_18,51.0,16.73,14659.31178278656,0,0,0.4647848,-0.44628415,0.038268764,2026-09-01,7,0.35474294559999997
S_180,51.24,16.93,3093.126161565517,0,0,0.49705243,-0.5209201,0.1294097,2026-09-01,7,0.400879609
S_181,50.96,16.95,10226.581742100509,0,0,0.5287721,-0.5259692,0.12329471,2026-09-01,7,0.407949514
S_182,50.98,16.95,8016.664197115699,0,0,0.55572146,-0.5521217,0.15118578,2026-09-01,7,0.42719075
S_183,51.0,16.95,5818.1929194215,0,0,0.36718354,-0.3274067,0.052536633,2026-09-01,7,0.3311697152
S_184,51.02,16.95,3651.912744084874,0,0,0.44654998,-0.4647012,0.08187825,2026-09-01,7,0.36671629400000005
S_185,51.04,16.95,1649.9390675083405,0,0,0.30314475,-0.2603698,0.06010022,2026-09-01,7,0.31498351300000005
S_186,51.06,16.95,410.0436766351651,0,0,0.42986327,-0.36762747,0.09387251,2026-09-01,7,0.24851672032703304
S_187,51.08,16.95,135.73596988018187,17,0,0.4699201,-0.42308173,0.14174154,2026-09-01,7,0.0
S_188,51.1,16.95,247.77790874820764,497,0,0.4270737,-0.41785938,0.13756302,2026-09-01,7,0.0
S_189,51.12,16.95,32.48864238868553,207,0,0.48969308,-0.45462903,0.16966422,2026-09-01,7,0.0
S_19,51.02,16.73,12840.031827983006,0,0,0.40906572,-0.39116082,0.065758266,2026-09-01,7,0.34902302240000005
S_190,51.14,16.95,58.19435946083127,26,0,0.48706973,-0.45413393,0.14327298,2026-09-01,7,0.0
S_191,51.16,16.95,130.6314516932038,2,0,0.53842616,-0.49003914,0.1452704,2026-09-01,7,0.20576229833864074
S_192,51.18,16.95,178.81956525149948,0,0,0.60852337,-0.56643075,0.12404156,2026-09-01,7,0.2679375480502999
S_193,51.2,16.95,22.64852181705673,0,0,0.59109956,-0.55772895,0.14922272,2026-09-01,7,0.24154866036341133
S_194,51.22,16.95,1150.6667062630731,0,0,0.4851704,-0.49803513,0.09270804,2026-09-01,7,0.382634336
S_195,51.24,16.95,3375.3802928720816,0,0,0.5333137,-0.5295472,0.13127907,2026-09-01,7,0.412505738
S_196,50.96,16.97,10021.414158449285,0,0,0.54122514,-0.5430306,0.1342557,2026-09-01,7,0.41606982200000003
S_197,50.98,16.97,7910.592124100563,0,0,0.5334145,-0.5085665,0.14467621,2026-09-01,7,0.41789483400000005
S_198,51.0,16.97,5733.420616111684,0,0,0.3802028,-0.33587462,0.0994896,2026-09-01,7,0.35385668000000003
S_199,51.02,16.97,3515.349555011848,0,0,0.36937305,-0.37326297,0.06880049,2026-09-01,7,0.33833211100000005
S_2,50.98,16.71,17290.38293212061,0,0,0.45039806,-0.46027535,0.059327863,2026-09-01,7,0.3588505632
S_20,51.04,16.73,11168.639446384244,0,0,0.43668544,-0.38280424,0.1078059,2026-09-01,7,0.374127992
S_200,51.04,16.97,1320.5917622766913,0,0,0.37090984,-0.4030213,0.08990954,2026-09-01,7,0.34723676800000003
S_201,51.06,16.97,147.75952938197452,167,0,0.489565,-0.45533514,0.09729542,2026-09-01,7,0.0
S_202,51.08,16.97,340.05915963391885,216,0,0.5914663,-0.55355525,0.15934402,2026-09-01,7,0.009189329926783785
S_203,51.1,16.97,365.3418207991952,21,0,0.46730387,-0.40225405,0.136619,2026-09-01,7,0.0
S_204,51.12,16.97,67.7717167848776,382,0,0.42035186,-0.3887932,0.13701303,2026-09-01,7,0.0
S_205,51.14,16.97,412.10660404271215,202,0,0.42679894,-0.3798938,0.14899155,2026-09-01,7,0.0
S_206,51.16,16.97,16.5153612818919,0,0,0.5517361,-0.49764976,0.17176373,2026-09-01,7,0.23752939425637837
S_207,51.18,16.97,2.9191676711853622,0,0,0.6496819,-0.61975086,0.15713952,2026-09-01,7,0.2583442115342371
S_208,51.2,16.97,155.10794754818698,11,0,0.5897331,-0.53195906,0.12509662,2026-09-01,7,0.03798016750963737
S_209,51.22,16.97,1398.73570960171,0,0,0.42961746,-0.38431153,0.07447504,2026-09-01,7,0.358675254
S_21,51.06,16.73,9721.71749163114,0,0,0.41270107,-0.42808607,0.061301194,2026-09-01,7,0.34833079860000005
S_210,51.24,16.97,3500.14658272472,0,0,0.45303547,-0.47751474,0.100526236,2026-09-01,7,0.37612113540000003
S_211,50.96,16.99,9604.746935014811,0,0,0.53398293,-0.5008708,0.1111031,2026-09-01,7,0.40463611899999996
S_212,50.98,16.99,7499.008014909064,0,0,0.5000514,-0.49851272,0.14188105,2026-09-01,7,0.40676784
S_213,51.0,16.99,5357.026442742652,0,0,0.44102263,-0.3917064,0.07825577,2026-09-01,7,0.363609097
S_214,51.02,16.99,3261.557369365852,0,0,0.4614251,-0.4557813,0.11178999,2026-09-01,7,0.383143526
S_215,51.04,16.99,1331.156605452766,0,0,0.55323213,-0.5238722,0.1556122,2026-09-01,7,0.428214519
S_216,51.06,16.99,67.99246611873737,190,0,0.4886211,-0.4927548,0.15373746,2026-09-01,7,0.0
S_217,51.08,16.99,332.1993831246549,235,0,0.46419048,-0.4379659,0.114127494,2026-09-01,7,0.0
S_218,51.1,16.99,95.92616121470772,365,0,0.40611205,-0.37909597,0.115493804,2026-09-01,7,0.0
S_219,51.12,16.99,328.76141429986643,366,0,0.39265636,-0.36255544,0.09967497,2026-09-01,7,0.0
S_22,51.08,16.73,8506.568173937441,0,0,0.44814575,-0.43439844,0.079002485,2026-09-01,7,0.366044719
S_220,51.14,16.99,268.2790269957991,83,0,0.38563022,-0.32797486,0.09434474,2026-09-01,7,0.0
S_221,51.16,16.99,73.6050073256935,4,0,0.5344216,-0.49324238,0.15371618,2026-09-01,7,0.1565339534651387
S_222,51.18,16.99,123.6884542477482,11,0,0.6180137,-0.5350847,0.16892454,2026-09-01,7,0.057711616849549646
S_223,51.2,16.99,168.12409711065547,0,0,0.5604584,-0.5230806,0.14801124,2026-09-01,7,0.2609668354221311
S_224,51.22,16.99,1746.1197465715757,0,0,0.4526473,-0.4314348,0.09172289,2026-09-01,7,0.372483346
S_225,51.24,16.99,3909.727010031838,0,0,0.44485816,-0.4358738,0.07818394,2026-09-01,7,0.364731024
S_226,50.96,17.01,9302.025966010857,0,0,0.51855457,-0.5141377,0.110219814,2026-09-01,7,0.3996542966
S_227,50.98,17.01,7107.333504160153,0,0,0.5386974,-0.51378685,0.12947151,2026-09-01,7,0.413397824
S_228,51.0,17.01,4939.745864156982,0,0,0.463022,-0.47722855,0.0888114,2026-09-01,7,0.37443116
S_229,51.02,17.01,2861.553217630114,0,0,0.46046537,-0.47575128,0.10563703,2026-09-01,7,0.38039442300000004
S_23,51.1,16.73,6936.109378879808,0,0,0.4654749,-0.44573987,0.06859306,2026-09-01,7,0.367079694
S_230,51.04,17.01,708.5497524206784,0,0,0.47179592,-0.46849075,0.15314919,2026-09-01,7,0.3445084024841356
S_231,51.06,17.01,185.8425725294435,221,0,0.48524866,-0.47165385,0.15075268,2026-09-01,7,0.0
S_232,51.08,17.01,492.6122690702354,269,0,0.38711825,-0.3657329,0.08859614,2026-09-01,7,0.0
S_233,51.1,17.01,739.3658417430682,357,0,0.36729687,-0.34615716,0.06180657,2026-09-01,7,0.0
S_234,51.12,17.01,975.8713986883582,194,0,0.32929197,-0.32536933,0.051020406,2026-09-01,7,0.014370033137671656
S_235,51.14,17.01,379.9979625897767,10,0,0.4219274,-0.36937833,0.14409803,2026-09-01,7,0.06021702451795535
S_236,51.16,17.01,47.96600225330634,194,0,0.5860913,-0.5194745,0.17619735,2026-09-01,7,0.0
S_237,51.18,17.01,162.33728524036934,0,0,0.5697499,-0.5264262,0.1644422,2026-09-01,7,0.2691693070480739
S_238,51.2,17.01,522.3469551576198,0,0,0.5514067,-0.5209245,0.11623739,2026-09-01,7,0.31638635703152396
S_239,51.22,17.01,2309.388779925825,0,0,0.48559588,-0.48773474,0.100296445,2026-09-01,7,0.385797342
S_24,51.12,16.73,5810.251733180315,0,0,0.45193034,-0.44494015,0.08687674,2026-09-01,7,0.370329798
S_240,51.24,17.01,4320.154486873881,0,0,0.44922063,-0.4477108,0.10756762,2026-09-01,7,0.377793237
S_241,50.96,17.03,9205.759974995748,0,0,0.46788502,-0.48169452,0.08329965,2026-09-01,7,0.373685366
S_242,50.98,17.03,6980.9290012326765,0,0,0.49237666,-0.49175492,0.09436329,2026-09-01,7,0.385458314
S_243,51.0,17.03,4756.164058545855,0,0,0.48627764,-0.47463375,0.12195871,2026-09-01,7,0.394666776
S_244,51.02,17.03,2531.6591433168446,0,0,0.4765209,-0.49439514,0.10366569,2026-09-01,7,0.38442254600000003
S_245,51.04,17.03,313.16913283537696,0,0,0.48835912,-0.47593793,0.1412245,2026-09-01,7,0.2656313625670754
S_246,51.06,17.03,168.58167701773638,168,0,0.49079984,-0.46612203,0.14084095,2026-09-01,7,0.0
S_247,51.08,17.03,726.1887889648634,17,0,0.33423877,-0.3509071,0.060543466,2026-09-01,7,0.0
S_248,51.1,17.03,1524.3718245292073,326,0,0.23606221,-0.27429757,0.024969302,2026-09-01,7,0.0
S_249,51.12,17.03,1695.1292589071084,346,0,0.34869024,-0.34568423,0.06739808,2026-09-01,7,0.03156630399999999
S_25,51.14,16.73,5412.525413426852,0,0,0.4293201,-0.431964,0.11551046,2026-09-01,7,0.375000214
S_250,51.14,17.03,587.7412940066755,456,0,0.31607065,-0.3290619,0.04685149,2026-09-01,7,0.0
S_251,51.16,17.03,87.43406113267545,278,0,0.48357075,-0.4660391,0.13179713,2026-09-01,7,0.0
S_252,51.18,17.03,253.34953180821336,6,0,0.5648439,-0.5275423,0.18924066,2026-09-01,7,0.1758193403616427
S_253,51.2,17.03,1408.1716662089086,0,0,0.5420245,-0.5258038,0.12465443,2026-09-01,7,0.412469122
S_254,51.22,17.03,3149.442431326004,0,0,0.44612592,-0.46895495,0.08542887,2026-09-01,7,0.36800932399999997
S_255,51.24,17.03,4934.831602902228,0,0,0.54592943,-0.5188559,0.12298576,2026-09-01,7,0.41297313300000005
S_256,50.96,17.05,9322.345445162837,0,0,0.45048797,-0.41960785,0.098638475,2026-09-01,7,0.374601781
S_257,50.98,17.05,7133.907327775435,0,0,0.47897327,-0.47771347,0.10613076,2026-09-01,7,0.386144285
S_258,51.0,17.05,4977.9004993604,0,0,0.46898672,-0.4810694,0.09418421,2026-09-01,7,0.37836970000000003
S_259,51.02,17.05,2910.9997256157144,0,0,0.50797695,-0.47557184,0.10741222,2026-09-01,7,0.395357973
S_26,51.16,16.73,5863.717409588568,0,0,0.42445955,-0.40670758,0.07395962,2026-09-01,7,0.356921713
S_260,51.04,17.05,842.6495839861251,0,0,0.533236,-0.5039321,0.12767237,2026-09-01,7,0.37956966479722504
S_261,51.06,17.05,26.754012374311475,241,0,0.500881,-0.44114044,0.12453097,2026-09-01,7,0.0
S_262,51.08,17.05,760.0327535766545,249,0,0.37688202,-0.3801094,0.111521825,2026-09-01,7,0.009679886715330877
S_263,51.1,17.05,905.3365178959564,428,0,0.36171308,-0.34613037,0.06609772,2026-09-01,7,0.016020315579191313
S_264,51.12,17.05,1342.7351323182363,304,0,0.40975815,-0.3776838,0.089686595,2026-09-01,7,0.058802083000000005
S_265,51.14,17.05,1096.9398205322211,166,0,0.45663026,-0.43139368,0.15583894,2026-09-01,7,0.09932465400000001
S_266,51.16,17.05,37.50494213788518,29,0,0.4804394,-0.4672116,0.17468885,2026-09-01,7,0.0
S_267,51.18,17.05,781.3390905233456,0,0,0.6176251,-0.54799575,0.16823807,2026-09-01,7,0.40885057610466913
S_268,51.2,17.05,2627.0151318828944,0,0,0.55495155,-0.5370257,0.15708017,2026-09-01,7,0.429317533
S_269,51.22,17.05,3996.7819122721135,0,0,0.58647585,-0.5515228,0.15477315,2026-09-01,7,0.43785201500000004
S_27,51.18,16.73,6493.224785585582,0,0,0.5315805,-0.5666937,0.13550982,2026-09-01,7,0.413678078
S_270,51.24,17.05,5775.605634906718,0,0,0.5872655,-0.5282435,0.1561825,2026-09-01,7,0.43865265
S_271,50.96,17.07,9503.511109340056,0,0,0.46885094,-0.45671442,0.10127701,2026-09-01,7,0.381166086
S_272,50.98,17.07,7285.075000429359,0,0,0.44188076,-0.36818743,0.1037515,2026-09-01,7,0.37406482799999996
S_273,51.0,17.07,5072.297259895921,0,0,0.4914763,-0.4430213,0.1329869,2026-09-01,7,0.40063765
S_274,51.02,17.07,2878.275441631271,0,0,0.5404805,-0.51462585,0.12866917,2026-09-01,7,0.413611818
S_275,51.04,17.07,860.946420128604,0,0,0.57182914,-0.5349458,0.13285151,2026-09-01,7,0.39687863002572077
S_276,51.06,17.07,18.403622301136235,17,0,0.59875697,-0.5228237,0.14643997,2026-09-01,7,0.0
S_277,51.08,17.07,214.70843905693792,331,0,0.52210903,-0.46685886,0.15294799,2026-09-01,7,0.0
S_278,51.1,17.07,263.626736591189,71,0,0.50652164,-0.44713482,0.17198952,2026-09-01,7,0.0
S_279,51.12,17.07,620.3995166988473,54,0,0.4978894,-0.47208053,0.1545544,2026-09-01,7,0.03526848333976945
S_28,51.2,16.73,7008.001097177331,0,0,0.6510091,-0.5857372,0.20985322,2026-09-01,7,0.479244018
S_280,51.14,17.07,5.296732199324818,340,0,0.5343061,-0.51392555,0.18020177,2026-09-01,7,0.0
S_281,51.16,17.07,170.6004669692908,0,0,0.5448395,-0.51859844,0.14431106,2026-09-01,7,0.2552963673938582
S_282,51.18,17.07,1059.4018588611032,0,0,0.5914381,-0.57698005,0.17689392,2026-09-01,7,0.448188998
S_283,51.2,17.07,2821.0569727528555,0,0,0.6098234,-0.55828136,0.19091523,2026-09-01,7,0.45931311199999997
S_284,51.22,17.07,4963.876382114957,0,0,0.6558246,-0.6141099,0.19664569,2026-09-01,7,0.475405656
S_285,51.24,17.07,6615.739492012172,0,0,0.6654327,-0.6505439,0.23395446,2026-09-01,7,0.493211594
S_286,50.96,17.09,9505.401786812829,0,0,0.49124235,-0.4929736,0.09284277,2026-09-01,7,0.384509813
S_287,50.98,17.09,7285.655100610123,0,0,0.4800558,-0.48068956,0.113391586,2026-09-01,7,0.38937337439999997
S_288,51.0,17.09,5068.946250743713,0,0,0.5129115,-0.5065721,0.15422124,2026-09-01,7,0.415561946
S_289,51.02,17.09,2846.062558614396,0,0,0.55864966,-0.5322903,0.16837385,2026-09-01,7,0.43494443800000004
S_29,51.22,16.73,7938.677214869078,0,0,0.6289064,-0.5828058,0.14904958,2026-09-01,7,0.448291752
S_290,51.04,17.09,627.9980417595431,0,0,0.5629722,-0.5400678,0.16031826,2026-09-01,7,0.35861857235190864
S_291,51.06,17.09,118.86744519004682,20,0,0.59710777,-0.52722234,0.16175732,2026-09-01,7,0.0
S_292,51.08,17.09,88.13980394258562,107,0,0.57179374,-0.5421208,0.17394239,2026-09-01,7,0.0
S_293,51.1,17.09,429.06807227558295,113,0,0.55360353,-0.49813887,0.1635803,2026-09-01,7,0.017326793455116618
S_294,51.12,17.09,450.62107651110034,141,0,0.56025696,-0.5005345,0.17959271,2026-09-01,7,0.030038387302220082
S_295,51.14,17.09,201.25573821191043,248,0,0.55689365,-0.500792,0.1718761,2026-09-01,7,0.0
S_296,51.16,17.09,60.45637724612981,0,0,0.60808957,-0.5690835,0.17824474,2026-09-01,7,0.26581604244922596
S_297,51.18,17.09,402.1787713061745,0,0,0.6136922,-0.58817196,0.17021552,2026-09-01,7,0.3326296222612349
S_298,51.2,17.09,2617.146664306679,0,0,0.59986085,-0.55903536,0.18655121,2026-09-01,7,0.454578739
S_299,51.22,17.09,4841.310711102912,0,0,0.657197,-0.6024143,0.1850195,2026-09-01,7,0.4711669
S_3,51.0,16.71,15460.167737524162,0,0,0.41616577,-0.43383926,0.052296866,2026-09-01,7,0.3457684774
S_30,51.24,16.73,9275.33000166609,0,0,0.47415942,-0.47631913,0.09475192,2026-09-01,7,0.380148594
S_300,51.24,17.09,7065.999347705496,0,0,0.6578486,-0.61559993,0.19498375,2026-09-01,7,0.47534808
S_301,50.96,17.11,9502.278649368596,0,0,0.47113064,-0.4987046,0.082648166,2026-09-01,7,0.3743984584
S_302,50.98,17.11,7280.877747704259,0,0,0.49708816,-0.49254254,0.09404681,2026-09-01,7,0.386745172
S_303,51.0,17.11,5062.534830177265,0,0,0.502737,-0.4684852,0.14139137,2026-09-01,7,0.407377648
S_304,51.02,17.11,2854.4062347284403,0,0,0.5692675,-0.5212963,0.16361287,2026-09-01,7,0.436225398
S_305,51.04,17.11,752.6021058611249,0,0,0.5737871,-0.51277536,0.15817735,2026-09-01,7,0.38592749117222497
S_306,51.06,17.11,404.7006786032911,0,0,0.593686,-0.54125255,0.18989617,2026-09-01,7,0.33500440372065826
S_307,51.08,17.11,21.61305392219596,0,0,0.59399366,-0.54347813,0.19124496,2026-09-01,7,0.2590186927844392
S_308,51.1,17.11,626.639890995596,124,0,0.5654091,-0.51000065,0.17468731,2026-09-01,7,0.06482563219911924
S_309,51.12,17.11,293.12140737681347,400,0,0.43637037,-0.4195943,0.12308097,2026-09-01,7,0.0
S_31,50.96,16.75,18000.470905369522,0,0,0.48077506,-0.46499822,0.06307849,2026-09-01,7,0.369463914
S_310,51.14,17.11,1.2634738104871963,7,0,0.55516607,-0.4922584,0.17638563,2026-09-01,7,0.0973567677620974
S_311,51.16,17.11,11.974441257387422,96,0,0.5720021,-0.5193286,0.16126063,2026-09-01,7,0.0
S_312,51.18,17.11,652.976173360686,0,0,0.56747156,-0.527245,0.1765697,2026-09-01,7,0.37146458267213717
S_313,51.2,17.11,2734.1440659639547,0,0,0.52682054,-0.50969726,0.12229322,2026-09-01,7,0.40696345
S_314,51.22,17.11,4788.973441161141,0,0,0.576075,-0.51799655,0.14383295,2026-09-01,7,0.43035568
S_315,51.24,17.11,6891.885687981036,0,0,0.58621794,-0.5463531,0.15885746,2026-09-01,7,0.43940836600000005
S_316,50.96,17.13,9406.611013607397,0,0,0.5170255,-0.504313,0.10298534,2026-09-01,7,0.396301786
S_317,50.98,17.13,7196.12198055024,0,0,0.51386124,-0.51867765,0.10848194,2026-09-01,7,0.397551148
S_318,51.0,17.13,4998.414551367272,0,0,0.48229048,-0.45785302,0.101917826,2026-09-01,7,0.3854542744
S_319,51.02,17.13,2843.301120642574,0,0,0.44423893,-0.44452572,0.10887413,2026-09-01,7,0.376821331
S_32,50.98,16.75,15952.247462011475,0,0,0.46984258,-0.41561154,0.11371687,2026-09-01,7,0.386439522
S_320,51.04,17.13,1041.5912548421352,0,0,0.4550123,-0.43807575,0.13787793,2026-09-01,7,0.391654862
S_321,51.06,17.13,211.6792510664819,0,0,0.55217457,-0.52767247,0.14073351,2026-09-01,7,0.2642816252132964
S_322,51.08,17.13,49.6135296497983,0,0,0.59929043,-0.5783262,0.15678692,2026-09-01,7,0.25242460292995966
S_323,51.1,17.13,9.46748805952812,0,0,0.594514,-0.5186523,0.19961604,2026-09-01,7,0.2600941136119056
S_324,51.12,17.13,26.32567471779296,52,0,0.57895374,-0.5136977,0.16697606,2026-09-01,7,0.0
S_325,51.14,17.13,86.17281976514295,100,0,0.56680477,-0.5037264,0.17135452,2026-09-01,7,0.0
S_326,51.16,17.13,94.59162240169668,258,0,0.5169285,-0.49154797,0.16468155,2026-09-01,7,0.0
S_327,51.18,17.13,289.3309346024406,0,0,0.541543,-0.49851665,0.14777277,2026-09-01,7,0.2794381949204881
S_328,51.2,17.13,2233.8334123942354,0,0,0.5203333,-0.4998815,0.10711668,2026-09-01,7,0.398946662
S_329,51.22,17.13,4433.292020477803,0,0,0.53420156,-0.52537644,0.13030976,2026-09-01,7,0.412384372
S_33,51.0,16.75,13953.746654401524,0,0,0.43153337,-0.41215482,0.051732983,2026-09-01,7,0.3501532042
S_330,51.24,17.13,6649.757122092191,0,0,0.48715103,-0.4893037,0.09313288,2026-09-01,7,0.383398461
S_331,50.96,17.15,9302.065628001628,0,0,0.4652787,-0.45857787,0.079347245,2026-09-01,7,0.371322508
S_332,50.98,17.15,7077.2259491861805,0,0,0.5124824,-0.51879674,0.08730602,2026-09-01,7,0.38866712800000003
S_333,51.0,17.15,4852.415661603735,0,0,0.48413137,-0.4609544,0.11294242,2026-09-01,7,0.39041637900000004
S_334,51.02,17.15,2627.7286660969885,0,0,0.384482,-0.3987732,0.10723045,2026-09-01,7,0.35823678000000003
S_335,51.04,17.15,405.3255842916269,0,0,0.49855012,-0.47726256,0.15293123,2026-09-01,7,0.29180264485832536
S_336,51.06,17.15,311.1005865256748,0,0,0.45129222,-0.40600902,0.14179352,2026-09-01,7,0.254325191305135
S_337,51.08,17.15,379.9059987106683,0,0,0.5660111,-0.536902,0.15958819,2026-09-01,7,0.30961980574213366
S_338,51.1,17.15,47.71133279133735,48,0,0.6290708,-0.6035047,0.21567066,2026-09-01,7,0.0
S_339,51.12,17.15,31.8034264834681,0,0,0.6012673,-0.53710175,0.18871948,2026-09-01,7,0.2622286672966936
S_34,51.02,16.75,12028.58577000032,0,0,0.37889555,-0.35238642,0.07477483,2026-09-01,7,0.34357859700000004
S_340,51.14,17.15,612.9558315376042,0,0,0.56094474,-0.52065456,0.16978896,2026-09-01,7,0.35879017230752086
S_341,51.16,17.15,29.59519998379784,12,0,0.55343646,-0.51614326,0.16851662,2026-09-01,7,0.0
S_342,51.18,17.15,504.73404352611607,0,0,0.5654681,-0.5049281,0.16443275,2026-09-01,7,0.3363603387052232
S_343,51.2,17.15,2272.8014071320617,0,0,0.5857098,-0.5099536,0.1856755,2026-09-01,7,0.44998314
S_344,51.22,17.15,4456.511132128606,0,0,0.5496115,-0.5332675,0.11505328,2026-09-01,7,0.41090476200000003
S_345,51.24,17.15,6667.206056752632,0,0,0.5200618,-0.53258795,0.09018273,2026-09-01,7,0.392091632
S_346,50.96,17.17,9400.094892925816,0,0,0.49667057,-0.5038517,0.09036474,2026-09-01,7,0.385147067
S_347,50.98,17.17,7205.537667660058,0,0,0.47863784,-0.507971,0.078775525,2026-09-01,7,0.375101562
S_348,51.0,17.17,5037.643313075092,0,0,0.4895864,-0.4879487,0.111186646,2026-09-01,7,0.3913505784
S_349,51.02,17.17,2955.6922018360483,0,0,0.4821762,-0.45195016,0.13580096,2026-09-01,7,0.398973244
S_35,51.04,16.75,10225.838452160657,0,0,0.46114603,-0.44728553,0.12725957,2026-09-01,7,0.389247637
S_350,51.04,17.17,1351.7422326019637,0,0,0.49379754,-0.4611452,0.11147899,2026-09-01,7,0.392730858
S_351,51.06,17.17,928.5546687939476,0,0,0.42300567,-0.380128,0.17782457,2026-09-01,7,0.38374246275878954
S_352,51.08,17.17,1222.2373882291276,0,0,0.5326347,-0.5028936,0.14383358,2026-09-01,7,0.417323842
S_353,51.1,17.17,64.3623122469601,11,0,0.52353895,-0.49567005,0.13535982,2026-09-01,7,0.00407807544939201
S_354,51.12,17.17,782.985738214666,0,0,0.60103196,-0.5434934,0.18177018,2026-09-01,7,0.4096148076429332
S_355,51.14,17.17,1685.2291347635687,0,0,0.55113137,-0.52005875,0.15649453,2026-09-01,7,0.42793722300000003
S_356,51.16,17.17,1175.496525571058,0,0,0.46066907,-0.4411927,0.113735616,2026-09-01,7,0.3836949674
S_357,51.18,17.17,1045.405382052987,0,0,0.53878117,-0.49928486,0.14365245,2026-09-01,7,0.419095331
S_358,51.2,17.17,2797.905024062247,0,0,0.6763863,-0.6457204,0.22052419,2026-09-01,7,0.491125566
S_359,51.22,17.17,4848.664960109084,0,0,0.6560221,-0.6148464,0.19626647,2026-09-01,7,0.47531321800000004
S_36,51.06,16.75,8622.635029524121,0,0,0.46462548,-0.44995096,0.12122763,2026-09-01,7,0.387878696
S_360,51.24,17.17,6936.034365292944,0,0,0.46555611,-0.4702583,0.09938431,2026-09-01,7,0.379420557
S_361,50.96,17.19,9702.407959934322,0,0,0.5119234,-0.49434817,0.0899177,2026-09-01,7,0.38954410000000006
S_362,50.98,17.19,7595.544875188068,0,0,0.47910768,-0.50094765,0.06894496,2026-09-01,7,0.371310288
S_363,51.0,17.19,5581.034959595853,0,0,0.5011708,-0.5134243,0.10919424,2026-09-01,7,0.394028936
S_364,51.02,17.19,3808.381448597596,0,0,0.553184,-0.5358522,0.14958549,2026-09-01,7,0.425789396
S_365,51.04,17.19,2677.399665191623,0,0,0.54060376,-0.51298493,0.1576567,2026-09-01,7,0.425243808
S_366,51.06,17.19,1391.3829292996506,0,0,0.5569487,-0.51305634,0.16861625,2026-09-01,7,0.43453111
S_367,51.08,17.19,1721.6045046302854,0,0,0.5574053,-0.5284902,0.13122287,2026-09-01,7,0.419710738
S_368,51.1,17.19,1184.036912541745,0,0,0.56722814,-0.5237803,0.14482921,2026-09-01,7,0.428100126
S_369,51.12,17.19,1776.3806349218871,0,0,0.5848805,-0.500846,0.13958412,2026-09-01,7,0.431297798
S_37,51.08,16.75,7350.725399726949,0,0,0.46315116,-0.46057284,0.07097017,2026-09-01,7,0.367333416
S_370,51.14,17.19,2564.33775392618,0,0,0.549082,-0.5238138,0.13164106,2026-09-01,7,0.417381024
S_371,51.16,17.19,2567.547044450593,0,0,0.5012905,-0.49984887,0.112798266,2026-09-01,7,0.39550645640000004
S_372,51.18,17.19,2389.1599553755764,0,0,0.58746237,-0.5334815,0.15367746,2026-09-01,7,0.437709695
S_373,51.2,17.19,3548.269857966122,0,0,0.6285145,-0.59641546,0.1749464,2026-09-01,7,0.45853291
S_374,51.22,17.19,5404.641768609151,0,0,0.57695127,-0.5380619,0.13525152,2026-09-01,7,0.42718598900000004
S_375,51.24,17.19,7456.230708247526,0,0,0.46626812,-0.48559502,0.13408874,2026-09-01,7,0.393515932
S_376,50.96,17.21,10190.839513748497,0,0,0.4692269,-0.48401654,0.07792252,2026-09-01,7,0.371937078
S_377,50.98,17.21,8210.03594069413,0,0,0.52824455,-0.5076362,0.09394054,2026-09-01,7,0.396049581
S_378,51.0,17.21,6391.886841119376,0,0,0.56517863,-0.5520863,0.11950543,2026-09-01,7,0.41735576100000005
S_379,51.02,17.21,4906.809099143584,0,0,0.60609925,-0.55946267,0.15965097,2026-09-01,7,0.44569016300000003
S_38,51.1,16.75,5908.015345296582,0,0,0.48310533,-0.47340533,0.093763955,2026-09-01,7,0.382437181
S_380,51.04,17.21,3974.282833083281,0,0,0.57445264,-0.50931513,0.17443565,2026-09-01,7,0.442110052
S_381,51.06,17.21,2630.657955118508,0,0,0.53236395,-0.514178,0.13321659,2026-09-01,7,0.412995821
S_382,51.08,17.21,2818.8981827577068,0,0,0.49102795,-0.51044923,0.10455646,2026-09-01,7,0.389130969
S_383,51.1,17.21,2460.9366280540366,0,0,0.518218,-0.50944614,0.14723974,2026-09-01,7,0.414361296
S_384,51.12,17.21,2811.402315802659,0,0,0.5855195,-0.5470457,0.1625225,2026-09-01,7,0.44066485
S_385,51.14,17.21,3771.039082895692,0,0,0.48736846,-0.48281884,0.106197014,2026-09-01,7,0.3886893436
S_386,51.16,17.21,3964.297130363847,0,0,0.49712464,-0.4941493,0.12368553,2026-09-01,7,0.398611604
S_387,51.18,17.21,3772.9307114841904,0,0,0.5121744,-0.5188167,0.117060944,2026-09-01,7,0.40047669760000004
S_388,51.2,17.21,4594.935939212146,0,0,0.5676671,-0.5437396,0.14841926,2026-09-01,7,0.42966783399999997
S_389,51.22,17.21,6155.712601673673,0,0,0.5274004,-0.49800217,0.12002751,2026-09-01,7,0.406231124
S_39,51.12,16.75,4534.291563557253,0,0,0.47970706,-0.44429752,0.11912365,2026-09-01,7,0.391561578
S_390,51.24,17.21,8024.6705081537875,0,0,0.46224862,-0.47791454,0.0945222,2026-09-01,7,0.376483466
S_391,50.96,17.23,10840.25969081234,0,0,0.4734563,-0.47353202,0.08727835,2026-09-01,7,0.37694823
S_392,50.98,17.23,9003.161363737108,0,0,0.5174074,-0.528759,0.08696889,2026-09-01,7,0.390009776
S_393,51.0,17.23,7382.589353045482,0,0,0.52770567,-0.5270031,0.105667904,2026-09-01,7,0.40057886260000003
S_394,51.02,17.23,6111.605858024738,0,0,0.610028,-0.585648,0.14895257,2026-09-01,7,0.442589428
S_395,51.04,17.23,4971.335173736405,0,0,0.5528921,-0.51871455,0.15592466,2026-09-01,7,0.428237494
S_396,51.06,17.23,3979.420376276317,0,0,0.52307785,-0.50945795,0.1500514,2026-09-01,7,0.416943915
S_397,51.08,17.23,4105.821277418549,0,0,0.5196644,-0.4881235,0.13118201,2026-09-01,7,0.408372124
S_398,51.1,17.23,3825.238852130517,0,0,0.532791,-0.5148131,0.12924087,2026-09-01,7,0.41153364800000003
S_399,51.12,17.23,4059.24751098903,0,0,0.571687,-0.5305413,0.1816318,2026-09-01,7,0.44415881999999995
S_4,51.02,16.71,13746.899774716265,0,0,0.4165032,-0.41107577,0.05656949,2026-09-01,7,0.347578756
S_40,51.14,16.75,4013.110042361553,0,0,0.4359793,-0.45953953,0.07436313,2026-09-01,7,0.360539042
S_400,51.14,17.23,5077.889591772684,0,0,0.44196978,-0.4613847,0.08104174,2026-09-01,7,0.36500763
S_401,51.16,17.23,5362.238851744935,0,0,0.469678,-0.46326,0.11583503,2026-09-01,7,0.387237412
S_402,51.18,17.23,5164.650253401098,0,0,0.5610624,-0.5376012,0.15628892,2026-09-01,7,0.430834288
S_403,51.2,17.23,5791.946670621568,0,0,0.5614669,-0.54140556,0.12759808,2026-09-01,7,0.419479302
S_404,51.22,17.23,7093.700827252286,0,0,0.5127338,-0.50161415,0.12337322,2026-09-01,7,0.403169428
S_405,51.24,17.23,8774.710761505301,0,0,0.45184928,-0.45117941,0.08100702,2026-09-01,7,0.367957592
S_406,50.96,17.25,11623.715328983602,0,0,0.4677776,-0.48430312,0.080998644,2026-09-01,7,0.37273273760000003
S_407,50.98,17.25,9932.217903269244,0,0,0.5692449,-0.53131944,0.1010445,2026-09-01,7,0.41119127
S_408,51.0,17.25,8484.01056952527,0,0,0.56076974,-0.5302519,0.11224494,2026-09-01,7,0.413128898
S_409,51.02,17.25,7384.285945805905,0,0,0.5362914,-0.49902204,0.112528816,2026-09-01,7,0.4058989464
S_41,51.16,16.75,4531.119295161696,0,0,0.5034005,-0.48412633,0.15082091,2026-09-01,7,0.411348514
S_410,51.04,17.25,6129.1194061255255,0,0,0.5177176,-0.43925807,0.14567839,2026-09-01,7,0.413586636
S_411,51.06,17.25,5355.576514058632,0,0,0.5143226,-0.46947843,0.13542938,2026-09-01,7,0.408468532
S_412,51.08,17.25,5449.646214796447,0,0,0.491384,-0.47483748,0.14361802,2026-09-01,7,0.404862408
S_413,51.1,17.25,5208.939555461392,0,0,0.5144111,-0.49472544,0.13248223,2026-09-01,7,0.40731622200000006
S_414,51.12,17.25,5382.7184159775925,0,0,0.5731404,-0.54657555,0.14269963,2026-09-01,7,0.42902197200000003
S_415,51.14,17.25,6380.169182758276,0,0,0.47885212,-0.46546507,0.12103415,2026-09-01,7,0.392069296
S_416,51.16,17.25,6760.631388968914,0,0,0.5170881,-0.50738853,0.12320216,2026-09-01,7,0.40440729400000003
S_417,51.18,17.25,6559.259200270753,0,0,0.6966898,-0.64435685,0.2627291,2026-09-01,7,0.51409858
S_418,51.2,17.25,7063.273077274323,0,0,0.65120226,-0.5851852,0.19073306,2026-09-01,7,0.471653902
S_419,51.22,17.25,8164.353191759555,0,0,0.4609712,-0.4488326,0.12147345,2026-09-01,7,0.38688074
S_42,51.18,16.75,5112.8447514642985,0,0,0.59164214,-0.5937733,0.1824383,2026-09-01,7,0.450467962
S_420,51.24,17.25,9660.460230112583,0,0,0.44883227,-0.44803154,0.104267836,2026-09-01,7,0.3763568154
S_43,51.2,16.75,5706.64132954761,0,0,0.58137727,-0.57340395,0.14481063,2026-09-01,7,0.432337433
S_44,51.22,16.75,6775.548434194237,0,0,0.4707695,-0.4748641,0.08006779,2026-09-01,7,0.373257966
S_45,51.24,16.75,8302.081445945038,0,0,0.44722348,-0.4460807,0.09427224,2026-09-01,7,0.37187594
S_46,50.96,16.77,17022.908120220254,0,0,0.473599,-0.47136748,0.1299251,2026-09-01,7,0.39404974000000004
S_47,50.98,16.77,15422.41639279965,0,0,0.49193773,-0.49558914,0.13373788,2026-09-01,7,0.401076471
S_48,51.0,16.77,13349.921110816154,0,0,0.53548175,-0.5246178,0.17503591,2026-09-01,7,0.430658889
S_49,51.02,16.77,11333.075173326231,0,0,0.5025852,-0.4749155,0.16765778,2026-09-01,7,0.417838672
S_5,51.04,16.71,12199.952563339264,0,0,0.44836563,-0.44086987,0.07647016,2026-09-01,7,0.365097753
S_50,51.04,16.77,9398.22334858242,0,0,0.48530883,-0.46649772,0.13979092,2026-09-01,7,0.401509017
S_51,51.06,16.77,7623.368673179539,0,0,0.541017,-0.47791132,0.14149287,2026-09-01,7,0.418902248
S_52,51.08,16.77,6148.669471297736,0,0,0.509817,-0.50329065,0.1346149,2026-09-01,7,0.40679106
S_53,51.1,16.77,5053.636350499835,0,0,0.49741697,-0.486839,0.11730813,2026-09-01,7,0.396148343
S_54,51.12,16.77,3358.716664473822,0,0,0.46352008,-0.42752415,0.08031499,2026-09-01,7,0.37118202
S_55,51.14,16.77,2614.072225314547,0,0,0.49649033,-0.47035605,0.086719625,2026-09-01,7,0.383634949
S_56,51.16,16.77,3191.577926385069,0,0,0.5586036,-0.6044014,0.1812991,2026-09-01,7,0.44010072
S_57,51.18,16.77,3746.058938902203,0,0,0.59006894,-0.60220236,0.23414476,2026-09-01,7,0.470678586
S_58,51.2,16.77,4425.096477717739,0,0,0.60488456,-0.59494865,0.23392345,2026-09-01,7,0.475034748
S_59,51.22,16.77,5718.539643471043,0,0,0.55830353,-0.53342265,0.103185184,2026-09-01,7,0.4087651326
S_6,51.06,16.71,10890.438633297126,0,0,0.4558894,-0.45578498,0.057668895,2026-09-01,7,0.359834378
S_60,51.24,16.77,7464.841019661316,0,0,0.58333266,-0.56639713,0.114584446,2026-09-01,7,0.42083357639999996
S_61,50.96,16.79,15947.047960674154,0,0,0.47589305,-0.4792641,0.13508719,2026-09-01,7,0.39680279100000004
S_62,50.98,16.79,14509.12439155469,0,0,0.42641196,-0.4300593,0.085869,2026-09-01,7,0.362271188
S_63,51.0,16.79,12846.126033979224,0,0,0.5400884,-0.5144247,0.16795203,2026-09-01,7,0.42920733200000005
S_64,51.02,16.79,10761.477088982943,0,0,0.42993557,-0.41425443,0.18164627,2026-09-01,7,0.401639179
S_65,51.04,16.79,8716.684616946155,0,0,0.59595984,-0.52250016,0.19202968,2026-09-01,7,0.45559982400000004
S_66,51.06,16.79,6768.271669017946,0,0,0.60691243,-0.5581471,0.1636989,2026-09-01,7,0.447553289
S_67,51.08,16.79,5050.2723857274605,0,0,0.46524206,-0.45021066,0.14021066,2026-09-01,7,0.39565688200000004
S_68,51.1,16.79,3826.043540989088,0,0,0.5167905,-0.5343012,0.11862963,2026-09-01,7,0.40248900200000004
S_69,51.12,16.79,2433.623491543097,0,0,0.48764998,-0.48606586,0.08915387,2026-09-01,7,0.381956542
S_7,51.08,16.71,9460.246648260876,0,0,0.45079517,-0.4444485,0.048727725,2026-09-01,7,0.35472964100000004
S_70,51.14,16.79,1216.7007448199618,0,0,0.44318762,-0.4535219,0.07129661,2026-09-01,7,0.36147493
S_71,51.16,16.79,1936.0636528547705,0,0,0.48082045,-0.43347645,0.14258182,2026-09-01,7,0.40127886300000004
S_72,51.18,16.79,2360.4833464144017,0,0,0.5187615,-0.50647026,0.11709583,2026-09-01,7,0.402466782
S_73,51.2,16.79,3206.1302202323163,0,0,0.616042,-0.60764366,0.19746043,2026-09-01,7,0.463796772
S_74,51.22,16.79,4837.714195186279,0,0,0.44175798,-0.4540437,0.10945807,2026-09-01,7,0.376310622
S_75,51.24,16.79,6813.926733180992,0,0,0.55792594,-0.5520553,0.11488791,2026-09-01,7,0.413332946
S_76,50.96,16.81,14892.8901715824,0,0,0.52936167,-0.53018135,0.16341487,2026-09-01,7,0.424174449
S_77,50.98,16.81,13441.16549326596,0,0,0.48592487,-0.4735483,0.08078239,2026-09-01,7,0.378090417
S_78,51.0,16.81,11897.905348101373,0,0,0.5148464,-0.44495782,0.12261274,2026-09-01,7,0.40349901600000004
S_79,51.02,16.81,10294.632437154196,0,0,0.4258262,-0.42768112,0.07560787,2026-09-01,7,0.357991008
S_8,51.1,16.71,8076.924726854547,0,0,0.4278975,-0.40633807,0.10074434,2026-09-01,7,0.36866698600000003
S_80,51.04,16.81,8200.007119833177,0,0,0.46173957,-0.39524505,0.078827895,2026-09-01,7,0.37005302900000003
S_81,51.06,16.81,6109.181139309905,0,0,0.50765514,-0.5062795,0.13143764,2026-09-01,7,0.40487159800000005
S_82,51.08,16.81,4138.897714803536,0,0,0.6059992,-0.5894097,0.16382733,2026-09-01,7,0.447330692
S_83,51.1,16.81,2594.4511589129984,0,0,0.6026596,-0.5780559,0.20357968,2026-09-01,7,0.462229752
S_84,51.12,16.81,1523.8956538703992,0,0,0.5627344,-0.53172195,0.11996654,2026-09-01,7,0.416806936
S_85,51.14,16.81,123.62824571182684,0,0,0.5213806,-0.52284914,0.14570794,2026-09-01,7,0.23942300514236536
S_86,51.16,16.81,1107.4803238024615,0,0,0.46485576,-0.44435066,0.088736154,2026-09-01,7,0.3749511896
S_87,51.18,16.81,990.510390736507,0,0,0.5035324,-0.51931345,0.14243339,2026-09-01,7,0.4061351541473014
S_88,51.2,16.81,2210.625683987344,0,0,0.5960646,-0.59255177,0.18959221,2026-09-01,7,0.45465626400000003
S_89,51.22,16.81,4244.216239528772,0,0,0.4791471,-0.48707265,0.083845206,2026-09-01,7,0.37728221240000004
S_9,51.12,16.71,7132.92987537034,0,0,0.4009694,-0.32289833,0.080126375,2026-09-01,7,0.35234137
S_90,51.24,16.81,6384.869133637413,0,0,0.47632408,-0.46957254,0.114271976,2026-09-01,7,0.3886060144
S_91,50.96,16.83,13900.696550902425,0,0,0.5194384,-0.51984143,0.12683672,2026-09-01,7,0.406566208
S_92,50.98,16.83,12364.24594647767,0,0,0.550582,-0.52797765,0.15111041,2026-09-01,7,0.425618764
S_93,51.0,16.83,10953.594163227584,0,0,0.46825102,-0.3433725,0.09416927,2026-09-01,7,0.378143014
S_94,51.02,16.83,9298.41469926228,0,0,0.46361673,-0.43252486,0.08287142,2026-09-01,7,0.372233587
S_95,51.04,16.83,7796.744007056143,0,0,0.4690631,-0.3371476,0.12145013,2026-09-01,7,0.389298982
S_96,51.06,16.83,5694.590757082613,0,0,0.4488003,-0.3881293,0.10154829,2026-09-01,7,0.375259406
S_97,51.08,16.83,3534.511095614605,0,0,0.5729952,-0.5586899,0.120184466,2026-09-01,7,0.41997234640000003
S_98,51.1,16.83,1511.4306172008778,0,0,0.6171481,-0.5731705,0.19086172,2026-09-01,7,0.46148911800000003
S_99,51.12,16.83,372.4822459180336,0,0,0.6095084,-0.59308106,0.15825805,2026-09-01,7,0.3206521891836067
S_1,50.96,16.71,19204.135492674224,0,0,0.45983258,-0.43206185,0.052386444,2026-10-01,8,0.3589043516
S_10,51.14,16.71,6812.088247351817,0,0,0.438112,-0.4612546,0.04560252,2026-10-01,8,0.349674608
S_100,51.14,16.83,299.0414108789792,0,0,0.48836875,-0.50605845,0.10639204,2026-10-01,8,0.24887572317579584
S_101,51.16,16.83,193.31260986371728,0,0,0.45898965,-0.42916167,0.09176104,2026-10-01,8,0.21306383297274345
S_102,51.18,16.83,218.76394220477843,0,0,0.4723803,-0.49306807,0.08316144,2026-10-01,8,0.2187314544409557
S_103,51.2,16.83,1750.830765751724,0,0,0.46771067,-0.4061222,0.09055342,2026-10-01,8,0.37653456900000004
S_104,51.22,16.83,3972.279685462268,0,0,0.4540995,-0.41073322,0.09034159,2026-10-01,8,0.372366486
S_105,51.24,16.83,5445.385947041962,0,0,0.3770623,-0.37265313,0.037169065,2026-10-01,8,0.327986316
S_106,50.96,16.85,12984.678140135651,0,0,0.4450599,-0.42901146,0.085644946,2026-10-01,8,0.3677759484
S_107,50.98,16.85,11325.094646471813,0,0,0.43410584,-0.4418778,0.084829144,2026-10-01,8,0.36416340960000004
S_108,51.0,16.85,9861.896499378292,0,0,0.45859215,-0.4086649,0.11052048,2026-10-01,8,0.381785837
S_109,51.02,16.85,8418.741567826879,0,0,0.39605373,-0.4138585,0.038428724,2026-10-01,8,0.3341876086
S_11,51.16,16.71,7197.1030753367495,0,0,0.41376492,-0.44869068,0.038950823,2026-10-01,8,0.3397098052
S_110,51.04,16.85,6723.889490045874,0,0,0.44430694,-0.42290476,-0.0026513732,2026-10-01,8,0.33223153272
S_111,51.06,16.85,5421.191720799655,0,0,0.45353323,-0.38043886,0.07113033,2026-10-01,8,0.36451210100000003
S_112,51.08,16.85,3253.6617859423213,0,0,0.49217793,-0.45327234,0.093291916,2026-10-01,8,0.3849701454
S_113,51.1,16.85,1042.0817532091585,0,0,0.45202708,-0.46092623,0.095529996,2026-10-01,8,0.3738201224
S_114,51.12,16.85,152.9756075835791,0,0,0.50992453,-0.48090002,0.11771023,2026-10-01,8,0.2306565725167158
S_115,51.14,16.85,30.375214416566127,145,0,0.50147295,-0.4858705,0.09907969,2026-10-01,8,0.0
S_116,51.16,16.85,129.81078397110568,0,0,0.49161118,-0.47004303,0.0873876,2026-10-01,8,0.20840055079422112
S_117,51.18,16.85,328.7539166104857,0,0,0.5006584,-0.5249939,0.099923745,2026-10-01,8,0.2559178013220971
S_118,51.2,16.85,2136.925593380406,0,0,0.47341064,-0.4284301,0.09608682,2026-10-01,8,0.38045792
S_119,51.22,16.85,2891.784132546267,0,0,0.37785888,-0.3563669,0.028849622,2026-10-01,8,0.3248975128
S_12,51.18,16.71,7880.060446899775,0,0,0.4493029,-0.5240515,0.07142425,2026-10-01,8,0.36336057
S_120,51.24,16.85,4629.559266687689,0,0,0.34512278,-0.3313567,0.042372398,2026-10-01,8,0.32048579320000004
S_121,50.96,16.87,12162.057822383023,0,0,0.40200388,-0.43947244,0.07624451,2026-10-01,8,0.351098968
S_122,50.98,16.87,10372.104290519828,0,0,0.45929605,-0.43712625,0.07745119,2026-10-01,8,0.368769291
S_123,51.0,16.87,8783.28397005277,0,0,0.44245148,-0.41572267,0.093286216,2026-10-01,8,0.3700499304
S_124,51.02,16.87,7374.158792219467,0,0,0.40968326,-0.45763668,0.04283319,2026-10-01,8,0.340038254
S_125,51.04,16.87,5793.450664727714,0,0,0.43674982,-0.4437269,0.067202404,2026-10-01,8,0.3579059076
S_126,51.06,16.87,4219.665969002121,0,0,0.48158675,-0.41252336,0.09517212,2026-10-01,8,0.382544873
S_127,51.08,16.87,3145.7712341569377,0,0,0.46144795,-0.44662663,0.095940314,2026-10-01,8,0.37681051060000004
S_128,51.1,16.87,997.1952678499712,0,0,0.43237364,-0.4527212,0.10789912,2026-10-01,8,0.37231079356999425
S_129,51.12,16.87,75.42879838910036,42,0,0.45078638,-0.44972268,0.09686495,2026-10-01,8,0.0
S_13,51.2,16.71,8327.208531487542,0,0,0.4920352,-0.5374209,0.10942082,2026-10-01,8,0.391378888
S_130,51.14,16.87,95.03052149332436,144,0,0.4790874,-0.44071287,0.11340021,2026-10-01,8,0.0
S_131,51.16,16.87,0.5964238645431652,43,0,0.48560002,-0.46363413,0.09421656,2026-10-01,8,0.0
S_132,51.18,16.87,62.120452330665,0,0,0.50054604,-0.490652,0.08857904,2026-10-01,8,0.198019518466133
S_133,51.2,16.87,839.0660138119009,0,0,0.4528925,-0.44637904,0.08136005,2026-10-01,8,0.33622497276238017
S_134,51.22,16.87,2011.4215042469016,0,0,0.45429826,-0.41626146,0.057363853,2026-10-01,8,0.3592350192
S_135,51.24,16.87,4028.182801526247,0,0,0.38202515,-0.3869594,0.05123916,2026-10-01,8,0.335103209
S_136,50.96,16.89,11452.977110542222,0,0,0.4387317,-0.4786843,0.06855323,2026-10-01,8,0.359040802
S_137,50.98,16.89,9531.1532212864,0,0,0.46520156,-0.46522084,0.08587929,2026-10-01,8,0.37391218400000004
S_138,51.0,16.89,7772.7528452904835,0,0,0.41678557,-0.43791637,0.08618182,2026-10-01,8,0.359508399
S_139,51.02,16.89,6287.684180771339,0,0,0.27161095,-0.2839103,0.059313565,2026-10-01,8,0.305208711
S_14,51.22,16.71,9167.625026369526,0,0,0.48395538,-0.5148367,0.08821097,2026-10-01,8,0.380471002
S_140,51.04,16.89,4966.126143458281,0,0,0.36346182,-0.36267903,0.015944052,2026-10-01,8,0.3154161668
S_141,51.06,16.89,3177.13745578146,0,0,0.44387868,-0.47285748,0.065778196,2026-10-01,8,0.35947488240000003
S_142,51.08,16.89,2059.1496145995893,0,0,0.47454664,-0.4625665,0.08801019,2026-10-01,8,0.377568068
S_143,51.1,16.89,584.150058798024,0,0,0.47479227,-0.44865108,0.08577531,2026-10-01,8,0.2935778167596048
S_144,51.12,16.89,29.2480101924891,21,0,0.47350568,-0.454025,0.08743503,2026-10-01,8,0.0
S_145,51.14,16.89,166.35084857578028,184,0,0.46148,-0.44566274,0.11405486,2026-10-01,8,0.0
S_146,51.16,16.89,88.52606590553637,16,0,0.47170877,-0.418834,0.097044006,2026-10-01,8,0.0
S_147,51.18,16.89,40.6187379953634,0,0,0.47079638,-0.441121,0.09480324,2026-10-01,8,0.18728395759907265
S_148,51.2,16.89,128.5731600417197,0,0,0.4621283,-0.41887578,0.089780256,2026-10-01,8,0.20026522440834393
S_149,51.22,16.89,1612.966088400308,0,0,0.47676978,-0.45042703,0.06595391,2026-10-01,8,0.369412498
S_15,51.24,16.71,10346.277459912872,0,0,0.38252228,-0.41237402,0.055498436,2026-10-01,8,0.3369560584
S_150,51.24,16.89,3836.1304745548578,0,0,0.3942626,-0.38477683,0.060392253,2026-10-01,8,0.3424356812
S_151,50.96,16.91,10879.657044859136,0,0,0.4510807,-0.48742262,0.080656506,2026-10-01,8,0.3675868124
S_152,50.98,16.91,8834.293411715706,0,0,0.4448656,-0.47410437,0.08159858,2026-10-01,8,0.366099112
S_153,51.0,16.91,6900.951084593016,0,0,0.474934,-0.45154208,0.094375506,2026-10-01,8,0.3802304024
S_154,51.02,16.91,5205.976876149072,0,0,0.38771087,-0.37398186,0.047661982,2026-10-01,8,0.33537805379999996
S_155,51.04,16.91,3800.973434448058,0,0,0.40209943,-0.3651947,0.024838988,2026-10-01,8,0.3305654242
S_156,51.06,16.91,2512.5632313491706,0,0,0.4801824,-0.44545355,0.089724794,2026-10-01,8,0.3799446376
S_157,51.08,16.91,678.6116760835603,0,0,0.48314786,-0.46233806,0.13313398,2026-10-01,8,0.3339202852167121
S_158,51.1,16.91,856.39299833093,0,0,0.52517146,-0.47364694,0.1325034,2026-10-01,8,0.381831397666186
S_159,51.12,16.91,178.3818645157325,4,0,0.44523457,-0.43360603,0.105874605,2026-10-01,8,0.1315965859031465
S_16,50.96,16.73,18562.794541818243,0,0,0.47169524,-0.43020716,0.09244872,2026-10-01,8,0.37848806
S_160,51.14,16.91,79.09561123337517,67,0,0.4883307,-0.45290437,0.096937604,2026-10-01,8,0.0
S_161,51.16,16.91,29.5531253741436,125,0,0.5080855,-0.44196376,0.10405739,2026-10-01,8,0.0
S_162,51.18,16.91,140.86672674542552,12,0,0.46544737,-0.42731595,0.106099434,2026-10-01,8,0.0
S_163,51.2,16.91,76.31560408295768,50,0,0.46360677,-0.4270962,0.09505061,2026-10-01,8,0.0
S_164,51.22,16.91,1287.798552325959,0,0,0.47127923,-0.42350495,0.08252377,2026-10-01,8,0.374393277
S_165,51.24,16.91,3216.653967735071,0,0,0.4918641,-0.42874724,0.053520292,2026-10-01,8,0.36896734680000004
S_166,50.96,16.93,10464.433929184495,0,0,0.4715487,-0.50228655,0.07862467,2026-10-01,8,0.372914478
S_167,50.98,16.93,8317.817703353361,0,0,0.4592896,-0.4411899,0.06956126,2026-10-01,8,0.36561138400000004
S_168,51.0,16.93,6226.424610680338,0,0,0.43720475,-0.39694974,0.023343138,2026-10-01,8,0.3404986802
S_169,51.02,16.93,4272.15334819429,0,0,0.44930637,-0.4167277,0.09982382,2026-10-01,8,0.374721439
S_17,50.98,16.73,16577.85936257925,0,0,0.44009957,-0.433451,0.0906195,2026-10-01,8,0.368277671
S_170,51.04,16.93,2734.6300697935235,0,0,0.39729056,-0.3608998,0.024027329,2026-10-01,8,0.3287980996
S_171,51.06,16.93,1405.8627140060885,0,0,0.5016757,-0.4605205,0.08232131,2026-10-01,8,0.383431234
S_172,51.08,16.93,153.7128938178727,8,0,0.43932208,-0.445574,0.11583758,2026-10-01,8,0.048874234763574526
S_173,51.1,16.93,171.4950135169203,23,0,0.45010698,-0.45299143,0.13351333,2026-10-01,8,0.0
S_174,51.12,16.93,110.37966010894912,171,0,0.4885753,-0.43294016,0.13315697,2026-10-01,8,0.0
S_175,51.14,16.93,35.063298395709715,86,0,0.43409607,-0.39407447,0.114850596,2026-10-01,8,0.0
S_176,51.16,16.93,119.28241091083214,232,0,0.48638955,-0.4456268,0.12116046,2026-10-01,8,0.0
S_177,51.18,16.93,116.24242338942592,0,0,0.45599678,-0.39158797,0.10830591,2026-10-01,8,0.20336988267788517
S_178,51.2,16.93,243.57309243338528,0,0,0.4799652,-0.441867,0.077563584,2026-10-01,8,0.22372961208667708
S_179,51.22,16.93,934.989887008772,0,0,0.47123536,-0.4184375,0.08157876,2026-10-01,8,0.36100008940175443
S_18,51.0,16.73,14659.31178278656,0,0,0.41003388,-0.42897868,0.032964334,2026-10-01,8,0.3361958976
S_180,51.24,16.93,3093.126161565517,0,0,0.47777933,-0.45072025,0.07296379,2026-10-01,8,0.372519315
S_181,50.96,16.95,10226.581742100509,0,0,0.4482707,-0.46224594,0.091694444,2026-10-01,8,0.3711589876
S_182,50.98,16.95,8016.664197115699,0,0,0.45010197,-0.47659808,0.052875657,2026-10-01,8,0.35618085380000003
S_183,51.0,16.95,5818.1929194215,0,0,0.37639245,-0.348809,-0.0028153919,2026-10-01,8,0.31179157824000003
S_184,51.02,16.95,3651.912744084874,0,0,0.4563218,-0.45322672,0.047946695,2026-10-01,8,0.35607521799999997
S_185,51.04,16.95,1649.9390675083405,0,0,0.28961226,-0.25308076,0.018000828,2026-10-01,8,0.2940840092
S_186,51.06,16.95,410.0436766351651,0,0,0.41953784,-0.45057344,0.0558965,2026-10-01,8,0.230228687327033
S_187,51.08,16.95,135.73596988018187,17,0,0.42050952,-0.3574269,0.10028902,2026-10-01,8,0.0
S_188,51.1,16.95,247.77790874820764,497,0,0.40366468,-0.40275487,0.09733343,2026-10-01,8,0.0
S_189,51.12,16.95,32.48864238868553,207,0,0.44532657,-0.40748203,0.11709647,2026-10-01,8,0.0
S_19,51.02,16.73,12840.031827983006,0,0,0.37725803,-0.4020546,0.035019763,2026-10-01,8,0.3271853142
S_190,51.14,16.95,58.19435946083127,26,0,0.43400723,-0.37628505,0.1184375,2026-10-01,8,0.0
S_191,51.16,16.95,130.6314516932038,2,0,0.4875194,-0.437032,0.13291298,2026-10-01,8,0.18554730233864072
S_192,51.18,16.95,178.81956525149948,0,0,0.48590347,-0.452442,0.13568784,2026-10-01,8,0.2358100900502999
S_193,51.2,16.95,22.64852181705673,0,0,0.51690894,-0.44660872,0.08414216,2026-10-01,8,0.19325925036341135
S_194,51.22,16.95,1150.6667062630731,0,0,0.41978085,-0.3968778,0.07845224,2026-10-01,8,0.357315151
S_195,51.24,16.95,3375.3802928720816,0,0,0.4949862,-0.43738204,0.08311771,2026-10-01,8,0.381742944
S_196,50.96,16.97,10021.414158449285,0,0,0.4521301,-0.47940037,0.07300205,2026-10-01,8,0.36483985
S_197,50.98,16.97,7910.592124100563,0,0,0.45275733,-0.44787169,0.06161004,2026-10-01,8,0.360471215
S_198,51.0,16.97,5733.420616111684,0,0,0.41960803,-0.4268624,-0.012923102,2026-10-01,8,0.3207131682
S_199,51.02,16.97,3515.349555011848,0,0,0.39918947,-0.3599655,-0.0055831885,2026-10-01,8,0.3175235656
S_2,50.98,16.71,17290.38293212061,0,0,0.42054668,-0.41571036,0.034976013,2026-10-01,8,0.3401544092
S_20,51.04,16.73,11168.639446384244,0,0,0.4350219,-0.44322976,0.07499081,2026-10-01,8,0.360502894
S_200,51.04,16.97,1320.5917622766913,0,0,0.39327657,-0.38009977,0.05857807,2026-10-01,8,0.34141419900000003
S_201,51.06,16.97,147.75952938197452,167,0,0.49366185,-0.43912795,0.10781771,2026-10-01,8,0.0
S_202,51.08,16.97,340.05915963391885,216,0,0.50524634,-0.46622056,0.14261651,2026-10-01,8,0.0
S_203,51.1,16.97,365.3418207991952,21,0,0.4331148,-0.3969793,0.11796803,2026-10-01,8,0.0
S_204,51.12,16.97,67.7717167848776,382,0,0.4024808,-0.33075604,0.094741315,2026-10-01,8,0.0
S_205,51.14,16.97,412.10660404271215,202,0,0.392694,-0.36912978,0.10194132,2026-10-01,8,0.0
S_206,51.16,16.97,16.5153612818919,0,0,0.42134306,-0.38069,0.14425375,2026-10-01,8,0.18740749025637837
S_207,51.18,16.97,2.9191676711853622,0,0,0.46878678,-0.42347234,0.118465364,2026-10-01,8,0.18860601313423708
S_208,51.2,16.97,155.10794754818698,11,0,0.50667095,-0.4008699,0.12221164,2026-10-01,8,0.011907530509637387
S_209,51.22,16.97,1398.73570960171,0,0,0.38083833,-0.3831902,0.06385103,2026-10-01,8,0.339791911
S_21,51.06,16.73,9721.71749163114,0,0,0.41181037,-0.4691412,0.0388715,2026-10-01,8,0.339091711
S_210,51.24,16.97,3500.14658272472,0,0,0.4382478,-0.41417468,0.07270561,2026-10-01,8,0.360556584
S_211,50.96,16.99,9604.746935014811,0,0,0.460384,-0.44848815,0.055368368,2026-10-01,8,0.3602625472
S_212,50.98,16.99,7499.008014909064,0,0,0.46807986,-0.47906274,0.06177028,2026-10-01,8,0.36513207000000003
S_213,51.0,16.99,5357.026442742652,0,0,0.44069627,-0.45968515,0.03853444,2026-10-01,8,0.347622657
S_214,51.02,16.99,3261.557369365852,0,0,0.4414482,-0.477708,0.0653702,2026-10-01,8,0.35858254
S_215,51.04,16.99,1331.156605452766,0,0,0.44827795,-0.41702923,0.11908915,2026-10-01,8,0.382119045
S_216,51.06,16.99,67.99246611873737,190,0,0.45204237,-0.4576772,0.12002755,2026-10-01,8,0.0
S_217,51.08,16.99,332.1993831246549,235,0,0.45149502,-0.42703927,0.10996202,2026-10-01,8,0.0
S_218,51.1,16.99,95.92616121470772,365,0,0.3972376,-0.36572462,0.0829696,2026-10-01,8,0.0
S_219,51.12,16.99,328.76141429986643,366,0,0.36492923,-0.32683343,0.05661595,2026-10-01,8,0.0
S_22,51.08,16.73,8506.568173937441,0,0,0.45868602,-0.43089265,0.07273771,2026-10-01,8,0.36670089
S_220,51.14,16.99,268.2790269957991,83,0,0.3227535,-0.30994582,0.052822843,2026-10-01,8,0.0
S_221,51.16,16.99,73.6050073256935,4,0,0.4255891,-0.39395443,0.11601833,2026-10-01,8,0.10880506346513867
S_222,51.18,16.99,123.6884542477482,11,0,0.48763016,-0.4139974,0.13556063,2026-10-01,8,0.005250990849549608
S_223,51.2,16.99,168.12409711065547,0,0,0.4916998,-0.43931004,0.11880664,2026-10-01,8,0.22865741542213108
S_224,51.22,16.99,1746.1197465715757,0,0,0.4287765,-0.39189467,0.1035674,2026-10-01,8,0.37005991000000005
S_225,51.24,16.99,3909.727010031838,0,0,0.4397113,-0.41038367,0.08298329,2026-10-01,8,0.365106706
S_226,50.96,17.01,9302.025966010857,0,0,0.4604614,-0.46420345,0.09629714,2026-10-01,8,0.37665727600000004
S_227,50.98,17.01,7107.333504160153,0,0,0.4667189,-0.45271719,0.09599166,2026-10-01,8,0.37841233399999996
S_228,51.0,17.01,4939.745864156982,0,0,0.44483173,-0.4322306,0.060858335,2026-10-01,8,0.35779285299999997
S_229,51.02,17.01,2861.553217630114,0,0,0.43509865,-0.45392406,0.0717487,2026-10-01,8,0.359229075
S_23,51.1,16.73,6936.109378879808,0,0,0.42308205,-0.4423419,0.051410362,2026-10-01,8,0.3474887598
S_230,51.04,17.01,708.5497524206784,0,0,0.4446375,-0.43377724,0.10520389,2026-10-01,8,0.31718275648413563
S_231,51.06,17.01,185.8425725294435,221,0,0.4459642,-0.45076632,0.12106584,2026-10-01,8,0.0
S_232,51.08,17.01,492.6122690702354,269,0,0.3818381,-0.3432357,0.050520066,2026-10-01,8,0.0
S_233,51.1,17.01,739.3658417430682,357,0,0.35153383,-0.3148444,0.017853132,2026-10-01,8,0.0
S_234,51.12,17.01,975.8713986883582,194,0,0.33173594,-0.29534963,0.031660687,2026-10-01,8,0.007359336537671679
S_235,51.14,17.01,379.9979625897767,10,0,0.35515535,-0.32380998,0.096735574,2026-10-01,8,0.02124042711795532
S_236,51.16,17.01,47.96600225330634,194,0,0.49852973,-0.4552506,0.12352763,2026-10-01,8,0.0
S_237,51.18,17.01,162.33728524036934,0,0,0.4805358,-0.4447831,0.119627945,2026-10-01,8,0.22447937504807386
S_238,51.2,17.01,522.3469551576198,0,0,0.48085946,-0.4317313,0.11942733,2026-10-01,8,0.296498161031524
S_239,51.22,17.01,2309.388779925825,0,0,0.48268756,-0.4635373,0.116761655,2026-10-01,8,0.39151093000000003
S_24,51.12,16.73,5810.251733180315,0,0,0.42136952,-0.4438289,0.057036765,2026-10-01,8,0.349225562
S_240,51.24,17.01,4320.154486873881,0,0,0.48850983,-0.45623943,0.10570419,2026-10-01,8,0.388834625
S_241,50.96,17.03,9205.759974995748,0,0,0.43469304,-0.4256868,0.08159532,2026-10-01,8,0.36304604
S_242,50.98,17.03,6980.9290012326765,0,0,0.47855604,-0.46600652,0.09490863,2026-10-01,8,0.381530264
S_243,51.0,17.03,4756.164058545855,0,0,0.45683673,-0.4406473,0.10247658,2026-10-01,8,0.378041651
S_244,51.02,17.03,2531.6591433168446,0,0,0.43523628,-0.48008466,0.092578925,2026-10-01,8,0.367602454
S_245,51.04,17.03,313.16913283537696,0,0,0.4394028,-0.4505417,0.101522766,2026-10-01,8,0.2350637729670754
S_246,51.06,17.03,168.58167701773638,168,0,0.44717795,-0.44088858,0.1188678,2026-10-01,8,0.0
S_247,51.08,17.03,726.1887889648634,17,0,0.36441392,-0.32439497,0.031436674,2026-10-01,8,0.0
S_248,51.1,17.03,1524.3718245292073,326,0,0.22207502,-0.22672988,0.00042033216,2026-10-01,8,0.0
S_249,51.12,17.03,1695.1292589071084,346,0,0.31210366,-0.2968821,0.019947575,2026-10-01,8,0.0016101279999999885
S_25,51.14,16.73,5412.525413426852,0,0,0.40756336,-0.42445529,0.051699933,2026-10-01,8,0.3429489812
S_250,51.14,17.03,587.7412940066755,456,0,0.32654393,-0.292479,0.04682886,2026-10-01,8,0.0
S_251,51.16,17.03,87.43406113267545,278,0,0.3978444,-0.38335547,0.10547456,2026-10-01,8,0.0
S_252,51.18,17.03,253.34953180821336,6,0,0.48385516,-0.44983515,0.11603279,2026-10-01,8,0.12223957036164268
S_253,51.2,17.03,1408.1716662089086,0,0,0.49341628,-0.43686303,0.11776106,2026-10-01,8,0.395129308
S_254,51.22,17.03,3149.442431326004,0,0,0.46504852,-0.43434122,0.1054363,2026-10-01,8,0.381689076
S_255,51.24,17.03,4934.831602902228,0,0,0.45861518,-0.42121783,0.09827148,2026-10-01,8,0.376893146
S_256,50.96,17.05,9322.345445162837,0,0,0.45854428,-0.49831122,0.06422075,2026-10-01,8,0.363251584
S_257,50.98,17.05,7133.907327775435,0,0,0.45604783,-0.45398113,0.092894025,2026-10-01,8,0.373971959
S_258,51.0,17.05,4977.9004993604,0,0,0.4251775,-0.46999288,0.08436279,2026-10-01,8,0.361298366
S_259,51.02,17.05,2910.9997256157144,0,0,0.4575554,-0.4634675,0.09211731,2026-10-01,8,0.374113544
S_26,51.16,16.73,5863.717409588568,0,0,0.35046798,-0.37869355,0.039537963,2026-10-01,8,0.3209555792
S_260,51.04,17.05,842.6495839861251,0,0,0.4415331,-0.44661108,0.09326945,2026-10-01,8,0.3382976267972251
S_261,51.06,17.05,26.754012374311475,241,0,0.489176,-0.44691378,0.117588274,2026-10-01,8,0.0
S_262,51.08,17.05,760.0327535766545,249,0,0.36749882,-0.3904356,0.054132253,2026-10-01,8,0.0
S_263,51.1,17.05,905.3365178959564,428,0,0.30167386,-0.30845654,0.041989822,2026-10-01,8,0.0
S_264,51.12,17.05,1342.7351323182363,304,0,0.36823136,-0.37179896,0.07681047,2026-10-01,8,0.041193596
S_265,51.14,17.05,1096.9398205322211,166,0,0.37579277,-0.37878007,0.12791114,2026-10-01,8,0.06390228700000006
S_266,51.16,17.05,37.50494213788518,29,0,0.38123134,-0.39865953,0.12805867,2026-10-01,8,0.0
S_267,51.18,17.05,781.3390905233456,0,0,0.46537885,-0.41294366,0.12824503,2026-10-01,8,0.3471794851046691
S_268,51.2,17.05,2627.0151318828944,0,0,0.4794271,-0.43890384,0.126934,2026-10-01,8,0.39460173
S_269,51.22,17.05,3996.7819122721135,0,0,0.50904256,-0.48160666,0.117982514,2026-10-01,8,0.3999057736
S_27,51.18,16.73,6493.224785585582,0,0,0.49008644,-0.49961108,0.071503036,2026-10-01,8,0.3756271464
S_270,51.24,17.05,5775.605634906718,0,0,0.5007177,-0.4613058,0.12176514,2026-10-01,8,0.39892136600000005
S_271,50.96,17.07,9503.511109340056,0,0,0.44657028,-0.4810656,0.06751581,2026-10-01,8,0.360977408
S_272,50.98,17.07,7285.075000429359,0,0,0.45121282,-0.45286012,0.059786357,2026-10-01,8,0.3592783888
S_273,51.0,17.07,5072.297259895921,0,0,0.47775048,-0.494772,0.063122466,2026-10-01,8,0.3685741304
S_274,51.02,17.07,2878.275441631271,0,0,0.45649204,-0.4616453,0.087045565,2026-10-01,8,0.371765838
S_275,51.04,17.07,860.946420128604,0,0,0.4356726,-0.43513325,0.08767605,2026-10-01,8,0.3379614840257208
S_276,51.06,17.07,18.403622301136235,17,0,0.45399696,-0.42387933,0.12906317,2026-10-01,8,0.0
S_277,51.08,17.07,214.70843905693792,331,0,0.4415379,-0.4110405,0.13340725,2026-10-01,8,0.0
S_278,51.1,17.07,263.626736591189,71,0,0.3782305,-0.380159,0.12935883,2026-10-01,8,0.0
S_279,51.12,17.07,620.3995166988473,54,0,0.38258225,-0.41507584,0.13070579,2026-10-01,8,0.0
S_28,51.2,16.73,7008.001097177331,0,0,0.49237,-0.48096457,0.11169452,2026-10-01,8,0.392388808
S_280,51.14,17.07,5.296732199324818,340,0,0.38927388,-0.4568279,0.14208582,2026-10-01,8,0.0
S_281,51.16,17.07,170.6004669692908,0,0,0.3912239,-0.4548728,0.11337482,2026-10-01,8,0.19683719139385816
S_282,51.18,17.07,1059.4018588611032,0,0,0.5114957,-0.47584945,0.11110122,2026-10-01,8,0.397889198
S_283,51.2,17.07,2821.0569727528555,0,0,0.5088948,-0.49539983,0.12817325,2026-10-01,8,0.40393774
S_284,51.22,17.07,4963.876382114957,0,0,0.4897178,-0.50739604,0.12697949,2026-10-01,8,0.39770713599999996
S_285,51.24,17.07,6615.739492012172,0,0,0.51673466,-0.52652997,0.17136772,2026-10-01,8,0.42356748600000005
S_286,50.96,17.09,9505.401786812829,0,0,0.43968537,-0.47239223,0.097735755,2026-10-01,8,0.370999913
S_287,50.98,17.09,7285.655100610123,0,0,0.4485053,-0.47442737,0.071763575,2026-10-01,8,0.36325702000000004
S_288,51.0,17.09,5068.946250743713,0,0,0.46790242,-0.4823167,0.061616503,2026-10-01,8,0.3650173272
S_289,51.02,17.09,2846.062558614396,0,0,0.43785548,-0.4364067,0.07290337,2026-10-01,8,0.360517992
S_29,51.22,16.73,7938.677214869078,0,0,0.46007818,-0.47171003,0.0724483,2026-10-01,8,0.36700277400000003
S_290,51.04,17.09,627.9980417595431,0,0,0.43790635,-0.43277925,0.112956226,2026-10-01,8,0.3021540037519086
S_291,51.06,17.09,118.86744519004682,20,0,0.47342402,-0.4393965,0.121371746,2026-10-01,8,0.0
S_292,51.08,17.09,88.13980394258562,107,0,0.46365175,-0.41780794,0.12278455,2026-10-01,8,0.0
S_293,51.1,17.09,429.06807227558295,113,0,0.43442753,-0.4648591,0.12513982,2026-10-01,8,0.0
S_294,51.12,17.09,450.62107651110034,141,0,0.42251322,-0.47591934,0.13747634,2026-10-01,8,0.0
S_295,51.14,17.09,201.25573821191043,248,0,0.38598782,-0.47241932,0.118673876,2026-10-01,8,0.0
S_296,51.16,17.09,60.45637724612981,0,0,0.51384676,-0.42089576,0.113565,2026-10-01,8,0.21167130344922594
S_297,51.18,17.09,402.1787713061745,0,0,0.5354714,-0.52795273,0.12833107,2026-10-01,8,0.2924096022612349
S_298,51.2,17.09,2617.146664306679,0,0,0.5148399,-0.48900676,0.12097412,2026-10-01,8,0.402841618
S_299,51.22,17.09,4841.310711102912,0,0,0.5027026,-0.48808607,0.11042485,2026-10-01,8,0.39498072
S_3,51.0,16.71,15460.167737524162,0,0,0.41357285,-0.4444378,0.04501423,2026-10-01,8,0.34207754700000004
S_30,51.24,16.73,9275.33000166609,0,0,0.43073586,-0.45872974,0.06493621,2026-10-01,8,0.35519524199999997
S_300,51.24,17.09,7065.999347705496,0,0,0.50007683,-0.49125725,0.12640522,2026-10-01,8,0.400585137
S_301,50.96,17.11,9502.278649368596,0,0,0.44991735,-0.47462252,0.07810514,2026-10-01,8,0.366217261
S_302,50.98,17.11,7280.877747704259,0,0,0.46224597,-0.4739628,0.074433416,2026-10-01,8,0.3684471574
S_303,51.0,17.11,5062.534830177265,0,0,0.45771998,-0.46703732,0.07048471,2026-10-01,8,0.365509878
S_304,51.02,17.11,2854.4062347284403,0,0,0.45226297,-0.4581532,0.082140386,2026-10-01,8,0.36853504540000004
S_305,51.04,17.11,752.6021058611249,0,0,0.4407543,-0.4178888,0.12926021,2026-10-01,8,0.334450795172225
S_306,51.06,17.11,404.7006786032911,0,0,0.5197102,-0.45797154,0.117620796,2026-10-01,8,0.2839015141206582
S_307,51.08,17.11,21.61305392219596,0,0,0.48604032,-0.40915102,0.10978337,2026-10-01,8,0.1940480547844392
S_308,51.1,17.11,626.639890995596,124,0,0.44565007,-0.46922445,0.12415382,2026-10-01,8,0.008684527199119219
S_309,51.12,17.11,293.12140737681347,400,0,0.404032,-0.3736208,0.10969058,2026-10-01,8,0.0
S_31,50.96,16.75,18000.470905369522,0,0,0.46891537,-0.43397614,0.050075945,2026-10-01,8,0.36070498900000003
S_310,51.14,17.11,1.2634738104871963,7,0,0.41674566,-0.46376854,0.12440941,2026-10-01,8,0.03504015676209743
S_311,51.16,17.11,11.974441257387422,96,0,0.4994374,-0.46356252,0.12296375,2026-10-01,8,0.0
S_312,51.18,17.11,652.976173360686,0,0,0.47814506,-0.4148164,0.116245195,2026-10-01,8,0.3205368306721372
S_313,51.2,17.11,2734.1440659639547,0,0,0.4718657,-0.47142372,0.12996972,2026-10-01,8,0.39354759800000005
S_314,51.22,17.11,4788.973441161141,0,0,0.48352453,-0.45865965,0.13368748,2026-10-01,8,0.398532351
S_315,51.24,17.11,6891.885687981036,0,0,0.47086203,-0.45083785,0.12379583,2026-10-01,8,0.390776941
S_316,50.96,17.13,9406.611013607397,0,0,0.4536344,-0.41810438,0.108107276,2026-10-01,8,0.3793332304
S_317,50.98,17.13,7196.12198055024,0,0,0.45051506,-0.468954,0.08945539,2026-10-01,8,0.370936674
S_318,51.0,17.13,4998.414551367272,0,0,0.44775176,-0.41306365,0.098146744,2026-10-01,8,0.37358422560000004
S_319,51.02,17.13,2843.301120642574,0,0,0.4637228,-0.47126007,0.09043215,2026-10-01,8,0.3752897
S_32,50.98,16.75,15952.247462011475,0,0,0.45334792,-0.45407227,0.07808543,2026-10-01,8,0.367238548
S_320,51.04,17.13,1041.5912548421352,0,0,0.47964352,-0.46315718,0.10102708,2026-10-01,8,0.38430388800000004
S_321,51.06,17.13,211.6792510664819,0,0,0.47758356,-0.44577673,0.1118842,2026-10-01,8,0.2303645982132964
S_322,51.08,17.13,49.6135296497983,0,0,0.48916197,-0.46952933,0.106948294,2026-10-01,8,0.19945061452995966
S_323,51.1,17.13,9.46748805952812,0,0,0.47987363,-0.4172401,0.1298705,2026-10-01,8,0.19780378661190562
S_324,51.12,17.13,26.32567471779296,52,0,0.49109304,-0.43472,0.124466546,2026-10-01,8,0.0
S_325,51.14,17.13,86.17281976514295,100,0,0.48477128,-0.48366776,0.13072476,2026-10-01,8,0.0
S_326,51.16,17.13,94.59162240169668,258,0,0.4350516,-0.461108,0.12785348,2026-10-01,8,0.0
S_327,51.18,17.13,289.3309346024406,0,0,0.45697898,-0.4705991,0.12448836,2026-10-01,8,0.24475522492048812
S_328,51.2,17.13,2233.8334123942354,0,0,0.46151614,-0.4774237,0.13092875,2026-10-01,8,0.390826342
S_329,51.22,17.13,4433.292020477803,0,0,0.46711698,-0.4701196,0.123471,2026-10-01,8,0.38952349399999997
S_33,51.0,16.75,13953.746654401524,0,0,0.43134275,-0.40963918,0.040817175,2026-10-01,8,0.345729695
S_330,51.24,17.13,6649.757122092191,0,0,0.48122293,-0.4428837,0.11175638,2026-10-01,8,0.389069431
S_331,50.96,17.15,9302.065628001628,0,0,0.45449895,-0.49900523,0.04091244,2026-10-01,8,0.35271466100000004
S_332,50.98,17.15,7077.2259491861805,0,0,0.46099094,-0.49917522,0.062202837,2026-10-01,8,0.3631784168
S_333,51.0,17.15,4852.415661603735,0,0,0.44901422,-0.43820012,0.09958193,2026-10-01,8,0.374537038
S_334,51.02,17.15,2627.7286660969885,0,0,0.3860367,-0.38662773,0.062046256,2026-10-01,8,0.3406295124
S_335,51.04,17.15,405.3255842916269,0,0,0.47797695,-0.44274026,0.1141549,2026-10-01,8,0.2701201618583254
S_336,51.06,17.15,311.1005865256748,0,0,0.44088992,-0.36431456,0.106328554,2026-10-01,8,0.23701851490513495
S_337,51.08,17.15,379.9059987106683,0,0,0.45468327,-0.46915135,0.116794735,2026-10-01,8,0.25910407474213365
S_338,51.1,17.15,47.71133279133735,48,0,0.5187565,-0.46618283,0.12996708,2026-10-01,8,0.0
S_339,51.12,17.15,31.8034264834681,0,0,0.49342564,-0.416278,0.124577835,2026-10-01,8,0.2042195112966936
S_34,51.02,16.75,12028.58577000032,0,0,0.34460637,-0.34232056,0.041057043,2026-10-01,8,0.3198047282
S_340,51.14,17.15,612.9558315376042,0,0,0.45537692,-0.43873474,0.12672876,2026-10-01,8,0.30989574630752087
S_341,51.16,17.15,29.59519998379784,12,0,0.47100738,-0.47460854,0.12765694,2026-10-01,8,0.0
S_342,51.18,17.15,504.73404352611607,0,0,0.45628193,-0.45338416,0.12166762,2026-10-01,8,0.2864984357052232
S_343,51.2,17.15,2272.8014071320617,0,0,0.5038012,-0.45489353,0.110525,2026-10-01,8,0.39535036
S_344,51.22,17.15,4456.511132128606,0,0,0.47797567,-0.46589786,0.100935265,2026-10-01,8,0.383766807
S_345,51.24,17.15,6667.206056752632,0,0,0.45546907,-0.44254005,0.097512856,2026-10-01,8,0.3756458634
S_346,50.96,17.17,9400.094892925816,0,0,0.45771116,-0.47433665,0.08923195,2026-10-01,8,0.373006128
S_347,50.98,17.17,7205.537667660058,0,0,0.4553107,-0.42665422,0.071657516,2026-10-01,8,0.3652562164
S_348,51.0,17.17,5037.643313075092,0,0,0.45272422,-0.43345004,0.097024225,2026-10-01,8,0.374626956
S_349,51.02,17.17,2955.6922018360483,0,0,0.48354036,-0.43058178,0.091406845,2026-10-01,8,0.381624846
S_35,51.04,16.75,10225.838452160657,0,0,0.47425276,-0.41711202,0.07902789,2026-10-01,8,0.373886984
S_350,51.04,17.17,1351.7422326019637,0,0,0.434635,-0.37217903,0.086965695,2026-10-01,8,0.36517677800000004
S_351,51.06,17.17,928.5546687939476,0,0,0.34109324,-0.29652047,0.09845864,2026-10-01,8,0.3274223617587895
S_352,51.08,17.17,1222.2373882291276,0,0,0.45616978,-0.44273788,0.12783393,2026-10-01,8,0.387984506
S_353,51.1,17.17,64.3623122469601,11,0,0.48335734,-0.45864618,0.11818713,2026-10-01,8,0.0
S_354,51.12,17.17,782.985738214666,0,0,0.514136,-0.41532102,0.12560913,2026-10-01,8,0.3610815996429332
S_355,51.14,17.17,1685.2291347635687,0,0,0.4873383,-0.4490936,0.13126603,2026-10-01,8,0.398707902
S_356,51.16,17.17,1175.496525571058,0,0,0.4006069,-0.42503273,0.108110055,2026-10-01,8,0.363426092
S_357,51.18,17.17,1045.405382052987,0,0,0.4500773,-0.47074398,0.12525027,2026-10-01,8,0.385123298
S_358,51.2,17.17,2797.905024062247,0,0,0.4569058,-0.51624227,0.15116394,2026-10-01,8,0.397537316
S_359,51.22,17.17,4848.664960109084,0,0,0.47876197,-0.52208877,0.149412,2026-10-01,8,0.40339339100000005
S_36,51.06,16.75,8622.635029524121,0,0,0.48680362,-0.4058034,0.08365738,2026-10-01,8,0.379504038
S_360,51.24,17.17,6936.034365292944,0,0,0.4420947,-0.47111556,0.10318966,2026-10-01,8,0.37390427400000004
S_361,50.96,17.19,9702.407959934322,0,0,0.45758027,-0.46435764,0.08181224,2026-10-01,8,0.369998977
S_362,50.98,17.19,7595.544875188068,0,0,0.46898994,-0.47110856,0.039089367,2026-10-01,8,0.3563327288
S_363,51.0,17.19,5581.034959595853,0,0,0.46130365,-0.4426988,0.08510251,2026-10-01,8,0.372432099
S_364,51.02,17.19,3808.381448597596,0,0,0.46324354,-0.4179808,0.09665935,2026-10-01,8,0.37763680200000005
S_365,51.04,17.19,2677.399665191623,0,0,0.4677687,-0.45364055,0.108854085,2026-10-01,8,0.383872244
S_366,51.06,17.19,1391.3829292996506,0,0,0.50874144,-0.43863046,0.13285747,2026-10-01,8,0.40576542000000004
S_367,51.08,17.19,1721.6045046302854,0,0,0.5052604,-0.46501803,0.12887712,2026-10-01,8,0.40312896800000003
S_368,51.1,17.19,1184.036912541745,0,0,0.442007,-0.46414167,0.1271833,2026-10-01,8,0.38347542
S_369,51.12,17.19,1776.3806349218871,0,0,0.49216938,-0.45054004,0.13250427,2026-10-01,8,0.400652522
S_37,51.08,16.75,7350.725399726949,0,0,0.448571,-0.434804,0.070518024,2026-10-01,8,0.3627785096
S_370,51.14,17.19,2564.33775392618,0,0,0.49282718,-0.45082223,0.1334051,2026-10-01,8,0.401210194
S_371,51.16,17.19,2567.547044450593,0,0,0.4475718,-0.4021306,0.1084861,2026-10-01,8,0.37766598
S_372,51.18,17.19,2389.1599553755764,0,0,0.5123787,-0.43052456,0.11936638,2026-10-01,8,0.401460162
S_373,51.2,17.19,3548.269857966122,0,0,0.42579356,-0.47205228,0.11346977,2026-10-01,8,0.373125976
S_374,51.22,17.19,5404.641768609151,0,0,0.46857035,-0.43003094,0.12531847,2026-10-01,8,0.39069849300000004
S_375,51.24,17.19,7456.230708247526,0,0,0.44342586,-0.47994095,0.09067572,2026-10-01,8,0.36929804600000005
S_376,50.96,17.21,10190.839513748497,0,0,0.43402672,-0.43196127,0.07007725,2026-10-01,8,0.358238916
S_377,50.98,17.21,8210.03594069413,0,0,0.490141,-0.449242,0.098790556,2026-10-01,8,0.3865585224
S_378,51.0,17.21,6391.886841119376,0,0,0.48598582,-0.4479715,0.101635434,2026-10-01,8,0.3864499196
S_379,51.02,17.21,4906.809099143584,0,0,0.52079815,-0.51046085,0.12680091,2026-10-01,8,0.40695980899999995
S_38,51.1,16.75,5908.015345296582,0,0,0.45961735,-0.4736339,0.060762696,2026-10-01,8,0.3621902834
S_380,51.04,17.21,3974.282833083281,0,0,0.4853363,-0.4383042,0.10931424,2026-10-01,8,0.38932658600000003
S_381,51.06,17.21,2630.657955118508,0,0,0.47857726,-0.43712795,0.1031381,2026-10-01,8,0.384828418
S_382,51.08,17.21,2818.8981827577068,0,0,0.4681054,-0.4329205,0.10388765,2026-10-01,8,0.38198668
S_383,51.1,17.21,2460.9366280540366,0,0,0.47502118,-0.4781073,0.12417721,2026-10-01,8,0.39217723800000004
S_384,51.12,17.21,2811.402315802659,0,0,0.5068419,-0.4555801,0.13052934,2026-10-01,8,0.40426430599999996
S_385,51.14,17.21,3771.039082895692,0,0,0.48171642,-0.46981677,0.117150776,2026-10-01,8,0.3913752364
S_386,51.16,17.21,3964.297130363847,0,0,0.48222995,-0.46046424,0.120724045,2026-10-01,8,0.392958603
S_387,51.18,17.21,3772.9307114841904,0,0,0.44722196,-0.46250266,0.117313355,2026-10-01,8,0.38109192999999997
S_388,51.2,17.21,4594.935939212146,0,0,0.43906885,-0.4759185,0.12144724,2026-10-01,8,0.380299551
S_389,51.22,17.21,6155.712601673673,0,0,0.4427393,-0.46636403,0.11869911,2026-10-01,8,0.380301434
S_39,51.12,16.75,4534.291563557253,0,0,0.46954945,-0.47698355,0.075174816,2026-10-01,8,0.37093476140000003
S_390,51.24,17.21,8024.6705081537875,0,0,0.44872662,-0.47464317,0.11019629,2026-10-01,8,0.37869650200000005
S_391,50.96,17.23,10840.25969081234,0,0,0.45974025,-0.44378427,0.08108582,2026-10-01,8,0.37035640300000006
S_392,50.98,17.23,9003.161363737108,0,0,0.45360458,-0.4452925,0.100044556,2026-10-01,8,0.3760991964
S_393,51.0,17.23,7382.589353045482,0,0,0.46737775,-0.4581384,0.10875708,2026-10-01,8,0.383716157
S_394,51.02,17.23,6111.605858024738,0,0,0.50629884,-0.5061867,0.113026805,2026-10-01,8,0.39710037400000003
S_395,51.04,17.23,4971.335173736405,0,0,0.40532014,-0.4557644,0.110716276,2026-10-01,8,0.3658825524
S_396,51.06,17.23,3979.420376276317,0,0,0.3963464,-0.45256895,0.12350549,2026-10-01,8,0.368306116
S_397,51.08,17.23,4105.821277418549,0,0,0.43757144,-0.44269413,0.1173602,2026-10-01,8,0.37821551200000003
S_398,51.1,17.23,3825.238852130517,0,0,0.45159492,-0.46422663,0.11666761,2026-10-01,8,0.38214552
S_399,51.12,17.23,4059.24751098903,0,0,0.4721129,-0.4168365,0.117206395,2026-10-01,8,0.388516428
S_4,51.02,16.71,13746.899774716265,0,0,0.39756635,-0.45975748,0.039583325,2026-10-01,8,0.335103235
S_40,51.14,16.75,4013.110042361553,0,0,0.4340227,-0.44223374,0.041345704,2026-10-01,8,0.3467450916
S_400,51.14,17.23,5077.889591772684,0,0,0.42819706,-0.4693874,0.093868665,2026-10-01,8,0.366006584
S_401,51.16,17.23,5362.238851744935,0,0,0.48685765,-0.46307734,0.09415803,2026-10-01,8,0.383720507
S_402,51.18,17.23,5164.650253401098,0,0,0.4716278,-0.474248,0.11738313,2026-10-01,8,0.388441592
S_403,51.2,17.23,5791.946670621568,0,0,0.46200618,-0.45661125,0.105778046,2026-10-01,8,0.3809130724
S_404,51.22,17.23,7093.700827252286,0,0,0.46122402,-0.45740098,0.12452781,2026-10-01,8,0.38817833
S_405,51.24,17.23,8774.710761505301,0,0,0.43859497,-0.46437496,0.10846004,2026-10-01,8,0.374962507
S_406,50.96,17.25,11623.715328983602,0,0,0.46016872,-0.47165415,0.081824,2026-10-01,8,0.370780216
S_407,50.98,17.25,9932.217903269244,0,0,0.4679213,-0.44557694,0.09911601,2026-10-01,8,0.380022794
S_408,51.0,17.25,8484.01056952527,0,0,0.47772685,-0.4523206,0.115303725,2026-10-01,8,0.389439545
S_409,51.02,17.25,7384.285945805905,0,0,0.44156152,-0.43996793,0.09640936,2026-10-01,8,0.37103220000000003
S_41,51.16,16.75,4531.119295161696,0,0,0.45970532,-0.44168195,0.07019728,2026-10-01,8,0.365990508
S_410,51.04,17.25,6129.1194061255255,0,0,0.391111,-0.43679637,0.13633165,2026-10-01,8,0.37186596
S_411,51.06,17.25,5355.576514058632,0,0,0.3824425,-0.45663956,0.12563737,2026-10-01,8,0.36498769799999997
S_412,51.08,17.25,5449.646214796447,0,0,0.45801663,-0.44225886,0.11938259,2026-10-01,8,0.38515802499999996
S_413,51.1,17.25,5208.939555461392,0,0,0.4792478,-0.47507834,0.12120648,2026-10-01,8,0.392256932
S_414,51.12,17.25,5382.7184159775925,0,0,0.49394247,-0.45328957,0.13418195,2026-10-01,8,0.401855521
S_415,51.14,17.25,6380.169182758276,0,0,0.48728055,-0.4821212,0.11353443,2026-10-01,8,0.391597937
S_416,51.16,17.25,6760.631388968914,0,0,0.45689324,-0.46358302,0.10922761,2026-10-01,8,0.380759016
S_417,51.18,17.25,6559.259200270753,0,0,0.53454965,-0.52044904,0.19222516,2026-10-01,8,0.437254959
S_418,51.2,17.25,7063.273077274323,0,0,0.48433712,-0.49076268,0.1363891,2026-10-01,8,0.399856776
S_419,51.22,17.25,8164.353191759555,0,0,0.4207089,-0.44060946,0.10773602,2026-10-01,8,0.369307078
S_42,51.18,16.75,5112.8447514642985,0,0,0.49545032,-0.5079088,0.077520065,2026-10-01,8,0.379643122
S_420,51.24,17.25,9660.460230112583,0,0,0.4527981,-0.4776689,0.124276996,2026-10-01,8,0.3855502284
S_43,51.2,16.75,5706.64132954761,0,0,0.47853094,-0.46730077,0.08934456,2026-10-01,8,0.379297106
S_44,51.22,16.75,6775.548434194237,0,0,0.46532077,-0.42370972,0.06403309,2026-10-01,8,0.365209467
S_45,51.24,16.75,8302.081445945038,0,0,0.46266523,-0.44908336,0.05344005,2026-10-01,8,0.360175589
S_46,50.96,16.77,17022.908120220254,0,0,0.46589196,-0.45604268,0.08842301,2026-10-01,8,0.375136792
S_47,50.98,16.77,15422.41639279965,0,0,0.45085466,-0.4286731,0.081447646,2026-10-01,8,0.36783545640000004
S_48,51.0,16.77,13349.921110816154,0,0,0.45435256,-0.44490325,0.102696665,2026-10-01,8,0.377384434
S_49,51.02,16.77,11333.075173326231,0,0,0.44745836,-0.402693,0.09979459,2026-10-01,8,0.37415534400000006
S_5,51.04,16.71,12199.952563339264,0,0,0.4519051,-0.43857765,0.058498856,2026-10-01,8,0.35897107240000004
S_50,51.04,16.77,9398.22334858242,0,0,0.44555682,-0.3921353,0.087585546,2026-10-01,8,0.36870126440000006
S_51,51.06,16.77,7623.368673179539,0,0,0.45234334,-0.4003496,0.08680659,2026-10-01,8,0.370425638
S_52,51.08,16.77,6148.669471297736,0,0,0.45263553,-0.42490464,0.10361768,2026-10-01,8,0.377237731
S_53,51.1,16.77,5053.636350499835,0,0,0.4842803,-0.44104022,0.107766084,2026-10-01,8,0.38839052360000004
S_54,51.12,16.77,3358.716664473822,0,0,0.47304884,-0.40916958,0.06499224,2026-10-01,8,0.36791154800000003
S_55,51.14,16.77,2614.072225314547,0,0,0.4584142,-0.43489763,0.0577547,2026-10-01,8,0.36062614
S_56,51.16,16.77,3191.577926385069,0,0,0.47156936,-0.50776786,0.066970296,2026-10-01,8,0.3682589264
S_57,51.18,16.77,3746.058938902203,0,0,0.48971674,-0.5524678,0.08704566,2026-10-01,8,0.381733286
S_58,51.2,16.77,4425.096477717739,0,0,0.48680747,-0.5422391,0.08508797,2026-10-01,8,0.38007742899999997
S_59,51.22,16.77,5718.539643471043,0,0,0.4532545,-0.4406705,0.09328182,2026-10-01,8,0.373289078
S_6,51.06,16.71,10890.438633297126,0,0,0.44802698,-0.4530291,0.04374445,2026-10-01,8,0.351905874
S_60,51.24,16.77,7464.841019661316,0,0,0.49525467,-0.4634836,0.07691015,2026-10-01,8,0.379340461
S_61,50.96,16.79,15947.047960674154,0,0,0.43471867,-0.40355396,0.087400936,2026-10-01,8,0.3653759754
S_62,50.98,16.79,14509.12439155469,0,0,0.43486512,-0.44268605,0.050308272,2026-10-01,8,0.3505828448
S_63,51.0,16.79,12846.126033979224,0,0,0.44450778,-0.44665432,0.0887974,2026-10-01,8,0.368871294
S_64,51.02,16.79,10761.477088982943,0,0,0.44324642,-0.46227747,0.059111807,2026-10-01,8,0.3566186488
S_65,51.04,16.79,8716.684616946155,0,0,0.47433382,-0.43849716,0.08922547,2026-10-01,8,0.37799033400000004
S_66,51.06,16.79,6768.271669017946,0,0,0.4477375,-0.4192713,0.113274395,2026-10-01,8,0.37963100800000005
S_67,51.08,16.79,5050.2723857274605,0,0,0.46783862,-0.43551332,0.08566608,2026-10-01,8,0.37461801800000005
S_68,51.1,16.79,3826.043540989088,0,0,0.4686246,-0.45561352,0.09491236,2026-10-01,8,0.378552324
S_69,51.12,16.79,2433.623491543097,0,0,0.4719853,-0.4415948,0.07195828,2026-10-01,8,0.370378902
S_7,51.08,16.71,9460.246648260876,0,0,0.43394533,-0.43314052,0.058519162,2026-10-01,8,0.35359126380000006
S_70,51.14,16.79,1216.7007448199618,0,0,0.4173353,-0.447433,0.04014345,2026-10-01,8,0.34125797
S_71,51.16,16.79,1936.0636528547705,0,0,0.4507675,-0.44784498,0.08273813,2026-10-01,8,0.368325502
S_72,51.18,16.79,2360.4833464144017,0,0,0.4603205,-0.41650903,0.094208695,2026-10-01,8,0.375779628
S_73,51.2,16.79,3206.1302202323163,0,0,0.48482364,-0.5087321,0.072012186,2026-10-01,8,0.3742519664
S_74,51.22,16.79,4837.714195186279,0,0,0.4085437,-0.4441542,0.047659695,2026-10-01,8,0.341626988
S_75,51.24,16.79,6813.926733180992,0,0,0.4760168,-0.4559393,0.07090667,2026-10-01,8,0.371167708
S_76,50.96,16.81,14892.8901715824,0,0,0.43535352,-0.4401948,0.09057191,2026-10-01,8,0.36683482
S_77,50.98,16.81,13441.16549326596,0,0,0.42284864,-0.4238579,0.08068021,2026-10-01,8,0.35912667600000003
S_78,51.0,16.81,11897.905348101373,0,0,0.44154084,-0.41430217,0.09048337,2026-10-01,8,0.3686556
S_79,51.02,16.81,10294.632437154196,0,0,0.41896105,-0.4507636,0.050146386,2026-10-01,8,0.3457468694
S_8,51.1,16.71,8076.924726854547,0,0,0.43658665,-0.47021812,0.051005494,2026-10-01,8,0.3513781926
S_80,51.04,16.81,8200.007119833177,0,0,0.4411361,-0.46105066,0.07961189,2026-10-01,8,0.364185586
S_81,51.06,16.81,6109.181139309905,0,0,0.42838112,-0.42712578,0.10508207,2026-10-01,8,0.370547164
S_82,51.08,16.81,4138.897714803536,0,0,0.488627,-0.48067877,0.104463056,2026-10-01,8,0.3883733224
S_83,51.1,16.81,2594.4511589129984,0,0,0.50081444,-0.4762621,0.11050925,2026-10-01,8,0.394448032
S_84,51.12,16.81,1523.8956538703992,0,0,0.45956132,-0.45059642,0.11114161,2026-10-01,8,0.38232504
S_85,51.14,16.81,123.62824571182684,0,0,0.45225444,-0.4323937,0.08124912,2026-10-01,8,0.19290162914236533
S_86,51.16,16.81,1107.4803238024615,0,0,0.44911507,-0.45972964,0.06827347,2026-10-01,8,0.362043909
S_87,51.18,16.81,990.510390736507,0,0,0.45340592,-0.45325965,0.07086421,2026-10-01,8,0.36246953814730143
S_88,51.2,16.81,2210.625683987344,0,0,0.49872097,-0.5313636,0.06503549,2026-10-01,8,0.375630487
S_89,51.22,16.81,4244.216239528772,0,0,0.41716555,-0.3923776,0.064999424,2026-10-01,8,0.35114943460000003
S_9,51.12,16.71,7132.92987537034,0,0,0.42247227,-0.41877598,0.010890484,2026-10-01,8,0.3310978746
S_90,51.24,16.81,6384.869133637413,0,0,0.43658996,-0.42532322,0.067955926,2026-10-01,8,0.3581593584
S_91,50.96,16.83,13900.696550902425,0,0,0.43654665,-0.42114028,0.10045747,2026-10-01,8,0.37114698300000004
S_92,50.98,16.83,12364.24594647767,0,0,0.36927587,-0.384683,0.083664335,2026-10-01,8,0.344248495
S_93,51.0,16.83,10953.594163227584,0,0,0.4363092,-0.4694999,0.09367495,2026-10-01,8,0.36836274
S_94,51.02,16.83,9298.41469926228,0,0,0.42446905,-0.44269022,0.07619056,2026-10-01,8,0.357816939
S_95,51.04,16.83,7796.744007056143,0,0,0.46483958,-0.46015698,0.07669273,2026-10-01,8,0.370128966
S_96,51.06,16.83,5694.590757082613,0,0,0.477326,-0.4446035,0.07078585,2026-10-01,8,0.37151214
S_97,51.08,16.83,3534.511095614605,0,0,0.4666937,-0.45483944,0.08632528,2026-10-01,8,0.374538222
S_98,51.1,16.83,1511.4306172008778,0,0,0.503973,-0.48335946,0.1092282,2026-10-01,8,0.39488318
S_99,51.12,16.83,372.4822459180336,0,0,0.5056037,-0.5064497,0.10887063,2026-10-01,8,0.2697258111836067
S_1,50.96,16.71,19204.135492674224,0,0,0.43316028,-0.46631208,0.19490176,2026-11-01,9,0.407908788
S_10,51.14,16.71,6812.088247351817,0,0,0.4445463,-0.4646758,0.16593394,2026-11-01,9,0.399737466
S_100,51.14,16.83,299.0414108789792,0,0,0.40969673,-0.46394286,0.1825642,2026-11-01,9,0.25574298117579586
S_101,51.16,16.83,193.31260986371728,0,0,0.35550946,-0.41559923,0.17297563,2026-11-01,9,0.21450561197274343
S_102,51.18,16.83,218.76394220477843,0,0,0.41748416,-0.47750205,0.16953263,2026-11-01,9,0.23681108844095572
S_103,51.2,16.83,1750.830765751724,0,0,0.3345521,-0.41768318,0.17094608,2026-11-01,9,0.368744062
S_104,51.22,16.83,3972.279685462268,0,0,0.35829177,-0.42493033,0.21787097,2026-11-01,9,0.394635919
S_105,51.24,16.83,5445.385947041962,0,0,0.33477467,-0.35915956,0.007684573,2026-11-01,9,0.3035062302
S_106,50.96,16.85,12984.678140135651,0,0,0.43192387,-0.45875475,0.24142113,2026-11-01,9,0.42614561300000003
S_107,50.98,16.85,11325.094646471813,0,0,0.3830253,-0.45496792,0.17607743,2026-11-01,9,0.38533856200000005
S_108,51.0,16.85,9861.896499378292,0,0,0.36077303,-0.38089973,0.23077817,2026-11-01,9,0.40054317700000003
S_109,51.02,16.85,8418.741567826879,0,0,0.3369074,-0.37553266,0.046210606,2026-11-01,9,0.3195564624
S_11,51.16,16.71,7197.1030753367495,0,0,0.3695143,-0.43573695,0.08843338,2026-11-01,9,0.346227642
S_110,51.04,16.85,6723.889490045874,0,0,0.3355226,-0.3951366,0.023753887,2026-11-01,9,0.3101583348
S_111,51.06,16.85,5421.191720799655,0,0,0.31761375,-0.38209614,0.075827405,2026-11-01,9,0.32561508699999997
S_112,51.08,16.85,3253.6617859423213,0,0,0.3504059,-0.3906759,0.15145378,2026-11-01,9,0.365703282
S_113,51.1,16.85,1042.0817532091585,0,0,0.37413573,-0.433845,0.16728696,2026-11-01,9,0.379155503
S_114,51.12,16.85,152.9756075835791,0,0,0.40418294,-0.45297128,0.19424413,2026-11-01,9,0.22954765551671583
S_115,51.14,16.85,30.375214416566127,145,0,0.4041952,-0.48960292,0.20050676,2026-11-01,9,0.0
S_116,51.16,16.85,129.81078397110568,0,0,0.44376424,-0.48740768,0.17378864,2026-11-01,9,0.22860688479422114
S_117,51.18,16.85,328.7539166104857,0,0,0.44332787,-0.49729,0.20682055,2026-11-01,9,0.2814773643220972
S_118,51.2,16.85,2136.925593380406,0,0,0.35191244,-0.43190992,0.16807285,2026-11-01,9,0.372802872
S_119,51.22,16.85,2891.784132546267,0,0,0.29591098,-0.34102216,0.015272521,2026-11-01,9,0.2948823024
S_12,51.18,16.71,7880.060446899775,0,0,0.46244204,-0.5383193,0.086882584,2026-11-01,9,0.3734856456
S_120,51.24,16.85,4629.559266687689,0,0,0.27470392,-0.2933775,-0.0148850605,2026-11-01,9,0.27645715179999997
S_121,50.96,16.87,12162.057822383023,0,0,0.3974898,-0.47907373,0.08671348,2026-11-01,9,0.353932332
S_122,50.98,16.87,10372.104290519828,0,0,0.42102486,-0.4711569,0.18339358,2026-11-01,9,0.39966489
S_123,51.0,16.87,8783.28397005277,0,0,0.39170635,-0.47147965,0.24136238,2026-11-01,9,0.414056857
S_124,51.02,16.87,7374.158792219467,0,0,0.37078956,-0.43526617,0.08427602,2026-11-01,9,0.344947276
S_125,51.04,16.87,5793.450664727714,0,0,0.34766296,-0.4003459,0.10233735,2026-11-01,9,0.345233828
S_126,51.06,16.87,4219.665969002121,0,0,0.3273905,-0.3790436,0.1817062,2026-11-01,9,0.37089963000000004
S_127,51.08,16.87,3145.7712341569377,0,0,0.35669097,-0.42382348,0.23062412,2026-11-01,9,0.39925693900000003
S_128,51.1,16.87,997.1952678499712,0,0,0.31664738,-0.40246952,0.14981498,2026-11-01,9,0.35435925956999426
S_129,51.12,16.87,75.42879838910036,42,0,0.35530356,-0.41805798,0.14782017,2026-11-01,9,0.0
S_13,51.2,16.71,8327.208531487542,0,0,0.46631134,-0.5185587,0.1959342,2026-11-01,9,0.418267082
S_130,51.14,16.87,95.03052149332436,144,0,0.35987306,-0.4137085,0.17564858,2026-11-01,9,0.0
S_131,51.16,16.87,0.5964238645431652,43,0,0.39158916,-0.46326706,0.18975674,2026-11-01,9,0.0
S_132,51.18,16.87,62.120452330665,0,0,0.45819876,-0.50357544,0.12156633,2026-11-01,9,0.198510250466133
S_133,51.2,16.87,839.0660138119009,0,0,0.37717354,-0.44144,0.17540193,2026-11-01,9,0.3511260367623802
S_134,51.22,16.87,2011.4215042469016,0,0,0.38437334,-0.43455392,0.16304955,2026-11-01,9,0.380531822
S_135,51.24,16.87,4028.182801526247,0,0,0.31067306,-0.3817158,0.005570151,2026-11-01,9,0.2954299784
S_136,50.96,16.89,11452.977110542222,0,0,0.4139976,-0.48108855,0.08563322,2026-11-01,9,0.358452568
S_137,50.98,16.89,9531.1532212864,0,0,0.4359877,-0.45864266,0.17902143,2026-11-01,9,0.402404882
S_138,51.0,16.89,7772.7528452904835,0,0,0.36293238,-0.43863338,0.19532706,2026-11-01,9,0.387010538
S_139,51.02,16.89,6287.684180771339,0,0,0.2635722,-0.30305347,0.019617498,2026-11-01,9,0.2869186592
S_14,51.22,16.71,9167.625026369526,0,0,0.4406293,-0.50381726,0.18561941,2026-11-01,9,0.406436554
S_140,51.04,16.89,4966.126143458281,0,0,0.3227368,-0.37289366,0.0048457156,2026-11-01,9,0.29875932624
S_141,51.06,16.89,3177.13745578146,0,0,0.39940408,-0.41455618,0.14206062,2026-11-01,9,0.376645472
S_142,51.08,16.89,2059.1496145995893,0,0,0.35570732,-0.41848785,0.23345675,2026-11-01,9,0.40009489600000003
S_143,51.1,16.89,584.150058798024,0,0,0.35562798,-0.40096918,0.1679935,2026-11-01,9,0.2907158057596048
S_144,51.12,16.89,29.2480101924891,21,0,0.34461182,-0.4408599,0.16923666,2026-11-01,9,0.0
S_145,51.14,16.89,166.35084857578028,184,0,0.37704554,-0.4315535,0.18853271,2026-11-01,9,0.0
S_146,51.16,16.89,88.52606590553637,16,0,0.3797898,-0.434461,0.20942457,2026-11-01,9,0.0
S_147,51.18,16.89,40.6187379953634,0,0,0.37285233,-0.4267354,0.19601431,2026-11-01,9,0.19838517059907268
S_148,51.2,16.89,128.5731600417197,0,0,0.34593567,-0.41067573,0.17335515,2026-11-01,9,0.19883739300834397
S_149,51.22,16.89,1612.966088400308,0,0,0.36664027,-0.42429593,0.16115887,2026-11-01,9,0.374455629
S_15,51.24,16.71,10346.277459912872,0,0,0.34201667,-0.42686567,0.012026086,2026-11-01,9,0.30741543540000005
S_150,51.24,16.89,3836.1304745548578,0,0,0.31074435,-0.40849775,-0.0022100708,2026-11-01,9,0.29233927668000004
S_151,50.96,16.91,10879.657044859136,0,0,0.4300899,-0.4813446,0.16085416,2026-11-01,9,0.393368634
S_152,50.98,16.91,8834.293411715706,0,0,0.41791603,-0.4802449,0.16390468,2026-11-01,9,0.390936681
S_153,51.0,16.91,6900.951084593016,0,0,0.38929743,-0.47774395,0.17980476,2026-11-01,9,0.38871113300000004
S_154,51.02,16.91,5205.976876149072,0,0,0.3603603,-0.42329496,0.001987954,2026-11-01,9,0.30890327160000003
S_155,51.04,16.91,3800.973434448058,0,0,0.36196738,-0.42795774,-0.01696218,2026-11-01,9,0.30180534200000003
S_156,51.06,16.91,2512.5632313491706,0,0,0.3933182,-0.4211809,0.18035814,2026-11-01,9,0.390138716
S_157,51.08,16.91,678.6116760835603,0,0,0.4211693,-0.467889,0.15477042,2026-11-01,9,0.32398129321671204
S_158,51.1,16.91,856.39299833093,0,0,0.46811292,-0.47126064,0.20313811,2026-11-01,9,0.39296771966618604
S_159,51.12,16.91,178.3818645157325,4,0,0.34997362,-0.42235994,0.16974282,2026-11-01,9,0.1285655869031465
S_16,50.96,16.73,18562.794541818243,0,0,0.3586194,-0.42523307,0.22470953,2026-11-01,9,0.397469632
S_160,51.14,16.91,79.09561123337517,67,0,0.39179862,-0.47112843,0.19916621,2026-11-01,9,0.0
S_161,51.16,16.91,29.5531253741436,125,0,0.39256454,-0.42388168,0.16817164,2026-11-01,9,0.0
S_162,51.18,16.91,140.86672674542552,12,0,0.3324648,-0.42387083,0.18473674,2026-11-01,9,0.0
S_163,51.2,16.91,76.31560408295768,50,0,0.36644763,-0.43200648,0.1950345,2026-11-01,9,0.0
S_164,51.22,16.91,1287.798552325959,0,0,0.3702584,-0.42677724,0.19108725,2026-11-01,9,0.38751242
S_165,51.24,16.91,3216.653967735071,0,0,0.35261914,-0.4186849,0.13516504,2026-11-01,9,0.359851758
S_166,50.96,16.93,10464.433929184495,0,0,0.4199079,-0.45215333,0.14397526,2026-11-01,9,0.383562474
S_167,50.98,16.93,8317.817703353361,0,0,0.40680954,-0.4843432,0.085340895,2026-11-01,9,0.35617922
S_168,51.0,16.93,6226.424610680338,0,0,0.38860425,-0.44994545,0.022993907,2026-11-01,9,0.3257788378
S_169,51.02,16.93,4272.15334819429,0,0,0.43051943,-0.4641964,0.19073609,2026-11-01,9,0.40545026500000003
S_17,50.98,16.73,16577.85936257925,0,0,0.38684052,-0.42038628,0.22754881,2026-11-01,9,0.40707168000000005
S_170,51.04,16.93,2734.6300697935235,0,0,0.3497488,-0.43563947,-0.0046409317,2026-11-01,9,0.30306826732000003
S_171,51.06,16.93,1405.8627140060885,0,0,0.4125622,-0.48285016,0.15296365,2026-11-01,9,0.38495412
S_172,51.08,16.93,153.7128938178727,8,0,0.43129382,-0.46950826,0.15124175,2026-11-01,9,0.06062742476357455
S_173,51.1,16.93,171.4950135169203,23,0,0.41142735,-0.4620196,0.16949995,2026-11-01,9,0.0
S_174,51.12,16.93,110.37966010894912,171,0,0.43127868,-0.47958827,0.17274275,2026-11-01,9,0.0
S_175,51.14,16.93,35.063298395709715,86,0,0.35042295,-0.38128358,0.15342893,2026-11-01,9,0.0
S_176,51.16,16.93,119.28241091083214,232,0,0.39653346,-0.4145539,0.15206185,2026-11-01,9,0.0
S_177,51.18,16.93,116.24242338942592,0,0,0.34333736,-0.39029044,0.15032218,2026-11-01,9,0.1863785646778852
S_178,51.2,16.93,243.57309243338528,0,0,0.37972137,-0.4247671,0.17836486,2026-11-01,9,0.23397697348667706
S_179,51.22,16.93,934.989887008772,0,0,0.38848892,-0.43135875,0.1703498,2026-11-01,9,0.3716845734017544
S_18,51.0,16.73,14659.31178278656,0,0,0.35644862,-0.41453266,0.06474673,2026-11-01,9,0.332833278
S_180,51.24,16.93,3093.126161565517,0,0,0.39594266,-0.45593113,0.16627498,2026-11-01,9,0.38529279
S_181,50.96,16.95,10226.581742100509,0,0,0.43879795,-0.49271464,0.1522226,2026-11-01,9,0.392528425
S_182,50.98,16.95,8016.664197115699,0,0,0.41729498,-0.4658952,0.0452252,2026-11-01,9,0.343278574
S_183,51.0,16.95,5818.1929194215,0,0,0.3373512,-0.41476798,-0.042310044,2026-11-01,9,0.2842813424
S_184,51.02,16.95,3651.912744084874,0,0,0.40869185,-0.47764364,0.057539236,2026-11-01,9,0.3456232494
S_185,51.04,16.95,1649.9390675083405,0,0,0.24421431,-0.29093775,-0.037663303,2026-11-01,9,0.2581989718
S_186,51.06,16.95,410.0436766351651,0,0,0.3690667,-0.4616676,0.022312673,2026-11-01,9,0.20165381452703302
S_187,51.08,16.95,135.73596988018187,17,0,0.3506622,-0.40875706,0.021141116,2026-11-01,9,0.0
S_188,51.1,16.95,247.77790874820764,497,0,0.3671718,-0.4449953,0.03513509,2026-11-01,9,0.0
S_189,51.12,16.95,32.48864238868553,207,0,0.3781007,-0.42574924,0.1222652,2026-11-01,9,0.0
S_19,51.02,16.73,12840.031827983006,0,0,0.3379534,-0.39824533,0.035777707,2026-11-01,9,0.3156971028
S_190,51.14,16.95,58.19435946083127,26,0,0.38015476,-0.43232605,0.124981776,2026-11-01,9,0.0
S_191,51.16,16.95,130.6314516932038,2,0,0.3848338,-0.39544642,0.15276822,2026-11-01,9,0.16268371833864076
S_192,51.18,16.95,178.81956525149948,0,0,0.45471302,-0.51387143,0.16916122,2026-11-01,9,0.2398423070502999
S_193,51.2,16.95,22.64852181705673,0,0,0.39127758,-0.4597921,0.14953241,2026-11-01,9,0.18172594236341136
S_194,51.22,16.95,1150.6667062630731,0,0,0.3741934,-0.41793564,0.06770055,2026-11-01,9,0.33933824
S_195,51.24,16.95,3375.3802928720816,0,0,0.37643248,-0.4235549,0.17608838,2026-11-01,9,0.383365096
S_196,50.96,16.97,10021.414158449285,0,0,0.4129446,-0.46229315,0.049849425,2026-11-01,9,0.34382314999999997
S_197,50.98,16.97,7910.592124100563,0,0,0.4084561,-0.4564159,0.03500179,2026-11-01,9,0.33653754599999997
S_198,51.0,16.97,5733.420616111684,0,0,0.36740538,-0.45873994,-0.020863606,2026-11-01,9,0.3018761716
S_199,51.02,16.97,3515.349555011848,0,0,0.35719854,-0.4237339,-0.031333867,2026-11-01,9,0.2946260152
S_2,50.98,16.71,17290.38293212061,0,0,0.35207024,-0.42127472,0.086024866,2026-11-01,9,0.3400310184
S_20,51.04,16.73,11168.639446384244,0,0,0.34806094,-0.4050474,0.1163507,2026-11-01,9,0.350958562
S_200,51.04,16.97,1320.5917622766913,0,0,0.3566053,-0.42236164,0.02804044,2026-11-01,9,0.31819776600000005
S_201,51.06,16.97,147.75952938197452,167,0,0.4010721,-0.43699604,0.14398246,2026-11-01,9,0.0
S_202,51.08,16.97,340.05915963391885,216,0,0.44977036,-0.5056662,0.19061969,2026-11-01,9,0.0
S_203,51.1,16.97,365.3418207991952,21,0,0.38019878,-0.43434232,0.1274223,2026-11-01,9,0.0
S_204,51.12,16.97,67.7717167848776,382,0,0.37091592,-0.37013087,-0.00948742,2026-11-01,9,0.0
S_205,51.14,16.97,412.10660404271215,202,0,0.3684883,-0.37023276,0.008267461,2026-11-01,9,0.0
S_206,51.16,16.97,16.5153612818919,0,0,0.38300145,-0.4391732,0.07565721,2026-11-01,9,0.1484663912563784
S_207,51.18,16.97,2.9191676711853622,0,0,0.4271667,-0.5196283,0.17984083,2026-11-01,9,0.2006701755342371
S_208,51.2,16.97,155.10794754818698,11,0,0.37144452,-0.42062634,0.14793728,2026-11-01,9,0.0
S_209,51.22,16.97,1398.73570960171,0,0,0.32459012,-0.37626818,0.010016611,2026-11-01,9,0.30138368039999996
S_21,51.06,16.73,9721.71749163114,0,0,0.3415135,-0.40767676,0.08158147,2026-11-01,9,0.33508663800000005
S_210,51.24,16.97,3500.14658272472,0,0,0.33198804,-0.40462837,0.14178124,2026-11-01,9,0.35630890800000004
S_211,50.96,16.99,9604.746935014811,0,0,0.42595628,-0.47657117,0.00464395,2026-11-01,9,0.329644464
S_212,50.98,16.99,7499.008014909064,0,0,0.4174054,-0.46447232,0.0368515,2026-11-01,9,0.33996222
S_213,51.0,16.99,5357.026442742652,0,0,0.4154465,-0.47882912,0.023725523,2026-11-01,9,0.3341241592
S_214,51.02,16.99,3261.557369365852,0,0,0.41746598,-0.46569228,0.06319536,2026-11-01,9,0.350517938
S_215,51.04,16.99,1331.156605452766,0,0,0.4228577,-0.43690762,0.1844365,2026-11-01,9,0.40063191000000004
S_216,51.06,16.99,67.99246611873737,190,0,0.4305679,-0.46213666,0.18248868,2026-11-01,9,0.0
S_217,51.08,16.99,332.1993831246549,235,0,0.40383375,-0.4563312,0.14717935,2026-11-01,9,0.0
S_218,51.1,16.99,95.92616121470772,365,0,0.356426,-0.40118498,0.007398081,2026-11-01,9,0.0
S_219,51.12,16.99,328.76141429986643,366,0,0.31399092,-0.35495934,-0.024604075,2026-11-01,9,0.0
S_22,51.08,16.73,8506.568173937441,0,0,0.3577693,-0.433055,0.18009654,2026-11-01,9,0.379369406
S_220,51.14,16.99,268.2790269957991,83,0,0.2645176,-0.32130715,0.01891725,2026-11-01,9,0.0
S_221,51.16,16.99,73.6050073256935,4,0,0.38433737,-0.44813082,0.06426911,2026-11-01,9,0.07572985646513868
S_222,51.18,16.99,123.6884542477482,11,0,0.40760696,-0.44647816,0.16850032,2026-11-01,9,0.0
S_223,51.2,16.99,168.12409711065547,0,0,0.42623886,-0.4632992,0.17736903,2026-11-01,9,0.23244408942213107
S_224,51.22,16.99,1746.1197465715757,0,0,0.3912454,-0.4354828,0.16534604,2026-11-01,9,0.383512036
S_225,51.24,16.99,3909.727010031838,0,0,0.39421,-0.42131588,0.17996775,2026-11-01,9,0.39025010000000004
S_226,50.96,17.01,9302.025966010857,0,0,0.4258,-0.4730706,0.11740742,2026-11-01,9,0.374702968
S_227,50.98,17.01,7107.333504160153,0,0,0.4219205,-0.47879222,0.1538368,2026-11-01,9,0.38811087
S_228,51.0,17.01,4939.745864156982,0,0,0.43260077,-0.46914816,0.061694887,2026-11-01,9,0.3544581858
S_229,51.02,17.01,2861.553217630114,0,0,0.42325398,-0.4591224,0.087918796,2026-11-01,9,0.3621437124
S_23,51.1,16.73,6936.109378879808,0,0,0.38854155,-0.41164726,0.09831354,2026-11-01,9,0.355887881
S_230,51.04,17.01,708.5497524206784,0,0,0.43645552,-0.46175316,0.16761515,2026-11-01,9,0.33969266648413565
S_231,51.06,17.01,185.8425725294435,221,0,0.41214672,-0.4613454,0.16146113,2026-11-01,9,0.0
S_232,51.08,17.01,492.6122690702354,269,0,0.3568831,-0.39546838,-0.025970388,2026-11-01,9,0.0
S_233,51.1,17.01,739.3658417430682,357,0,0.2955942,-0.3190957,-0.046710785,2026-11-01,9,0.0
S_234,51.12,17.01,975.8713986883582,194,0,0.2731687,-0.30544853,-0.03868802,2026-11-01,9,0.0
S_235,51.14,17.01,379.9979625897767,10,0,0.36444223,-0.3686022,-0.008600032,2026-11-01,9,0.0
S_236,51.16,17.01,47.96600225330634,194,0,0.4362203,-0.47047505,0.17383619,2026-11-01,9,0.0
S_237,51.18,17.01,162.33728524036934,0,0,0.4072817,-0.46070415,0.16997358,2026-11-01,9,0.22264139904807384
S_238,51.2,17.01,522.3469551576198,0,0,0.43142837,-0.47408158,0.17708133,2026-11-01,9,0.304730434031524
S_239,51.22,17.01,2309.388779925825,0,0,0.4182935,-0.46635914,0.17306633,2026-11-01,9,0.394714582
S_24,51.12,16.73,5810.251733180315,0,0,0.3911467,-0.4154522,0.09438601,2026-11-01,9,0.35509841400000003
S_240,51.24,17.01,4320.154486873881,0,0,0.41755372,-0.46212822,0.1670637,2026-11-01,9,0.39209159600000004
S_241,50.96,17.03,9205.759974995748,0,0,0.4302997,-0.4881661,0.13445741,2026-11-01,9,0.38287287400000003
S_242,50.98,17.03,6980.9290012326765,0,0,0.42871353,-0.5032407,0.12223935,2026-11-01,9,0.37750979900000003
S_243,51.0,17.03,4756.164058545855,0,0,0.44333753,-0.46917993,0.15908258,2026-11-01,9,0.396634291
S_244,51.02,17.03,2531.6591433168446,0,0,0.44180796,-0.465718,0.16944477,2026-11-01,9,0.40032029599999996
S_245,51.04,17.03,313.16913283537696,0,0,0.40961906,-0.4605196,0.1629851,2026-11-01,9,0.2507135845670754
S_246,51.06,17.03,168.58167701773638,168,0,0.42858937,-0.46000853,0.18074095,2026-11-01,9,0.0
S_247,51.08,17.03,726.1887889648634,17,0,0.3247759,-0.36101657,-0.03208131,2026-11-01,9,0.0
S_248,51.1,17.03,1524.3718245292073,326,0,0.22281525,-0.26102555,-0.07018282,2026-11-01,9,0.0
S_249,51.12,17.03,1695.1292589071084,346,0,0.26605287,-0.31433928,-0.05755198,2026-11-01,9,0.0
S_25,51.14,16.73,5412.525413426852,0,0,0.37714145,-0.4289376,0.09190698,2026-11-01,9,0.349905227
S_250,51.14,17.03,587.7412940066755,456,0,0.2565006,-0.31152377,-0.01966991,2026-11-01,9,0.0
S_251,51.16,17.03,87.43406113267545,278,0,0.39506152,-0.42850247,0.05369425,2026-11-01,9,0.0
S_252,51.18,17.03,253.34953180821336,6,0,0.43270725,-0.47198272,0.15575504,2026-11-01,9,0.1227840973616427
S_253,51.2,17.03,1408.1716662089086,0,0,0.43081746,-0.47271407,0.16937633,2026-11-01,9,0.39699576999999997
S_254,51.22,17.03,3149.442431326004,0,0,0.41864362,-0.46166664,0.2044307,2026-11-01,9,0.407365366
S_255,51.24,17.03,4934.831602902228,0,0,0.44264632,-0.46206602,0.18167707,2026-11-01,9,0.405464724
S_256,50.96,17.05,9322.345445162837,0,0,0.42215237,-0.502993,0.036726225,2026-11-01,9,0.341336201
S_257,50.98,17.05,7133.907327775435,0,0,0.43009427,-0.48457643,0.1595525,2026-11-01,9,0.392849281
S_258,51.0,17.05,4977.9004993604,0,0,0.41343868,-0.46503296,0.07941014,2026-11-01,9,0.35579566
S_259,51.02,17.05,2910.9997256157144,0,0,0.42842126,-0.45767727,0.1511646,2026-11-01,9,0.388992218
S_26,51.16,16.73,5863.717409588568,0,0,0.3700632,-0.408618,0.073502876,2026-11-01,9,0.3404201104
S_260,51.04,17.05,842.6495839861251,0,0,0.41516832,-0.45070043,0.16294253,2026-11-01,9,0.358257424797225
S_261,51.06,17.05,26.754012374311475,241,0,0.37698653,-0.43006253,0.13847074,2026-11-01,9,0.0
S_262,51.08,17.05,760.0327535766545,249,0,0.34781456,-0.39274418,-0.019576358,2026-11-01,9,0.0
S_263,51.1,17.05,905.3365178959564,428,0,0.24854337,-0.30376706,-0.060075313,2026-11-01,9,0.0
S_264,51.12,17.05,1342.7351323182363,304,0,0.3484829,-0.36329374,-0.022497006,2026-11-01,9,0.0
S_265,51.14,17.05,1096.9398205322211,166,0,0.37615794,-0.41459012,0.014139617,2026-11-01,9,0.01850322880000005
S_266,51.16,17.05,37.50494213788518,29,0,0.3655685,-0.42087623,0.018172974,2026-11-01,9,0.0
S_267,51.18,17.05,781.3390905233456,0,0,0.43009657,-0.49646237,0.06414831,2026-11-01,9,0.31095611310466914
S_268,51.2,17.05,2627.0151318828944,0,0,0.4482182,-0.4848902,0.17904636,2026-11-01,9,0.406084004
S_269,51.22,17.05,3996.7819122721135,0,0,0.45629096,-0.47843173,0.13287926,2026-11-01,9,0.39003899200000003
S_27,51.18,16.73,6493.224785585582,0,0,0.45389807,-0.4999362,0.14733413,2026-11-01,9,0.395103073
S_270,51.24,17.05,5775.605634906718,0,0,0.46708474,-0.4972378,0.12478067,2026-11-01,9,0.39003769
S_271,50.96,17.07,9503.511109340056,0,0,0.4224653,-0.49975014,0.04798089,2026-11-01,9,0.345931946
S_272,50.98,17.07,7285.075000429359,0,0,0.38978237,-0.4733737,0.04381302,2026-11-01,9,0.334459919
S_273,51.0,17.07,5072.297259895921,0,0,0.4193733,-0.4842215,0.03532593,2026-11-01,9,0.339942362
S_274,51.02,17.07,2878.275441631271,0,0,0.41726738,-0.47572216,0.11992427,2026-11-01,9,0.373149922
S_275,51.04,17.07,860.946420128604,0,0,0.41269404,-0.4609341,0.11987873,2026-11-01,9,0.3439489880257208
S_276,51.06,17.07,18.403622301136235,17,0,0.43535134,-0.44366115,0.18691531,2026-11-01,9,0.0
S_277,51.08,17.07,214.70843905693792,331,0,0.3884724,-0.41449755,0.12719537,2026-11-01,9,0.0
S_278,51.1,17.07,263.626736591189,71,0,0.3918742,-0.3734096,-0.0102721695,2026-11-01,9,0.0
S_279,51.12,17.07,620.3995166988473,54,0,0.37791747,-0.42823133,-0.007408126,2026-11-01,9,0.0
S_28,51.2,16.73,7008.001097177331,0,0,0.39773387,-0.46079,0.18905313,2026-11-01,9,0.394941413
S_280,51.14,17.07,5.296732199324818,340,0,0.38578925,-0.44868624,0.0010026608,2026-11-01,9,0.0
S_281,51.16,17.07,170.6004669692908,0,0,0.40563834,-0.45769247,0.015596227,2026-11-01,9,0.16205008619385816
S_282,51.18,17.07,1059.4018588611032,0,0,0.4635745,-0.49709728,0.12867288,2026-11-01,9,0.390541502
S_283,51.2,17.07,2821.0569727528555,0,0,0.46059874,-0.50375867,0.15350965,2026-11-01,9,0.39958348200000005
S_284,51.22,17.07,4963.876382114957,0,0,0.4650745,-0.52547026,0.13577269,2026-11-01,9,0.393831426
S_285,51.24,17.07,6615.739492012172,0,0,0.5100991,-0.52185917,0.15814345,2026-11-01,9,0.41628711
S_286,50.96,17.09,9505.401786812829,0,0,0.42714682,-0.455668,0.15164171,2026-11-01,9,0.38880073000000004
S_287,50.98,17.09,7285.655100610123,0,0,0.42089662,-0.4712405,0.05447794,2026-11-01,9,0.348060162
S_288,51.0,17.09,5068.946250743713,0,0,0.43080875,-0.4778924,0.026451664,2026-11-01,9,0.33982329060000005
S_289,51.02,17.09,2846.062558614396,0,0,0.40671453,-0.46433425,0.04966301,2026-11-01,9,0.341879563
S_29,51.22,16.73,7938.677214869078,0,0,0.37083444,-0.49164107,0.16630165,2026-11-01,9,0.37777099199999997
S_290,51.04,17.09,627.9980417595431,0,0,0.41123903,-0.45883468,0.11646449,2026-11-01,9,0.2955571133519086
S_291,51.06,17.09,118.86744519004682,20,0,0.41701454,-0.44438523,0.15185112,2026-11-01,9,0.0
S_292,51.08,17.09,88.13980394258562,107,0,0.45889437,-0.4827974,0.15885971,2026-11-01,9,0.0
S_293,51.1,17.09,429.06807227558295,113,0,0.40350944,-0.42389572,0.041011278,2026-11-01,9,0.0
S_294,51.12,17.09,450.62107651110034,141,0,0.43395403,-0.4628791,0.02181464,2026-11-01,9,0.0
S_295,51.14,17.09,201.25573821191043,248,0,0.40235963,-0.45316777,0.0113152275,2026-11-01,9,0.0
S_296,51.16,17.09,60.45637724612981,0,0,0.43430486,-0.5172989,0.14229004,2026-11-01,9,0.199298749449226
S_297,51.18,17.09,402.1787713061745,0,0,0.48512647,-0.5242477,0.15761791,2026-11-01,9,0.2890208592612349
S_298,51.2,17.09,2617.146664306679,0,0,0.47029287,-0.49933106,0.15685548,2026-11-01,9,0.40383005299999997
S_299,51.22,17.09,4841.310711102912,0,0,0.4492278,-0.50643265,0.17396463,2026-11-01,9,0.404354192
S_3,51.0,16.71,15460.167737524162,0,0,0.35953042,-0.42728317,0.11183342,2026-11-01,9,0.35259249400000003
S_30,51.24,16.73,9275.33000166609,0,0,0.38265663,-0.44359335,0.16660999,2026-11-01,9,0.381440985
S_300,51.24,17.09,7065.999347705496,0,0,0.466168,-0.5078578,0.14857277,2026-11-01,9,0.399279508
S_301,50.96,17.11,9502.278649368596,0,0,0.4241711,-0.46772668,0.14160727,2026-11-01,9,0.383894238
S_302,50.98,17.11,7280.877747704259,0,0,0.43010527,-0.4612907,0.057869207,2026-11-01,9,0.3521792638
S_303,51.0,17.11,5062.534830177265,0,0,0.4191749,-0.4742276,0.050567944,2026-11-01,9,0.3459796476
S_304,51.02,17.11,2854.4062347284403,0,0,0.41994306,-0.46614313,0.12960246,2026-11-01,9,0.37782390200000004
S_305,51.04,17.11,752.6021058611249,0,0,0.39468354,-0.44435838,0.13021323,2026-11-01,9,0.321010775172225
S_306,51.06,17.11,404.7006786032911,0,0,0.45590937,-0.49285313,0.15546687,2026-11-01,9,0.27989969472065823
S_307,51.08,17.11,21.61305392219596,0,0,0.44244125,-0.4594796,0.14353995,2026-11-01,9,0.19447096578443918
S_308,51.1,17.11,626.639890995596,124,0,0.411683,-0.44538137,0.046297815,2026-11-01,9,0.0
S_309,51.12,17.11,293.12140737681347,400,0,0.3468845,-0.3874547,-0.0068926774,2026-11-01,9,0.0
S_31,50.96,16.75,18000.470905369522,0,0,0.42530766,-0.44193652,0.20161651,2026-11-01,9,0.408238902
S_310,51.14,17.11,1.2634738104871963,7,0,0.40081108,-0.45329663,0.054390434,2026-11-01,9,0.0022521923620974216
S_311,51.16,17.11,11.974441257387422,96,0,0.41323262,-0.43915838,0.14921756,2026-11-01,9,0.0
S_312,51.18,17.11,652.976173360686,0,0,0.42912242,-0.5049079,0.15285034,2026-11-01,9,0.32047209667213716
S_313,51.2,17.11,2734.1440659639547,0,0,0.41388628,-0.473067,0.16336198,2026-11-01,9,0.389510676
S_314,51.22,17.11,4788.973441161141,0,0,0.39862296,-0.42680675,0.14584419,2026-11-01,9,0.377924564
S_315,51.24,17.11,6891.885687981036,0,0,0.41125587,-0.44331124,0.15308918,2026-11-01,9,0.38461243300000003
S_316,50.96,17.13,9406.611013607397,0,0,0.42342746,-0.46569115,0.17237802,2026-11-01,9,0.395979446
S_317,50.98,17.13,7196.12198055024,0,0,0.42483732,-0.46257988,0.13677487,2026-11-01,9,0.382161144
S_318,51.0,17.13,4998.414551367272,0,0,0.4403797,-0.44348952,0.14058237,2026-11-01,9,0.388346858
S_319,51.02,17.13,2843.301120642574,0,0,0.40059927,-0.456227,0.16628374,2026-11-01,9,0.386693277
S_32,50.98,16.75,15952.247462011475,0,0,0.35509297,-0.36936116,0.22141272,2026-11-01,9,0.395092979
S_320,51.04,17.13,1041.5912548421352,0,0,0.39848372,-0.44658226,0.16330652,2026-11-01,9,0.384867724
S_321,51.06,17.13,211.6792510664819,0,0,0.3922076,-0.4425891,0.17629392,2026-11-01,9,0.23051569821329637
S_322,51.08,17.13,49.6135296497983,0,0,0.47418445,-0.48892316,0.14558062,2026-11-01,9,0.21041028892995964
S_323,51.1,17.13,9.46748805952812,0,0,0.42968297,-0.46645248,0.14439428,2026-11-01,9,0.18855610061190564
S_324,51.12,17.13,26.32567471779296,52,0,0.42411873,-0.45891666,0.14957263,2026-11-01,9,0.0
S_325,51.14,17.13,86.17281976514295,100,0,0.42675003,-0.44430768,0.14425328,2026-11-01,9,0.0
S_326,51.16,17.13,94.59162240169668,258,0,0.39514175,-0.43029135,0.059595,2026-11-01,9,0.0
S_327,51.18,17.13,289.3309346024406,0,0,0.40036517,-0.43307534,0.08707306,2026-11-01,9,0.21280496192048812
S_328,51.2,17.13,2233.8334123942354,0,0,0.450178,-0.459689,0.09977999,2026-11-01,9,0.374965396
S_329,51.22,17.13,4433.292020477803,0,0,0.42214942,-0.4601758,0.16833566,2026-11-01,9,0.39397909
S_33,51.0,16.75,13953.746654401524,0,0,0.34817126,-0.40380445,0.14774646,2026-11-01,9,0.363549962
S_330,51.24,17.13,6649.757122092191,0,0,0.4149179,-0.4499501,0.18592995,2026-11-01,9,0.39884735000000004
S_331,50.96,17.15,9302.065628001628,0,0,0.42047408,-0.51348144,0.0088731535,2026-11-01,9,0.32969148540000004
S_332,50.98,17.15,7077.2259491861805,0,0,0.42856902,-0.4761075,0.057605628,2026-11-01,9,0.3516129572
S_333,51.0,17.15,4852.415661603735,0,0,0.44022468,-0.4819607,0.13245742,2026-11-01,9,0.38505037200000003
S_334,51.02,17.15,2627.7286660969885,0,0,0.35317624,-0.42731613,0.03381657,2026-11-01,9,0.3194795
S_335,51.04,17.15,405.3255842916269,0,0,0.40867522,-0.43353742,0.14368777,2026-11-01,9,0.26114279085832537
S_336,51.06,17.15,311.1005865256748,0,0,0.36767226,-0.41546094,0.12204237,2026-11-01,9,0.22133874330513495
S_337,51.08,17.15,379.9059987106683,0,0,0.41860473,-0.4630107,0.06538736,2026-11-01,9,0.22771756274213367
S_338,51.1,17.15,47.71133279133735,48,0,0.44325605,-0.48842523,0.1406617,2026-11-01,9,0.0
S_339,51.12,17.15,31.8034264834681,0,0,0.42804122,-0.46653715,0.13585189,2026-11-01,9,0.1891138072966936
S_34,51.02,16.75,12028.58577000032,0,0,0.32371098,-0.35665497,0.0052841622,2026-11-01,9,0.29922695888
S_340,51.14,17.15,612.9558315376042,0,0,0.43940037,-0.47964835,0.15715694,2026-11-01,9,0.31727405330752084
S_341,51.16,17.15,29.59519998379784,12,0,0.40912282,-0.4412325,0.06410665,2026-11-01,9,0.0
S_342,51.18,17.15,504.73404352611607,0,0,0.416458,-0.4308517,0.063157834,2026-11-01,9,0.2511473423052232
S_343,51.2,17.15,2272.8014071320617,0,0,0.45863938,-0.4812279,0.069702365,2026-11-01,9,0.36547276
S_344,51.22,17.15,4456.511132128606,0,0,0.4767232,-0.47278735,0.13970107,2026-11-01,9,0.398897388
S_345,51.24,17.15,6667.206056752632,0,0,0.45089936,-0.47265804,0.094805166,2026-11-01,9,0.3731918744
S_346,50.96,17.17,9400.094892925816,0,0,0.42196164,-0.46307516,0.122287184,2026-11-01,9,0.37550336559999997
S_347,50.98,17.17,7205.537667660058,0,0,0.43185169,-0.48349658,0.06607698,2026-11-01,9,0.355986299
S_348,51.0,17.17,5037.643313075092,0,0,0.43946052,-0.47294796,0.16269712,2026-11-01,9,0.396917004
S_349,51.02,17.17,2955.6922018360483,0,0,0.39484188,-0.42529532,0.13597265,2026-11-01,9,0.372841624
S_35,51.04,16.75,10225.838452160657,0,0,0.3658573,-0.39005888,0.22192602,2026-11-01,9,0.39852759800000004
S_350,51.04,17.17,1351.7422326019637,0,0,0.3716214,-0.41609547,0.16126746,2026-11-01,9,0.37599340400000003
S_351,51.06,17.17,928.5546687939476,0,0,0.2742699,-0.3045664,-0.061711416,2026-11-01,9,0.2433073373587895
S_352,51.08,17.17,1222.2373882291276,0,0,0.40940583,-0.4294544,0.05812163,2026-11-01,9,0.346070401
S_353,51.1,17.17,64.3623122469601,11,0,0.41484776,-0.4493292,0.07782645,2026-11-01,9,0.0
S_354,51.12,17.17,782.985738214666,0,0,0.43723553,-0.4901707,0.14165764,2026-11-01,9,0.3444308626429332
S_355,51.14,17.17,1685.2291347635687,0,0,0.42496815,-0.45316902,0.15328632,2026-11-01,9,0.388804973
S_356,51.16,17.17,1175.496525571058,0,0,0.38516587,-0.44887266,0.04886804,2026-11-01,9,0.335096977
S_357,51.18,17.17,1045.405382052987,0,0,0.41184315,-0.4403819,0.06495604,2026-11-01,9,0.34953536100000004
S_358,51.2,17.17,2797.905024062247,0,0,0.43582886,-0.5157289,0.07262411,2026-11-01,9,0.359798302
S_359,51.22,17.17,4848.664960109084,0,0,0.45429662,-0.53646994,0.10595697,2026-11-01,9,0.378671774
S_36,51.06,16.75,8622.635029524121,0,0,0.34711125,-0.38876784,0.20278987,2026-11-01,9,0.38524932300000003
S_360,51.24,17.17,6936.034365292944,0,0,0.40832955,-0.45627815,0.11036779,2026-11-01,9,0.366645981
S_361,50.96,17.19,9702.407959934322,0,0,0.43045092,-0.45975378,0.1366938,2026-11-01,9,0.383812796
S_362,50.98,17.19,7595.544875188068,0,0,0.4639895,-0.47111648,0.04219474,2026-11-01,9,0.356074746
S_363,51.0,17.19,5581.034959595853,0,0,0.43786314,-0.45183924,0.12900618,2026-11-01,9,0.382961414
S_364,51.02,17.19,3808.381448597596,0,0,0.4555222,-0.45269245,0.18469553,2026-11-01,9,0.410534872
S_365,51.04,17.19,2677.399665191623,0,0,0.41293553,-0.45038664,0.11393509,2026-11-01,9,0.369454695
S_366,51.06,17.19,1391.3829292996506,0,0,0.41318443,-0.43274862,0.13919246,2026-11-01,9,0.379632313
S_367,51.08,17.19,1721.6045046302854,0,0,0.45492157,-0.46127245,0.15114497,2026-11-01,9,0.396934459
S_368,51.1,17.19,1184.036912541745,0,0,0.40100166,-0.4497865,0.061765555,2026-11-01,9,0.34500672
S_369,51.12,17.19,1776.3806349218871,0,0,0.3841015,-0.44207123,0.13412954,2026-11-01,9,0.36888226599999996
S_37,51.08,16.75,7350.725399726949,0,0,0.3678441,-0.4499544,0.17041713,2026-11-01,9,0.378520082
S_370,51.14,17.19,2564.33775392618,0,0,0.3906641,-0.4278523,0.15235832,2026-11-01,9,0.378142558
S_371,51.16,17.19,2567.547044450593,0,0,0.40932485,-0.45578596,0.15797764,2026-11-01,9,0.38598851100000003
S_372,51.18,17.19,2389.1599553755764,0,0,0.44786584,-0.48926905,0.15086932,2026-11-01,9,0.39470748
S_373,51.2,17.19,3548.269857966122,0,0,0.42483148,-0.49668348,0.050074957,2026-11-01,9,0.3474794268
S_374,51.22,17.19,5404.641768609151,0,0,0.42656404,-0.4687028,0.05102609,2026-11-01,9,0.348379648
S_375,51.24,17.19,7456.230708247526,0,0,0.41141942,-0.44218665,0.10739779,2026-11-01,9,0.366384942
S_376,50.96,17.21,10190.839513748497,0,0,0.4461587,-0.45559618,0.060534496,2026-11-01,9,0.3580614084
S_377,50.98,17.21,8210.03594069413,0,0,0.39981902,-0.4670277,0.13081807,2026-11-01,9,0.372272934
S_378,51.0,17.21,6391.886841119376,0,0,0.44551447,-0.49080414,0.16925532,2026-11-01,9,0.401356469
S_379,51.02,17.21,4906.809099143584,0,0,0.4746086,-0.51973855,0.09039024,2026-11-01,9,0.378538676
S_38,51.1,16.75,5908.015345296582,0,0,0.48017812,-0.46878964,0.19972017,2026-11-01,9,0.42394150399999997
S_380,51.04,17.21,3974.282833083281,0,0,0.43693084,-0.4882484,0.121400625,2026-11-01,9,0.37963950199999996
S_381,51.06,17.21,2630.657955118508,0,0,0.45314804,-0.4603025,0.061933197,2026-11-01,9,0.3607176908
S_382,51.08,17.21,2818.8981827577068,0,0,0.4691875,-0.4756409,0.073072284,2026-11-01,9,0.3699851636
S_383,51.1,17.21,2460.9366280540366,0,0,0.4067127,-0.45440271,0.14256692,2026-11-01,9,0.379040578
S_384,51.12,17.21,2811.402315802659,0,0,0.4007484,-0.45892552,0.15549116,2026-11-01,9,0.382420984
S_385,51.14,17.21,3771.039082895692,0,0,0.38605908,-0.450525,0.1544731,2026-11-01,9,0.37760696400000004
S_386,51.16,17.21,3964.297130363847,0,0,0.4001944,-0.45589018,0.17055514,2026-11-01,9,0.388280376
S_387,51.18,17.21,3772.9307114841904,0,0,0.39761317,-0.45504528,0.08604505,2026-11-01,9,0.353701971
S_388,51.2,17.21,4594.935939212146,0,0,0.4152971,-0.4614472,0.060574275,2026-11-01,9,0.34881884
S_389,51.22,17.21,6155.712601673673,0,0,0.38461965,-0.43082288,0.04822183,2026-11-01,9,0.334674627
S_39,51.12,16.75,4534.291563557253,0,0,0.3708248,-0.4140596,0.119925454,2026-11-01,9,0.35921762160000004
S_390,51.24,17.21,8024.6705081537875,0,0,0.41463214,-0.45891187,0.11453,2026-11-01,9,0.370201642
S_391,50.96,17.23,10840.25969081234,0,0,0.4535209,-0.47214243,0.13000199,2026-11-01,9,0.388057066
S_392,50.98,17.23,9003.161363737108,0,0,0.43091944,-0.48139474,0.1522062,2026-11-01,9,0.390158312
S_393,51.0,17.23,7382.589353045482,0,0,0.42671695,-0.47630826,0.11834726,2026-11-01,9,0.375353989
S_394,51.02,17.23,6111.605858024738,0,0,0.44393125,-0.50532526,0.11497453,2026-11-01,9,0.379169187
S_395,51.04,17.23,4971.335173736405,0,0,0.43632945,-0.4572197,0.020228507,2026-11-01,9,0.33899023780000004
S_396,51.06,17.23,3979.420376276317,0,0,0.415086,-0.47081715,0.013850707,2026-11-01,9,0.3300660828
S_397,51.08,17.23,4105.821277418549,0,0,0.39547902,-0.4595598,0.04279874,2026-11-01,9,0.335763202
S_398,51.1,17.23,3825.238852130517,0,0,0.38317943,-0.43389735,0.03916994,2026-11-01,9,0.330621805
S_399,51.12,17.23,4059.24751098903,0,0,0.4291976,-0.47285852,0.13318524,2026-11-01,9,0.38203337600000004
S_4,51.02,16.71,13746.899774716265,0,0,0.36156386,-0.40250298,0.07703089,2026-11-01,9,0.339281514
S_40,51.14,16.75,4013.110042361553,0,0,0.47914365,-0.4353548,0.1632992,2026-11-01,9,0.409062775
S_400,51.14,17.23,5077.889591772684,0,0,0.40680397,-0.49050108,0.16620837,2026-11-01,9,0.388524539
S_401,51.16,17.23,5362.238851744935,0,0,0.39707515,-0.45807114,0.16219836,2026-11-01,9,0.384001889
S_402,51.18,17.23,5164.650253401098,0,0,0.4192511,-0.44248128,0.056373257,2026-11-01,9,0.34832463280000003
S_403,51.2,17.23,5791.946670621568,0,0,0.42668003,-0.45186022,0.058743972,2026-11-01,9,0.3515015978
S_404,51.22,17.23,7093.700827252286,0,0,0.40480477,-0.44260284,0.09026862,2026-11-01,9,0.357548879
S_405,51.24,17.23,8774.710761505301,0,0,0.40861455,-0.47219715,0.09149606,2026-11-01,9,0.359182789
S_406,50.96,17.25,11623.715328983602,0,0,0.45984474,-0.4596578,0.1619461,2026-11-01,9,0.402731862
S_407,50.98,17.25,9932.217903269244,0,0,0.41058797,-0.4730031,0.12864412,2026-11-01,9,0.37463403900000003
S_408,51.0,17.25,8484.01056952527,0,0,0.4508127,-0.4786243,0.14092506,2026-11-01,9,0.391613834
S_409,51.02,17.25,7384.285945805905,0,0,0.40145397,-0.4352898,0.047109995,2026-11-01,9,0.339280189
S_41,51.16,16.75,4531.119295161696,0,0,0.45704913,-0.44722176,0.15676507,2026-11-01,9,0.399820767
S_410,51.04,17.25,6129.1194061255255,0,0,0.3851105,-0.35739014,-0.0066577327,2026-11-01,9,0.31287005692000003
S_411,51.06,17.25,5355.576514058632,0,0,0.3874029,-0.44772542,-0.0016911917,2026-11-01,9,0.31554439332
S_412,51.08,17.25,5449.646214796447,0,0,0.43268797,-0.48504037,0.0627323,2026-11-01,9,0.354899311
S_413,51.1,17.25,5208.939555461392,0,0,0.40047747,-0.45222643,0.061876792,2026-11-01,9,0.3448939578
S_414,51.12,17.25,5382.7184159775925,0,0,0.442387,-0.49440965,0.13397852,2026-11-01,9,0.386307508
S_415,51.14,17.25,6380.169182758276,0,0,0.4120127,-0.45336762,0.16492726,2026-11-01,9,0.389574714
S_416,51.16,17.25,6760.631388968914,0,0,0.41273937,-0.47118762,0.16298486,2026-11-01,9,0.389015755
S_417,51.18,17.25,6559.259200270753,0,0,0.4975066,-0.5608915,0.1359369,2026-11-01,9,0.40362674
S_418,51.2,17.25,7063.273077274323,0,0,0.45668665,-0.487358,0.075769626,2026-11-01,9,0.3673138454
S_419,51.22,17.25,8164.353191759555,0,0,0.40125382,-0.4353078,0.096098356,2026-11-01,9,0.3588154884
S_42,51.18,16.75,5112.8447514642985,0,0,0.4247989,-0.47464997,0.167531,2026-11-01,9,0.39445207
S_420,51.24,17.25,9660.460230112583,0,0,0.41532373,-0.44948024,0.11192377,2026-11-01,9,0.369366627
S_43,51.2,16.75,5706.64132954761,0,0,0.4126634,-0.4839351,0.17216223,2026-11-01,9,0.392663912
S_44,51.22,16.75,6775.548434194237,0,0,0.33391058,-0.4126853,0.109344915,2026-11-01,9,0.34391114
S_45,51.24,16.75,8302.081445945038,0,0,0.39317968,-0.44404957,0.17416306,2026-11-01,9,0.387619128
S_46,50.96,16.77,17022.908120220254,0,0,0.3449929,-0.38615677,0.21692523,2026-11-01,9,0.390267962
S_47,50.98,16.77,15422.41639279965,0,0,0.34809542,-0.4098579,0.19280122,2026-11-01,9,0.381549114
S_48,51.0,16.77,13349.921110816154,0,0,0.40953258,-0.4387016,0.25098124,2026-11-01,9,0.42325227
S_49,51.02,16.77,11333.075173326231,0,0,0.40051693,-0.40971807,0.22635752,2026-11-01,9,0.410698087
S_5,51.04,16.71,12199.952563339264,0,0,0.3874612,-0.43164262,0.16610713,2026-11-01,9,0.382681212
S_50,51.04,16.77,9398.22334858242,0,0,0.34732488,-0.39568803,0.14884135,2026-11-01,9,0.363734004
S_51,51.06,16.77,7623.368673179539,0,0,0.34919754,-0.4009553,0.1723499,2026-11-01,9,0.373699222
S_52,51.08,16.77,6148.669471297736,0,0,0.39423832,-0.43024933,0.21123661,2026-11-01,9,0.40276614
S_53,51.1,16.77,5053.636350499835,0,0,0.41551918,-0.44323105,0.23111127,2026-11-01,9,0.417100262
S_54,51.12,16.77,3358.716664473822,0,0,0.32702115,-0.38823208,0.05731418,2026-11-01,9,0.321032017
S_55,51.14,16.77,2614.072225314547,0,0,0.4775788,-0.47533223,0.16045527,2026-11-01,9,0.407455748
S_56,51.16,16.77,3191.577926385069,0,0,0.4463556,-0.49483907,0.12766685,2026-11-01,9,0.38497342
S_57,51.18,16.77,3746.058938902203,0,0,0.4607507,-0.51484233,0.15080124,2026-11-01,9,0.398545706
S_58,51.2,16.77,4425.096477717739,0,0,0.4640582,-0.5208191,0.18056107,2026-11-01,9,0.411441888
S_59,51.22,16.77,5718.539643471043,0,0,0.32443088,-0.4076649,0.21898317,2026-11-01,9,0.384922532
S_6,51.06,16.71,10890.438633297126,0,0,0.4089803,-0.45299435,0.14559199,2026-11-01,9,0.380930886
S_60,51.24,16.77,7464.841019661316,0,0,0.38168162,-0.4710139,0.19257733,2026-11-01,9,0.391535418
S_61,50.96,16.79,15947.047960674154,0,0,0.34889358,-0.4242538,0.22791472,2026-11-01,9,0.395833962
S_62,50.98,16.79,14509.12439155469,0,0,0.3602084,-0.40607518,0.093389146,2026-11-01,9,0.3454181784
S_63,51.0,16.79,12846.126033979224,0,0,0.38291055,-0.42227334,0.21411453,2026-11-01,9,0.400518977
S_64,51.02,16.79,10761.477088982943,0,0,0.33772454,-0.40465662,0.09962179,2026-11-01,9,0.34116607800000004
S_65,51.04,16.79,8716.684616946155,0,0,0.41880342,-0.4424426,0.21139546,2026-11-01,9,0.41019921000000004
S_66,51.06,16.79,6768.271669017946,0,0,0.39087713,-0.44227156,0.21238232,2026-11-01,9,0.402216067
S_67,51.08,16.79,5050.2723857274605,0,0,0.3568717,-0.4242455,0.14424555,2026-11-01,9,0.36475973
S_68,51.1,16.79,3826.043540989088,0,0,0.4063427,-0.46835345,0.22098006,2026-11-01,9,0.410294834
S_69,51.12,16.79,2433.623491543097,0,0,0.42868105,-0.4696269,0.22802253,2026-11-01,9,0.419813327
S_7,51.08,16.71,9460.246648260876,0,0,0.409742,-0.42895165,0.15919875,2026-11-01,9,0.3866021
S_70,51.14,16.79,1216.7007448199618,0,0,0.35987678,-0.41448992,0.10150671,2026-11-01,9,0.348565718
S_71,51.16,16.79,1936.0636528547705,0,0,0.4057686,-0.43417013,0.23129852,2026-11-01,9,0.414249988
S_72,51.18,16.79,2360.4833464144017,0,0,0.40143856,-0.43569568,0.19104582,2026-11-01,9,0.396849896
S_73,51.2,16.79,3206.1302202323163,0,0,0.4287385,-0.5023195,0.14210968,2026-11-01,9,0.385465422
S_74,51.22,16.79,4837.714195186279,0,0,0.37983084,-0.438142,0.0745917,2026-11-01,9,0.343785932
S_75,51.24,16.79,6813.926733180992,0,0,0.3899629,-0.4844883,0.13513847,2026-11-01,9,0.371044258
S_76,50.96,16.81,14892.8901715824,0,0,0.38178015,-0.44035202,0.21666066,2026-11-01,9,0.401198309
S_77,50.98,16.81,13441.16549326596,0,0,0.42968357,-0.42602324,0.18164691,2026-11-01,9,0.40156383500000004
S_78,51.0,16.81,11897.905348101373,0,0,0.34169698,-0.41381082,0.16988188,2026-11-01,9,0.370461846
S_79,51.02,16.81,10294.632437154196,0,0,0.3622506,-0.42071244,0.11525719,2026-11-01,9,0.354778056
S_8,51.1,16.71,8076.924726854547,0,0,0.36989167,-0.42804146,0.08400317,2026-11-01,9,0.344568769
S_80,51.04,16.81,8200.007119833177,0,0,0.3551831,-0.4181211,0.24780989,2026-11-01,9,0.405678886
S_81,51.06,16.81,6109.181139309905,0,0,0.36866146,-0.41418815,0.18131736,2026-11-01,9,0.383125382
S_82,51.08,16.81,4138.897714803536,0,0,0.35483518,-0.43941015,0.19813001,2026-11-01,9,0.385702558
S_83,51.1,16.81,2594.4511589129984,0,0,0.39312717,-0.46479434,0.19268817,2026-11-01,9,0.39501341900000003
S_84,51.12,16.81,1523.8956538703992,0,0,0.38089484,-0.42560163,0.17074865,2026-11-01,9,0.382567912
S_85,51.14,16.81,123.62824571182684,0,0,0.3777117,-0.42379293,0.19151253,2026-11-01,9,0.21464417114236534
S_86,51.16,16.81,1107.4803238024615,0,0,0.3725882,-0.407127,0.18144324,2026-11-01,9,0.384353756
S_87,51.18,16.81,990.510390736507,0,0,0.441978,-0.49959877,0.14896902,2026-11-01,9,0.39028308614730145
S_88,51.2,16.81,2210.625683987344,0,0,0.43982306,-0.49360394,0.136701,2026-11-01,9,0.386627318
S_89,51.22,16.81,4244.216239528772,0,0,0.34531417,-0.40890342,0.08440249,2026-11-01,9,0.33735524699999997
S_9,51.12,16.71,7132.92987537034,0,0,0.34701052,-0.4124797,0.043708954,2026-11-01,9,0.3215867376
S_90,51.24,16.81,6384.869133637413,0,0,0.34975427,-0.4374167,0.15211724,2026-11-01,9,0.365773177
S_91,50.96,16.83,13900.696550902425,0,0,0.41498634,-0.44605184,0.269892,2026-11-01,9,0.432452702
S_92,50.98,16.83,12364.24594647767,0,0,0.3565512,-0.40002564,-0.021716172,2026-11-01,9,0.2982788912
S_93,51.0,16.83,10953.594163227584,0,0,0.36172962,-0.42896843,0.205521,2026-11-01,9,0.390727286
S_94,51.02,16.83,9298.41469926228,0,0,0.36168125,-0.4210333,0.16394432,2026-11-01,9,0.374082103
S_95,51.04,16.83,7796.744007056143,0,0,0.3532893,-0.40673095,0.22146456,2026-11-01,9,0.394572614
S_96,51.06,16.83,5694.590757082613,0,0,0.3190007,-0.390405,0.060844034,2026-11-01,9,0.3200378236
S_97,51.08,16.83,3534.511095614605,0,0,0.3630614,-0.4245435,0.17648345,2026-11-01,9,0.3795118
S_98,51.1,16.83,1511.4306172008778,0,0,0.43803638,-0.48224983,0.19729117,2026-11-01,9,0.410327382
S_99,51.12,16.83,372.4822459180336,0,0,0.42497227,-0.49644104,0.17416689,2026-11-01,9,0.2716548861836067
S_1,50.96,16.71,19204.135492674224,0,0,0.39762637,-0.34344283,0.053973224,2026-12-01,10,0.34087720060000004
S_10,51.14,16.71,6812.088247351817,0,0,0.38420632,-0.40493685,0.123024315,2026-12-01,10,0.364471622
S_100,51.14,16.83,299.0414108789792,0,0,0.3587269,-0.41408712,0.017319536,2026-12-01,10,0.17435416657579583
S_101,51.16,16.83,193.31260986371728,0,0,0.3120426,-0.3204861,0.02374369,2026-12-01,10,0.14177277797274346
S_102,51.18,16.83,218.76394220477843,0,0,0.37264994,-0.3964731,0.030193165,2026-12-01,10,0.1676250364409557
S_103,51.2,16.83,1750.830765751724,0,0,0.29757106,-0.28853244,0.012815597,2026-12-01,10,0.2943975568
S_104,51.22,16.83,3972.279685462268,0,0,0.31497365,-0.2920076,0.019085048,2026-12-01,10,0.3021261142
S_105,51.24,16.83,5445.385947041962,0,0,0.27896073,-0.22472326,0.042755544,2026-12-01,10,0.3007904366
S_106,50.96,16.85,12984.678140135651,0,0,0.41116372,-0.48193803,0.06858072,2026-12-01,10,0.350781404
S_107,50.98,16.85,11325.094646471813,0,0,0.37574258,-0.46046892,-0.04063005,2026-12-01,10,0.296470754
S_108,51.0,16.85,9861.896499378292,0,0,0.32322985,-0.36027902,-0.026689172,2026-12-01,10,0.2862932862
S_109,51.02,16.85,8418.741567826879,0,0,0.31160167,-0.38194063,-0.042435616,2026-12-01,10,0.2765062546
S_11,51.16,16.71,7197.1030753367495,0,0,0.34833276,-0.33321434,0.061856188,2026-12-01,10,0.32924230320000003
S_110,51.04,16.85,6723.889490045874,0,0,0.30722874,-0.25548702,-0.0006812279,2026-12-01,10,0.29189613084
S_111,51.06,16.85,5421.191720799655,0,0,0.30947152,-0.31266245,-0.036997765,2026-12-01,10,0.27804235
S_112,51.08,16.85,3253.6617859423213,0,0,0.32160056,-0.3248862,-0.044947393,2026-12-01,10,0.2785012108
S_113,51.1,16.85,1042.0817532091585,0,0,0.32852986,-0.31868455,-0.020423844,2026-12-01,10,0.29038942040000004
S_114,51.12,16.85,152.9756075835791,0,0,0.40279493,-0.3696197,0.010211713,2026-12-01,10,0.1555182857167158
S_115,51.14,16.85,30.375214416566127,145,0,0.39313665,-0.36502302,0.05817818,2026-12-01,10,0.0
S_116,51.16,16.85,129.81078397110568,0,0,0.39907238,-0.38587606,0.069638774,2026-12-01,10,0.17353938039422115
S_117,51.18,16.85,328.7539166104857,0,0,0.38454062,-0.44741732,0.07170497,2026-12-01,10,0.20979495732209713
S_118,51.2,16.85,2136.925593380406,0,0,0.2982521,-0.30209583,0.0006755163,2026-12-01,10,0.28974583652
S_119,51.22,16.85,2891.784132546267,0,0,0.28551826,-0.23080727,0.017422996,2026-12-01,10,0.2926246764
S_12,51.18,16.71,7880.060446899775,0,0,0.4205873,-0.45720053,0.105677664,2026-12-01,10,0.3684472556
S_120,51.24,16.85,4629.559266687689,0,0,0.24839254,-0.21485901,0.03186287,2026-12-01,10,0.28726291000000004
S_121,50.96,16.87,12162.057822383023,0,0,0.38165754,-0.43997434,-0.0024565288,2026-12-01,10,0.31351465048000005
S_122,50.98,16.87,10372.104290519828,0,0,0.41021737,-0.47604176,-0.02938621,2026-12-01,10,0.311310727
S_123,51.0,16.87,8783.28397005277,0,0,0.33631995,-0.41038603,-0.011821588,2026-12-01,10,0.29616734980000003
S_124,51.02,16.87,7374.158792219467,0,0,0.3726563,-0.40058526,0.017588357,2026-12-01,10,0.3188322328
S_125,51.04,16.87,5793.450664727714,0,0,0.3169469,-0.32540092,-0.0136570595,2026-12-01,10,0.2896212462
S_126,51.06,16.87,4219.665969002121,0,0,0.29862836,-0.3119344,-0.03248542,2026-12-01,10,0.27659434
S_127,51.08,16.87,3145.7712341569377,0,0,0.34888273,-0.3270773,-0.015386162,2026-12-01,10,0.2985103542
S_128,51.1,16.87,997.1952678499712,0,0,0.33659878,-0.31271157,-0.035986826,2026-12-01,10,0.28602395716999424
S_129,51.12,16.87,75.42879838910036,42,0,0.3147184,-0.2963107,-0.0076068444,2026-12-01,10,0.0
S_13,51.2,16.71,8327.208531487542,0,0,0.3960973,-0.40744168,0.0549945,2026-12-01,10,0.34082699
S_130,51.14,16.87,95.03052149332436,144,0,0.32608926,-0.3224312,0.0040319567,2026-12-01,10,0.0
S_131,51.16,16.87,0.5964238645431652,43,0,0.4042527,-0.36213386,0.02238614,2026-12-01,10,0.0
S_132,51.18,16.87,62.120452330665,0,0,0.39249387,-0.43679738,0.06607239,2026-12-01,10,0.15660120746613299
S_133,51.2,16.87,839.0660138119009,0,0,0.37155992,-0.33379602,0.011837668,2026-12-01,10,0.2840162459623802
S_134,51.22,16.87,2011.4215042469016,0,0,0.39005622,-0.29628205,0.023052461,2026-12-01,10,0.3262378504
S_135,51.24,16.87,4028.182801526247,0,0,0.30445734,-0.23229006,0.02482346,2026-12-01,10,0.301266586
S_136,50.96,16.89,11452.977110542222,0,0,0.3899554,-0.46825486,0.008001038,2026-12-01,10,0.3201870352
S_137,50.98,16.89,9531.1532212864,0,0,0.401626,-0.4770299,0.014003627,2026-12-01,10,0.3260892508
S_138,51.0,16.89,7772.7528452904835,0,0,0.36403322,-0.43326792,-0.0222449,2026-12-01,10,0.300312006
S_139,51.02,16.89,6287.684180771339,0,0,0.23734371,-0.27543136,-0.005691952,2026-12-01,10,0.2689263322
S_14,51.22,16.71,9167.625026369526,0,0,0.42763063,-0.31948164,0.073157854,2026-12-01,10,0.3575523306
S_140,51.04,16.89,4966.126143458281,0,0,0.29245043,-0.23807351,0.026931148,2026-12-01,10,0.2985075882
S_141,51.06,16.89,3177.13745578146,0,0,0.37281922,-0.32262567,0.038969547,2026-12-01,10,0.3274335848
S_142,51.08,16.89,2059.1496145995893,0,0,0.35755825,-0.32650593,0.028958052,2026-12-01,10,0.31885069580000003
S_143,51.1,16.89,584.150058798024,0,0,0.30289456,-0.29470515,-0.007084861,2026-12-01,10,0.2048644353596048
S_144,51.12,16.89,29.2480101924891,21,0,0.3364477,-0.31425312,-0.009722676,2026-12-01,10,0.0
S_145,51.14,16.89,166.35084857578028,184,0,0.3249405,-0.32334486,0.005486215,2026-12-01,10,0.0
S_146,51.16,16.89,88.52606590553637,16,0,0.33523417,-0.32857394,-0.0019684255,2026-12-01,10,0.0
S_147,51.18,16.89,40.6187379953634,0,0,0.36228988,-0.35900983,0.02956631,2026-12-01,10,0.12863723559907267
S_148,51.2,16.89,128.5731600417197,0,0,0.32901222,-0.30008277,0.012722935,2026-12-01,10,0.12950747200834395
S_149,51.22,16.89,1612.966088400308,0,0,0.32055756,-0.26572397,0.038695045,2026-12-01,10,0.311645286
S_15,51.24,16.71,10346.277459912872,0,0,0.25967783,-0.22106186,0.03822855,2026-12-01,10,0.293194769
S_150,51.24,16.89,3836.1304745548578,0,0,0.28610012,-0.23206995,0.007389392,2026-12-01,10,0.2887857928
S_151,50.96,16.91,10879.657044859136,0,0,0.40676215,-0.49175364,0.031717137,2026-12-01,10,0.33471549980000004
S_152,50.98,16.91,8834.293411715706,0,0,0.3980471,-0.4623159,0.006613927,2026-12-01,10,0.3220597008
S_153,51.0,16.91,6900.951084593016,0,0,0.391682,-0.463313,-0.024965703,2026-12-01,10,0.3075183188
S_154,51.02,16.91,5205.976876149072,0,0,0.33495298,-0.40424728,-0.030649325,2026-12-01,10,0.288226164
S_155,51.04,16.91,3800.973434448058,0,0,0.3383539,-0.37533638,-0.050577294,2026-12-01,10,0.2812752524
S_156,51.06,16.91,2512.5632313491706,0,0,0.3621908,-0.4132235,0.04329083,2026-12-01,10,0.325973572
S_157,51.08,16.91,678.6116760835603,0,0,0.3977643,-0.45447877,0.026713729,2026-12-01,10,0.2657371168167121
S_158,51.1,16.91,856.39299833093,0,0,0.39954874,-0.3891857,0.06096323,2026-12-01,10,0.31552851366618606
S_159,51.12,16.91,178.3818645157325,4,0,0.3311288,-0.34616247,0.019413019,2026-12-01,10,0.06278022050314651
S_16,50.96,16.73,18562.794541818243,0,0,0.3195149,-0.3138515,-0.0024927694,2026-12-01,10,0.29485736224000003
S_160,51.14,16.91,79.09561123337517,67,0,0.3546111,-0.35843402,0.04053661,2026-12-01,10,0.0
S_161,51.16,16.91,29.5531253741436,125,0,0.35035825,-0.35062253,0.017614946,2026-12-01,10,0.0
S_162,51.18,16.91,140.86672674542552,12,0,0.34469458,-0.34696242,-0.0008176276,2026-12-01,10,0.0
S_163,51.2,16.91,76.31560408295768,50,0,0.33620304,-0.3201055,0.009268936,2026-12-01,10,0.0
S_164,51.22,16.91,1287.798552325959,0,0,0.31405902,-0.2874278,0.028840747,2026-12-01,10,0.30575400480000003
S_165,51.24,16.91,3216.653967735071,0,0,0.28469422,-0.25901303,0.014408516,2026-12-01,10,0.2911716724
S_166,50.96,16.93,10464.433929184495,0,0,0.40203843,-0.47214228,0.01569568,2026-12-01,10,0.326889801
S_167,50.98,16.93,8317.817703353361,0,0,0.3863813,-0.4518321,-0.015014198,2026-12-01,10,0.3099087108
S_168,51.0,16.93,6226.424610680338,0,0,0.3431496,-0.43379948,-0.05589397,2026-12-01,10,0.280587292
S_169,51.02,16.93,4272.15334819429,0,0,0.40253472,-0.46695203,0.057201438,2026-12-01,10,0.3436409912
S_17,50.98,16.73,16577.85936257925,0,0,0.34939337,-0.32743713,-0.0029945064,2026-12-01,10,0.30362020844
S_170,51.04,16.93,2734.6300697935235,0,0,0.33197668,-0.38941035,-0.045568302,2026-12-01,10,0.2813656832
S_171,51.06,16.93,1405.8627140060885,0,0,0.4013245,-0.4543336,0.01499401,2026-12-01,10,0.32639495399999996
S_172,51.08,16.93,153.7128938178727,8,0,0.4024216,-0.4839313,0.043436024,2026-12-01,10,0.008843468363574553
S_173,51.1,16.93,171.4950135169203,23,0,0.39861995,-0.44673437,0.014520104,2026-12-01,10,0.0
S_174,51.12,16.93,110.37966010894912,171,0,0.39862493,-0.43643317,0.076212354,2026-12-01,10,0.0
S_175,51.14,16.93,35.063298395709715,86,0,0.33746517,-0.37342793,0.005007029,2026-12-01,10,0.0
S_176,51.16,16.93,119.28241091083214,232,0,0.31857046,-0.33729228,0.014056443,2026-12-01,10,0.0
S_177,51.18,16.93,116.24242338942592,0,0,0.30850318,-0.33582002,0.028152235,2026-12-01,10,0.12706033267788516
S_178,51.2,16.93,243.57309243338528,0,0,0.34831357,-0.35760728,0.0019351805,2026-12-01,10,0.15398276168667707
S_179,51.22,16.93,934.989887008772,0,0,0.31841,-0.3219211,0.026915383,2026-12-01,10,0.29328713060175443
S_18,51.0,16.73,14659.31178278656,0,0,0.35208213,-0.32732517,-0.011590077,2026-12-01,10,0.3009886082
S_180,51.24,16.93,3093.126161565517,0,0,0.3124667,-0.3032261,0.03464613,2026-12-01,10,0.307598462
S_181,50.96,16.95,10226.581742100509,0,0,0.36523232,-0.44306156,0.039547138,2026-12-01,10,0.3253885512
S_182,50.98,16.95,8016.664197115699,0,0,0.3892307,-0.4478889,-0.045418646,2026-12-01,10,0.2986017516
S_183,51.0,16.95,5818.1929194215,0,0,0.3140716,-0.36848125,-0.0715829,2026-12-01,10,0.26558832
S_184,51.02,16.95,3651.912744084874,0,0,0.38463625,-0.4265953,-0.022576755,2026-12-01,10,0.306360173
S_185,51.04,16.95,1649.9390675083405,0,0,0.21843305,-0.265101,-0.043245547,2026-12-01,10,0.24823169620000002
S_186,51.06,16.95,410.0436766351651,0,0,0.3685739,-0.4157996,-0.06786116,2026-12-01,10,0.165436441327033
S_187,51.08,16.95,135.73596988018187,17,0,0.3069208,-0.35656735,-0.05259206,2026-12-01,10,0.0
S_188,51.1,16.95,247.77790874820764,497,0,0.37579596,-0.40561894,-0.008114618,2026-12-01,10,0.0
S_189,51.12,16.95,32.48864238868553,207,0,0.3755492,-0.39411446,-0.0121622095,2026-12-01,10,0.0
S_19,51.02,16.73,12840.031827983006,0,0,0.28724578,-0.3094464,0.034257222,2026-12-01,10,0.29987662280000005
S_190,51.14,16.95,58.19435946083127,26,0,0.38730088,-0.3947693,-0.008162452,2026-12-01,10,0.0
S_191,51.16,16.95,130.6314516932038,2,0,0.33230752,-0.3249165,0.030611416,2026-12-01,10,0.09806311273864077
S_192,51.18,16.95,178.81956525149948,0,0,0.42075983,-0.52220184,0.08636022,2026-12-01,10,0.1965359500502999
S_193,51.2,16.95,22.64852181705673,0,0,0.39339605,-0.36344194,-0.0108305095,2026-12-01,10,0.11821631556341135
S_194,51.22,16.95,1150.6667062630731,0,0,0.29327765,-0.3058783,0.017489552,2026-12-01,10,0.2949791158
S_195,51.24,16.95,3375.3802928720816,0,0,0.29465836,-0.28534392,0.0070989397,2026-12-01,10,0.29123708388
S_196,50.96,16.97,10021.414158449285,0,0,0.39656243,-0.4586377,-0.028813306,2026-12-01,10,0.3074434066
S_197,50.98,16.97,7910.592124100563,0,0,0.39097807,-0.44502792,-0.031203633,2026-12-01,10,0.30481196779999997
S_198,51.0,16.97,5733.420616111684,0,0,0.3525159,-0.4218107,-0.04450232,2026-12-01,10,0.287953842
S_199,51.02,16.97,3515.349555011848,0,0,0.31959924,-0.38182005,-0.0547586,2026-12-01,10,0.27397633200000004
S_2,50.98,16.71,17290.38293212061,0,0,0.35293937,-0.3198473,0.00041099585,2026-12-01,10,0.30604620934
S_20,51.04,16.73,11168.639446384244,0,0,0.3114278,-0.30225778,0.05300289,2026-12-01,10,0.314629496
S_200,51.04,16.97,1320.5917622766913,0,0,0.35230473,-0.38100284,-0.0061481763,2026-12-01,10,0.30323214848
S_201,51.06,16.97,147.75952938197452,167,0,0.39412937,-0.41089994,-0.001502802,2026-12-01,10,0.0
S_202,51.08,16.97,340.05915963391885,216,0,0.39428025,-0.4446555,0.077624306,2026-12-01,10,0.0
S_203,51.1,16.97,365.3418207991952,21,0,0.36856562,-0.4063285,0.005016924,2026-12-01,10,0.0
S_204,51.12,16.97,67.7717167848776,382,0,0.29272237,-0.34213755,-0.047515545,2026-12-01,10,0.0
S_205,51.14,16.97,412.10660404271215,202,0,0.29726362,-0.34968492,0.005076696,2026-12-01,10,0.0
S_206,51.16,16.97,16.5153612818919,0,0,0.38323116,-0.39530978,-0.018408276,2026-12-01,10,0.11090910985637838
S_207,51.18,16.97,2.9191676711853622,0,0,0.38140994,-0.45246106,0.022045188,2026-12-01,10,0.12382489073423707
S_208,51.2,16.97,155.10794754818698,11,0,0.33655313,-0.31991982,0.05216166,2026-12-01,10,0.0
S_209,51.22,16.97,1398.73570960171,0,0,0.2925068,-0.3021538,0.026060639,2026-12-01,10,0.29817629560000003
S_21,51.06,16.73,9721.71749163114,0,0,0.36336637,-0.3185784,0.03423041,2026-12-01,10,0.32270207500000003
S_210,51.24,16.97,3500.14658272472,0,0,0.27767467,-0.28085014,0.03233494,2026-12-01,10,0.296236377
S_211,50.96,16.99,9604.746935014811,0,0,0.40032163,-0.44144073,-0.025730006,2026-12-01,10,0.3098044866
S_212,50.98,16.99,7499.008014909064,0,0,0.38616377,-0.43773368,-0.02356336,2026-12-01,10,0.306423787
S_213,51.0,16.99,5357.026442742652,0,0,0.3798694,-0.44018286,-0.02501747,2026-12-01,10,0.30395383200000003
S_214,51.02,16.99,3261.557369365852,0,0,0.38830447,-0.43278807,0.005992254,2026-12-01,10,0.31888824260000004
S_215,51.04,16.99,1331.156605452766,0,0,0.39884487,-0.45668238,0.050206907,2026-12-01,10,0.3397362238
S_216,51.06,16.99,67.99246611873737,190,0,0.39285466,-0.42939985,0.0817283,2026-12-01,10,0.0
S_217,51.08,16.99,332.1993831246549,235,0,0.3829732,-0.40895426,0.036232565,2026-12-01,10,0.0
S_218,51.1,16.99,95.92616121470772,365,0,0.31332496,-0.3564979,-0.03133993,2026-12-01,10,0.0
S_219,51.12,16.99,328.76141429986643,366,0,0.25386953,-0.31506383,-0.057272013,2026-12-01,10,0.0
S_22,51.08,16.73,8506.568173937441,0,0,0.335497,-0.31738952,0.037785638,2026-12-01,10,0.3157633552
S_220,51.14,16.99,268.2790269957991,83,0,0.2308399,-0.28203568,-0.0063648685,2026-12-01,10,0.0
S_221,51.16,16.99,73.6050073256935,4,0,0.38306528,-0.40014398,-0.005608816,2026-12-01,10,0.04739705906513868
S_222,51.18,16.99,123.6884542477482,11,0,0.40474346,-0.41903788,-0.003105898,2026-12-01,10,0.0
S_223,51.2,16.99,168.12409711065547,0,0,0.4136205,-0.44548368,0.04573891,2026-12-01,10,0.17600653342213107
S_224,51.22,16.99,1746.1197465715757,0,0,0.39725602,-0.42816448,0.011909869,2026-12-01,10,0.3239407536
S_225,51.24,16.99,3909.727010031838,0,0,0.38439113,-0.37194213,0.073584065,2026-12-01,10,0.344750965
S_226,50.96,17.01,9302.025966010857,0,0,0.3967286,-0.46850944,-0.0030347726,2026-12-01,10,0.31780467096
S_227,50.98,17.01,7107.333504160153,0,0,0.4124887,-0.4960038,-0.0147255175,2026-12-01,10,0.317856403
S_228,51.0,17.01,4939.745864156982,0,0,0.40250194,-0.4737094,-0.00084497186,2026-12-01,10,0.320412593256
S_229,51.02,17.01,2861.553217630114,0,0,0.38858077,-0.4663667,0.016170526,2026-12-01,10,0.32304244140000005
S_23,51.1,16.73,6936.109378879808,0,0,0.3670166,-0.33645442,0.013954785,2026-12-01,10,0.31568689400000005
S_230,51.04,17.01,708.5497524206784,0,0,0.38357455,-0.43808982,0.065046385,2026-12-01,10,0.28280086948413563
S_231,51.06,17.01,185.8425725294435,221,0,0.390625,-0.4179758,0.05204033,2026-12-01,10,0.0
S_232,51.08,17.01,492.6122690702354,269,0,0.30909392,-0.35909417,-0.030548394,2026-12-01,10,0.0
S_233,51.1,17.01,739.3658417430682,357,0,0.23543127,-0.29790464,-0.08414053,2026-12-01,10,0.0
S_234,51.12,17.01,975.8713986883582,194,0,0.2186614,-0.28225315,-0.05113964,2026-12-01,10,0.0
S_235,51.14,17.01,379.9979625897767,10,0,0.28516883,-0.33754313,-0.011466675,2026-12-01,10,0.0
S_236,51.16,17.01,47.96600225330634,194,0,0.4060194,-0.42464146,0.067792356,2026-12-01,10,0.0
S_237,51.18,17.01,162.33728524036934,0,0,0.40777382,-0.43961933,0.03154677,2026-12-01,10,0.16741831104807386
S_238,51.2,17.01,522.3469551576198,0,0,0.411332,-0.45398632,0.08763508,2026-12-01,10,0.26292302303152393
S_239,51.22,17.01,2309.388779925825,0,0,0.39813966,-0.4487775,0.06665962,2026-12-01,10,0.346105746
S_24,51.12,16.73,5810.251733180315,0,0,0.32298207,-0.35029963,0.020252323,2026-12-01,10,0.3049955502
S_240,51.24,17.01,4320.154486873881,0,0,0.4111351,-0.44260037,0.08396303,2026-12-01,10,0.356925742
S_241,50.96,17.03,9205.759974995748,0,0,0.390508,-0.48812637,0.026419468,2026-12-01,10,0.3277201872
S_242,50.98,17.03,6980.9290012326765,0,0,0.37844646,-0.43573704,0.01721271,2026-12-01,10,0.320419022
S_243,51.0,17.03,4756.164058545855,0,0,0.3970511,-0.40359974,0.023172492,2026-12-01,10,0.3283843268
S_244,51.02,17.03,2531.6591433168446,0,0,0.37230214,-0.43461543,0.034245685,2026-12-01,10,0.325388916
S_245,51.04,17.03,313.16913283537696,0,0,0.38478062,-0.44472003,0.037532207,2026-12-01,10,0.19308089536707537
S_246,51.06,17.03,168.58167701773638,168,0,0.40500733,-0.4308153,0.07124135,2026-12-01,10,0.0
S_247,51.08,17.03,726.1887889648634,17,0,0.2935055,-0.32965118,-0.034892373,2026-12-01,10,0.0
S_248,51.1,17.03,1524.3718245292073,326,0,0.20251422,-0.22241098,-0.10637137,2026-12-01,10,0.0
S_249,51.12,17.03,1695.1292589071084,346,0,0.22402576,-0.29229137,-0.06565832,2026-12-01,10,0.0
S_25,51.14,16.73,5412.525413426852,0,0,0.39745632,-0.3358375,0.032000676,2026-12-01,10,0.33203716640000003
S_250,51.14,17.03,587.7412940066755,456,0,0.22020815,-0.28569847,-0.02478217,2026-12-01,10,0.0
S_251,51.16,17.03,87.43406113267545,278,0,0.37990752,-0.39186656,0.0021341422,2026-12-01,10,0.0
S_252,51.18,17.03,253.34953180821336,6,0,0.40902036,-0.44163436,0.08306778,2026-12-01,10,0.08660312636164269
S_253,51.2,17.03,1408.1716662089086,0,0,0.41873276,-0.4583999,0.08382516,2026-12-01,10,0.359149892
S_254,51.22,17.03,3149.442431326004,0,0,0.4035897,-0.44792566,0.07945204,2026-12-01,10,0.352857726
S_255,51.24,17.03,4934.831602902228,0,0,0.4295963,-0.45496467,0.10247674,2026-12-01,10,0.369869586
S_256,50.96,17.05,9322.345445162837,0,0,0.38211155,-0.4648757,-0.015642118,2026-12-01,10,0.30837661780000003
S_257,50.98,17.05,7133.907327775435,0,0,0.4085932,-0.48179436,0.016818846,2026-12-01,10,0.3293054984
S_258,51.0,17.05,4977.9004993604,0,0,0.3812706,-0.44558054,0.009554211,2026-12-01,10,0.3182028644
S_259,51.02,17.05,2910.9997256157144,0,0,0.39695525,-0.49089712,0.04426251,2026-12-01,10,0.336791579
S_26,51.16,16.73,5863.717409588568,0,0,0.29430863,-0.31088138,0.05585914,2026-12-01,10,0.31063624500000003
S_260,51.04,17.05,842.6495839861251,0,0,0.3991937,-0.45365703,0.029821193,2026-12-01,10,0.300216503997225
S_261,51.06,17.05,26.754012374311475,241,0,0.37573463,-0.4144687,-0.025322026,2026-12-01,10,0.0
S_262,51.08,17.05,760.0327535766545,249,0,0.2904783,-0.35153317,-0.032297924,2026-12-01,10,0.0
S_263,51.1,17.05,905.3365178959564,428,0,0.21245503,-0.26006675,-0.0713067,2026-12-01,10,0.0
S_264,51.12,17.05,1342.7351323182363,304,0,0.2642462,-0.33060607,-0.04111602,2026-12-01,10,0.0
S_265,51.14,17.05,1096.9398205322211,166,0,0.3447927,-0.36310428,0.008868005,2026-12-01,10,0.006985012000000013
S_266,51.16,17.05,37.50494213788518,29,0,0.366585,-0.38326964,-0.0064492533,2026-12-01,10,0.0
S_267,51.18,17.05,781.3390905233456,0,0,0.38827997,-0.4484087,0.0521837,2026-12-01,10,0.2936252891046691
S_268,51.2,17.05,2627.0151318828944,0,0,0.40904856,-0.47290078,0.09334667,2026-12-01,10,0.360053236
S_269,51.22,17.05,3996.7819122721135,0,0,0.4073495,-0.45212442,0.1053502,2026-12-01,10,0.36434493
S_27,51.18,16.73,6493.224785585582,0,0,0.39133993,-0.43593028,0.12419443,2026-12-01,10,0.367079751
S_270,51.24,17.05,5775.605634906718,0,0,0.40070453,-0.42168126,0.11541513,2026-12-01,10,0.366377411
S_271,50.96,17.07,9503.511109340056,0,0,0.39498678,-0.49076954,-0.027068768,2026-12-01,10,0.3076685268
S_272,50.98,17.07,7285.075000429359,0,0,0.3881222,-0.4518282,-0.04222543,2026-12-01,10,0.299546488
S_273,51.0,17.07,5072.297259895921,0,0,0.38559154,-0.46614394,-0.017476955,2026-12-01,10,0.30868668
S_274,51.02,17.07,2878.275441631271,0,0,0.40627408,-0.46661505,0.024777712,2026-12-01,10,0.3317933088
S_275,51.04,17.07,860.946420128604,0,0,0.40183362,-0.44593135,0.010601617,2026-12-01,10,0.29698001682572084
S_276,51.06,17.07,18.403622301136235,17,0,0.39751476,-0.44260904,0.08615788,2026-12-01,10,0.0
S_277,51.08,17.07,214.70843905693792,331,0,0.38178247,-0.40807936,0.01955021,2026-12-01,10,0.0
S_278,51.1,17.07,263.626736591189,71,0,0.32952148,-0.36356232,-0.014335916,2026-12-01,10,0.0
S_279,51.12,17.07,620.3995166988473,54,0,0.3704925,-0.4038316,-0.010167681,2026-12-01,10,0.0
S_28,51.2,16.73,7008.001097177331,0,0,0.38032895,-0.33012825,0.043960642,2026-12-01,10,0.3316829418
S_280,51.14,17.07,5.296732199324818,340,0,0.3689897,-0.40440446,-0.02023883,2026-12-01,10,0.0
S_281,51.16,17.07,170.6004669692908,0,0,0.3853259,-0.42271528,-0.00063596637,2026-12-01,10,0.14946347684585815
S_282,51.18,17.07,1059.4018588611032,0,0,0.4304073,-0.48282188,0.09077609,2026-12-01,10,0.36543262600000004
S_283,51.2,17.07,2821.0569727528555,0,0,0.43277836,-0.47764504,0.10096871,2026-12-01,10,0.370220992
S_284,51.22,17.07,4963.876382114957,0,0,0.43956703,-0.4830767,0.10917287,2026-12-01,10,0.375539257
S_285,51.24,17.07,6615.739492012172,0,0,0.48223376,-0.51186985,0.15773346,2026-12-01,10,0.40776351200000005
S_286,50.96,17.09,9505.401786812829,0,0,0.4372094,-0.5152274,0.0151225515,2026-12-01,10,0.33721184060000003
S_287,50.98,17.09,7285.655100610123,0,0,0.38292497,-0.47367144,0.002907608,2026-12-01,10,0.3160405342
S_288,51.0,17.09,5068.946250743713,0,0,0.3892337,-0.44797775,-0.021346115,2026-12-01,10,0.308231664
S_289,51.02,17.09,2846.062558614396,0,0,0.37669548,-0.43502542,-0.013012699,2026-12-01,10,0.3078035644
S_29,51.22,16.73,7938.677214869078,0,0,0.32322133,-0.2621778,0.037212476,2026-12-01,10,0.3118513894
S_290,51.04,17.09,627.9980417595431,0,0,0.39544955,-0.4414296,-0.008640749,2026-12-01,10,0.2407781737519086
S_291,51.06,17.09,118.86744519004682,20,0,0.40877578,-0.45117238,0.05819672,2026-12-01,10,0.0
S_292,51.08,17.09,88.13980394258562,107,0,0.43337443,-0.44249207,0.09063453,2026-12-01,10,0.0
S_293,51.1,17.09,429.06807227558295,113,0,0.38499618,-0.4033958,0.02082439,2026-12-01,10,0.0
S_294,51.12,17.09,450.62107651110034,141,0,0.38703477,-0.41704887,0.03011591,2026-12-01,10,0.0
S_295,51.14,17.09,201.25573821191043,248,0,0.3712668,-0.39852208,0.00091826165,2026-12-01,10,0.0
S_296,51.16,17.09,60.45637724612981,0,0,0.3960379,-0.46575925,0.054923188,2026-12-01,10,0.15287192064922597
S_297,51.18,17.09,402.1787713061745,0,0,0.42799926,-0.4965392,0.07553081,2026-12-01,10,0.23904785626123493
S_298,51.2,17.09,2617.146664306679,0,0,0.43126693,-0.482118,0.10338451,2026-12-01,10,0.370733883
S_299,51.22,17.09,4841.310711102912,0,0,0.43268883,-0.45484614,0.095034026,2026-12-01,10,0.3678202594
S_3,51.0,16.71,15460.167737524162,0,0,0.31169492,-0.30025932,0.017599411,2026-12-01,10,0.3005482404
S_30,51.24,16.73,9275.33000166609,0,0,0.34206483,-0.2741031,0.038405117,2026-12-01,10,0.3179814958
S_300,51.24,17.09,7065.999347705496,0,0,0.45279118,-0.4631659,0.08662693,2026-12-01,10,0.37048812600000003
S_301,50.96,17.11,9502.278649368596,0,0,0.4101564,-0.49646607,0.009224641,2026-12-01,10,0.3267367764
S_302,50.98,17.11,7280.877747704259,0,0,0.40057904,-0.49325705,-0.0055572237,2026-12-01,10,0.31795082252
S_303,51.0,17.11,5062.534830177265,0,0,0.39187202,-0.466548,-0.0020161383,2026-12-01,10,0.31675515068
S_304,51.02,17.11,2854.4062347284403,0,0,0.39682105,-0.44863,0.01171839,2026-12-01,10,0.323733671
S_305,51.04,17.11,752.6021058611249,0,0,0.39493078,-0.4280609,0.0051654843,2026-12-01,10,0.27106584889222496
S_306,51.06,17.11,404.7006786032911,0,0,0.42033532,-0.4525185,0.06487523,2026-12-01,10,0.23299082372065824
S_307,51.08,17.11,21.61305392219596,0,0,0.40604308,-0.4349201,0.08094799,2026-12-01,10,0.15851473078443917
S_308,51.1,17.11,626.639890995596,124,0,0.39134672,-0.41756725,0.023450559,2026-12-01,10,0.0
S_309,51.12,17.11,293.12140737681347,400,0,0.26672414,-0.3347759,-0.046069976,2026-12-01,10,0.0
S_31,50.96,16.75,18000.470905369522,0,0,0.3731596,-0.33931312,0.032245968,2026-12-01,10,0.3248462672
S_310,51.14,17.11,1.2634738104871963,7,0,0.36741316,-0.40636414,0.009246386,2026-12-01,10,0.0
S_311,51.16,17.11,11.974441257387422,96,0,0.3905309,-0.42373183,0.044386532,2026-12-01,10,0.0
S_312,51.18,17.11,652.976173360686,0,0,0.3973816,-0.4691433,0.08119703,2026-12-01,10,0.2822885266721372
S_313,51.2,17.11,2734.1440659639547,0,0,0.4067731,-0.4653967,0.060521394,2026-12-01,10,0.34624048760000004
S_314,51.22,17.11,4788.973441161141,0,0,0.40915355,-0.43531126,0.05305506,2026-12-01,10,0.343968089
S_315,51.24,17.11,6891.885687981036,0,0,0.42012054,-0.45676598,0.06417026,2026-12-01,10,0.351704266
S_316,50.96,17.13,9406.611013607397,0,0,0.38074738,-0.47359437,0.0452736,2026-12-01,10,0.33233365400000003
S_317,50.98,17.13,7196.12198055024,0,0,0.41783455,-0.47785184,0.029982096,2026-12-01,10,0.3373432034
S_318,51.0,17.13,4998.414551367272,0,0,0.43248007,-0.5084893,0.07027983,2026-12-01,10,0.357855953
S_319,51.02,17.13,2843.301120642574,0,0,0.38488427,-0.4377312,0.06485338,2026-12-01,10,0.341406633
S_32,50.98,16.75,15952.247462011475,0,0,0.31661263,-0.3106958,0.013604826,2026-12-01,10,0.3004257194
S_320,51.04,17.13,1041.5912548421352,0,0,0.3839641,-0.423115,0.047244996,2026-12-01,10,0.3340872284
S_321,51.06,17.13,211.6792510664819,0,0,0.40225348,-0.42625108,0.027227694,2026-12-01,10,0.1739029718132964
S_322,51.08,17.13,49.6135296497983,0,0,0.46745795,-0.49881253,0.08727322,2026-12-01,10,0.18506937892995967
S_323,51.1,17.13,9.46748805952812,0,0,0.39705428,-0.4413263,0.08939063,2026-12-01,10,0.15676603361190564
S_324,51.12,17.13,26.32567471779296,52,0,0.3924957,-0.40879825,0.039882794,2026-12-01,10,0.0
S_325,51.14,17.13,86.17281976514295,100,0,0.38960123,-0.40256047,0.057810217,2026-12-01,10,0.0
S_326,51.16,17.13,94.59162240169668,258,0,0.37369874,-0.4264096,0.021969443,2026-12-01,10,0.0
S_327,51.18,17.13,289.3309346024406,0,0,0.39620364,-0.42825517,0.058030058,2026-12-01,10,0.1999393021204881
S_328,51.2,17.13,2233.8334123942354,0,0,0.42370465,-0.46475863,0.09087588,2026-12-01,10,0.363461747
S_329,51.22,17.13,4433.292020477803,0,0,0.4196848,-0.45792747,0.061883558,2026-12-01,10,0.3506588632
S_33,51.0,16.75,13953.746654401524,0,0,0.32172358,-0.32306007,-0.016852722,2026-12-01,10,0.28977598520000003
S_330,51.24,17.13,6649.757122092191,0,0,0.40764526,-0.4507342,0.07857201,2026-12-01,10,0.353722382
S_331,50.96,17.15,9302.065628001628,0,0,0.41979653,-0.4852373,0.0075325966,2026-12-01,10,0.32895199764
S_332,50.98,17.15,7077.2259491861805,0,0,0.41279477,-0.46849686,0.02434601,2026-12-01,10,0.333576835
S_333,51.0,17.15,4852.415661603735,0,0,0.42524874,-0.4996889,0.073912576,2026-12-01,10,0.3571396524
S_334,51.02,17.15,2627.7286660969885,0,0,0.32822546,-0.39177284,0.026663376,2026-12-01,10,0.30913298840000003
S_335,51.04,17.15,405.3255842916269,0,0,0.37480006,-0.4147788,0.03449815,2026-12-01,10,0.20730439485832536
S_336,51.06,17.15,311.1005865256748,0,0,0.35683346,-0.38940817,0.025518587,2026-12-01,10,0.17947759010513498
S_337,51.08,17.15,379.9059987106683,0,0,0.41213146,-0.43882638,0.049756438,2026-12-01,10,0.21952321294213367
S_338,51.1,17.15,47.71133279133735,48,0,0.44141415,-0.45501658,0.072925046,2026-12-01,10,0.0
S_339,51.12,17.15,31.8034264834681,0,0,0.39045295,-0.44611755,0.059513025,2026-12-01,10,0.1473017802966936
S_34,51.02,16.75,12028.58577000032,0,0,0.24895649,-0.22301559,0.022999952,2026-12-01,10,0.2838869278
S_340,51.14,17.15,612.9558315376042,0,0,0.40040472,-0.45566422,0.07889065,2026-12-01,10,0.27426884230752085
S_341,51.16,17.15,29.59519998379784,12,0,0.39939222,-0.42924148,0.051161997,2026-12-01,10,0.0
S_342,51.18,17.15,504.73404352611607,0,0,0.3974519,-0.42089686,0.0597405,2026-12-01,10,0.2440785787052232
S_343,51.2,17.15,2272.8014071320617,0,0,0.41586086,-0.44020498,0.0801254,2026-12-01,10,0.356808418
S_344,51.22,17.15,4456.511132128606,0,0,0.43417987,-0.48042747,0.10366243,2026-12-01,10,0.37171893300000003
S_345,51.24,17.15,6667.206056752632,0,0,0.43177277,-0.47861758,0.09327749,2026-12-01,10,0.36684282700000004
S_346,50.96,17.17,9400.094892925816,0,0,0.40736678,-0.47445148,0.0567991,2026-12-01,10,0.344929674
S_347,50.98,17.17,7205.537667660058,0,0,0.40592167,-0.46275318,0.008838364,2026-12-01,10,0.3253118466
S_348,51.0,17.17,5037.643313075092,0,0,0.3982234,-0.46974075,0.07251852,2026-12-01,10,0.348474428
S_349,51.02,17.17,2955.6922018360483,0,0,0.38757688,-0.40417895,0.032110337,2026-12-01,10,0.3291171988
S_35,51.04,16.75,10225.838452160657,0,0,0.31894222,-0.30764952,0.023111412,2026-12-01,10,0.3049272308
S_350,51.04,17.17,1351.7422326019637,0,0,0.34824923,-0.40643683,0.019172436,2026-12-01,10,0.3121437434
S_351,51.06,17.17,928.5546687939476,0,0,0.23418877,-0.31838027,-0.03126549,2026-12-01,10,0.24346136875878954
S_352,51.08,17.17,1222.2373882291276,0,0,0.39144692,-0.41815433,0.03559829,2026-12-01,10,0.331673392
S_353,51.1,17.17,64.3623122469601,11,0,0.405285,-0.43009487,0.047761522,2026-12-01,10,0.0
S_354,51.12,17.17,782.985738214666,0,0,0.41347334,-0.4604683,0.08341448,2026-12-01,10,0.3140049416429332
S_355,51.14,17.17,1685.2291347635687,0,0,0.3973505,-0.44339496,0.053239223,2026-12-01,10,0.3405008392
S_356,51.16,17.17,1175.496525571058,0,0,0.36042705,-0.4214962,0.0010264935,2026-12-01,10,0.3085387124
S_357,51.18,17.17,1045.405382052987,0,0,0.39512864,-0.43372783,0.0517804,2026-12-01,10,0.339250752
S_358,51.2,17.17,2797.905024062247,0,0,0.41916174,-0.49099672,0.06536874,2026-12-01,10,0.35189601800000003
S_359,51.22,17.17,4848.664960109084,0,0,0.42561987,-0.48081985,0.10826094,2026-12-01,10,0.370990337
S_36,51.06,16.75,8622.635029524121,0,0,0.29850796,-0.30219615,0.012534568,2026-12-01,10,0.29456621520000004
S_360,51.24,17.17,6936.034365292944,0,0,0.3878146,-0.4340128,0.08677332,2026-12-01,10,0.351053708
S_361,50.96,17.19,9702.407959934322,0,0,0.43005633,-0.4864135,0.07848219,2026-12-01,10,0.360409775
S_362,50.98,17.19,7595.544875188068,0,0,0.426232,-0.49303755,0.059427004,2026-12-01,10,0.3516404016
S_363,51.0,17.19,5581.034959595853,0,0,0.429937,-0.4834668,0.077361755,2026-12-01,10,0.359925802
S_364,51.02,17.19,3808.381448597596,0,0,0.43531662,-0.47595596,0.06743627,2026-12-01,10,0.35756949400000004
S_365,51.04,17.19,2677.399665191623,0,0,0.4163799,-0.44320405,0.042386174,2026-12-01,10,0.3418684396
S_366,51.06,17.19,1391.3829292996506,0,0,0.3922716,-0.43006378,0.05118342,2026-12-01,10,0.338154848
S_367,51.08,17.19,1721.6045046302854,0,0,0.43932554,-0.48874718,0.10494048,2026-12-01,10,0.373773854
S_368,51.1,17.19,1184.036912541745,0,0,0.3897243,-0.43030095,0.03158024,2026-12-01,10,0.32954938600000006
S_369,51.12,17.19,1776.3806349218871,0,0,0.39160398,-0.41395268,0.0147665385,2026-12-01,10,0.3233878094
S_37,51.08,16.75,7350.725399726949,0,0,0.36071146,-0.3511122,0.043021407,2026-12-01,10,0.3254220008
S_370,51.14,17.19,2564.33775392618,0,0,0.3930497,-0.4389359,0.032096103,2026-12-01,10,0.33075335120000005
S_371,51.16,17.19,2567.547044450593,0,0,0.4170102,-0.47020793,0.057946794,2026-12-01,10,0.3482817776
S_372,51.18,17.19,2389.1599553755764,0,0,0.42858613,-0.43480217,0.09761865,2026-12-01,10,0.367623299
S_373,51.2,17.19,3548.269857966122,0,0,0.40602693,-0.44922104,0.07324656,2026-12-01,10,0.351106703
S_374,51.22,17.19,5404.641768609151,0,0,0.40319481,-0.45516676,0.06320602,2026-12-01,10,0.346240851
S_375,51.24,17.19,7456.230708247526,0,0,0.39730114,-0.40643665,0.08432207,2026-12-01,10,0.35291917
S_376,50.96,17.21,10190.839513748497,0,0,0.431721,-0.48052946,0.07746836,2026-12-01,10,0.360503644
S_377,50.98,17.21,8210.03594069413,0,0,0.38203165,-0.42904758,0.019455472,2026-12-01,10,0.3223916838
S_378,51.0,17.21,6391.886841119376,0,0,0.43106586,-0.47121355,0.08087852,2026-12-01,10,0.36167116600000004
S_379,51.02,17.21,4906.809099143584,0,0,0.4362241,-0.5005527,0.06833645,2026-12-01,10,0.35820181
S_38,51.1,16.75,5908.015345296582,0,0,0.32966805,-0.38243973,0.09646513,2026-12-01,10,0.337486467
S_380,51.04,17.21,3974.282833083281,0,0,0.40682068,-0.4453012,0.07546328,2026-12-01,10,0.352231516
S_381,51.06,17.21,2630.657955118508,0,0,0.43080437,-0.45887256,0.06549452,2026-12-01,10,0.355439119
S_382,51.08,17.21,2818.8981827577068,0,0,0.4468062,-0.47752842,0.10764523,2026-12-01,10,0.377099952
S_383,51.1,17.21,2460.9366280540366,0,0,0.390688,-0.44114152,0.052727994,2026-12-01,10,0.3382975976
S_384,51.12,17.21,2811.402315802659,0,0,0.39817065,-0.41909447,0.047978837,2026-12-01,10,0.3386427298
S_385,51.14,17.21,3771.039082895692,0,0,0.40017733,-0.45218414,0.04800836,2026-12-01,10,0.339256543
S_386,51.16,17.21,3964.297130363847,0,0,0.38778898,-0.45624208,0.055298276,2026-12-01,10,0.3384560044
S_387,51.18,17.21,3772.9307114841904,0,0,0.40122548,-0.45858568,0.054512978,2026-12-01,10,0.34217283519999997
S_388,51.2,17.21,4594.935939212146,0,0,0.40788046,-0.43976784,0.06846094,2026-12-01,10,0.349748514
S_389,51.22,17.21,6155.712601673673,0,0,0.36676463,-0.41805908,0.039317757,2026-12-01,10,0.3257564918
S_39,51.12,16.75,4534.291563557253,0,0,0.3417,-0.30496594,0.012289142,2026-12-01,10,0.3074256568
S_390,51.24,17.21,8024.6705081537875,0,0,0.4110757,-0.43306544,0.10500791,2026-12-01,10,0.365325874
S_391,50.96,17.23,10840.25969081234,0,0,0.4426069,-0.49456722,0.09344697,2026-12-01,10,0.370160858
S_392,50.98,17.23,9003.161363737108,0,0,0.4151818,-0.47856954,0.09591893,2026-12-01,10,0.362922112
S_393,51.0,17.23,7382.589353045482,0,0,0.41536683,-0.48176903,0.066014566,2026-12-01,10,0.3510158754
S_394,51.02,17.23,6111.605858024738,0,0,0.4257839,-0.4945018,0.07745103,2026-12-01,10,0.358715582
S_395,51.04,17.23,4971.335173736405,0,0,0.39619428,-0.38038427,0.05986678,2026-12-01,10,0.34280499600000003
S_396,51.06,17.23,3979.420376276317,0,0,0.39606905,-0.45835108,0.024501357,2026-12-01,10,0.3286212578
S_397,51.08,17.23,4105.821277418549,0,0,0.39959124,-0.42710042,0.0015182918,2026-12-01,10,0.32048468872
S_398,51.1,17.23,3825.238852130517,0,0,0.3743916,-0.41983438,-0.0017111289,2026-12-01,10,0.31163302844
S_399,51.12,17.23,4059.24751098903,0,0,0.40847555,-0.4634595,0.090663396,2026-12-01,10,0.3588080234
S_4,51.02,16.71,13746.899774716265,0,0,0.3349814,-0.309129,0.046517298,2026-12-01,10,0.3191013392
S_40,51.14,16.75,4013.110042361553,0,0,0.32964393,-0.37777027,0.07750986,2026-12-01,10,0.32989712299999996
S_400,51.14,17.23,5077.889591772684,0,0,0.41054636,-0.46776688,0.05170238,2026-12-01,10,0.34384486000000003
S_401,51.16,17.23,5362.238851744935,0,0,0.40821594,-0.46700314,0.050468415,2026-12-01,10,0.342652148
S_402,51.18,17.23,5164.650253401098,0,0,0.4033791,-0.43800324,0.050544683,2026-12-01,10,0.3412316032
S_403,51.2,17.23,5791.946670621568,0,0,0.41959673,-0.4464409,0.0681073,2026-12-01,10,0.353121939
S_404,51.22,17.23,7093.700827252286,0,0,0.403703,-0.44364122,0.06578509,2026-12-01,10,0.347424936
S_405,51.24,17.23,8774.710761505301,0,0,0.4164313,-0.46398225,0.08578068,2026-12-01,10,0.359241662
S_406,50.96,17.25,11623.715328983602,0,0,0.4196754,-0.45940647,0.10970109,2026-12-01,10,0.369783056
S_407,50.98,17.25,9932.217903269244,0,0,0.406506,-0.44831038,0.04678189,2026-12-01,10,0.340664556
S_408,51.0,17.25,8484.01056952527,0,0,0.42969432,-0.4702819,0.08656642,2026-12-01,10,0.363534864
S_409,51.02,17.25,7384.285945805905,0,0,0.38008866,-0.41287482,0.032240465,2026-12-01,10,0.326922784
S_41,51.16,16.75,4531.119295161696,0,0,0.3503425,-0.3837311,0.09031017,2026-12-01,10,0.341226818
S_410,51.04,17.25,6129.1194061255255,0,0,0.3360904,-0.3075128,0.017699132,2026-12-01,10,0.3079067728
S_411,51.06,17.25,5355.576514058632,0,0,0.3822543,-0.39368773,0.014368878,2026-12-01,10,0.3204238412
S_412,51.08,17.25,5449.646214796447,0,0,0.40220508,-0.45733213,0.061508976,2026-12-01,10,0.3452651144
S_413,51.1,17.25,5208.939555461392,0,0,0.38556093,-0.43333972,0.03105817,2026-12-01,10,0.328091547
S_414,51.12,17.25,5382.7184159775925,0,0,0.41767257,-0.46364394,0.07388527,2026-12-01,10,0.35485587900000004
S_415,51.14,17.25,6380.169182758276,0,0,0.40912175,-0.43838343,0.07502584,2026-12-01,10,0.352746861
S_416,51.16,17.25,6760.631388968914,0,0,0.40132138,-0.4611689,0.07983678,2026-12-01,10,0.352331126
S_417,51.18,17.25,6559.259200270753,0,0,0.47149703,-0.51525074,0.13195229,2026-12-01,10,0.39423002500000004
S_418,51.2,17.25,7063.273077274323,0,0,0.44010854,-0.4673271,0.080851436,2026-12-01,10,0.3643731364
S_419,51.22,17.25,8164.353191759555,0,0,0.37287298,-0.3938022,0.090191476,2026-12-01,10,0.3479384844
S_42,51.18,16.75,5112.8447514642985,0,0,0.36134607,-0.40166727,0.06506706,2026-12-01,10,0.33443064499999997
S_420,51.24,17.25,9660.460230112583,0,0,0.40857664,-0.4379162,0.1121326,2026-12-01,10,0.367426032
S_43,51.2,16.75,5706.64132954761,0,0,0.36758828,-0.3364074,0.068567425,2026-12-01,10,0.337703454
S_44,51.22,16.75,6775.548434194237,0,0,0.2806203,-0.25418532,0.024304595,2026-12-01,10,0.293907928
S_45,51.24,16.75,8302.081445945038,0,0,0.33871418,-0.26804715,0.033457667,2026-12-01,10,0.3149973208
S_46,50.96,16.77,17022.908120220254,0,0,0.32591107,-0.3254475,0.00060856,2026-12-01,10,0.298016745
S_47,50.98,16.77,15422.41639279965,0,0,0.30814534,-0.32655907,-0.013734399,2026-12-01,10,0.2869498424
S_48,51.0,16.77,13349.921110816154,0,0,0.4086975,-0.35434523,-0.0032998682,2026-12-01,10,0.32128930272
S_49,51.02,16.77,11333.075173326231,0,0,0.37708035,-0.32363328,0.023675503,2026-12-01,10,0.3225943062
S_5,51.04,16.71,12199.952563339264,0,0,0.35093758,-0.33480448,0.0543224,2026-12-01,10,0.327010234
S_50,51.04,16.77,9398.22334858242,0,0,0.28319892,-0.3145383,0.0063344375,2026-12-01,10,0.287493451
S_51,51.06,16.77,7623.368673179539,0,0,0.3123291,-0.31332693,-0.0008284362,2026-12-01,10,0.29336735552000004
S_52,51.08,16.77,6148.669471297736,0,0,0.32796398,-0.32794678,0.022862248,2026-12-01,10,0.3075340932
S_53,51.1,16.77,5053.636350499835,0,0,0.39887443,-0.42748287,0.061741695,2026-12-01,10,0.344359007
S_54,51.12,16.77,3358.716664473822,0,0,0.3065777,-0.30383694,0.016284885,2026-12-01,10,0.29848726400000003
S_55,51.14,16.77,2614.072225314547,0,0,0.32973102,-0.3814682,0.09848399,2026-12-01,10,0.338312902
S_56,51.16,16.77,3191.577926385069,0,0,0.3828889,-0.421757,0.10860386,2026-12-01,10,0.358308214
S_57,51.18,16.77,3746.058938902203,0,0,0.40595028,-0.44027743,0.09706795,2026-12-01,10,0.360612264
S_58,51.2,16.77,4425.096477717739,0,0,0.40590432,-0.44090796,0.14147875,2026-12-01,10,0.378362796
S_59,51.22,16.77,5718.539643471043,0,0,0.3123344,-0.27640328,0.028864074,2026-12-01,10,0.3052459496
S_6,51.06,16.71,10890.438633297126,0,0,0.3734353,-0.38029483,0.08440922,2026-12-01,10,0.345794278
S_60,51.24,16.77,7464.841019661316,0,0,0.3544939,-0.3017999,0.027619198,2026-12-01,10,0.31739584919999997
S_61,50.96,16.79,15947.047960674154,0,0,0.3280715,-0.314624,-0.01376733,2026-12-01,10,0.292914518
S_62,50.98,16.79,14509.12439155469,0,0,0.30643508,-0.3020967,0.010727211,2026-12-01,10,0.2962214084
S_63,51.0,16.79,12846.126033979224,0,0,0.38642845,-0.33118486,-0.038026698,2026-12-01,10,0.3007178558
S_64,51.02,16.79,10761.477088982943,0,0,0.3137618,-0.2883638,0.008219957,2026-12-01,10,0.2974165228
S_65,51.04,16.79,8716.684616946155,0,0,0.41682464,-0.43553275,0.011665047,2026-12-01,10,0.32971341080000005
S_66,51.06,16.79,6768.271669017946,0,0,0.39371112,-0.46436435,-0.030374741,2026-12-01,10,0.3059634396
S_67,51.08,16.79,5050.2723857274605,0,0,0.2962829,-0.29011196,0.0040144683,2026-12-01,10,0.29049065732
S_68,51.1,16.79,3826.043540989088,0,0,0.3819176,-0.34981924,0.05300136,2026-12-01,10,0.335775824
S_69,51.12,16.79,2433.623491543097,0,0,0.38081095,-0.36552802,0.09093798,2026-12-01,10,0.350618477
S_7,51.08,16.71,9460.246648260876,0,0,0.34748828,-0.3339638,0.067338355,2026-12-01,10,0.331181826
S_70,51.14,16.79,1216.7007448199618,0,0,0.32490072,-0.33837494,-0.0028001869,2026-12-01,10,0.29635014124
S_71,51.16,16.79,1936.0636528547705,0,0,0.38953546,-0.30757764,0.017431477,2026-12-01,10,0.3238332288
S_72,51.18,16.79,2360.4833464144017,0,0,0.33157665,-0.3231447,0.040188372,2026-12-01,10,0.3155483438
S_73,51.2,16.79,3206.1302202323163,0,0,0.38854662,-0.34818378,0.09387175,2026-12-01,10,0.354112686
S_74,51.22,16.79,4837.714195186279,0,0,0.4023496,-0.2949598,0.02310708,2026-12-01,10,0.329947712
S_75,51.24,16.79,6813.926733180992,0,0,0.30283886,-0.28682134,0.020639975,2026-12-01,10,0.299107648
S_76,50.96,16.81,14892.8901715824,0,0,0.38043424,-0.42053637,-0.028813556,2026-12-01,10,0.3026048496
S_77,50.98,16.81,13441.16549326596,0,0,0.37546295,-0.39630705,0.03946213,2026-12-01,10,0.328423737
S_78,51.0,16.81,11897.905348101373,0,0,0.33964258,-0.31662518,-0.037214197,2026-12-01,10,0.2870070952
S_79,51.02,16.81,10294.632437154196,0,0,0.33028698,-0.3353857,0.039307155,2026-12-01,10,0.31480895600000003
S_8,51.1,16.71,8076.924726854547,0,0,0.33769542,-0.31723943,0.013420761,2026-12-01,10,0.3066769304
S_80,51.04,16.81,8200.007119833177,0,0,0.3268806,-0.30723754,0.013682266,2026-12-01,10,0.3035370864
S_81,51.06,16.81,6109.181139309905,0,0,0.34471312,-0.31868085,0.029456578,2026-12-01,10,0.3151965672
S_82,51.08,16.81,4138.897714803536,0,0,0.38850102,-0.36039934,-0.036760103,2026-12-01,10,0.3018462648
S_83,51.1,16.81,2594.4511589129984,0,0,0.41129926,-0.3483132,-0.021671576,2026-12-01,10,0.31472114760000003
S_84,51.12,16.81,1523.8956538703992,0,0,0.35687724,-0.32598972,-0.010625478,2026-12-01,10,0.3028129808
S_85,51.14,16.81,123.62824571182684,0,0,0.3796306,-0.32899702,-0.008030297,2026-12-01,10,0.13540271034236537
S_86,51.16,16.81,1107.4803238024615,0,0,0.32429963,-0.30843878,0.022741465,2026-12-01,10,0.30638647500000005
S_87,51.18,16.81,990.510390736507,0,0,0.40701643,-0.3492438,0.085221976,2026-12-01,10,0.3542957975473014
S_88,51.2,16.81,2210.625683987344,0,0,0.38934395,-0.37705377,0.07933437,2026-12-01,10,0.348536933
S_89,51.22,16.81,4244.216239528772,0,0,0.3040426,-0.28297865,0.012292832,2026-12-01,10,0.2961299128
S_9,51.12,16.71,7132.92987537034,0,0,0.30045438,-0.26691726,0.028702833,2026-12-01,10,0.30161744720000006
S_90,51.24,16.81,6384.869133637413,0,0,0.27392074,-0.24302238,0.035177395,2026-12-01,10,0.29624718
S_91,50.96,16.83,13900.696550902425,0,0,0.39119646,-0.46533373,0.009890483,2026-12-01,10,0.3213151312
S_92,50.98,16.83,12364.24594647767,0,0,0.34750217,-0.39753756,-0.08174366,2026-12-01,10,0.271553187
S_93,51.0,16.83,10953.594163227584,0,0,0.3534348,-0.42396626,-0.015894908,2026-12-01,10,0.2996724768
S_94,51.02,16.83,9298.41469926228,0,0,0.34262654,-0.39818498,0.0033983549,2026-12-01,10,0.30414730396
S_95,51.04,16.83,7796.744007056143,0,0,0.3399955,-0.26387867,-0.0068000145,2026-12-01,10,0.2992786442
S_96,51.06,16.83,5694.590757082613,0,0,0.2945787,-0.3117672,0.016073372,2026-12-01,10,0.2948029588
S_97,51.08,16.83,3534.511095614605,0,0,0.33649495,-0.33750018,-0.025622768,2026-12-01,10,0.2906993778
S_98,51.1,16.83,1511.4306172008778,0,0,0.41144162,-0.35712135,0.03712512,2026-12-01,10,0.33828253399999997
S_99,51.12,16.83,372.4822459180336,0,0,0.35929248,-0.38948187,0.013300347,2026-12-01,10,0.1876043319836067
S_1,50.96,16.71,19204.135492674224,0,0,0.34984285,-0.4619546,0.032811034,2027-01-01,11,0.3180772686
S_10,51.14,16.71,6812.088247351817,0,0,0.35016453,-0.46551296,0.05186772,2027-01-01,11,0.325796447
S_100,51.14,16.83,299.0414108789792,0,0,0.3703258,-0.48114032,-0.05619118,2027-01-01,11,0.14842955017579584
S_101,51.16,16.83,193.31260986371728,0,0,0.28005952,-0.39240062,-0.036493007,2027-01-01,11,0.10808317517274346
S_102,51.18,16.83,218.76394220477843,0,0,0.36612436,-0.48954457,-0.0435534,2027-01-01,11,0.13616873644095567
S_103,51.2,16.83,1750.830765751724,0,0,0.30898052,-0.40365976,-0.032555852,2027-01-01,11,0.2796718152
S_104,51.22,16.83,3972.279685462268,0,0,0.30573776,-0.40458524,-0.017407788,2027-01-01,11,0.2847582128
S_105,51.24,16.83,5445.385947041962,0,0,0.2333887,-0.2968669,-0.02862138,2027-01-01,11,0.258568058
S_106,50.96,16.85,12984.678140135651,0,0,0.28958982,-0.41481268,0.0091064805,2027-01-01,11,0.2905195382
S_107,50.98,16.85,11325.094646471813,0,0,0.28250864,-0.42609212,-0.09538168,2027-01-01,11,0.24659992
S_108,51.0,16.85,9861.896499378292,0,0,0.21394552,-0.34523842,-0.07765429,2027-01-01,11,0.23312194
S_109,51.02,16.85,8418.741567826879,0,0,0.26268825,-0.3844429,-0.035833128,2027-01-01,11,0.26447322380000005
S_11,51.16,16.71,7197.1030753367495,0,0,0.3278805,-0.4369968,0.0119677475,2027-01-01,11,0.303151249
S_110,51.04,16.85,6723.889490045874,0,0,0.2568012,-0.39308622,-0.078831136,2027-01-01,11,0.24550790560000002
S_111,51.06,16.85,5421.191720799655,0,0,0.22843911,-0.3363663,-0.09945714,2027-01-01,11,0.22874887700000002
S_112,51.08,16.85,3253.6617859423213,0,0,0.25796032,-0.38562474,-0.1002104,2027-01-01,11,0.237303936
S_113,51.1,16.85,1042.0817532091585,0,0,0.3018939,-0.41358155,-0.044700827,2027-01-01,11,0.2726878392
S_114,51.12,16.85,152.9756075835791,0,0,0.31632438,-0.44790518,-0.00816779,2027-01-01,11,0.12222531951671581
S_115,51.14,16.85,30.375214416566127,145,0,0.33163485,-0.45320243,-0.018776799,2027-01-01,11,0.0
S_116,51.16,16.85,129.81078397110568,0,0,0.40155175,-0.49157766,0.019271225,2027-01-01,11,0.15413617179422115
S_117,51.18,16.85,328.7539166104857,0,0,0.4281005,-0.5185807,0.006765266,2027-01-01,11,0.19688703972209715
S_118,51.2,16.85,2136.925593380406,0,0,0.30423662,-0.4181811,-0.0176039,2027-01-01,11,0.284229426
S_119,51.22,16.85,2891.784132546267,0,0,0.21664476,-0.28278,-0.04954388,2027-01-01,11,0.24517587600000001
S_12,51.18,16.71,7880.060446899775,0,0,0.48244488,-0.54215384,0.06839457,2027-01-01,11,0.372091292
S_120,51.24,16.85,4629.559266687689,0,0,0.16965252,-0.23535791,-0.015348181,2027-01-01,11,0.24475648360000002
S_121,50.96,16.87,12162.057822383023,0,0,0.24445596,-0.38306692,-0.06148049,2027-01-01,11,0.24874459200000001
S_122,50.98,16.87,10372.104290519828,0,0,0.31069908,-0.442708,-0.09689758,2027-01-01,11,0.25445069200000003
S_123,51.0,16.87,8783.28397005277,0,0,0.27092883,-0.41781148,-0.051207993,2027-01-01,11,0.2607954518
S_124,51.02,16.87,7374.158792219467,0,0,0.30948514,-0.41763565,0.0112909535,2027-01-01,11,0.2973619234
S_125,51.04,16.87,5793.450664727714,0,0,0.3009741,-0.40403908,-0.061635736,2027-01-01,11,0.26563793560000004
S_126,51.06,16.87,4219.665969002121,0,0,0.23273799,-0.35522404,-0.10626669,2027-01-01,11,0.227314721
S_127,51.08,16.87,3145.7712341569377,0,0,0.3107058,-0.4265907,-0.047213707,2027-01-01,11,0.2743262572
S_128,51.1,16.87,997.1952678499712,0,0,0.26773715,-0.41830814,-0.09623411,2027-01-01,11,0.24126655456999424
S_129,51.12,16.87,75.42879838910036,42,0,0.304771,-0.38929835,-0.043022573,2027-01-01,11,0.0
S_13,51.2,16.71,8327.208531487542,0,0,0.4147635,-0.5070658,-0.01540735,2027-01-01,11,0.31826611
S_130,51.14,16.87,95.03052149332436,144,0,0.29060116,-0.3902146,-0.046075966,2027-01-01,11,0.0
S_131,51.16,16.87,0.5964238645431652,43,0,0.32269257,-0.44742057,0.010788691,2027-01-01,11,0.0
S_132,51.18,16.87,62.120452330665,0,0,0.4305151,-0.50227773,0.0044533554,2027-01-01,11,0.143359962626133
S_133,51.2,16.87,839.0660138119009,0,0,0.32417673,-0.4553761,-0.00846344,2027-01-01,11,0.2616808457623802
S_134,51.22,16.87,2011.4215042469016,0,0,0.31354612,-0.44240803,-0.0001454764,2027-01-01,11,0.29400564544
S_135,51.24,16.87,4028.182801526247,0,0,0.2582615,-0.3478085,-0.028482998,2027-01-01,11,0.2660852508
S_136,50.96,16.89,11452.977110542222,0,0,0.2991188,-0.43416864,-0.07486248,2027-01-01,11,0.259790648
S_137,50.98,16.89,9531.1532212864,0,0,0.31501758,-0.45779714,-0.029206362,2027-01-01,11,0.2828227292
S_138,51.0,16.89,7772.7528452904835,0,0,0.25132614,-0.37949136,-0.055180978,2027-01-01,11,0.2533254508
S_139,51.02,16.89,6287.684180771339,0,0,0.1750761,-0.2666664,-0.023741871,2027-01-01,11,0.2430260816
S_14,51.22,16.71,9167.625026369526,0,0,0.42214122,-0.50326824,0.03180709,2027-01-01,11,0.339365202
S_140,51.04,16.89,4966.126143458281,0,0,0.24017212,-0.35929197,-0.04604139,2027-01-01,11,0.25363508
S_141,51.06,16.89,3177.13745578146,0,0,0.3325644,-0.4400973,0.0011125292,2027-01-01,11,0.30021433168
S_142,51.08,16.89,2059.1496145995893,0,0,0.2805446,-0.39982116,-0.050227966,2027-01-01,11,0.2640721936
S_143,51.1,16.89,584.150058798024,0,0,0.27147228,-0.37838513,-0.05301772,2027-01-01,11,0.1770646077596048
S_144,51.12,16.89,29.2480101924891,21,0,0.28927177,-0.39051694,-0.049835805,2027-01-01,11,0.0
S_145,51.14,16.89,166.35084857578028,184,0,0.31018153,-0.3992202,-0.034662597,2027-01-01,11,0.0
S_146,51.16,16.89,88.52606590553637,16,0,0.31324986,-0.39841783,-0.029171815,2027-01-01,11,0.0
S_147,51.18,16.89,40.6187379953634,0,0,0.32218,-0.44436184,-0.030906446,2027-01-01,11,0.09241516919907268
S_148,51.2,16.89,128.5731600417197,0,0,0.29753006,-0.4189076,-0.034243993,2027-01-01,11,0.10127605280834394
S_149,51.22,16.89,1612.966088400308,0,0,0.29457256,-0.40194502,-0.014298977,2027-01-01,11,0.2826521772
S_15,51.24,16.71,10346.277459912872,0,0,0.26566422,-0.35375068,-0.021333503,2027-01-01,11,0.27116586480000004
S_150,51.24,16.89,3836.1304745548578,0,0,0.26628378,-0.3651662,-0.02813657,2027-01-01,11,0.26863050600000005
S_151,50.96,16.91,10879.657044859136,0,0,0.34515902,-0.4524567,-0.02824934,2027-01-01,11,0.29224797
S_152,50.98,16.91,8834.293411715706,0,0,0.339925,-0.43352002,-0.027983066,2027-01-01,11,0.2907842736
S_153,51.0,16.91,6900.951084593016,0,0,0.3094722,-0.42309693,-0.09359558,2027-01-01,11,0.255403428
S_154,51.02,16.91,5205.976876149072,0,0,0.27835152,-0.37849525,-0.07021825,2027-01-01,11,0.255418156
S_155,51.04,16.91,3800.973434448058,0,0,0.27267548,-0.37708393,-0.07785296,2027-01-01,11,0.25066146
S_156,51.06,16.91,2512.5632313491706,0,0,0.29194114,-0.40694702,-0.052443247,2027-01-01,11,0.2666050432
S_157,51.08,16.91,678.6116760835603,0,0,0.3234145,-0.41115338,-0.0123034865,2027-01-01,11,0.22782529061671206
S_158,51.1,16.91,856.39299833093,0,0,0.33258843,-0.42747912,-0.009989366,2027-01-01,11,0.26705938226618603
S_159,51.12,16.91,178.3818645157325,4,0,0.3173143,-0.42260724,-0.042126935,2027-01-01,11,0.034019888903146514
S_16,50.96,16.73,18562.794541818243,0,0,0.30642465,-0.4162215,-0.038474694,2027-01-01,11,0.2765375174
S_160,51.14,16.91,79.09561123337517,67,0,0.33559424,-0.445112,-0.034941223,2027-01-01,11,0.0
S_161,51.16,16.91,29.5531253741436,125,0,0.33057734,-0.3980549,-0.03361159,2027-01-01,11,0.0
S_162,51.18,16.91,140.86672674542552,12,0,0.33261424,-0.43056312,-0.06445366,2027-01-01,11,0.0
S_163,51.2,16.91,76.31560408295768,50,0,0.3315216,-0.42296982,-0.0244419,2027-01-01,11,0.0
S_164,51.22,16.91,1287.798552325959,0,0,0.32248896,-0.41266477,-0.017681979,2027-01-01,11,0.2896738964
S_165,51.24,16.91,3216.653967735071,0,0,0.3056785,-0.41429383,-0.038540795,2027-01-01,11,0.27628723200000005
S_166,50.96,16.93,10464.433929184495,0,0,0.35938728,-0.45026356,-0.03184886,2027-01-01,11,0.29507664
S_167,50.98,16.93,8317.817703353361,0,0,0.327606,-0.43413383,-0.09672242,2027-01-01,11,0.259592832
S_168,51.0,16.93,6226.424610680338,0,0,0.266227,-0.39759615,-0.121375345,2027-01-01,11,0.23131796200000002
S_169,51.02,16.93,4272.15334819429,0,0,0.3496848,-0.43697235,-0.008969615,2027-01-01,11,0.301317594
S_17,50.98,16.73,16577.85936257925,0,0,0.3313456,-0.4441357,-0.022741143,2027-01-01,11,0.2903072228
S_170,51.04,16.93,2734.6300697935235,0,0,0.28197435,-0.37231347,-0.067520864,2027-01-01,11,0.2575839594
S_171,51.06,16.93,1405.8627140060885,0,0,0.30434892,-0.41474798,-0.03635592,2027-01-01,11,0.276762308
S_172,51.08,16.93,153.7128938178727,8,0,0.33474252,-0.443145,-0.0063464553,2027-01-01,11,0.0
S_173,51.1,16.93,171.4950135169203,23,0,0.33365008,-0.4141583,-0.017542457,2027-01-01,11,0.0
S_174,51.12,16.93,110.37966010894912,171,0,0.3479324,-0.4192165,-0.009567692,2027-01-01,11,0.0
S_175,51.14,16.93,35.063298395709715,86,0,0.27826378,-0.37884894,-0.059393797,2027-01-01,11,0.0
S_176,51.16,16.93,119.28241091083214,232,0,0.3158134,-0.38927218,-0.04065174,2027-01-01,11,0.0
S_177,51.18,16.93,116.24242338942592,0,0,0.29447767,-0.37129962,-0.052108932,2027-01-01,11,0.09074821287788518
S_178,51.2,16.93,243.57309243338528,0,0,0.34128287,-0.43581778,-0.04886367,2027-01-01,11,0.13155401148667706
S_179,51.22,16.93,934.989887008772,0,0,0.31928346,-0.41485855,-0.016698599,2027-01-01,11,0.27610357580175443
S_18,51.0,16.73,14659.31178278656,0,0,0.32222506,-0.4433088,0.02550402,2027-01-01,11,0.306869126
S_180,51.24,16.93,3093.126161565517,0,0,0.334232,-0.4266832,-0.025215745,2027-01-01,11,0.290183302
S_181,50.96,16.95,10226.581742100509,0,0,0.352815,-0.4774527,-0.072979525,2027-01-01,11,0.27665269000000003
S_182,50.98,16.95,8016.664197115699,0,0,0.35171053,-0.44841686,-0.12708648,2027-01-01,11,0.254678567
S_183,51.0,16.95,5818.1929194215,0,0,0.27457708,-0.362703,-0.09177042,2027-01-01,11,0.245664956
S_184,51.02,16.95,3651.912744084874,0,0,0.31937197,-0.42533523,-0.09086098,2027-01-01,11,0.25946719900000004
S_185,51.04,16.95,1649.9390675083405,0,0,0.17292534,-0.25779417,-0.07443779,2027-01-01,11,0.22210248600000002
S_186,51.06,16.95,410.0436766351651,0,0,0.27536947,-0.403738,-0.11161259,2027-01-01,11,0.11997454032703303
S_187,51.08,16.95,135.73596988018187,17,0,0.2484602,-0.3377289,-0.09937379,2027-01-01,11,0.0
S_188,51.1,16.95,247.77790874820764,497,0,0.29944903,-0.37869918,-0.051502835,2027-01-01,11,0.0
S_189,51.12,16.95,32.48864238868553,207,0,0.29700953,-0.35995242,-0.05264955,2027-01-01,11,0.0
S_19,51.02,16.73,12840.031827983006,0,0,0.26570767,-0.37442386,0.0008996906,2027-01-01,11,0.28007217724
S_190,51.14,16.95,58.19435946083127,26,0,0.29709592,-0.3715569,-0.044179965,2027-01-01,11,0.0
S_191,51.16,16.95,130.6314516932038,2,0,0.3046523,-0.405393,-0.042924155,2027-01-01,11,0.06035231833864075
S_192,51.18,16.95,178.81956525149948,0,0,0.37373704,-0.47310543,-0.017668834,2027-01-01,11,0.14081749145029993
S_193,51.2,16.95,22.64852181705673,0,0,0.35908672,-0.44864497,-0.04840235,2027-01-01,11,0.09289478036341137
S_194,51.22,16.95,1150.6667062630731,0,0,0.33238626,-0.3929917,-0.024462938,2027-01-01,11,0.2899307028
S_195,51.24,16.95,3375.3802928720816,0,0,0.3294032,-0.418995,0.0014856306,2027-01-01,11,0.29941521224
S_196,50.96,16.97,10021.414158449285,0,0,0.35328123,-0.44348004,-0.12253091,2027-01-01,11,0.256972005
S_197,50.98,16.97,7910.592124100563,0,0,0.34916103,-0.44725713,-0.12208196,2027-01-01,11,0.25591552500000003
S_198,51.0,16.97,5733.420616111684,0,0,0.26454175,-0.39349163,-0.08786588,2027-01-01,11,0.244216173
S_199,51.02,16.97,3515.349555011848,0,0,0.27817416,-0.37365946,-0.0844038,2027-01-01,11,0.249690728
S_2,50.98,16.71,17290.38293212061,0,0,0.32823387,-0.44924092,0.028572662,2027-01-01,11,0.3098992258
S_20,51.04,16.73,11168.639446384244,0,0,0.28992966,-0.39326033,-0.03337655,2027-01-01,11,0.273628278
S_200,51.04,16.97,1320.5917622766913,0,0,0.28326178,-0.36505884,-0.037173662,2027-01-01,11,0.2701090692
S_201,51.06,16.97,147.75952938197452,167,0,0.31310806,-0.38705015,-0.046813644,2027-01-01,11,0.0
S_202,51.08,16.97,340.05915963391885,216,0,0.36631235,-0.4717771,-0.008967785,2027-01-01,11,0.0
S_203,51.1,16.97,365.3418207991952,21,0,0.30002367,-0.3779708,-0.05283531,2027-01-01,11,0.0
S_204,51.12,16.97,67.7717167848776,382,0,0.2695806,-0.3266118,-0.09088438,2027-01-01,11,0.0
S_205,51.14,16.97,412.10660404271215,202,0,0.2647788,-0.32343203,-0.0447163,2027-01-01,11,0.0
S_206,51.16,16.97,16.5153612818919,0,0,0.30171704,-0.3729303,-0.0539038,2027-01-01,11,0.07225666425637838
S_207,51.18,16.97,2.9191676711853622,0,0,0.32327533,-0.3918,-0.07560324,2027-01-01,11,0.06732513653423708
S_208,51.2,16.97,155.10794754818698,11,0,0.33502182,-0.4325052,-0.03865943,2027-01-01,11,0.0
S_209,51.22,16.97,1398.73570960171,0,0,0.265439,-0.34861693,-0.023350788,2027-01-01,11,0.2702913848
S_21,51.06,16.73,9721.71749163114,0,0,0.31533056,-0.4160165,0.0088035045,2027-01-01,11,0.2981205698
S_210,51.24,16.97,3500.14658272472,0,0,0.30244556,-0.38694263,-0.024983069,2027-01-01,11,0.2807404404
S_211,50.96,16.99,9604.746935014811,0,0,0.32117027,-0.42673367,-0.080786064,2027-01-01,11,0.2640366554
S_212,50.98,16.99,7499.008014909064,0,0,0.34811568,-0.45060632,-0.10885356,2027-01-01,11,0.26089328
S_213,51.0,16.99,5357.026442742652,0,0,0.3224609,-0.4354518,-0.10707216,2027-01-01,11,0.253909406
S_214,51.02,16.99,3261.557369365852,0,0,0.33696306,-0.4285887,-0.048387025,2027-01-01,11,0.281734108
S_215,51.04,16.99,1331.156605452766,0,0,0.34182277,-0.44082806,-0.017350925,2027-01-01,11,0.295606461
S_216,51.06,16.99,67.99246611873737,190,0,0.33887938,-0.40516976,-0.017667964,2027-01-01,11,0.0
S_217,51.08,16.99,332.1993831246549,235,0,0.31058857,-0.39887947,-0.041509427,2027-01-01,11,0.0
S_218,51.1,16.99,95.92616121470772,365,0,0.2692986,-0.34791994,-0.07468957,2027-01-01,11,0.0
S_219,51.12,16.99,328.76141429986643,366,0,0.21859415,-0.30417433,-0.083556384,2027-01-01,11,0.0
S_22,51.08,16.73,8506.568173937441,0,0,0.32512233,-0.41110918,-0.014455737,2027-01-01,11,0.2917544042
S_220,51.14,16.99,268.2790269957991,83,0,0.20289686,-0.2734594,-0.013000897,2027-01-01,11,0.0
S_221,51.16,16.99,73.6050073256935,4,0,0.2873981,-0.37892756,-0.03734072,2027-01-01,11,0.006004143465138695
S_222,51.18,16.99,123.6884542477482,11,0,0.33338717,-0.39608926,-0.012338035,2027-01-01,11,0.0
S_223,51.2,16.99,168.12409711065547,0,0,0.34222606,-0.4106735,0.014814268,2027-01-01,11,0.1422183446221311
S_224,51.22,16.99,1746.1197465715757,0,0,0.29062513,-0.36751828,0.0022312414,2027-01-01,11,0.28808003556
S_225,51.24,16.99,3909.727010031838,0,0,0.31100783,-0.38282853,0.0129568,2027-01-01,11,0.298485069
S_226,50.96,17.01,9302.025966010857,0,0,0.37243003,-0.47245765,-0.037533622,2027-01-01,11,0.2967155602
S_227,50.98,17.01,7107.333504160153,0,0,0.37746307,-0.47793657,-0.036335632,2027-01-01,11,0.29870466819999997
S_228,51.0,17.01,4939.745864156982,0,0,0.35011962,-0.44884115,-0.03435731,2027-01-01,11,0.291292962
S_229,51.02,17.01,2861.553217630114,0,0,0.34292853,-0.4451475,-0.051900364,2027-01-01,11,0.2821184134
S_23,51.1,16.73,6936.109378879808,0,0,0.34376872,-0.44091496,-0.021202024,2027-01-01,11,0.29464980640000005
S_230,51.04,17.01,708.5497524206784,0,0,0.33393395,-0.41645858,-0.036552805,2027-01-01,11,0.22726901348413567
S_231,51.06,17.01,185.8425725294435,221,0,0.31561413,-0.3804447,-0.00013273068,2027-01-01,11,0.0
S_232,51.08,17.01,492.6122690702354,269,0,0.27765355,-0.34663406,-0.07614062,2027-01-01,11,0.0
S_233,51.1,17.01,739.3658417430682,357,0,0.19619043,-0.28615382,-0.107471794,2027-01-01,11,0.0
S_234,51.12,17.01,975.8713986883582,194,0,0.19405437,-0.27832124,-0.07826118,2027-01-01,11,0.0
S_235,51.14,17.01,379.9979625897767,10,0,0.24093337,-0.32691655,-0.038970266,2027-01-01,11,0.0
S_236,51.16,17.01,47.96600225330634,194,0,0.3541438,-0.41805834,-0.012085864,2027-01-01,11,0.0
S_237,51.18,17.01,162.33728524036934,0,0,0.34178108,-0.40609756,0.0017578567,2027-01-01,11,0.13570492372807386
S_238,51.2,17.01,522.3469551576198,0,0,0.354607,-0.4007566,0.008981254,2027-01-01,11,0.21444399263152397
S_239,51.22,17.01,2309.388779925825,0,0,0.3249152,-0.40496635,0.013537862,2027-01-01,11,0.3028897048
S_24,51.12,16.73,5810.251733180315,0,0,0.33286563,-0.44285017,0.0056997975,2027-01-01,11,0.302139608
S_240,51.24,17.01,4320.154486873881,0,0,0.34766063,-0.3958772,0.022767046,2027-01-01,11,0.3134050074
S_241,50.96,17.03,9205.759974995748,0,0,0.35276037,-0.45757332,-0.05550293,2027-01-01,11,0.283626939
S_242,50.98,17.03,6980.9290012326765,0,0,0.36174017,-0.47790942,-0.0861094,2027-01-01,11,0.27407829100000003
S_243,51.0,17.03,4756.164058545855,0,0,0.35446894,-0.44772536,-0.01953314,2027-01-01,11,0.29852742600000004
S_244,51.02,17.03,2531.6591433168446,0,0,0.3388792,-0.44935966,-0.061371,2027-01-01,11,0.27711536000000003
S_245,51.04,17.03,313.16913283537696,0,0,0.33240613,-0.42285278,-0.02676252,2027-01-01,11,0.1516506575670754
S_246,51.06,17.03,168.58167701773638,168,0,0.34721997,-0.4151692,0.0102600865,2027-01-01,11,0.0
S_247,51.08,17.03,726.1887889648634,17,0,0.24845123,-0.3201289,-0.07486577,2027-01-01,11,0.0
S_248,51.1,17.03,1524.3718245292073,326,0,0.15062931,-0.23248847,-0.113412015,2027-01-01,11,0.0
S_249,51.12,17.03,1695.1292589071084,346,0,0.18675473,-0.27972537,-0.1042728,2027-01-01,11,0.0
S_25,51.14,16.73,5412.525413426852,0,0,0.34281477,-0.4344759,0.033221617,2027-01-01,11,0.3161330778
S_250,51.14,17.03,587.7412940066755,456,0,0.18897639,-0.2732496,-0.07309246,2027-01-01,11,0.0
S_251,51.16,17.03,87.43406113267545,278,0,0.29635447,-0.3798669,-0.039125588,2027-01-01,11,0.0
S_252,51.18,17.03,253.34953180821336,6,0,0.35939404,-0.41393682,-0.003329032,2027-01-01,11,0.03715650556164268
S_253,51.2,17.03,1408.1716662089086,0,0,0.35689914,-0.41768852,0.015981017,2027-01-01,11,0.3134621488
S_254,51.22,17.03,3149.442431326004,0,0,0.3210883,-0.38363436,0.0049966415,2027-01-01,11,0.2983251466
S_255,51.24,17.03,4934.831602902228,0,0,0.35269248,-0.43271807,0.03404143,2027-01-01,11,0.319424316
S_256,50.96,17.05,9322.345445162837,0,0,0.32911155,-0.4355394,-0.101067916,2027-01-01,11,0.2583062986
S_257,50.98,17.05,7133.907327775435,0,0,0.3698243,-0.4564537,-0.03048645,2027-01-01,11,0.29875271000000003
S_258,51.0,17.05,4977.9004993604,0,0,0.34495038,-0.45136723,-0.07511854,2027-01-01,11,0.273437698
S_259,51.02,17.05,2910.9997256157144,0,0,0.3627972,-0.4514037,-0.023232061,2027-01-01,11,0.2995463356
S_26,51.16,16.73,5863.717409588568,0,0,0.32144666,-0.419166,0.014639954,2027-01-01,11,0.30228997960000004
S_260,51.04,17.05,842.6495839861251,0,0,0.34430718,-0.4364879,-0.018528275,2027-01-01,11,0.26441076079722503
S_261,51.06,17.05,26.754012374311475,241,0,0.28994352,-0.3868084,-0.076893866,2027-01-01,11,0.0
S_262,51.08,17.05,760.0327535766545,249,0,0.25753722,-0.3369729,-0.07530259,2027-01-01,11,0.0
S_263,51.1,17.05,905.3365178959564,428,0,0.17212193,-0.26794082,-0.107475474,2027-01-01,11,0.0
S_264,51.12,17.05,1342.7351323182363,304,0,0.25214058,-0.31669703,-0.08352532,2027-01-01,11,0.0
S_265,51.14,17.05,1096.9398205322211,166,0,0.27165315,-0.35262522,-0.032007657,2027-01-01,11,0.0
S_266,51.16,17.05,37.50494213788518,29,0,0.28622383,-0.35402894,-0.046464633,2027-01-01,11,0.0
S_267,51.18,17.05,781.3390905233456,0,0,0.3388047,-0.414706,-0.034165513,2027-01-01,11,0.24424302290466915
S_268,51.2,17.05,2627.0151318828944,0,0,0.35951075,-0.44470462,-0.009819162,2027-01-01,11,0.3039255602
S_269,51.22,17.05,3996.7819122721135,0,0,0.39217284,-0.4624041,0.033431806,2027-01-01,11,0.3310245744
S_27,51.18,16.73,6493.224785585582,0,0,0.42511442,-0.48601723,0.0402621,2027-01-01,11,0.343639166
S_270,51.24,17.05,5775.605634906718,0,0,0.39795133,-0.45810258,0.028747221,2027-01-01,11,0.3308842874
S_271,50.96,17.07,9503.511109340056,0,0,0.35179436,-0.44574645,-0.115330875,2027-01-01,11,0.259405958
S_272,50.98,17.07,7285.075000429359,0,0,0.31511775,-0.419995,-0.109929435,2027-01-01,11,0.250563551
S_273,51.0,17.07,5072.297259895921,0,0,0.34231165,-0.43900067,-0.098983675,2027-01-01,11,0.263100025
S_274,51.02,17.07,2878.275441631271,0,0,0.35495946,-0.4444566,-0.03789727,2027-01-01,11,0.29132893000000004
S_275,51.04,17.07,860.946420128604,0,0,0.35128662,-0.43128818,-0.02376776,2027-01-01,11,0.2680681660257208
S_276,51.06,17.07,18.403622301136235,17,0,0.3514352,-0.43978453,-0.020738505,2027-01-01,11,0.0
S_277,51.08,17.07,214.70843905693792,331,0,0.32418776,-0.3890088,-0.043899808,2027-01-01,11,0.0
S_278,51.1,17.07,263.626736591189,71,0,0.2831591,-0.33520874,-0.047573715,2027-01-01,11,0.0
S_279,51.12,17.07,620.3995166988473,54,0,0.30092657,-0.37473527,-0.047502723,2027-01-01,11,0.0
S_28,51.2,16.73,7008.001097177331,0,0,0.32589683,-0.4578801,-0.032621257,2027-01-01,11,0.28472054620000004
S_280,51.14,17.07,5.296732199324818,340,0,0.3056447,-0.3855907,-0.060668107,2027-01-01,11,0.0
S_281,51.16,17.07,170.6004669692908,0,0,0.33059096,-0.40350494,-0.0373626,2027-01-01,11,0.11835234139385814
S_282,51.18,17.07,1059.4018588611032,0,0,0.36983338,-0.4704175,0.03433661,2027-01-01,11,0.324684658
S_283,51.2,17.07,2821.0569727528555,0,0,0.38204992,-0.47101563,0.035181303,2027-01-01,11,0.3286874972
S_284,51.22,17.07,4963.876382114957,0,0,0.4090265,-0.48339844,0.060341664,2027-01-01,11,0.3468446156
S_285,51.24,17.07,6615.739492012172,0,0,0.49986586,-0.5685022,0.12968682,2027-01-01,11,0.40183448600000005
S_286,50.96,17.09,9505.401786812829,0,0,0.3795663,-0.46717265,-0.04192346,2027-01-01,11,0.29710050600000004
S_287,50.98,17.09,7285.655100610123,0,0,0.34491086,-0.44634724,-0.08720894,2027-01-01,11,0.268589682
S_288,51.0,17.09,5068.946250743713,0,0,0.35131568,-0.4354523,-0.10607223,2027-01-01,11,0.262965812
S_289,51.02,17.09,2846.062558614396,0,0,0.33200327,-0.41861588,-0.11150277,2027-01-01,11,0.25499987300000004
S_29,51.22,16.73,7938.677214869078,0,0,0.31288356,-0.43241435,-0.019294037,2027-01-01,11,0.2861474532
S_290,51.04,17.09,627.9980417595431,0,0,0.34081453,-0.4286688,-0.084921606,2027-01-01,11,0.19387532495190862
S_291,51.06,17.09,118.86744519004682,20,0,0.36284235,-0.44164208,-0.021919686,2027-01-01,11,0.0
S_292,51.08,17.09,88.13980394258562,107,0,0.39169022,-0.449812,0.029045131,2027-01-01,11,0.0
S_293,51.1,17.09,429.06807227558295,113,0,0.35042545,-0.40817004,-0.03296617,2027-01-01,11,0.0
S_294,51.12,17.09,450.62107651110034,141,0,0.35064435,-0.4350043,-0.034784157,2027-01-01,11,0.0
S_295,51.14,17.09,201.25573821191043,248,0,0.3252589,-0.38976026,-0.04637042,2027-01-01,11,0.0
S_296,51.16,17.09,60.45637724612981,0,0,0.34470502,-0.45687938,-0.048950814,2027-01-01,11,0.09592245584922594
S_297,51.18,17.09,402.1787713061745,0,0,0.37992808,-0.48852566,0.019698573,2027-01-01,11,0.2022936074612349
S_298,51.2,17.09,2617.146664306679,0,0,0.37412846,-0.46721756,0.021693699,2027-01-01,11,0.3209160176
S_299,51.22,17.09,4841.310711102912,0,0,0.38207313,-0.47446138,0.04449733,2027-01-01,11,0.332420871
S_3,51.0,16.71,15460.167737524162,0,0,0.29801807,-0.4073616,0.044301618,2027-01-01,11,0.3071260682
S_30,51.24,16.73,9275.33000166609,0,0,0.32036477,-0.42781204,-0.0066314926,2027-01-01,11,0.29345683396
S_300,51.24,17.09,7065.999347705496,0,0,0.39285353,-0.48059085,0.064548254,2027-01-01,11,0.34367536060000003
S_301,50.96,17.11,9502.278649368596,0,0,0.37367228,-0.46903732,-0.02931021,2027-01-01,11,0.3003776
S_302,50.98,17.11,7280.877747704259,0,0,0.35531753,-0.4527141,-0.041429073,2027-01-01,11,0.2900236298
S_303,51.0,17.11,5062.534830177265,0,0,0.35081372,-0.45129806,-0.08121543,2027-01-01,11,0.272757944
S_304,51.02,17.11,2854.4062347284403,0,0,0.3448385,-0.4273964,-0.037452906,2027-01-01,11,0.2884703876
S_305,51.04,17.11,752.6021058611249,0,0,0.34282395,-0.42322916,-0.061719663,2027-01-01,11,0.22867974097222496
S_306,51.06,17.11,404.7006786032911,0,0,0.373686,-0.4531466,-0.0060554235,2027-01-01,11,0.19062376632065822
S_307,51.08,17.11,21.61305392219596,0,0,0.37388843,-0.45064828,-0.002990521,2027-01-01,11,0.11529293138443919
S_308,51.1,17.11,626.639890995596,124,0,0.3538198,-0.40214306,-0.037366826,2027-01-01,11,0.0
S_309,51.12,17.11,293.12140737681347,400,0,0.2672469,-0.33830956,-0.08431162,2027-01-01,11,0.0
S_31,50.96,16.75,18000.470905369522,0,0,0.34375745,-0.4480952,-0.00063003623,2027-01-01,11,0.302875220508
S_310,51.14,17.11,1.2634738104871963,7,0,0.32153225,-0.38269988,-0.05356026,2027-01-01,11,0.0
S_311,51.16,17.11,11.974441257387422,96,0,0.33619013,-0.39645636,-0.034690138,2027-01-01,11,0.0
S_312,51.18,17.11,652.976173360686,0,0,0.3497819,-0.4522737,-0.015355104,2027-01-01,11,0.22938776307213718
S_313,51.2,17.11,2734.1440659639547,0,0,0.347846,-0.42378193,0.024377316,2027-01-01,11,0.3141047264
S_314,51.22,17.11,4788.973441161141,0,0,0.35522792,-0.40876096,0.020891275,2027-01-01,11,0.314924886
S_315,51.24,17.11,6891.885687981036,0,0,0.3534754,-0.441865,-0.0064586625,2027-01-01,11,0.303459155
S_316,50.96,17.13,9406.611013607397,0,0,0.3547201,-0.47545964,-0.053857658,2027-01-01,11,0.2848729668
S_317,50.98,17.13,7196.12198055024,0,0,0.37261462,-0.47190836,-0.0011822961,2027-01-01,11,0.31131146756
S_318,51.0,17.13,4998.414551367272,0,0,0.37301382,-0.45700815,0.007915839,2027-01-01,11,0.3150704816
S_319,51.02,17.13,2843.301120642574,0,0,0.3267888,-0.40962875,-0.017933503,2027-01-01,11,0.2908632388
S_32,50.98,16.75,15952.247462011475,0,0,0.27368665,-0.38972613,-0.034071825,2027-01-01,11,0.268477265
S_320,51.04,17.13,1041.5912548421352,0,0,0.3189367,-0.39712298,-0.04227412,2027-01-01,11,0.278771362
S_321,51.06,17.13,211.6792510664819,0,0,0.34590846,-0.41780517,-0.012393435,2027-01-01,11,0.14115101421329637
S_322,51.08,17.13,49.6135296497983,0,0,0.39736563,-0.4818708,0.037527848,2027-01-01,11,0.14414353412995967
S_323,51.1,17.13,9.46748805952812,0,0,0.36498815,-0.44650716,-0.017386163,2027-01-01,11,0.10443547741190562
S_324,51.12,17.13,26.32567471779296,52,0,0.32401356,-0.37740606,-0.04284971,2027-01-01,11,0.0
S_325,51.14,17.13,86.17281976514295,100,0,0.33347267,-0.39380366,-0.03202924,2027-01-01,11,0.0
S_326,51.16,17.13,94.59162240169668,258,0,0.32019463,-0.37438148,-0.03549084,2027-01-01,11,0.0
S_327,51.18,17.13,289.3309346024406,0,0,0.34202227,-0.40061754,-0.0069014286,2027-01-01,11,0.15771229648048812
S_328,51.2,17.13,2233.8334123942354,0,0,0.36439058,-0.42848378,0.03772938,2027-01-01,11,0.32440892600000004
S_329,51.22,17.13,4433.292020477803,0,0,0.35134757,-0.42902634,0.01873986,2027-01-01,11,0.312900215
S_33,51.0,16.75,13953.746654401524,0,0,0.30657464,-0.4294627,-0.021740109,2027-01-01,11,0.28327634840000004
S_330,51.24,17.13,6649.757122092191,0,0,0.33726433,-0.38522217,0.02565299,2027-01-01,11,0.31144049500000004
S_331,50.96,17.15,9302.065628001628,0,0,0.35850453,-0.45400444,-0.022968655,2027-01-01,11,0.298363897
S_332,50.98,17.15,7077.2259491861805,0,0,0.36398128,-0.47289887,-0.004377272,2027-01-01,11,0.30744347520000004
S_333,51.0,17.15,4852.415661603735,0,0,0.37193242,-0.45307565,0.01275502,2027-01-01,11,0.316681734
S_334,51.02,17.15,2627.7286660969885,0,0,0.29960385,-0.37800023,-0.030252095,2027-01-01,11,0.277780317
S_335,51.04,17.15,405.3255842916269,0,0,0.32750314,-0.4050663,-0.046972003,2027-01-01,11,0.1605272576583254
S_336,51.06,17.15,311.1005865256748,0,0,0.29753935,-0.3790293,-0.06525428,2027-01-01,11,0.12538021030513496
S_337,51.08,17.15,379.9059987106683,0,0,0.36193615,-0.43683556,-0.006531806,2027-01-01,11,0.18194932234213368
S_338,51.1,17.15,47.71133279133735,48,0,0.38770166,-0.47176617,0.017315127,2027-01-01,11,0.0
S_339,51.12,17.15,31.8034264834681,0,0,0.3505959,-0.44502664,-0.038513865,2027-01-01,11,0.09613390929669362
S_34,51.02,16.75,12028.58577000032,0,0,0.21282025,-0.30479288,-0.030765474,2027-01-01,11,0.2515398854
S_340,51.14,17.15,612.9558315376042,0,0,0.350443,-0.40585488,-0.0010818702,2027-01-01,11,0.22729131822752086
S_341,51.16,17.15,29.59519998379784,12,0,0.33772865,-0.40287367,0.0022569716,2027-01-01,11,0.0
S_342,51.18,17.15,504.73404352611607,0,0,0.3619216,-0.4322526,0.0032800457,2027-01-01,11,0.2108353069852232
S_343,51.2,17.15,2272.8014071320617,0,0,0.36880246,-0.44961908,0.015657745,2027-01-01,11,0.316903836
S_344,51.22,17.15,4456.511132128606,0,0,0.36913583,-0.45528215,0.033807874,2027-01-01,11,0.32426389860000004
S_345,51.24,17.15,6667.206056752632,0,0,0.3467052,-0.43788874,0.04734304,2027-01-01,11,0.322948776
S_346,50.96,17.17,9400.094892925816,0,0,0.3801124,-0.4829111,0.00024017658,2027-01-01,11,0.314129790632
S_347,50.98,17.17,7205.537667660058,0,0,0.35835943,-0.4684069,-0.028262194,2027-01-01,11,0.29620295139999997
S_348,51.0,17.17,5037.643313075092,0,0,0.35361752,-0.45112506,-0.00033946428,2027-01-01,11,0.305949470288
S_349,51.02,17.17,2955.6922018360483,0,0,0.337241,-0.42333585,-0.03772998,2027-01-01,11,0.286080308
S_35,51.04,16.75,10225.838452160657,0,0,0.30559066,-0.38587725,-0.026473379,2027-01-01,11,0.2810878464
S_350,51.04,17.17,1351.7422326019637,0,0,0.2993363,-0.37487406,-0.052015048,2027-01-01,11,0.2689948708
S_351,51.06,17.17,928.5546687939476,0,0,0.19917446,-0.284415,-0.07967727,2027-01-01,11,0.21359236375878954
S_352,51.08,17.17,1222.2373882291276,0,0,0.3296684,-0.40765166,-0.027711963,2027-01-01,11,0.2878157348
S_353,51.1,17.17,64.3623122469601,11,0,0.3469011,-0.4166332,0.0027362395,2027-01-01,11,0.0
S_354,51.12,17.17,782.985738214666,0,0,0.35919055,-0.44702986,0.0013812635,2027-01-01,11,0.2649068180429332
S_355,51.14,17.17,1685.2291347635687,0,0,0.34078634,-0.4052691,-0.004605001,2027-01-01,11,0.3003939016
S_356,51.16,17.17,1175.496525571058,0,0,0.2830327,-0.37345448,-0.037359003,2027-01-01,11,0.2699662088
S_357,51.18,17.17,1045.405382052987,0,0,0.34403214,-0.40613264,-0.0068481886,2027-01-01,11,0.30047036656000004
S_358,51.2,17.17,2797.905024062247,0,0,0.38194785,-0.50057834,0.0605855,2027-01-01,11,0.338818555
S_359,51.22,17.17,4848.664960109084,0,0,0.41553304,-0.4912995,0.030792585,2027-01-01,11,0.336976946
S_36,51.06,16.75,8622.635029524121,0,0,0.29817393,-0.38906687,-0.025098968,2027-01-01,11,0.2794125918
S_360,51.24,17.17,6936.034365292944,0,0,0.33871895,-0.40219685,0.026744284,2027-01-01,11,0.3123133986
S_361,50.96,17.19,9702.407959934322,0,0,0.38183618,-0.46751782,0.042590376,2027-01-01,11,0.3315870044
S_362,50.98,17.19,7595.544875188068,0,0,0.39619455,-0.48206437,0.0067287055,2027-01-01,11,0.3215498472
S_363,51.0,17.19,5581.034959595853,0,0,0.38461703,-0.4683389,0.038905554,2027-01-01,11,0.33094733060000003
S_364,51.02,17.19,3808.381448597596,0,0,0.37570408,-0.45438775,0.006870081,2027-01-01,11,0.3154592564
S_365,51.04,17.19,2677.399665191623,0,0,0.37419218,-0.46062106,-0.006516208,2027-01-01,11,0.30965117080000004
S_366,51.06,17.19,1391.3829292996506,0,0,0.3466886,-0.4171954,-0.02806953,2027-01-01,11,0.292778768
S_367,51.08,17.19,1721.6045046302854,0,0,0.39032978,-0.46914127,0.05976624,2027-01-01,11,0.34100543
S_368,51.1,17.19,1184.036912541745,0,0,0.34299663,-0.39304543,-0.03469278,2027-01-01,11,0.28902187700000004
S_369,51.12,17.19,1776.3806349218871,0,0,0.31646588,-0.3991851,-0.04885037,2027-01-01,11,0.275399616
S_37,51.08,16.75,7350.725399726949,0,0,0.32151812,-0.43098235,-0.016164785,2027-01-01,11,0.289989522
S_370,51.14,17.19,2564.33775392618,0,0,0.34272832,-0.4084941,-0.050229892,2027-01-01,11,0.2827265392
S_371,51.16,17.19,2567.547044450593,0,0,0.35580158,-0.4343009,0.003684743,2027-01-01,11,0.3082143712
S_372,51.18,17.19,2389.1599553755764,0,0,0.38235638,-0.45421898,0.026620664,2027-01-01,11,0.32535517960000004
S_373,51.2,17.19,3548.269857966122,0,0,0.3876189,-0.46455085,0.014230858,2027-01-01,11,0.3219780132
S_374,51.22,17.19,5404.641768609151,0,0,0.34203547,-0.42960456,0.008937649,2027-01-01,11,0.3061857006
S_375,51.24,17.19,7456.230708247526,0,0,0.371681,-0.4076646,0.050039604,2027-01-01,11,0.3315201416
S_376,50.96,17.21,10190.839513748497,0,0,0.39273065,-0.45920324,0.039453473,2027-01-01,11,0.33360058420000005
S_377,50.98,17.21,8210.03594069413,0,0,0.34584758,-0.44398776,-0.043748908,2027-01-01,11,0.2862547108
S_378,51.0,17.21,6391.886841119376,0,0,0.37119445,-0.45766434,0.044120613,2027-01-01,11,0.3290065802
S_379,51.02,17.21,4906.809099143584,0,0,0.39708638,-0.50243694,0.017744808,2027-01-01,11,0.32622383720000003
S_38,51.1,16.75,5908.015345296582,0,0,0.41818407,-0.4891359,0.013286442,2027-01-01,11,0.33076979780000004
S_380,51.04,17.21,3974.282833083281,0,0,0.3805542,-0.4582432,-0.0040157717,2027-01-01,11,0.31255995132000003
S_381,51.06,17.21,2630.657955118508,0,0,0.36852822,-0.4425288,0.01515514,2027-01-01,11,0.316620522
S_382,51.08,17.21,2818.8981827577068,0,0,0.39952096,-0.4685688,0.06657888,2027-01-01,11,0.34648784
S_383,51.1,17.21,2460.9366280540366,0,0,0.3374237,-0.4163703,-0.025806328,2027-01-01,11,0.2909045788
S_384,51.12,17.21,2811.402315802659,0,0,0.3336529,-0.3923242,-0.0058699427,2027-01-01,11,0.29774789292000003
S_385,51.14,17.21,3771.039082895692,0,0,0.33588335,-0.4112819,-0.0025861242,2027-01-01,11,0.29973055532000004
S_386,51.16,17.21,3964.297130363847,0,0,0.33229095,-0.39945355,-0.013926162,2027-01-01,11,0.29411682019999996
S_387,51.18,17.21,3772.9307114841904,0,0,0.34284213,-0.41665292,0.012049516,2027-01-01,11,0.30767244540000005
S_388,51.2,17.21,4594.935939212146,0,0,0.36282358,-0.45128253,0.008851298,2027-01-01,11,0.3123875932
S_389,51.22,17.21,6155.712601673673,0,0,0.31654647,-0.3911191,-0.016513621,2027-01-01,11,0.2883584926
S_39,51.12,16.75,4534.291563557253,0,0,0.32752836,-0.40518638,-0.010172608,2027-01-01,11,0.2941894648
S_390,51.24,17.21,8024.6705081537875,0,0,0.35164824,-0.395434,0.04822451,2027-01-01,11,0.32478427600000004
S_391,50.96,17.23,10840.25969081234,0,0,0.37906092,-0.47042292,0.04174391,2027-01-01,11,0.33041584
S_392,50.98,17.23,9003.161363737108,0,0,0.355082,-0.43866554,0.025299927,2027-01-01,11,0.3166445708
S_393,51.0,17.23,7382.589353045482,0,0,0.3718604,-0.45061755,0.013337427,2027-01-01,11,0.3168930908
S_394,51.02,17.23,6111.605858024738,0,0,0.39666593,-0.49307367,0.0067692404,2027-01-01,11,0.32170747516
S_395,51.04,17.23,4971.335173736405,0,0,0.36427465,-0.43069598,-0.006741726,2027-01-01,11,0.3065857046
S_396,51.06,17.23,3979.420376276317,0,0,0.3424081,-0.42336276,-0.020305729,2027-01-01,11,0.2946001384
S_397,51.08,17.23,4105.821277418549,0,0,0.3392549,-0.4041345,-0.006902966,2027-01-01,11,0.2990152836
S_398,51.1,17.23,3825.238852130517,0,0,0.31460664,-0.38931194,-0.039212823,2027-01-01,11,0.2786968628
S_399,51.12,17.23,4059.24751098903,0,0,0.35190737,-0.41461557,0.0043780063,2027-01-01,11,0.30732341352000003
S_4,51.02,16.71,13746.899774716265,0,0,0.31028593,-0.4167082,0.008238581,2027-01-01,11,0.2963812114
S_40,51.14,16.75,4013.110042361553,0,0,0.40917355,-0.47408038,0.05355005,2027-01-01,11,0.344172085
S_400,51.14,17.23,5077.889591772684,0,0,0.34454077,-0.43087026,0.01142504,2027-01-01,11,0.307932247
S_401,51.16,17.23,5362.238851744935,0,0,0.33062112,-0.39692634,0.0030183531,2027-01-01,11,0.30039367724
S_402,51.18,17.23,5164.650253401098,0,0,0.3548513,-0.44037798,0.005183725,2027-01-01,11,0.30852888
S_403,51.2,17.23,5791.946670621568,0,0,0.37084347,-0.4427938,0.023603782,2027-01-01,11,0.3206945538
S_404,51.22,17.23,7093.700827252286,0,0,0.33689094,-0.41442713,0.03750284,2027-01-01,11,0.316068418
S_405,51.24,17.23,8774.710761505301,0,0,0.32937628,-0.35537857,0.061443776,2027-01-01,11,0.3233903944
S_406,50.96,17.25,11623.715328983602,0,0,0.3650108,-0.43357,0.03142902,2027-01-01,11,0.322074848
S_407,50.98,17.25,9932.217903269244,0,0,0.352835,-0.4488265,-0.002432162,2027-01-01,11,0.3048776352
S_408,51.0,17.25,8484.01056952527,0,0,0.37161988,-0.45824566,0.04091867,2027-01-01,11,0.32785343200000006
S_409,51.02,17.25,7384.285945805905,0,0,0.34610218,-0.43628925,-0.025986068,2027-01-01,11,0.29343622680000003
S_41,51.16,16.75,4531.119295161696,0,0,0.3355195,-0.45702782,0.033173315,2027-01-01,11,0.31392517600000003
S_410,51.04,17.25,6129.1194061255255,0,0,0.27750665,-0.3485489,-0.04478721,2027-01-01,11,0.265337111
S_411,51.06,17.25,5355.576514058632,0,0,0.32549673,-0.4041711,-0.030082384,2027-01-01,11,0.2856160654
S_412,51.08,17.25,5449.646214796447,0,0,0.3365222,-0.41435307,0.013179462,2027-01-01,11,0.3062284448
S_413,51.1,17.25,5208.939555461392,0,0,0.33317366,-0.38947672,-0.036490418,2027-01-01,11,0.2853559308
S_414,51.12,17.25,5382.7184159775925,0,0,0.36508486,-0.4368592,0.014680657,2027-01-01,11,0.3153977208
S_415,51.14,17.25,6380.169182758276,0,0,0.34201494,-0.39631215,0.00872212,2027-01-01,11,0.30609333
S_416,51.16,17.25,6760.631388968914,0,0,0.35278183,-0.429613,0.021579433,2027-01-01,11,0.31446632220000004
S_417,51.18,17.25,6559.259200270753,0,0,0.46735653,-0.501627,0.10325415,2027-01-01,11,0.381508619
S_418,51.2,17.25,7063.273077274323,0,0,0.41363314,-0.47857505,0.06321376,2027-01-01,11,0.34937544600000003
S_419,51.22,17.25,8164.353191759555,0,0,0.3159345,-0.37943032,0.027610345,2027-01-01,11,0.305824488
S_42,51.18,16.75,5112.8447514642985,0,0,0.38995472,-0.49214938,-0.04761673,2027-01-01,11,0.297939724
S_420,51.24,17.25,9660.460230112583,0,0,0.34225523,-0.39067537,0.038594656,2027-01-01,11,0.3181144314
S_43,51.2,16.75,5706.64132954761,0,0,0.33205265,-0.45832315,-0.02471494,2027-01-01,11,0.289729819
S_44,51.22,16.75,6775.548434194237,0,0,0.27924034,-0.38570935,-0.022070736,2027-01-01,11,0.2749438076
S_45,51.24,16.75,8302.081445945038,0,0,0.31891182,-0.41558477,0.00031677823,2027-01-01,11,0.295800257292
S_46,50.96,16.77,17022.908120220254,0,0,0.264714,-0.37728244,-0.035818633,2027-01-01,11,0.2650867468
S_47,50.98,16.77,15422.41639279965,0,0,0.30389223,-0.40947035,-0.05109433,2027-01-01,11,0.27072993700000003
S_48,51.0,16.77,13349.921110816154,0,0,0.36687556,-0.44892955,-0.008226312,2027-01-01,11,0.3067721432
S_49,51.02,16.77,11333.075173326231,0,0,0.32233545,-0.43274933,-0.035127755,2027-01-01,11,0.282649533
S_5,51.04,16.71,12199.952563339264,0,0,0.32420143,-0.42823678,-0.00637222,2027-01-01,11,0.294711541
S_50,51.04,16.77,9398.22334858242,0,0,0.28105626,-0.36863863,-0.033490684,2027-01-01,11,0.2709206044
S_51,51.06,16.77,7623.368673179539,0,0,0.28281745,-0.41023412,-0.03392927,2027-01-01,11,0.271273527
S_52,51.08,16.77,6148.669471297736,0,0,0.32284752,-0.41998234,-0.015144235,2027-01-01,11,0.29079656200000004
S_53,51.1,16.77,5053.636350499835,0,0,0.3013068,-0.40927824,0.0064360155,2027-01-01,11,0.2929664462
S_54,51.12,16.77,3358.716664473822,0,0,0.28712562,-0.3758899,-0.05030336,2027-01-01,11,0.266016342
S_55,51.14,16.77,2614.072225314547,0,0,0.3982974,-0.46180508,0.054474954,2027-01-01,11,0.3412792016
S_56,51.16,16.77,3191.577926385069,0,0,0.42463413,-0.51454043,0.024753904,2027-01-01,11,0.33729180059999997
S_57,51.18,16.77,3746.058938902203,0,0,0.45386675,-0.5282979,0.03171552,2027-01-01,11,0.348846233
S_58,51.2,16.77,4425.096477717739,0,0,0.47183698,-0.52687377,0.03558204,2027-01-01,11,0.35578391
S_59,51.22,16.77,5718.539643471043,0,0,0.29699475,-0.40006435,-0.024662124,2027-01-01,11,0.2792335754
S_6,51.06,16.71,10890.438633297126,0,0,0.34831917,-0.46646982,0.037938483,2027-01-01,11,0.3196711442
S_60,51.24,16.77,7464.841019661316,0,0,0.3240031,-0.43548718,-0.026516108,2027-01-01,11,0.2865944868
S_61,50.96,16.79,15947.047960674154,0,0,0.294716,-0.40893573,-0.051746607,2027-01-01,11,0.26771615719999997
S_62,50.98,16.79,14509.12439155469,0,0,0.29288495,-0.4095836,-0.014317437,2027-01-01,11,0.2821385102
S_63,51.0,16.79,12846.126033979224,0,0,0.3235394,-0.42416644,-0.0820387,2027-01-01,11,0.26424634
S_64,51.02,16.79,10761.477088982943,0,0,0.28706002,-0.3826482,-0.035776693,2027-01-01,11,0.2718073288
S_65,51.04,16.79,8716.684616946155,0,0,0.3188207,-0.42484343,-0.004914755,2027-01-01,11,0.293680308
S_66,51.06,16.79,6768.271669017946,0,0,0.28407297,-0.428819,-0.06584489,2027-01-01,11,0.258883935
S_67,51.08,16.79,5050.2723857274605,0,0,0.26651055,-0.3796513,-0.036595438,2027-01-01,11,0.2653149898
S_68,51.1,16.79,3826.043540989088,0,0,0.32733777,-0.44509947,-0.013793006,2027-01-01,11,0.2926841286
S_69,51.12,16.79,2433.623491543097,0,0,0.3403348,-0.45523426,-0.016650861,2027-01-01,11,0.2954400956
S_7,51.08,16.71,9460.246648260876,0,0,0.34259805,-0.44861495,-0.007324518,2027-01-01,11,0.29984960780000003
S_70,51.14,16.79,1216.7007448199618,0,0,0.3504152,-0.42931852,0.025859045,2027-01-01,11,0.315468178
S_71,51.16,16.79,1936.0636528547705,0,0,0.34242722,-0.41878712,0.012931824,2027-01-01,11,0.3079008956
S_72,51.18,16.79,2360.4833464144017,0,0,0.33565742,-0.4458802,-0.0150972195,2027-01-01,11,0.2946583382
S_73,51.2,16.79,3206.1302202323163,0,0,0.4088362,-0.50066966,0.00196058,2027-01-01,11,0.323435092
S_74,51.22,16.79,4837.714195186279,0,0,0.35175008,-0.4357513,0.03038032,2027-01-01,11,0.317677152
S_75,51.24,16.79,6813.926733180992,0,0,0.31075442,-0.42829132,-0.031254616,2027-01-01,11,0.2807244796
S_76,50.96,16.81,14892.8901715824,0,0,0.2993889,-0.43981677,-0.08207017,2027-01-01,11,0.256988602
S_77,50.98,16.81,13441.16549326596,0,0,0.31113264,-0.45182526,0.00822626,2027-01-01,11,0.296630296
S_78,51.0,16.81,11897.905348101373,0,0,0.29085913,-0.41496235,-0.08722118,2027-01-01,11,0.252369267
S_79,51.02,16.81,10294.632437154196,0,0,0.28730172,-0.40950078,-0.0045614224,2027-01-01,11,0.28436594704
S_8,51.1,16.71,8076.924726854547,0,0,0.3147977,-0.4299728,-0.015193671,2027-01-01,11,0.2883618416
S_80,51.04,16.81,8200.007119833177,0,0,0.26510012,-0.38957605,-0.038294777,2027-01-01,11,0.26421212520000004
S_81,51.06,16.81,6109.181139309905,0,0,0.30658305,-0.4306562,-0.0059215366,2027-01-01,11,0.28960630036
S_82,51.08,16.81,4138.897714803536,0,0,0.3132089,-0.4434384,-0.082246765,2027-01-01,11,0.261063964
S_83,51.1,16.81,2594.4511589129984,0,0,0.34120598,-0.45238626,-0.018342238,2027-01-01,11,0.29502489880000005
S_84,51.12,16.81,1523.8956538703992,0,0,0.30652648,-0.39691395,-0.031360187,2027-01-01,11,0.2794138692
S_85,51.14,16.81,123.62824571182684,0,0,0.326274,-0.42462182,-0.0050433637,2027-01-01,11,0.12059050366236537
S_86,51.16,16.81,1107.4803238024615,0,0,0.31748563,-0.39821213,-0.00047888994,2027-01-01,11,0.295054133024
S_87,51.18,16.81,990.510390736507,0,0,0.3930265,-0.4673914,0.023727635,2027-01-01,11,0.32550108214730145
S_88,51.2,16.81,2210.625683987344,0,0,0.4264902,-0.5061623,0.008258611,2027-01-01,11,0.33125050440000003
S_89,51.22,16.81,4244.216239528772,0,0,0.29674378,-0.39527893,-0.0123547325,2027-01-01,11,0.284081241
S_9,51.12,16.71,7132.92987537034,0,0,0.29199,-0.38019758,-0.004496593,2027-01-01,11,0.28579836280000004
S_90,51.24,16.81,6384.869133637413,0,0,0.27338183,-0.37380424,-0.025040574,2027-01-01,11,0.2719983194
S_91,50.96,16.83,13900.696550902425,0,0,0.28259405,-0.43327874,-0.020495286,2027-01-01,11,0.2765801006
S_92,50.98,16.83,12364.24594647767,0,0,0.2700167,-0.43185785,-0.10982625,2027-01-01,11,0.23707451000000002
S_93,51.0,16.83,10953.594163227584,0,0,0.2606681,-0.40233228,-0.074409835,2027-01-01,11,0.248436496
S_94,51.02,16.83,9298.41469926228,0,0,0.27841157,-0.40254587,-0.0027857746,2027-01-01,11,0.28240916116000003
S_95,51.04,16.83,7796.744007056143,0,0,0.26144463,-0.38754398,-0.06330009,2027-01-01,11,0.25311335300000004
S_96,51.06,16.83,5694.590757082613,0,0,0.26567453,-0.3940623,-0.056264974,2027-01-01,11,0.2571963694
S_97,51.08,16.83,3534.511095614605,0,0,0.30400172,-0.41401413,-0.08610152,2027-01-01,11,0.256759908
S_98,51.1,16.83,1511.4306172008778,0,0,0.32449538,-0.45282063,0.009883642,2027-01-01,11,0.30130207080000004
S_99,51.12,16.83,372.4822459180336,0,0,0.361142,-0.43219402,-0.059483476,2027-01-01,11,0.1590456587836067
S_1,50.96,16.71,19204.135492674224,0,0,0.2790093,-0.36731613,0.047503825,2027-02-01,12,0.30270432
S_10,51.14,16.71,6812.088247351817,0,0,0.3189978,-0.39740518,0.1958354,2027-02-01,12,0.3740335
S_100,51.14,16.83,299.0414108789792,0,0,0.31313083,-0.42064467,-0.07355005,2027-02-01,12,0.12432751117579585
S_101,51.16,16.83,193.31260986371728,0,0,0.19486523,-0.34890145,-0.07789214,2027-02-01,12,0.06596523497274345
S_102,51.18,16.83,218.76394220477843,0,0,0.3053546,-0.41334075,-0.05919734,2027-02-01,12,0.11168023244095568
S_103,51.2,16.83,1750.830765751724,0,0,0.2215636,-0.32316008,-0.048999395,2027-02-01,12,0.246869322
S_104,51.22,16.83,3972.279685462268,0,0,0.2426112,-0.35759464,0.0031111499,2027-02-01,12,0.27402781996000003
S_105,51.24,16.83,5445.385947041962,0,0,0.1986366,-0.2788784,-0.06568715,2027-02-01,12,0.23331612000000002
S_106,50.96,16.85,12984.678140135651,0,0,0.29139644,-0.4125833,-0.123286225,2027-02-01,12,0.238104442
S_107,50.98,16.85,11325.094646471813,0,0,0.26679498,-0.38985464,-0.14233807,2027-02-01,12,0.22310326600000002
S_108,51.0,16.85,9861.896499378292,0,0,0.17048183,-0.33921483,-0.1366261,2027-02-01,12,0.196494109
S_109,51.02,16.85,8418.741567826879,0,0,0.22586343,-0.3351004,0.0025199475,2027-02-01,12,0.26876700800000003
S_11,51.16,16.71,7197.1030753367495,0,0,0.28871062,-0.36194104,0.100262746,2027-02-01,12,0.3267182844
S_110,51.04,16.85,6723.889490045874,0,0,0.25005803,-0.35054183,-0.07584588,2027-02-01,12,0.244679057
S_111,51.06,16.85,5421.191720799655,0,0,0.20796986,-0.32580373,-0.08963008,2027-02-01,12,0.226538926
S_112,51.08,16.85,3253.6617859423213,0,0,0.20903836,-0.32943323,-0.08708956,2027-02-01,12,0.22787568400000002
S_113,51.1,16.85,1042.0817532091585,0,0,0.25695902,-0.34758657,-0.07001646,2027-02-01,12,0.249081122
S_114,51.12,16.85,152.9756075835791,0,0,0.2871182,-0.3873501,-0.06974942,2027-02-01,12,0.08883081351671582
S_115,51.14,16.85,30.375214416566127,145,0,0.29620767,-0.40575588,-0.047533397,2027-02-01,12,0.0
S_116,51.16,16.85,129.81078397110568,0,0,0.3440762,-0.42952505,-0.0058978763,2027-02-01,12,0.12682586627422113
S_117,51.18,16.85,328.7539166104857,0,0,0.4003339,-0.44276804,0.01972763,2027-02-01,12,0.19374200532209718
S_118,51.2,16.85,2136.925593380406,0,0,0.23536415,-0.34602842,-0.026843885,2027-02-01,12,0.259871691
S_119,51.22,16.85,2891.784132546267,0,0,0.19309685,-0.28619394,-0.050913963,2027-02-01,12,0.2375634698
S_12,51.18,16.71,7880.060446899775,0,0,0.4240329,-0.4686592,0.12929359,2027-02-01,12,0.378927306
S_120,51.24,16.85,4629.559266687689,0,0,0.19864067,-0.26419652,-0.05652985,2027-02-01,12,0.23698026100000003
S_121,50.96,16.87,12162.057822383023,0,0,0.27108645,-0.38832718,-0.14826168,2027-02-01,12,0.222021263
S_122,50.98,16.87,10372.104290519828,0,0,0.22634171,-0.36892742,-0.16610263,2027-02-01,12,0.201461461
S_123,51.0,16.87,8783.28397005277,0,0,0.22584045,-0.36473137,-0.13727608,2027-02-01,12,0.212841703
S_124,51.02,16.87,7374.158792219467,0,0,0.28809944,-0.3767168,0.043276086,2027-02-01,12,0.3037402664
S_125,51.04,16.87,5793.450664727714,0,0,0.26167113,-0.3556884,-0.08439029,2027-02-01,12,0.244745223
S_126,51.06,16.87,4219.665969002121,0,0,0.1853749,-0.31732997,-0.12126055,2027-02-01,12,0.20710825000000002
S_127,51.08,16.87,3145.7712341569377,0,0,0.26250792,-0.36104852,-0.10240873,2027-02-01,12,0.237788884
S_128,51.1,16.87,997.1952678499712,0,0,0.24067198,-0.3717397,-0.14341804,2027-02-01,12,0.21427343156999423
S_129,51.12,16.87,75.42879838910036,42,0,0.23872574,-0.35574552,-0.079857044,2027-02-01,12,0.0
S_13,51.2,16.71,8327.208531487542,0,0,0.35929006,-0.44722322,0.01928871,2027-02-01,12,0.315502502
S_130,51.14,16.87,95.03052149332436,144,0,0.22895788,-0.3404139,-0.1165744,2027-02-01,12,0.0
S_131,51.16,16.87,0.5964238645431652,43,0,0.31216922,-0.39341086,-0.03916607,2027-02-01,12,0.0
S_132,51.18,16.87,62.120452330665,0,0,0.39321277,-0.46280405,-0.014175534,2027-02-01,12,0.124717707866133
S_133,51.2,16.87,839.0660138119009,0,0,0.29089168,-0.38679034,-0.06766599,2027-02-01,12,0.2280143107623802
S_134,51.22,16.87,2011.4215042469016,0,0,0.28987637,-0.36905283,0.010316891,2027-02-01,12,0.2910896674
S_135,51.24,16.87,4028.182801526247,0,0,0.24919914,-0.32311302,-0.08284694,2027-02-01,12,0.24162096600000002
S_136,50.96,16.89,11452.977110542222,0,0,0.28358367,-0.40042305,-0.14377616,2027-02-01,12,0.22756463700000001
S_137,50.98,16.89,9531.1532212864,0,0,0.3107,-0.41760018,-0.14176407,2027-02-01,12,0.236504372
S_138,51.0,16.89,7772.7528452904835,0,0,0.24309818,-0.36985126,-0.12624724,2027-02-01,12,0.222430558
S_139,51.02,16.89,6287.684180771339,0,0,0.18600245,-0.24090151,-0.05903164,2027-02-01,12,0.23218807900000002
S_14,51.22,16.71,9167.625026369526,0,0,0.34158844,-0.43580633,0.057782803,2027-02-01,12,0.3255896532
S_140,51.04,16.89,4966.126143458281,0,0,0.23029917,-0.3181045,-0.07381066,2027-02-01,12,0.239565487
S_141,51.06,16.89,3177.13745578146,0,0,0.29422018,-0.36662775,-0.0038946443,2027-02-01,12,0.28670819628
S_142,51.08,16.89,2059.1496145995893,0,0,0.24583521,-0.38026366,-0.06956547,2027-02-01,12,0.245924375
S_143,51.1,16.89,584.150058798024,0,0,0.22759038,-0.34117886,-0.10500524,2027-02-01,12,0.14310502975960482
S_144,51.12,16.89,29.2480101924891,21,0,0.25632367,-0.360757,-0.10840487,2027-02-01,12,0.0
S_145,51.14,16.89,166.35084857578028,184,0,0.25500175,-0.3636203,-0.10131004,2027-02-01,12,0.0
S_146,51.16,16.89,88.52606590553637,16,0,0.2784598,-0.34915623,-0.10456809,2027-02-01,12,0.0
S_147,51.18,16.89,40.6187379953634,0,0,0.29129034,-0.3898547,-0.10265306,2027-02-01,12,0.05444962559907267
S_148,51.2,16.89,128.5731600417197,0,0,0.2526897,-0.36435002,-0.09786909,2027-02-01,12,0.062373906008343936
S_149,51.22,16.89,1612.966088400308,0,0,0.26896518,-0.37340835,-0.0381363,2027-02-01,12,0.265435034
S_15,51.24,16.71,10346.277459912872,0,0,0.23187642,-0.2997836,-0.014012665,2027-02-01,12,0.26395786
S_150,51.24,16.89,3836.1304745548578,0,0,0.24881965,-0.33759323,-0.09409826,2027-02-01,12,0.23700659100000002
S_151,50.96,16.91,10879.657044859136,0,0,0.3181809,-0.43300813,-0.1328268,2027-02-01,12,0.24232355
S_152,50.98,16.91,8834.293411715706,0,0,0.30039603,-0.41188344,-0.14941245,2027-02-01,12,0.230353829
S_153,51.0,16.91,6900.951084593016,0,0,0.2770131,-0.40061232,-0.14481413,2027-02-01,12,0.225178278
S_154,51.02,16.91,5205.976876149072,0,0,0.27611998,-0.35541916,-0.13928881,2027-02-01,12,0.22712047
S_155,51.04,16.91,3800.973434448058,0,0,0.27305478,-0.35752442,-0.14782186,2027-02-01,12,0.22278769
S_156,51.06,16.91,2512.5632313491706,0,0,0.2622712,-0.38536677,-0.13071898,2027-02-01,12,0.226393768
S_157,51.08,16.91,678.6116760835603,0,0,0.24525177,-0.38528582,-0.12564114,2027-02-01,12,0.15904141021671206
S_158,51.1,16.91,856.39299833093,0,0,0.29797053,-0.40367392,-0.09825109,2027-02-01,12,0.22136932266618603
S_159,51.12,16.91,178.3818645157325,4,0,0.26596925,-0.39631253,-0.11908037,2027-02-01,12,0.0
S_16,50.96,16.73,18562.794541818243,0,0,0.18658124,-0.3067553,-0.05746881,2027-02-01,12,0.23298684800000002
S_160,51.14,16.91,79.09561123337517,67,0,0.29324457,-0.40343735,-0.12065581,2027-02-01,12,0.0
S_161,51.16,16.91,29.5531253741436,125,0,0.28815997,-0.37984923,-0.11438126,2027-02-01,12,0.0
S_162,51.18,16.91,140.86672674542552,12,0,0.2713886,-0.38872364,-0.09729255,2027-02-01,12,0.0
S_163,51.2,16.91,76.31560408295768,50,0,0.27753803,-0.37933588,-0.094716825,2027-02-01,12,0.0
S_164,51.22,16.91,1287.798552325959,0,0,0.26835713,-0.35722336,-0.07273954,2027-02-01,12,0.251411323
S_165,51.24,16.91,3216.653967735071,0,0,0.2562591,-0.35641903,-0.09611177,2027-02-01,12,0.23843302200000002
S_166,50.96,16.93,10464.433929184495,0,0,0.3339457,-0.43309346,-0.14265555,2027-02-01,12,0.24312149
S_167,50.98,16.93,8317.817703353361,0,0,0.30392355,-0.4138598,-0.16811569,2027-02-01,12,0.223930789
S_168,51.0,16.93,6226.424610680338,0,0,0.2713062,-0.39531547,-0.16074899,2027-02-01,12,0.217092264
S_169,51.02,16.93,4272.15334819429,0,0,0.312588,-0.4065508,-0.14845644,2027-02-01,12,0.234393824
S_17,50.98,16.73,16577.85936257925,0,0,0.26524588,-0.36606428,0.006386581,2027-02-01,12,0.2821283964
S_170,51.04,16.93,2734.6300697935235,0,0,0.26664475,-0.34950513,-0.14485751,2027-02-01,12,0.222050421
S_171,51.06,16.93,1405.8627140060885,0,0,0.25936443,-0.3837909,-0.15057263,2027-02-01,12,0.217580277
S_172,51.08,16.93,153.7128938178727,8,0,0.32033706,-0.4053483,-0.12804733,2027-02-01,12,0.0
S_173,51.1,16.93,171.4950135169203,23,0,0.30562007,-0.39422503,-0.11205592,2027-02-01,12,0.0
S_174,51.12,16.93,110.37966010894912,171,0,0.30935788,-0.39805627,-0.13450629,2027-02-01,12,0.0
S_175,51.14,16.93,35.063298395709715,86,0,0.2629006,-0.34617755,-0.124536976,2027-02-01,12,0.0
S_176,51.16,16.93,119.28241091083214,232,0,0.2952862,-0.3619661,-0.11144238,2027-02-01,12,0.0
S_177,51.18,16.93,116.24242338942592,0,0,0.24340935,-0.33173048,-0.10168891,2027-02-01,12,0.055595725677885184
S_178,51.2,16.93,243.57309243338528,0,0,0.31249657,-0.39376146,-0.11225253,2027-02-01,12,0.09756257748667704
S_179,51.22,16.93,934.989887008772,0,0,0.287562,-0.37109798,-0.10649719,2027-02-01,12,0.2306677014017544
S_18,51.0,16.73,14659.31178278656,0,0,0.27318713,-0.3660927,0.1117061,2027-02-01,12,0.32663857900000004
S_180,51.24,16.93,3093.126161565517,0,0,0.30622643,-0.3772575,-0.083395496,2027-02-01,12,0.2585097306
S_181,50.96,16.95,10226.581742100509,0,0,0.34272173,-0.4311823,-0.14544478,2027-02-01,12,0.244638607
S_182,50.98,16.95,8016.664197115699,0,0,0.31652686,-0.4318914,-0.16320178,2027-02-01,12,0.229677346
S_183,51.0,16.95,5818.1929194215,0,0,0.23284875,-0.32398343,-0.15224445,2027-02-01,12,0.208956845
S_184,51.02,16.95,3651.912744084874,0,0,0.31712633,-0.4006188,-0.1406469,2027-02-01,12,0.23887913900000002
S_185,51.04,16.95,1649.9390675083405,0,0,0.16088921,-0.23668401,-0.112635165,2027-02-01,12,0.203212697
S_186,51.06,16.95,410.0436766351651,0,0,0.28894237,-0.4021109,-0.13348708,2027-02-01,12,0.11529661432703302
S_187,51.08,16.95,135.73596988018187,17,0,0.23161581,-0.3354252,-0.14693402,2027-02-01,12,0.0
S_188,51.1,16.95,247.77790874820764,497,0,0.27813968,-0.36024907,-0.11484017,2027-02-01,12,0.0
S_189,51.12,16.95,32.48864238868553,207,0,0.2618864,-0.34665608,-0.11349742,2027-02-01,12,0.0
S_19,51.02,16.73,12840.031827983006,0,0,0.22716613,-0.31531224,0.07774219,2027-02-01,12,0.299246715
S_190,51.14,16.95,58.19435946083127,26,0,0.25905702,-0.33672056,-0.13226953,2027-02-01,12,0.0
S_191,51.16,16.95,130.6314516932038,2,0,0.27475834,-0.37319952,-0.12804016,2027-02-01,12,0.017337728338640758
S_192,51.18,16.95,178.81956525149948,0,0,0.33399445,-0.43199816,-0.1362077,2027-02-01,12,0.0814791680502999
S_193,51.2,16.95,22.64852181705673,0,0,0.30764332,-0.39664033,-0.11347556,2027-02-01,12,0.05143247636341134
S_194,51.22,16.95,1150.6667062630731,0,0,0.2725199,-0.30577925,-0.056061637,2027-02-01,12,0.2593313152
S_195,51.24,16.95,3375.3802928720816,0,0,0.29254425,-0.35140553,-0.048504274,2027-02-01,12,0.2683615654
S_196,50.96,16.97,10021.414158449285,0,0,0.31750515,-0.43300194,-0.16348705,2027-02-01,12,0.229856725
S_197,50.98,16.97,7910.592124100563,0,0,0.30427366,-0.42744842,-0.16167705,2027-02-01,12,0.226611278
S_198,51.0,16.97,5733.420616111684,0,0,0.26581618,-0.37626746,-0.14209214,2027-02-01,12,0.222907998
S_199,51.02,16.97,3515.349555011848,0,0,0.25070986,-0.3355596,-0.15065622,2027-02-01,12,0.21495047
S_2,50.98,16.71,17290.38293212061,0,0,0.2851243,-0.36640438,0.07661644,2027-02-01,12,0.31618386600000004
S_20,51.04,16.73,11168.639446384244,0,0,0.25593227,-0.34836024,-0.038476717,2027-02-01,12,0.2613889942
S_200,51.04,16.97,1320.5917622766913,0,0,0.26346067,-0.3468112,-0.08392915,2027-02-01,12,0.245466541
S_201,51.06,16.97,147.75952938197452,167,0,0.27438375,-0.37539446,-0.107603624,2027-02-01,12,0.0
S_202,51.08,16.97,340.05915963391885,216,0,0.36323506,-0.43542403,-0.0913115,2027-02-01,12,0.0
S_203,51.1,16.97,365.3418207991952,21,0,0.25947097,-0.3369487,-0.10900382,2027-02-01,12,0.0
S_204,51.12,16.97,67.7717167848776,382,0,0.20492078,-0.28589863,-0.1476206,2027-02-01,12,0.0
S_205,51.14,16.97,412.10660404271215,202,0,0.21199583,-0.28778273,-0.11812713,2027-02-01,12,0.0
S_206,51.16,16.97,16.5153612818919,0,0,0.27937958,-0.3581456,-0.13655688,2027-02-01,12,0.03249419425637838
S_207,51.18,16.97,2.9191676711853622,0,0,0.28665558,-0.40731922,-0.16446514,2027-02-01,12,0.020794451534237073
S_208,51.2,16.97,155.10794754818698,11,0,0.30630842,-0.37588805,-0.12541738,2027-02-01,12,0.0
S_209,51.22,16.97,1398.73570960171,0,0,0.26494625,-0.3419028,-0.1163162,2027-02-01,12,0.232957395
S_21,51.06,16.73,9721.71749163114,0,0,0.30146766,-0.38809612,0.02683088,2027-02-01,12,0.30117265000000004
S_210,51.24,16.97,3500.14658272472,0,0,0.27571818,-0.3437092,-0.09411576,2027-02-01,12,0.24506915
S_211,50.96,16.99,9604.746935014811,0,0,0.30729902,-0.42726323,-0.17020309,2027-02-01,12,0.22410847
S_212,50.98,16.99,7499.008014909064,0,0,0.3137324,-0.42776775,-0.15416728,2027-02-01,12,0.232452808
S_213,51.0,16.99,5357.026442742652,0,0,0.31014937,-0.40930563,-0.15329078,2027-02-01,12,0.231728499
S_214,51.02,16.99,3261.557369365852,0,0,0.315273,-0.41239578,-0.13391878,2027-02-01,12,0.24101438800000002
S_215,51.04,16.99,1331.156605452766,0,0,0.31060022,-0.40212888,-0.1082531,2027-02-01,12,0.249878826
S_216,51.06,16.99,67.99246611873737,190,0,0.3132271,-0.40075973,-0.09073259,2027-02-01,12,0.0
S_217,51.08,16.99,332.1993831246549,235,0,0.28178987,-0.36566702,-0.10264351,2027-02-01,12,0.0
S_218,51.1,16.99,95.92616121470772,365,0,0.22990544,-0.31635192,-0.11808157,2027-02-01,12,0.0
S_219,51.12,16.99,328.76141429986643,366,0,0.18121089,-0.27559617,-0.11388965,2027-02-01,12,0.0
S_22,51.08,16.73,8506.568173937441,0,0,0.25814617,-0.3403368,0.012988973,2027-02-01,12,0.2826394402
S_220,51.14,16.99,268.2790269957991,83,0,0.16596079,-0.24320416,-0.079297155,2027-02-01,12,0.0
S_221,51.16,16.99,73.6050073256935,4,0,0.27502775,-0.36192498,-0.13801222,2027-02-01,12,0.0
S_222,51.18,16.99,123.6884542477482,11,0,0.30301204,-0.40207466,-0.12807803,2027-02-01,12,0.0
S_223,51.2,16.99,168.12409711065547,0,0,0.2984718,-0.38477975,-0.114156306,2027-02-01,12,0.0775038370221311
S_224,51.22,16.99,1746.1197465715757,0,0,0.27092823,-0.36932266,-0.10277268,2027-02-01,12,0.240169397
S_225,51.24,16.99,3909.727010031838,0,0,0.28880644,-0.3745567,-0.06082172,2027-02-01,12,0.262313244
S_226,50.96,17.01,9302.025966010857,0,0,0.33189783,-0.42616642,-0.15017194,2027-02-01,12,0.239500573
S_227,50.98,17.01,7107.333504160153,0,0,0.34495077,-0.4386712,-0.14540495,2027-02-01,12,0.24532325100000002
S_228,51.0,17.01,4939.745864156982,0,0,0.31939542,-0.42422083,-0.14724699,2027-02-01,12,0.23691983
S_229,51.02,17.01,2861.553217630114,0,0,0.3234523,-0.4196159,-0.13660799,2027-02-01,12,0.24239249400000001
S_23,51.1,16.73,6936.109378879808,0,0,0.29500633,-0.37016773,0.024573285,2027-02-01,12,0.298331213
S_230,51.04,17.01,708.5497524206784,0,0,0.3116603,-0.39822966,-0.11359633,2027-02-01,12,0.18976950848413565
S_231,51.06,17.01,185.8425725294435,221,0,0.30355567,-0.37820226,-0.07626404,2027-02-01,12,0.0
S_232,51.08,17.01,492.6122690702354,269,0,0.22045963,-0.3155167,-0.11628103,2027-02-01,12,0.0
S_233,51.1,17.01,739.3658417430682,357,0,0.17042366,-0.25840378,-0.14497605,2027-02-01,12,0.0
S_234,51.12,17.01,975.8713986883582,194,0,0.17327781,-0.24027963,-0.11122129,2027-02-01,12,0.0
S_235,51.14,17.01,379.9979625897767,10,0,0.20310335,-0.27827927,-0.10394184,2027-02-01,12,0.0
S_236,51.16,17.01,47.96600225330634,194,0,0.3226463,-0.39852604,-0.12640621,2027-02-01,12,0.0
S_237,51.18,17.01,162.33728524036934,0,0,0.3051766,-0.3972752,-0.112628564,2027-02-01,12,0.07896901144807388
S_238,51.2,17.01,522.3469551576198,0,0,0.3118784,-0.38652375,-0.103202835,2027-02-01,12,0.15675177703152396
S_239,51.22,17.01,2309.388779925825,0,0,0.29815876,-0.38913003,-0.09698797,2027-02-01,12,0.25065244
S_24,51.12,16.73,5810.251733180315,0,0,0.30607644,-0.34581706,0.039466932,2027-02-01,12,0.3076097048
S_240,51.24,17.01,4320.154486873881,0,0,0.31638783,-0.39241958,-0.08762804,2027-02-01,12,0.259865133
S_241,50.96,17.03,9205.759974995748,0,0,0.3253802,-0.41723537,-0.16028105,2027-02-01,12,0.23350164
S_242,50.98,17.03,6980.9290012326765,0,0,0.338852,-0.4427341,-0.14913821,2027-02-01,12,0.242000316
S_243,51.0,17.03,4756.164058545855,0,0,0.32072958,-0.4090453,-0.1517672,2027-02-01,12,0.235511994
S_244,51.02,17.03,2531.6591433168446,0,0,0.32153943,-0.42310306,-0.1391225,2027-02-01,12,0.240812829
S_245,51.04,17.03,313.16913283537696,0,0,0.30796513,-0.39689574,-0.106702946,2027-02-01,12,0.11234218716707538
S_246,51.06,17.03,168.58167701773638,168,0,0.32107675,-0.40127805,-0.08112563,2027-02-01,12,0.0
S_247,51.08,17.03,726.1887889648634,17,0,0.19791625,-0.28562587,-0.11218759,2027-02-01,12,0.0
S_248,51.1,17.03,1524.3718245292073,326,0,0.13689698,-0.21019602,-0.14907663,2027-02-01,12,0.0
S_249,51.12,17.03,1695.1292589071084,346,0,0.16418053,-0.23980975,-0.13062364,2027-02-01,12,0.0
S_25,51.14,16.73,5412.525413426852,0,0,0.29360676,-0.3502782,0.12827703,2027-02-01,12,0.33939284000000003
S_250,51.14,17.03,587.7412940066755,456,0,0.16635779,-0.24084246,-0.09705155,2027-02-01,12,0.0
S_251,51.16,17.03,87.43406113267545,278,0,0.2736086,-0.34694457,-0.11396737,2027-02-01,12,0.0
S_252,51.18,17.03,253.34953180821336,6,0,0.31390363,-0.40193558,-0.09138983,2027-02-01,12,0.0
S_253,51.2,17.03,1408.1716662089086,0,0,0.3143199,-0.39029142,-0.094031334,2027-02-01,12,0.2566834364
S_254,51.22,17.03,3149.442431326004,0,0,0.29398128,-0.38305292,-0.09577063,2027-02-01,12,0.249886132
S_255,51.24,17.03,4934.831602902228,0,0,0.31386632,-0.39410287,-0.07523492,2027-02-01,12,0.264065928
S_256,50.96,17.05,9322.345445162837,0,0,0.31261095,-0.4189575,-0.15447672,2027-02-01,12,0.231992597
S_257,50.98,17.05,7133.907327775435,0,0,0.3401142,-0.40945905,-0.14984007,2027-02-01,12,0.242098232
S_258,51.0,17.05,4977.9004993604,0,0,0.32549876,-0.42166942,-0.14787014,2027-02-01,12,0.238501572
S_259,51.02,17.05,2910.9997256157144,0,0,0.33533877,-0.42348632,-0.15617643,2027-02-01,12,0.238131059
S_26,51.16,16.73,5863.717409588568,0,0,0.25411204,-0.278511,0.11253792,2027-02-01,12,0.32124878
S_260,51.04,17.05,842.6495839861251,0,0,0.319417,-0.41496146,-0.13613953,2027-02-01,12,0.20989920479722501
S_261,51.06,17.05,26.754012374311475,241,0,0.26782772,-0.3774567,-0.13598336,2027-02-01,12,0.0
S_262,51.08,17.05,760.0327535766545,249,0,0.23327652,-0.30228952,-0.12711461,2027-02-01,12,0.0
S_263,51.1,17.05,905.3365178959564,428,0,0.15981303,-0.22881553,-0.13178904,2027-02-01,12,0.0
S_264,51.12,17.05,1342.7351323182363,304,0,0.1962276,-0.27133524,-0.12419236,2027-02-01,12,0.0
S_265,51.14,17.05,1096.9398205322211,166,0,0.26136637,-0.33005792,-0.09759386,2027-02-01,12,0.0
S_266,51.16,17.05,37.50494213788518,29,0,0.26632532,-0.33384112,-0.11049366,2027-02-01,12,0.0
S_267,51.18,17.05,781.3390905233456,0,0,0.30866522,-0.4111574,-0.12780668,2027-02-01,12,0.19774471210466915
S_268,51.2,17.05,2627.0151318828944,0,0,0.31586617,-0.4164111,-0.09511555,2027-02-01,12,0.256713631
S_269,51.22,17.05,3996.7819122721135,0,0,0.37083888,-0.4470396,-0.057930328,2027-02-01,12,0.2880795328
S_27,51.18,16.73,6493.224785585582,0,0,0.38917494,-0.4347171,0.09086071,2027-02-01,12,0.353096766
S_270,51.24,17.05,5775.605634906718,0,0,0.38726902,-0.44559816,-0.02995192,2027-02-01,12,0.304199938
S_271,50.96,17.07,9503.511109340056,0,0,0.32002333,-0.42715567,-0.148186,2027-02-01,12,0.236732599
S_272,50.98,17.07,7285.075000429359,0,0,0.30872047,-0.4130149,-0.14664555,2027-02-01,12,0.233957921
S_273,51.0,17.07,5072.297259895921,0,0,0.30536672,-0.4275247,-0.15424384,2027-02-01,12,0.22991248
S_274,51.02,17.07,2878.275441631271,0,0,0.28164223,-0.40730613,-0.16076764,2027-02-01,12,0.220185613
S_275,51.04,17.07,860.946420128604,0,0,0.33217663,-0.41219965,-0.14713214,2027-02-01,12,0.2129894170257208
S_276,51.06,17.07,18.403622301136235,17,0,0.3181219,-0.4055339,-0.11448476,2027-02-01,12,0.0
S_277,51.08,17.07,214.70843905693792,331,0,0.27494726,-0.35645515,-0.11943028,2027-02-01,12,0.0
S_278,51.1,17.07,263.626736591189,71,0,0.2395508,-0.30791548,-0.12275208,2027-02-01,12,0.0
S_279,51.12,17.07,620.3995166988473,54,0,0.2747241,-0.3507551,-0.12069967,2027-02-01,12,0.0
S_28,51.2,16.73,7008.001097177331,0,0,0.28554702,-0.3911852,-0.048636895,2027-02-01,12,0.266209348
S_280,51.14,17.07,5.296732199324818,340,0,0.29312643,-0.36379892,-0.13554163,2027-02-01,12,0.0
S_281,51.16,17.07,170.6004669692908,0,0,0.30716804,-0.3960255,-0.11816059,2027-02-01,12,0.07900626939385816
S_282,51.18,17.07,1059.4018588611032,0,0,0.3277229,-0.44116983,-0.10324894,2027-02-01,12,0.257017294
S_283,51.2,17.07,2821.0569727528555,0,0,0.35668862,-0.45109984,-0.09427966,2027-02-01,12,0.26929472200000004
S_284,51.22,17.07,4963.876382114957,0,0,0.39402092,-0.4818522,-0.036236364,2027-02-01,12,0.3037117304
S_285,51.24,17.07,6615.739492012172,0,0,0.45683852,-0.5249338,0.07396496,2027-02-01,12,0.36663754000000004
S_286,50.96,17.09,9505.401786812829,0,0,0.35016313,-0.4394199,-0.149818,2027-02-01,12,0.245121739
S_287,50.98,17.09,7285.655100610123,0,0,0.33112895,-0.4285892,-0.15512723,2027-02-01,12,0.237287793
S_288,51.0,17.09,5068.946250743713,0,0,0.32019794,-0.4279572,-0.1563307,2027-02-01,12,0.23352710200000001
S_289,51.02,17.09,2846.062558614396,0,0,0.31128806,-0.41550636,-0.15247853,2027-02-01,12,0.232395006
S_29,51.22,16.73,7938.677214869078,0,0,0.2621422,-0.3689337,0.005345137,2027-02-01,12,0.2807807148
S_290,51.04,17.09,627.9980417595431,0,0,0.25969386,-0.37847254,-0.14488927,2027-02-01,12,0.1455520583519086
S_291,51.06,17.09,118.86744519004682,20,0,0.331854,-0.41462833,-0.12976037,2027-02-01,12,0.0
S_292,51.08,17.09,88.13980394258562,107,0,0.34393612,-0.41492873,-0.09084973,2027-02-01,12,0.0
S_293,51.1,17.09,429.06807227558295,113,0,0.31250432,-0.39733472,-0.11032059,2027-02-01,12,0.0
S_294,51.12,17.09,450.62107651110034,141,0,0.31299886,-0.4071102,-0.1194433,2027-02-01,12,0.0
S_295,51.14,17.09,201.25573821191043,248,0,0.3116583,-0.40041235,-0.12826447,2027-02-01,12,0.0
S_296,51.16,17.09,60.45637724612981,0,0,0.31586346,-0.41716024,-0.14244601,2027-02-01,12,0.04987190944922594
S_297,51.18,17.09,402.1787713061745,0,0,0.33710247,-0.4598001,-0.12779807,2027-02-01,12,0.1304472672612349
S_298,51.2,17.09,2617.146664306679,0,0,0.33677453,-0.438914,-0.09136911,2027-02-01,12,0.26448471500000004
S_299,51.22,17.09,4841.310711102912,0,0,0.3446252,-0.4429271,-0.09886558,2027-02-01,12,0.26384132800000004
S_3,51.0,16.71,15460.167737524162,0,0,0.25522903,-0.35178918,0.17643538,2027-02-01,12,0.347142861
S_30,51.24,16.73,9275.33000166609,0,0,0.2818463,-0.36998188,0.012576938,2027-02-01,12,0.28958466520000004
S_300,51.24,17.09,7065.999347705496,0,0,0.37911204,-0.45997888,-0.02712558,2027-02-01,12,0.30288338
S_301,50.96,17.11,9502.278649368596,0,0,0.34206194,-0.4379237,-0.14623618,2027-02-01,12,0.24412411
S_302,50.98,17.11,7280.877747704259,0,0,0.3358428,-0.43606755,-0.14642939,2027-02-01,12,0.242181084
S_303,51.0,17.11,5062.534830177265,0,0,0.32592723,-0.4279435,-0.14660528,2027-02-01,12,0.239136057
S_304,51.02,17.11,2854.4062347284403,0,0,0.27753428,-0.40375504,-0.15698904,2027-02-01,12,0.22046466800000003
S_305,51.04,17.11,752.6021058611249,0,0,0.3122513,-0.40584868,-0.1372272,2027-02-01,12,0.18930493117222497
S_306,51.06,17.11,404.7006786032911,0,0,0.32180747,-0.42345193,-0.12665594,2027-02-01,12,0.12682000072065822
S_307,51.08,17.11,21.61305392219596,0,0,0.32279366,-0.42535824,-0.124156825,2027-02-01,12,0.05149797878443919
S_308,51.1,17.11,626.639890995596,124,0,0.31468076,-0.39730367,-0.11108306,2027-02-01,12,0.0
S_309,51.12,17.11,293.12140737681347,400,0,0.22270772,-0.28793925,-0.13179499,2027-02-01,12,0.0
S_31,50.96,16.75,18000.470905369522,0,0,0.29045978,-0.3580269,0.0048718457,2027-02-01,12,0.28908667228
S_310,51.14,17.11,1.2634738104871963,7,0,0.2992773,-0.38821203,-0.122790694,2027-02-01,12,0.0
S_311,51.16,17.11,11.974441257387422,96,0,0.30712712,-0.39859638,-0.11772637,2027-02-01,12,0.0
S_312,51.18,17.11,652.976173360686,0,0,0.3132311,-0.41119865,-0.11628391,2027-02-01,12,0.17805100067213717
S_313,51.2,17.11,2734.1440659639547,0,0,0.3200266,-0.39328972,-0.08151219,2027-02-01,12,0.263403104
S_314,51.22,17.11,4788.973441161141,0,0,0.3191218,-0.41118097,-0.097332634,2027-02-01,12,0.2568034864
S_315,51.24,17.11,6891.885687981036,0,0,0.3151698,-0.40838194,-0.08556051,2027-02-01,12,0.260326736
S_316,50.96,17.13,9406.611013607397,0,0,0.32533517,-0.4221413,-0.1543736,2027-02-01,12,0.235851111
S_317,50.98,17.13,7196.12198055024,0,0,0.36134207,-0.44034624,-0.14109996,2027-02-01,12,0.251962637
S_318,51.0,17.13,4998.414551367272,0,0,0.34732354,-0.42241293,-0.13647404,2027-02-01,12,0.249607446
S_319,51.02,17.13,2843.301120642574,0,0,0.29517692,-0.403478,-0.111451656,2027-02-01,12,0.2439724136
S_32,50.98,16.75,15952.247462011475,0,0,0.19413957,-0.33647963,-0.041876093,2027-02-01,12,0.24149143380000002
S_320,51.04,17.13,1041.5912548421352,0,0,0.29477558,-0.3892011,-0.12344925,2027-02-01,12,0.239052974
S_321,51.06,17.13,211.6792510664819,0,0,0.30944845,-0.40791288,-0.12943096,2027-02-01,12,0.08339800121329638
S_322,51.08,17.13,49.6135296497983,0,0,0.34974656,-0.45220456,-0.068551764,2027-02-01,12,0.08742596832995966
S_323,51.1,17.13,9.46748805952812,0,0,0.32010892,-0.41460127,-0.12889378,2027-02-01,12,0.046368661611905615
S_324,51.12,17.13,26.32567471779296,52,0,0.3089798,-0.39208186,-0.119729176,2027-02-01,12,0.0
S_325,51.14,17.13,86.17281976514295,100,0,0.3056446,-0.4013845,-0.12101155,2027-02-01,12,0.0
S_326,51.16,17.13,94.59162240169668,258,0,0.30156326,-0.38603815,-0.10212826,2027-02-01,12,0.0
S_327,51.18,17.13,289.3309346024406,0,0,0.3106588,-0.39907044,-0.08808826,2027-02-01,12,0.11582852292048812
S_328,51.2,17.13,2233.8334123942354,0,0,0.32321358,-0.4113924,-0.07666442,2027-02-01,12,0.26629830600000004
S_329,51.22,17.13,4433.292020477803,0,0,0.30768335,-0.38742983,-0.0804407,2027-02-01,12,0.260128725
S_33,51.0,16.75,13953.746654401524,0,0,0.23048192,-0.33040825,0.0067580133,2027-02-01,12,0.27184778132
S_330,51.24,17.13,6649.757122092191,0,0,0.30453598,-0.39328858,-0.068537556,2027-02-01,12,0.2639457716
S_331,50.96,17.15,9302.065628001628,0,0,0.31752914,-0.45534173,-0.15830252,2027-02-01,12,0.231937734
S_332,50.98,17.15,7077.2259491861805,0,0,0.34154752,-0.4413741,-0.13914777,2027-02-01,12,0.246805148
S_333,51.0,17.15,4852.415661603735,0,0,0.3478057,-0.424716,-0.13944504,2027-02-01,12,0.248563694
S_334,51.02,17.15,2627.7286660969885,0,0,0.26940256,-0.357675,-0.08267188,2027-02-01,12,0.24775201600000002
S_335,51.04,17.15,405.3255842916269,0,0,0.29542702,-0.39063242,-0.13223554,2027-02-01,12,0.11679900685832538
S_336,51.06,17.15,311.1005865256748,0,0,0.2769082,-0.35680166,-0.1295157,2027-02-01,12,0.09348629730513497
S_337,51.08,17.15,379.9059987106683,0,0,0.32425848,-0.41962358,-0.12000552,2027-02-01,12,0.1252565357421337
S_338,51.1,17.15,47.71133279133735,48,0,0.35191566,-0.44738215,-0.112386435,2027-02-01,12,0.0
S_339,51.12,17.15,31.8034264834681,0,0,0.30701357,-0.4054962,-0.1366275,2027-02-01,12,0.04381375629669361
S_34,51.02,16.75,12028.58577000032,0,0,0.17568615,-0.25832292,-0.003984096,2027-02-01,12,0.2511122066
S_340,51.14,17.15,612.9558315376042,0,0,0.30909157,-0.39407292,-0.108738355,2027-02-01,12,0.17182329530752086
S_341,51.16,17.15,29.59519998379784,12,0,0.3086142,-0.39654833,-0.10621981,2027-02-01,12,0.0
S_342,51.18,17.15,504.73404352611607,0,0,0.32511884,-0.4218036,-0.10059279,2027-02-01,12,0.15824534470522322
S_343,51.2,17.15,2272.8014071320617,0,0,0.33348426,-0.42817116,-0.0959821,2027-02-01,12,0.261652438
S_344,51.22,17.15,4456.511132128606,0,0,0.3173691,-0.43350995,-0.084590636,2027-02-01,12,0.26137447560000004
S_345,51.24,17.15,6667.206056752632,0,0,0.31378376,-0.42445037,-0.058195222,2027-02-01,12,0.27085703920000004
S_346,50.96,17.17,9400.094892925816,0,0,0.3435938,-0.44657204,-0.13280618,2027-02-01,12,0.24995566800000002
S_347,50.98,17.17,7205.537667660058,0,0,0.32018423,-0.42417952,-0.15749687,2027-02-01,12,0.23305652100000002
S_348,51.0,17.17,5037.643313075092,0,0,0.31227356,-0.4078501,-0.12578472,2027-02-01,12,0.24336818
S_349,51.02,17.17,2955.6922018360483,0,0,0.29617742,-0.40488046,-0.13380142,2027-02-01,12,0.23533265800000003
S_35,51.04,16.75,10225.838452160657,0,0,0.22818679,-0.31712928,0.013091923,2027-02-01,12,0.2736928062
S_350,51.04,17.17,1351.7422326019637,0,0,0.2705456,-0.3524039,-0.14195308,2027-02-01,12,0.224382448
S_351,51.06,17.17,928.5546687939476,0,0,0.18686996,-0.25804117,-0.13908045,2027-02-01,12,0.18613974175878953
S_352,51.08,17.17,1222.2373882291276,0,0,0.29967257,-0.3949968,-0.10953934,2027-02-01,12,0.246086035
S_353,51.1,17.17,64.3623122469601,11,0,0.3093086,-0.40924683,-0.10612158,2027-02-01,12,0.0
S_354,51.12,17.17,782.985738214666,0,0,0.31207624,-0.41757306,-0.11475715,2027-02-01,12,0.20431715964293318
S_355,51.14,17.17,1685.2291347635687,0,0,0.30081505,-0.3899,-0.10882085,2027-02-01,12,0.24671617499999998
S_356,51.16,17.17,1175.496525571058,0,0,0.2767305,-0.35746208,-0.118754774,2027-02-01,12,0.2355172404
S_357,51.18,17.17,1045.405382052987,0,0,0.3073857,-0.39767265,-0.102107055,2027-02-01,12,0.251372888
S_358,51.2,17.17,2797.905024062247,0,0,0.35538265,-0.47198114,-0.08540919,2027-02-01,12,0.272451119
S_359,51.22,17.17,4848.664960109084,0,0,0.3967787,-0.48329863,-0.042560246,2027-02-01,12,0.3020095116
S_36,51.06,16.75,8622.635029524121,0,0,0.2252334,-0.32989633,-0.006133329,2027-02-01,12,0.2651166884
S_360,51.24,17.17,6936.034365292944,0,0,0.30669767,-0.40229785,-0.054022405,2027-02-01,12,0.270400339
S_361,50.96,17.19,9702.407959934322,0,0,0.35294485,-0.4498675,-0.085697494,2027-02-01,12,0.2716044574
S_362,50.98,17.19,7595.544875188068,0,0,0.3783363,-0.45315456,-0.10405907,2027-02-01,12,0.271877262
S_363,51.0,17.19,5581.034959595853,0,0,0.35313252,-0.42872277,-0.08749158,2027-02-01,12,0.270943124
S_364,51.02,17.19,3808.381448597596,0,0,0.35290164,-0.42580944,-0.14416185,2027-02-01,12,0.248205752
S_365,51.04,17.19,2677.399665191623,0,0,0.32489225,-0.41610673,-0.13415818,2027-02-01,12,0.243804403
S_366,51.06,17.19,1391.3829292996506,0,0,0.30795246,-0.39925173,-0.11008199,2027-02-01,12,0.248352942
S_367,51.08,17.19,1721.6045046302854,0,0,0.36503825,-0.44015163,-0.019835375,2027-02-01,12,0.301577325
S_368,51.1,17.19,1184.036912541745,0,0,0.3149849,-0.400941,-0.11558087,2027-02-01,12,0.248263122
S_369,51.12,17.19,1776.3806349218871,0,0,0.29388353,-0.39322922,-0.12355098,2027-02-01,12,0.23874466700000002
S_37,51.08,16.75,7350.725399726949,0,0,0.27508307,-0.3801067,0.028082917,2027-02-01,12,0.2937580878
S_370,51.14,17.19,2564.33775392618,0,0,0.3056251,-0.39591607,-0.117966995,2027-02-01,12,0.244500732
S_371,51.16,17.19,2567.547044450593,0,0,0.31527513,-0.39261234,-0.1001142,2027-02-01,12,0.254536859
S_372,51.18,17.19,2389.1599553755764,0,0,0.3337697,-0.42817488,-0.1050248,2027-02-01,12,0.25812099
S_373,51.2,17.19,3548.269857966122,0,0,0.35662767,-0.4476163,-0.116228186,2027-02-01,12,0.2604970266
S_374,51.22,17.19,5404.641768609151,0,0,0.3083125,-0.41763315,-0.12075236,2027-02-01,12,0.244192806
S_375,51.24,17.19,7456.230708247526,0,0,0.328249,-0.41136885,-0.042973876,2027-02-01,12,0.2812851496
S_376,50.96,17.21,10190.839513748497,0,0,0.36585706,-0.43613917,-0.07353097,2027-02-01,12,0.28034473000000004
S_377,50.98,17.21,8210.03594069413,0,0,0.3046754,-0.41879028,-0.14767958,2027-02-01,12,0.232330788
S_378,51.0,17.21,6391.886841119376,0,0,0.33084598,-0.42346367,-0.12974134,2027-02-01,12,0.247357258
S_379,51.02,17.21,4906.809099143584,0,0,0.36755902,-0.47365513,-0.09731727,2027-02-01,12,0.271340798
S_38,51.1,16.75,5908.015345296582,0,0,0.3470227,-0.40733367,0.14843374,2027-02-01,12,0.36348030600000003
S_380,51.04,17.21,3974.282833083281,0,0,0.34127438,-0.43791905,-0.13283801,2027-02-01,12,0.24924711
S_381,51.06,17.21,2630.657955118508,0,0,0.32071698,-0.4267268,-0.09943397,2027-02-01,12,0.256441506
S_382,51.08,17.21,2818.8981827577068,0,0,0.38382703,-0.44842845,-0.009555383,2027-02-01,12,0.3113259558
S_383,51.1,17.21,2460.9366280540366,0,0,0.3077484,-0.4034436,-0.08940984,2027-02-01,12,0.256560584
S_384,51.12,17.21,2811.402315802659,0,0,0.30416372,-0.40568054,-0.11396251,2027-02-01,12,0.24566411200000002
S_385,51.14,17.21,3771.039082895692,0,0,0.3090719,-0.40055677,-0.10642186,2027-02-01,12,0.250152826
S_386,51.16,17.21,3964.297130363847,0,0,0.30058998,-0.4022463,-0.10636932,2027-02-01,12,0.24762926600000001
S_387,51.18,17.21,3772.9307114841904,0,0,0.31612617,-0.4062314,-0.09852355,2027-02-01,12,0.255428431
S_388,51.2,17.21,4594.935939212146,0,0,0.32868055,-0.42784593,-0.11041303,2027-02-01,12,0.254438953
S_389,51.22,17.21,6155.712601673673,0,0,0.29695037,-0.39872625,-0.11664519,2027-02-01,12,0.242427035
S_39,51.12,16.75,4534.291563557253,0,0,0.2615599,-0.34516895,0.030720161,2027-02-01,12,0.2907560344
S_390,51.24,17.21,8024.6705081537875,0,0,0.30444372,-0.40744123,-0.06176437,2027-02-01,12,0.266627368
S_391,50.96,17.23,10840.25969081234,0,0,0.34548327,-0.43783024,-0.09721433,2027-02-01,12,0.26475924900000003
S_392,50.98,17.23,9003.161363737108,0,0,0.32211673,-0.42064926,-0.1000132,2027-02-01,12,0.256629739
S_393,51.0,17.23,7382.589353045482,0,0,0.3241542,-0.42412782,-0.11232249,2027-02-01,12,0.252317264
S_394,51.02,17.23,6111.605858024738,0,0,0.36782268,-0.47024503,-0.099843316,2027-02-01,12,0.2704094776
S_395,51.04,17.23,4971.335173736405,0,0,0.318577,-0.41351402,-0.11529591,2027-02-01,12,0.249454736
S_396,51.06,17.23,3979.420376276317,0,0,0.31271717,-0.40858138,-0.11845206,2027-02-01,12,0.246434327
S_397,51.08,17.23,4105.821277418549,0,0,0.30591643,-0.3999308,-0.12742794,2027-02-01,12,0.240803753
S_398,51.1,17.23,3825.238852130517,0,0,0.2940216,-0.390655,-0.116238825,2027-02-01,12,0.24171094999999998
S_399,51.12,17.23,4059.24751098903,0,0,0.30951813,-0.41371655,-0.1124626,2027-02-01,12,0.24787039900000002
S_4,51.02,16.71,13746.899774716265,0,0,0.27528152,-0.35380968,0.055311386,2027-02-01,12,0.3047090104
S_40,51.14,16.75,4013.110042361553,0,0,0.32019243,-0.36520907,0.20775566,2027-02-01,12,0.37915999300000003
S_400,51.14,17.23,5077.889591772684,0,0,0.31166503,-0.41037107,-0.106658116,2027-02-01,12,0.2508362626
S_401,51.16,17.23,5362.238851744935,0,0,0.3048787,-0.4068784,-0.1053641,2027-02-01,12,0.24931797
S_402,51.18,17.23,5164.650253401098,0,0,0.32000843,-0.42654285,-0.09770853,2027-02-01,12,0.25691911700000003
S_403,51.2,17.23,5791.946670621568,0,0,0.31916806,-0.4220301,-0.10513881,2027-02-01,12,0.253694894
S_404,51.22,17.23,7093.700827252286,0,0,0.3070177,-0.4120169,-0.077831805,2027-02-01,12,0.260972588
S_405,51.24,17.23,8774.710761505301,0,0,0.3061947,-0.40805617,-0.056764483,2027-02-01,12,0.2691526168
S_406,50.96,17.25,11623.715328983602,0,0,0.32372162,-0.42821535,-0.07213996,2027-02-01,12,0.268260502
S_407,50.98,17.25,9932.217903269244,0,0,0.3164226,-0.4216402,-0.12201413,2027-02-01,12,0.24612112800000002
S_408,51.0,17.25,8484.01056952527,0,0,0.3246817,-0.43042833,-0.10484963,2027-02-01,12,0.255464658
S_409,51.02,17.25,7384.285945805905,0,0,0.3020444,-0.39920077,-0.115577035,2027-02-01,12,0.244382506
S_41,51.16,16.75,4531.119295161696,0,0,0.30159003,-0.37434685,0.1153189,2027-02-01,12,0.336604569
S_410,51.04,17.25,6129.1194061255255,0,0,0.24018313,-0.31028837,-0.12744449,2027-02-01,12,0.221077143
S_411,51.06,17.25,5355.576514058632,0,0,0.30413875,-0.39716718,-0.12480711,2027-02-01,12,0.241318781
S_412,51.08,17.25,5449.646214796447,0,0,0.3087951,-0.4053355,-0.104184985,2027-02-01,12,0.250964536
S_413,51.1,17.25,5208.939555461392,0,0,0.30788052,-0.39656937,-0.11648823,2027-02-01,12,0.245768864
S_414,51.12,17.25,5382.7184159775925,0,0,0.32434577,-0.41878232,-0.11720275,2027-02-01,12,0.250422631
S_415,51.14,17.25,6380.169182758276,0,0,0.3092634,-0.40352222,-0.0894648,2027-02-01,12,0.25699310000000003
S_416,51.16,17.25,6760.631388968914,0,0,0.3199425,-0.40666005,-0.07625911,2027-02-01,12,0.265479106
S_417,51.18,17.25,6559.259200270753,0,0,0.43946168,-0.4913533,0.0076102386,2027-02-01,12,0.33488259944
S_418,51.2,17.25,7063.273077274323,0,0,0.39526877,-0.46352717,-0.0198388,2027-02-01,12,0.31064511100000003
S_419,51.22,17.25,8164.353191759555,0,0,0.28937137,-0.36859924,-0.043643326,2027-02-01,12,0.2693540806
S_42,51.18,16.75,5112.8447514642985,0,0,0.32918516,-0.44158617,-0.052102298,2027-02-01,12,0.2779146288
S_420,51.24,17.25,9660.460230112583,0,0,0.30282006,-0.40519822,-0.05212408,2027-02-01,12,0.269996386
S_43,51.2,16.75,5706.64132954761,0,0,0.28768453,-0.3997712,-0.050360948,2027-02-01,12,0.2661609798
S_44,51.22,16.75,6775.548434194237,0,0,0.2259088,-0.3224668,-0.034155335,2027-02-01,12,0.254110506
S_45,51.24,16.75,8302.081445945038,0,0,0.2803772,-0.35849234,0.048473977,2027-02-01,12,0.3035027508
S_46,50.96,16.77,17022.908120220254,0,0,0.19987942,-0.35582334,-0.047860965,2027-02-01,12,0.24081944
S_47,50.98,16.77,15422.41639279965,0,0,0.23036313,-0.33499733,-0.043995984,2027-02-01,12,0.2515105454
S_48,51.0,16.77,13349.921110816154,0,0,0.29447955,-0.39616114,-0.0629275,2027-02-01,12,0.26317286500000003
S_49,51.02,16.77,11333.075173326231,0,0,0.2619897,-0.34393254,-0.04652698,2027-02-01,12,0.259986118
S_5,51.04,16.71,12199.952563339264,0,0,0.2696317,-0.35249677,0.031682175,2027-02-01,12,0.29356238
S_50,51.04,16.77,9398.22334858242,0,0,0.20408905,-0.2893785,-0.016187083,2027-02-01,12,0.2547518818
S_51,51.06,16.77,7623.368673179539,0,0,0.19390616,-0.31817365,-0.05916931,2027-02-01,12,0.234504124
S_52,51.08,16.77,6148.669471297736,0,0,0.26290157,-0.33584532,0.025428694,2027-02-01,12,0.2890419486
S_53,51.1,16.77,5053.636350499835,0,0,0.2883574,-0.38771284,-0.058956712,2027-02-01,12,0.26292453520000003
S_54,51.12,16.77,3358.716664473822,0,0,0.23989853,-0.3415851,-0.055866953,2027-02-01,12,0.24962277780000003
S_55,51.14,16.77,2614.072225314547,0,0,0.3201671,-0.37046924,0.17056572,2027-02-01,12,0.364276418
S_56,51.16,16.77,3191.577926385069,0,0,0.3746082,-0.45898926,0.12222466,2027-02-01,12,0.36127232400000003
S_57,51.18,16.77,3746.058938902203,0,0,0.42934734,-0.46262226,0.15547368,2027-02-01,12,0.390993674
S_58,51.2,16.77,4425.096477717739,0,0,0.42277536,-0.48800617,0.14756408,2027-02-01,12,0.38585824
S_59,51.22,16.77,5718.539643471043,0,0,0.23146497,-0.3360834,-0.048204154,2027-02-01,12,0.2501578294
S_6,51.06,16.71,10890.438633297126,0,0,0.31173027,-0.40718237,0.11650478,2027-02-01,12,0.340120993
S_60,51.24,16.77,7464.841019661316,0,0,0.2873031,-0.37216017,-0.050547093,2027-02-01,12,0.2659720928
S_61,50.96,16.79,15947.047960674154,0,0,0.19810194,-0.31846613,-0.012673186,2027-02-01,12,0.2543613076
S_62,50.98,16.79,14509.12439155469,0,0,0.23824655,-0.33020368,0.049037427,2027-02-01,12,0.2910889358
S_63,51.0,16.79,12846.126033979224,0,0,0.2785728,-0.38597402,-0.088211566,2027-02-01,12,0.2482872136
S_64,51.02,16.79,10761.477088982943,0,0,0.23407264,-0.32541686,-0.04374882,2027-02-01,12,0.252722264
S_65,51.04,16.79,8716.684616946155,0,0,0.27647138,-0.3457442,-0.031806525,2027-02-01,12,0.270218804
S_66,51.06,16.79,6768.271669017946,0,0,0.27098328,-0.41506788,-0.104788035,2027-02-01,12,0.23937977
S_67,51.08,16.79,5050.2723857274605,0,0,0.20388286,-0.2928291,-0.030618222,2027-02-01,12,0.24891756920000002
S_68,51.1,16.79,3826.043540989088,0,0,0.28783765,-0.40069798,0.011231377,2027-02-01,12,0.2908438458
S_69,51.12,16.79,2433.623491543097,0,0,0.28648287,-0.39159068,0.02720643,2027-02-01,12,0.29682743300000003
S_7,51.08,16.71,9460.246648260876,0,0,0.27099976,-0.3569013,0.027191391,2027-02-01,12,0.2921764844
S_70,51.14,16.79,1216.7007448199618,0,0,0.32517546,-0.36451167,0.11171568,2027-02-01,12,0.34223891
S_71,51.16,16.79,1936.0636528547705,0,0,0.2864192,-0.33697525,0.09952557,2027-02-01,12,0.32573598800000003
S_72,51.18,16.79,2360.4833464144017,0,0,0.25812075,-0.3232943,0.021276956,2027-02-01,12,0.2859470074
S_73,51.2,16.79,3206.1302202323163,0,0,0.35638005,-0.42115816,0.06453874,2027-02-01,12,0.33272951100000003
S_74,51.22,16.79,4837.714195186279,0,0,0.30765855,-0.3903762,0.043757174,2027-02-01,12,0.3098004346
S_75,51.24,16.79,6813.926733180992,0,0,0.25875473,-0.34104088,-0.053771283,2027-02-01,12,0.2561179058
S_76,50.96,16.81,14892.8901715824,0,0,0.27479455,-0.39001203,-0.0570906,2027-02-01,12,0.259602125
S_77,50.98,16.81,13441.16549326596,0,0,0.2637735,-0.36094862,0.026677858,2027-02-01,12,0.28980319320000003
S_78,51.0,16.81,11897.905348101373,0,0,0.21140277,-0.34801224,-0.10089683,2027-02-01,12,0.223062099
S_79,51.02,16.81,10294.632437154196,0,0,0.2528149,-0.34212872,0.04876047,2027-02-01,12,0.295348658
S_8,51.1,16.71,8076.924726854547,0,0,0.2770716,-0.34635603,0.071574844,2027-02-01,12,0.3117514176
S_80,51.04,16.81,8200.007119833177,0,0,0.23506334,-0.3270069,-0.06609858,2027-02-01,12,0.24407957000000002
S_81,51.06,16.81,6109.181139309905,0,0,0.24158648,-0.32686833,0.026065737,2027-02-01,12,0.2829022388
S_82,51.08,16.81,4138.897714803536,0,0,0.2726716,-0.3929845,-0.08354461,2027-02-01,12,0.24838363600000002
S_83,51.1,16.81,2594.4511589129984,0,0,0.29053798,-0.39877012,-0.06224352,2027-02-01,12,0.262263986
S_84,51.12,16.81,1523.8956538703992,0,0,0.25086203,-0.35490137,-0.04918524,2027-02-01,12,0.255584513
S_85,51.14,16.81,123.62824571182684,0,0,0.2889043,-0.3683875,0.012486921,2027-02-01,12,0.11639170754236537
S_86,51.16,16.81,1107.4803238024615,0,0,0.23779373,-0.31901237,0.05657522,2027-02-01,12,0.29396820700000004
S_87,51.18,16.81,990.510390736507,0,0,0.31468156,-0.4137978,0.0417584,2027-02-01,12,0.3092099061473014
S_88,51.2,16.81,2210.625683987344,0,0,0.3908679,-0.45064527,0.10110656,2027-02-01,12,0.357702994
S_89,51.22,16.81,4244.216239528772,0,0,0.25712502,-0.3438436,-0.013198965,2027-02-01,12,0.27185792
S_9,51.12,16.71,7132.92987537034,0,0,0.25635296,-0.30579188,0.02522528,2027-02-01,12,0.28699600000000003
S_90,51.24,16.81,6384.869133637413,0,0,0.20239612,-0.31963193,-0.028151525,2027-02-01,12,0.249458226
S_91,50.96,16.83,13900.696550902425,0,0,0.26941943,-0.4015603,-0.11444884,2027-02-01,12,0.23504629300000002
S_92,50.98,16.83,12364.24594647767,0,0,0.26114306,-0.41628197,-0.14148542,2027-02-01,12,0.22174875
S_93,51.0,16.83,10953.594163227584,0,0,0.22982793,-0.34874383,-0.105816945,2027-02-01,12,0.226621601
S_94,51.02,16.83,9298.41469926228,0,0,0.2579161,-0.34539667,0.0016856405,2027-02-01,12,0.2780490862
S_95,51.04,16.83,7796.744007056143,0,0,0.2173877,-0.3504408,-0.0889149,2027-02-01,12,0.22965035
S_96,51.06,16.83,5694.590757082613,0,0,0.24838738,-0.363773,-0.07549851,2027-02-01,12,0.24431681
S_97,51.08,16.83,3534.511095614605,0,0,0.2408028,-0.3708283,-0.06696887,2027-02-01,12,0.24545329200000002
S_98,51.1,16.83,1511.4306172008778,0,0,0.27638036,-0.39047796,-0.028901557,2027-02-01,12,0.2713534852
S_99,51.12,16.83,372.4822459180336,0,0,0.29068103,-0.40016836,-0.061012108,2027-02-01,12,0.13729591498360671
