Sektor_ID,Data,Lat,Lon,NDVI,NDWI,NDMI,dist_to_ditch,manholes_300m,in_basin
S_1,2023-06-01,50.96,16.71,0.7008,-0.6606,0.346,19204.135492674224,0,0
S_1,2023-07-01,50.96,16.71,0.6203,-0.6261,0.251,19204.135492674224,0,0
S_1,2023-08-01,50.96,16.71,0.5897,-0.5835,0.1402,19204.135492674224,0,0
S_1,2023-09-01,50.96,16.71,0.6351,-0.619,0.1824,19204.135492674224,0,0
S_1,2023-10-01,50.96,16.71,0.5356,-0.55,0.0885,19204.135492674224,0,0
S_1,2023-11-01,50.96,16.71,0.6535,-0.6459,0.1834,19204.135492674224,0,0
S_1,2023-12-01,50.96,16.71,0.3419,-0.4025,0.0758,19204.135492674224,0,0
S_1,2024-01-01,50.96,16.71,0.1972,-0.2103,0.6759,19204.135492674224,0,0
S_1,2024-02-01,50.96,16.71,0.5107,-0.5668,0.0849,19204.135492674224,0,0
S_1,2024-03-01,50.96,16.71,0.6021,-0.6023,0.2036,19204.135492674224,0,0
S_1,2024-04-01,50.96,16.71,0.6935,-0.6379,0.3224,19204.135492674224,0,0
S_1,2024-05-01,50.96,16.71,0.7666,-0.7026,0.3974,19204.135492674224,0,0
S_1,2024-06-01,50.96,16.71,0.6463,-0.574,0.3588,19204.135492674224,0,0
S_1,2024-07-01,50.96,16.71,0.5112,-0.5184,0.0768,19204.135492674224,0,0
S_1,2024-08-01,50.96,16.71,0.4469,-0.4929,0.0198,19204.135492674224,0,0
S_1,2024-09-01,50.96,16.71,0.5473,-0.5464,0.1386,19204.135492674224,0,0
S_1,2024-10-01,50.96,16.71,0.5912,-0.5795,0.1434,19204.135492674224,0,0
S_1,2024-11-01,50.96,16.71,0.6142,-0.5989,0.1936,19204.135492674224,0,0
S_1,2024-12-01,50.96,16.71,0.5881,-0.6036,0.1806,19204.135492674224,0,0
S_1,2025-01-01,50.96,16.71,0.562,-0.6082,0.1677,19204.135492674224,0,0
S_1,2025-02-01,50.96,16.71,0.4,-0.4302,0.2892,19204.135492674224,0,0
S_1,2025-03-01,50.96,16.71,0.5072,-0.5386,0.093,19204.135492674224,0,0
S_1,2025-04-01,50.96,16.71,0.6088,-0.5927,0.1795,19204.135492674224,0,0
S_1,2025-05-01,50.96,16.71,0.7836,-0.6835,0.4413,19204.135492674224,0,0
S_1,2025-06-01,50.96,16.71,0.7363,-0.6732,0.4301,19204.135492674224,0,0
S_1,2025-07-01,50.96,16.71,0.6024,-0.5915,0.238,19204.135492674224,0,0
S_1,2025-08-01,50.96,16.71,0.4685,-0.5098,0.0459,19204.135492674224,0,0
S_1,2025-09-01,50.96,16.71,0.4713,-0.5053,0.0563,19204.135492674224,0,0
S_1,2025-10-01,50.96,16.71,0.5092,-0.5478,0.0763,19204.135492674224,0,0
S_1,2025-11-01,50.96,16.71,0.5472,-0.5902,0.0963,19204.135492674224,0,0
S_1,2025-12-01,50.96,16.71,0.5058,-0.5368,0.1105,19204.135492674224,0,0
S_1,2026-01-01,50.96,16.71,0.4384,-0.4998,0.031,19204.135492674224,0,0
S_1,2026-02-01,50.96,16.71,0.3711,-0.4629,-0.0486,19204.135492674224,0,0
S_1,2026-03-01,50.96,16.71,0.3693,-0.4499,-0.041,19204.135492674224,0,0
S_10,2023-06-01,51.14,16.71,0.7378,-0.6797,0.49,6812.088247351817,0,0
S_10,2023-07-01,51.14,16.71,0.4434,-0.5073,0.1642,6812.088247351817,0,0
S_10,2023-08-01,51.14,16.71,0.3911,-0.4125,-0.0066,6812.088247351817,0,0
S_10,2023-09-01,51.14,16.71,0.3771,-0.4291,-0.0378,6812.088247351817,0,0
S_10,2023-10-01,51.14,16.71,0.4664,-0.4715,0.0502,6812.088247351817,0,0
S_10,2023-11-01,51.14,16.71,0.6588,-0.6429,0.2566,6812.088247351817,0,0
S_10,2023-12-01,51.14,16.71,0.4249,-0.3844,0.2687,6812.088247351817,0,0
S_10,2024-01-01,51.14,16.71,0.4518,-0.4664,0.4052,6812.088247351817,0,0
S_10,2024-02-01,51.14,16.71,0.6037,-0.6123,0.2446,6812.088247351817,0,0
S_10,2024-03-01,51.14,16.71,0.6408,-0.6288,0.3038,6812.088247351817,0,0
S_10,2024-04-01,51.14,16.71,0.6779,-0.6453,0.3629,6812.088247351817,0,0
S_10,2024-05-01,51.14,16.71,0.6701,-0.6373,0.3905,6812.088247351817,0,0
S_10,2024-06-01,51.14,16.71,0.6624,-0.5933,0.3315,6812.088247351817,0,0
S_10,2024-07-01,51.14,16.71,0.3621,-0.4299,-0.0573,6812.088247351817,0,0
S_10,2024-08-01,51.14,16.71,0.4694,-0.495,0.0366,6812.088247351817,0,0
S_10,2024-09-01,51.14,16.71,0.4919,-0.5097,0.0647,6812.088247351817,0,0
S_10,2024-10-01,51.14,16.71,0.3897,-0.4464,0.0112,6812.088247351817,0,0
S_10,2024-11-01,51.14,16.71,0.5004,-0.5028,0.1494,6812.088247351817,0,0
S_10,2024-12-01,51.14,16.71,0.4633,-0.441,0.2095,6812.088247351817,0,0
S_10,2025-01-01,51.14,16.71,0.5454,-0.5585,0.224,6812.088247351817,0,0
S_10,2025-02-01,51.14,16.71,0.2296,-0.247,0.6498,6812.088247351817,0,0
S_10,2025-03-01,51.14,16.71,0.5799,-0.5645,0.2028,6812.088247351817,0,0
S_10,2025-04-01,51.14,16.71,0.6736,-0.6376,0.2976,6812.088247351817,0,0
S_10,2025-05-01,51.14,16.71,0.6679,-0.6276,0.4233,6812.088247351817,0,0
S_10,2025-06-01,51.14,16.71,0.6006,-0.5912,0.3272,6812.088247351817,0,0
S_10,2025-07-01,51.14,16.71,0.2181,-0.2939,-0.0938,6812.088247351817,0,0
S_10,2025-08-01,51.14,16.71,0.4142,-0.4675,-0.0093,6812.088247351817,0,0
S_10,2025-09-01,51.14,16.71,0.4109,-0.4602,-0.0009,6812.088247351817,0,0
S_10,2025-10-01,51.14,16.71,0.4764,-0.5134,0.0719,6812.088247351817,0,0
S_10,2025-11-01,51.14,16.71,0.542,-0.5665,0.1447,6812.088247351817,0,0
S_10,2025-12-01,51.14,16.71,0.5603,-0.547,0.2613,6812.088247351817,0,0
S_10,2026-01-01,51.14,16.71,0.2145,-0.2124,0.654,6812.088247351817,0,0
S_10,2026-02-01,51.14,16.71,0.3895,-0.449,0.0011,6812.088247351817,0,0
S_10,2026-03-01,51.14,16.71,0.4013,-0.4524,0.0029,6812.088247351817,0,0
S_100,2023-06-01,51.14,16.83,0.776,-0.705,0.3472,299.0414108789792,0,0
S_100,2023-07-01,51.14,16.83,0.7391,-0.6905,0.2774,299.0414108789792,0,0
S_100,2023-08-01,51.14,16.83,0.7519,-0.6815,0.2684,299.0414108789792,0,0
S_100,2023-09-01,51.14,16.83,0.7951,-0.7219,0.2905,299.0414108789792,0,0
S_100,2023-10-01,51.14,16.83,0.7561,-0.7032,0.2236,299.0414108789792,0,0
S_100,2023-11-01,51.14,16.83,0.6283,-0.6543,0.1387,299.0414108789792,0,0
S_100,2023-12-01,51.14,16.83,0.4337,-0.4667,0.171,299.0414108789792,0,0
S_100,2024-01-01,51.14,16.83,0.378,-0.4197,0.2852,299.0414108789792,0,0
S_100,2024-02-01,51.14,16.83,0.5208,-0.6166,0.0328,299.0414108789792,0,0
S_100,2024-03-01,51.14,16.83,0.5795,-0.6036,0.092,299.0414108789792,0,0
S_100,2024-04-01,51.14,16.83,0.6382,-0.5906,0.1513,299.0414108789792,0,0
S_100,2024-05-01,51.14,16.83,0.7112,-0.6487,0.2346,299.0414108789792,0,0
S_100,2024-06-01,51.14,16.83,0.758,-0.6753,0.2815,299.0414108789792,0,0
S_100,2024-07-01,51.14,16.83,0.6318,-0.5907,0.1451,299.0414108789792,0,0
S_100,2024-08-01,51.14,16.83,0.7771,-0.7109,0.2343,299.0414108789792,0,0
S_100,2024-09-01,51.14,16.83,0.7706,-0.716,0.2276,299.0414108789792,0,0
S_100,2024-10-01,51.14,16.83,0.665,-0.6641,0.0945,299.0414108789792,0,0
S_100,2024-11-01,51.14,16.83,0.6032,-0.6071,0.1241,299.0414108789792,0,0
S_100,2024-12-01,51.14,16.83,0.3317,-0.3426,0.0741,299.0414108789792,0,0
S_100,2025-01-01,51.14,16.83,0.4945,-0.5769,0.0285,299.0414108789792,0,0
S_100,2025-02-01,51.14,16.83,0.4236,-0.4975,0.1416,299.0414108789792,0,0
S_100,2025-03-01,51.14,16.83,0.4109,-0.4851,-0.0971,299.0414108789792,0,0
S_100,2025-04-01,51.14,16.83,0.4565,-0.5096,-0.0821,299.0414108789792,0,0
S_100,2025-05-01,51.14,16.83,0.7189,-0.6223,0.2919,299.0414108789792,0,0
S_100,2025-06-01,51.14,16.83,0.7792,-0.7277,0.3029,299.0414108789792,0,0
S_100,2025-07-01,51.14,16.83,0.7718,-0.7013,0.2885,299.0414108789792,0,0
S_100,2025-08-01,51.14,16.83,0.8033,-0.738,0.3056,299.0414108789792,0,0
S_100,2025-09-01,51.14,16.83,0.8025,-0.7389,0.2903,299.0414108789792,0,0
S_100,2025-10-01,51.14,16.83,0.6842,-0.6879,0.1596,299.0414108789792,0,0
S_100,2025-11-01,51.14,16.83,0.5659,-0.6368,0.0288,299.0414108789792,0,0
S_100,2025-12-01,51.14,16.83,0.5219,-0.6108,0.0597,299.0414108789792,0,0
S_100,2026-01-01,51.14,16.83,0.454,-0.5498,-0.0225,299.0414108789792,0,0
S_100,2026-02-01,51.14,16.83,0.3861,-0.4889,-0.1047,299.0414108789792,0,0
S_100,2026-03-01,51.14,16.83,0.3731,-0.4641,-0.1069,299.0414108789792,0,0
S_101,2023-06-01,51.16,16.83,0.7323,-0.6733,0.4038,193.31260986371728,0,0
S_101,2023-07-01,51.16,16.83,0.4743,-0.5213,0.0947,193.31260986371728,0,0
S_101,2023-08-01,51.16,16.83,0.4175,-0.4239,0.0173,193.31260986371728,0,0
S_101,2023-09-01,51.16,16.83,0.584,-0.554,0.1139,193.31260986371728,0,0
S_101,2023-10-01,51.16,16.83,0.5744,-0.5524,0.0841,193.31260986371728,0,0
S_101,2023-11-01,51.16,16.83,0.6192,-0.612,0.1687,193.31260986371728,0,0
S_101,2023-12-01,51.16,16.83,0.5071,-0.5093,0.1692,193.31260986371728,0,0
S_101,2024-01-01,51.16,16.83,0.3605,-0.4013,0.3189,193.31260986371728,0,0
S_101,2024-02-01,51.16,16.83,0.5009,-0.5602,0.0891,193.31260986371728,0,0
S_101,2024-03-01,51.16,16.83,0.5542,-0.561,0.1421,193.31260986371728,0,0
S_101,2024-04-01,51.16,16.83,0.6075,-0.5618,0.1951,193.31260986371728,0,0
S_101,2024-05-01,51.16,16.83,0.614,-0.5767,0.2094,193.31260986371728,0,0
S_101,2024-06-01,51.16,16.83,0.5577,-0.5174,0.1307,193.31260986371728,0,0
S_101,2024-07-01,51.16,16.83,0.491,-0.4926,0.017,193.31260986371728,0,0
S_101,2024-08-01,51.16,16.83,0.5689,-0.5454,0.0771,193.31260986371728,0,0
S_101,2024-09-01,51.16,16.83,0.5998,-0.5762,0.095,193.31260986371728,0,0
S_101,2024-10-01,51.16,16.83,0.5213,-0.5414,0.0167,193.31260986371728,0,0
S_101,2024-11-01,51.16,16.83,0.5398,-0.5415,0.1025,193.31260986371728,0,0
S_101,2024-12-01,51.16,16.83,0.314,-0.3275,0.047,193.31260986371728,0,0
S_101,2025-01-01,51.16,16.83,0.4393,-0.5083,0.0233,193.31260986371728,0,0
S_101,2025-02-01,51.16,16.83,0.309,-0.396,0.169,193.31260986371728,0,0
S_101,2025-03-01,51.16,16.83,0.3706,-0.4352,-0.0672,193.31260986371728,0,0
S_101,2025-04-01,51.16,16.83,0.4411,-0.4769,-0.0182,193.31260986371728,0,0
S_101,2025-05-01,51.16,16.83,0.426,-0.4437,0.0995,193.31260986371728,0,0
S_101,2025-06-01,51.16,16.83,0.5983,-0.5803,0.2084,193.31260986371728,0,0
S_101,2025-07-01,51.16,16.83,0.6288,-0.5967,0.1883,193.31260986371728,0,0
S_101,2025-08-01,51.16,16.83,0.667,-0.6343,0.2231,193.31260986371728,0,0
S_101,2025-09-01,51.16,16.83,0.6557,-0.6175,0.2089,193.31260986371728,0,0
S_101,2025-10-01,51.16,16.83,0.545,-0.5678,0.0801,193.31260986371728,0,0
S_101,2025-11-01,51.16,16.83,0.4344,-0.5181,-0.0488,193.31260986371728,0,0
S_101,2025-12-01,51.16,16.83,0.397,-0.4832,0.0444,193.31260986371728,0,0
S_101,2026-01-01,51.16,16.83,0.1672,-0.153,0.4257,193.31260986371728,0,0
S_101,2026-02-01,51.16,16.83,0.2808,-0.3867,-0.1332,193.31260986371728,0,0
S_101,2026-03-01,51.16,16.83,0.2645,-0.3666,-0.1299,193.31260986371728,0,0
S_102,2023-06-01,51.18,16.83,0.746,-0.6805,0.3167,218.76394220477843,0,0
S_102,2023-07-01,51.18,16.83,0.6916,-0.6481,0.2295,218.76394220477843,0,0
S_102,2023-08-01,51.18,16.83,0.6182,-0.5777,0.1895,218.76394220477843,0,0
S_102,2023-09-01,51.18,16.83,0.6885,-0.642,0.2039,218.76394220477843,0,0
S_102,2023-10-01,51.18,16.83,0.6698,-0.617,0.1953,218.76394220477843,0,0
S_102,2023-11-01,51.18,16.83,0.6029,-0.6389,0.1337,218.76394220477843,0,0
S_102,2023-12-01,51.18,16.83,0.4528,-0.4819,0.1372,218.76394220477843,0,0
S_102,2024-01-01,51.18,16.83,0.3836,-0.4309,0.2166,218.76394220477843,0,0
S_102,2024-02-01,51.18,16.83,0.5045,-0.5944,0.0398,218.76394220477843,0,0
S_102,2024-03-01,51.18,16.83,0.5346,-0.5668,0.082,218.76394220477843,0,0
S_102,2024-04-01,51.18,16.83,0.5646,-0.5391,0.1241,218.76394220477843,0,0
S_102,2024-05-01,51.18,16.83,0.6533,-0.6056,0.2057,218.76394220477843,0,0
S_102,2024-06-01,51.18,16.83,0.7403,-0.6549,0.2825,218.76394220477843,0,0
S_102,2024-07-01,51.18,16.83,0.7372,-0.6638,0.2446,218.76394220477843,0,0
S_102,2024-08-01,51.18,16.83,0.7341,-0.6726,0.2068,218.76394220477843,0,0
S_102,2024-09-01,51.18,16.83,0.7182,-0.6701,0.2029,218.76394220477843,0,0
S_102,2024-10-01,51.18,16.83,0.5972,-0.6152,0.0553,218.76394220477843,0,0
S_102,2024-11-01,51.18,16.83,0.5334,-0.5513,0.0724,218.76394220477843,0,0
S_102,2024-12-01,51.18,16.83,0.2749,-0.2801,0.0665,218.76394220477843,0,0
S_102,2025-01-01,51.18,16.83,0.4814,-0.5547,0.0332,218.76394220477843,0,0
S_102,2025-02-01,51.18,16.83,0.4036,-0.4767,0.134,218.76394220477843,0,0
S_102,2025-03-01,51.18,16.83,0.4031,-0.4651,-0.08,218.76394220477843,0,0
S_102,2025-04-01,51.18,16.83,0.444,-0.4957,-0.07,218.76394220477843,0,0
S_102,2025-05-01,51.18,16.83,0.6832,-0.6064,0.248,218.76394220477843,0,0
S_102,2025-06-01,51.18,16.83,0.7696,-0.7039,0.3209,218.76394220477843,0,0
S_102,2025-07-01,51.18,16.83,0.7544,-0.6747,0.2799,218.76394220477843,0,0
S_102,2025-08-01,51.18,16.83,0.7584,-0.6891,0.2726,218.76394220477843,0,0
S_102,2025-09-01,51.18,16.83,0.7153,-0.6705,0.2283,218.76394220477843,0,0
S_102,2025-10-01,51.18,16.83,0.627,-0.6428,0.1298,218.76394220477843,0,0
S_102,2025-11-01,51.18,16.83,0.5386,-0.6152,0.0313,218.76394220477843,0,0
S_102,2025-12-01,51.18,16.83,0.5192,-0.5857,0.0856,218.76394220477843,0,0
S_102,2026-01-01,51.18,16.83,0.1375,-0.1399,0.5638,218.76394220477843,0,0
S_102,2026-02-01,51.18,16.83,0.3928,-0.4836,-0.0925,218.76394220477843,0,0
S_102,2026-03-01,51.18,16.83,0.3808,-0.4648,-0.0985,218.76394220477843,0,0
S_103,2023-06-01,51.2,16.83,0.6387,-0.6148,0.2668,1750.830765751724,0,0
S_103,2023-07-01,51.2,16.83,0.5295,-0.5481,0.1366,1750.830765751724,0,0
S_103,2023-08-01,51.2,16.83,0.5458,-0.524,0.1271,1750.830765751724,0,0
S_103,2023-09-01,51.2,16.83,0.6223,-0.5845,0.1561,1750.830765751724,0,0
S_103,2023-10-01,51.2,16.83,0.5971,-0.4852,0.1779,1750.830765751724,0,0
S_103,2023-11-01,51.2,16.83,0.588,-0.5959,0.1459,1750.830765751724,0,0
S_103,2023-12-01,51.2,16.83,0.4806,-0.4934,0.1438,1750.830765751724,0,0
S_103,2024-01-01,51.2,16.83,0.3323,-0.3851,0.234,1750.830765751724,0,0
S_103,2024-02-01,51.2,16.83,0.4204,-0.5137,0.0237,1750.830765751724,0,0
S_103,2024-03-01,51.2,16.83,0.4354,-0.488,0.0415,1750.830765751724,0,0
S_103,2024-04-01,51.2,16.83,0.4504,-0.4622,0.0593,1750.830765751724,0,0
S_103,2024-05-01,51.2,16.83,0.4328,-0.452,0.0626,1750.830765751724,0,0
S_103,2024-06-01,51.2,16.83,0.6003,-0.5545,0.1736,1750.830765751724,0,0
S_103,2024-07-01,51.2,16.83,0.6535,-0.5975,0.233,1750.830765751724,0,0
S_103,2024-08-01,51.2,16.83,0.7112,-0.6517,0.262,1750.830765751724,0,0
S_103,2024-09-01,51.2,16.83,0.6317,-0.6069,0.1602,1750.830765751724,0,0
S_103,2024-10-01,51.2,16.83,0.503,-0.5343,0.0294,1750.830765751724,0,0
S_103,2024-11-01,51.2,16.83,0.4638,-0.4915,0.0492,1750.830765751724,0,0
S_103,2024-12-01,51.2,16.83,0.1671,-0.1636,0.0537,1750.830765751724,0,0
S_103,2025-01-01,51.2,16.83,0.3755,-0.4594,0.0087,1750.830765751724,0,0
S_103,2025-02-01,51.2,16.83,0.2934,-0.3643,0.1656,1750.830765751724,0,0
S_103,2025-03-01,51.2,16.83,0.3192,-0.3955,-0.0867,1750.830765751724,0,0
S_103,2025-04-01,51.2,16.83,0.3506,-0.413,-0.0715,1750.830765751724,0,0
S_103,2025-05-01,51.2,16.83,0.4547,-0.4611,0.0741,1750.830765751724,0,0
S_103,2025-06-01,51.2,16.83,0.6669,-0.6263,0.2307,1750.830765751724,0,0
S_103,2025-07-01,51.2,16.83,0.6856,-0.6266,0.2337,1750.830765751724,0,0
S_103,2025-08-01,51.2,16.83,0.7114,-0.6547,0.2627,1750.830765751724,0,0
S_103,2025-09-01,51.2,16.83,0.633,-0.6022,0.1755,1750.830765751724,0,0
S_103,2025-10-01,51.2,16.83,0.5297,-0.5574,0.0789,1750.830765751724,0,0
S_103,2025-11-01,51.2,16.83,0.4265,-0.5126,-0.0177,1750.830765751724,0,0
S_103,2025-12-01,51.2,16.83,0.3852,-0.4587,0.0557,1750.830765751724,0,0
S_103,2026-01-01,51.2,16.83,0.0985,-0.1094,0.6049,1750.830765751724,0,0
S_103,2026-02-01,51.2,16.83,0.3087,-0.408,-0.1101,1750.830765751724,0,0
S_103,2026-03-01,51.2,16.83,0.3051,-0.4015,-0.1159,1750.830765751724,0,0
S_104,2023-06-01,51.22,16.83,0.652,-0.6277,0.2812,3972.279685462268,0,0
S_104,2023-07-01,51.22,16.83,0.6345,-0.6187,0.2273,3972.279685462268,0,0
S_104,2023-08-01,51.22,16.83,0.4898,-0.4582,0.1524,3972.279685462268,0,0
S_104,2023-09-01,51.22,16.83,0.6776,-0.6368,0.2194,3972.279685462268,0,0
S_104,2023-10-01,51.22,16.83,0.5614,-0.5414,0.105,3972.279685462268,0,0
S_104,2023-11-01,51.22,16.83,0.5995,-0.606,0.1306,3972.279685462268,0,0
S_104,2023-12-01,51.22,16.83,0.4597,-0.4742,0.1113,3972.279685462268,0,0
S_104,2024-01-01,51.22,16.83,0.3295,-0.3779,0.2389,3972.279685462268,0,0
S_104,2024-02-01,51.22,16.83,0.4288,-0.5186,0.0244,3972.279685462268,0,0
S_104,2024-03-01,51.22,16.83,0.4626,-0.5082,0.0537,3972.279685462268,0,0
S_104,2024-04-01,51.22,16.83,0.4963,-0.4979,0.083,3972.279685462268,0,0
S_104,2024-05-01,51.22,16.83,0.4967,-0.507,0.1092,3972.279685462268,0,0
S_104,2024-06-01,51.22,16.83,0.6172,-0.5733,0.2026,3972.279685462268,0,0
S_104,2024-07-01,51.22,16.83,0.6658,-0.605,0.2566,3972.279685462268,0,0
S_104,2024-08-01,51.22,16.83,0.7401,-0.6801,0.277,3972.279685462268,0,0
S_104,2024-09-01,51.22,16.83,0.6972,-0.6523,0.2122,3972.279685462268,0,0
S_104,2024-10-01,51.22,16.83,0.5058,-0.5464,0.0189,3972.279685462268,0,0
S_104,2024-11-01,51.22,16.83,0.4536,-0.4856,0.0311,3972.279685462268,0,0
S_104,2024-12-01,51.22,16.83,0.1404,-0.1138,0.1082,3972.279685462268,0,0
S_104,2025-01-01,51.22,16.83,0.3847,-0.4603,0.0124,3972.279685462268,0,0
S_104,2025-02-01,51.22,16.83,0.3003,-0.3677,0.2304,3972.279685462268,0,0
S_104,2025-03-01,51.22,16.83,0.3625,-0.4261,-0.0694,3972.279685462268,0,0
S_104,2025-04-01,51.22,16.83,0.4084,-0.4555,-0.0443,3972.279685462268,0,0
S_104,2025-05-01,51.22,16.83,0.5725,-0.5484,0.1746,3972.279685462268,0,0
S_104,2025-06-01,51.22,16.83,0.6992,-0.6631,0.2729,3972.279685462268,0,0
S_104,2025-07-01,51.22,16.83,0.6675,-0.6251,0.2246,3972.279685462268,0,0
S_104,2025-08-01,51.22,16.83,0.6911,-0.6564,0.2293,3972.279685462268,0,0
S_104,2025-09-01,51.22,16.83,0.6932,-0.6511,0.2113,3972.279685462268,0,0
S_104,2025-10-01,51.22,16.83,0.5862,-0.6022,0.0962,3972.279685462268,0,0
S_104,2025-11-01,51.22,16.83,0.4792,-0.5533,-0.0188,3972.279685462268,0,0
S_104,2025-12-01,51.22,16.83,0.3966,-0.4639,0.0496,3972.279685462268,0,0
S_104,2026-01-01,51.22,16.83,0.159,-0.1806,0.4763,3972.279685462268,0,0
S_104,2026-02-01,51.22,16.83,0.312,-0.4157,-0.1353,3972.279685462268,0,0
S_104,2026-03-01,51.22,16.83,0.3109,-0.4132,-0.1339,3972.279685462268,0,0
S_105,2023-06-01,51.24,16.83,0.6569,-0.6031,0.3498,5445.385947041962,0,0
S_105,2023-07-01,51.24,16.83,0.5233,-0.5001,0.2001,5445.385947041962,0,0
S_105,2023-08-01,51.24,16.83,0.4068,-0.3819,0.1303,5445.385947041962,0,0
S_105,2023-09-01,51.24,16.83,0.5141,-0.4808,0.1187,5445.385947041962,0,0
S_105,2023-10-01,51.24,16.83,0.3932,-0.4434,-0.0075,5445.385947041962,0,0
S_105,2023-11-01,51.24,16.83,0.4928,-0.4936,0.1207,5445.385947041962,0,0
S_105,2023-12-01,51.24,16.83,0.4193,-0.4198,0.1525,5445.385947041962,0,0
S_105,2024-01-01,51.24,16.83,0.2681,-0.3061,0.2812,5445.385947041962,0,0
S_105,2024-02-01,51.24,16.83,0.3265,-0.3946,0.009,5445.385947041962,0,0
S_105,2024-03-01,51.24,16.83,0.4221,-0.444,0.0777,5445.385947041962,0,0
S_105,2024-04-01,51.24,16.83,0.5177,-0.4933,0.1464,5445.385947041962,0,0
S_105,2024-05-01,51.24,16.83,0.5151,-0.493,0.171,5445.385947041962,0,0
S_105,2024-06-01,51.24,16.83,0.5474,-0.4969,0.2128,5445.385947041962,0,0
S_105,2024-07-01,51.24,16.83,0.554,-0.5128,0.1741,5445.385947041962,0,0
S_105,2024-08-01,51.24,16.83,0.5835,-0.5312,0.1756,5445.385947041962,0,0
S_105,2024-09-01,51.24,16.83,0.4916,-0.4842,0.2027,5445.385947041962,0,0
S_105,2024-10-01,51.24,16.83,0.325,-0.3824,-0.057,5445.385947041962,0,0
S_105,2024-11-01,51.24,16.83,0.3543,-0.4203,-0.0264,5445.385947041962,0,0
S_105,2024-12-01,51.24,16.83,0.3165,-0.385,-0.0126,5445.385947041962,0,0
S_105,2025-01-01,51.24,16.83,0.2787,-0.3498,0.0013,5445.385947041962,0,0
S_105,2025-02-01,51.24,16.83,0.2701,-0.3162,0.0856,5445.385947041962,0,0
S_105,2025-03-01,51.24,16.83,0.2922,-0.3396,-0.0631,5445.385947041962,0,0
S_105,2025-04-01,51.24,16.83,0.3672,-0.3875,-0.0157,5445.385947041962,0,0
S_105,2025-05-01,51.24,16.83,0.5483,-0.5257,0.1671,5445.385947041962,0,0
S_105,2025-06-01,51.24,16.83,0.6312,-0.5775,0.2866,5445.385947041962,0,0
S_105,2025-07-01,51.24,16.83,0.521,-0.479,0.173,5445.385947041962,0,0
S_105,2025-08-01,51.24,16.83,0.5475,-0.5182,0.1551,5445.385947041962,0,0
S_105,2025-09-01,51.24,16.83,0.4987,-0.481,0.0735,5445.385947041962,0,0
S_105,2025-10-01,51.24,16.83,0.4202,-0.4466,0.0123,5445.385947041962,0,0
S_105,2025-11-01,51.24,16.83,0.3417,-0.4123,-0.0489,5445.385947041962,0,0
S_105,2025-12-01,51.24,16.83,0.3205,-0.3694,0.0214,5445.385947041962,0,0
S_105,2026-01-01,51.24,16.83,0.098,-0.1106,0.511,5445.385947041962,0,0
S_105,2026-02-01,51.24,16.83,0.2318,-0.321,-0.1015,5445.385947041962,0,0
S_105,2026-03-01,51.24,16.83,0.2354,-0.3177,-0.1228,5445.385947041962,0,0
S_106,2023-06-01,50.96,16.85,0.5285,-0.5368,0.1848,12984.678140135651,0,0
S_106,2023-07-01,50.96,16.85,0.5765,-0.5921,0.1882,12984.678140135651,0,0
S_106,2023-08-01,50.96,16.85,0.5814,-0.5431,0.1924,12984.678140135651,0,0
S_106,2023-09-01,50.96,16.85,0.6485,-0.6075,0.1879,12984.678140135651,0,0
S_106,2023-10-01,50.96,16.85,0.4961,-0.5321,0.0161,12984.678140135651,0,0
S_106,2023-11-01,50.96,16.85,0.391,-0.4803,0.0089,12984.678140135651,0,0
S_106,2023-12-01,50.96,16.85,0.5601,-0.5158,0.4975,12984.678140135651,0,0
S_106,2024-01-01,50.96,16.85,0.0963,-0.1266,0.6619,12984.678140135651,0,0
S_106,2024-02-01,50.96,16.85,0.333,-0.4413,-0.0187,12984.678140135651,0,0
S_106,2024-03-01,50.96,16.85,0.3562,-0.4067,-0.0146,12984.678140135651,0,0
S_106,2024-04-01,50.96,16.85,0.5011,-0.5094,0.1039,12984.678140135651,0,0
S_106,2024-05-01,50.96,16.85,0.5162,-0.5235,0.1448,12984.678140135651,0,0
S_106,2024-06-01,50.96,16.85,0.5931,-0.5645,0.1873,12984.678140135651,0,0
S_106,2024-07-01,50.96,16.85,0.525,-0.5277,0.092,12984.678140135651,0,0
S_106,2024-08-01,50.96,16.85,0.532,-0.5426,0.0994,12984.678140135651,0,0
S_106,2024-09-01,50.96,16.85,0.4942,-0.5215,0.0474,12984.678140135651,0,0
S_106,2024-10-01,50.96,16.85,0.4098,-0.4796,-0.036,12984.678140135651,0,0
S_106,2024-11-01,50.96,16.85,0.4234,-0.4898,0.0073,12984.678140135651,0,0
S_106,2024-12-01,50.96,16.85,0.2785,-0.3139,-0.1805,12984.678140135651,0,0
S_106,2025-01-01,50.96,16.85,0.4125,-0.4977,0.0446,12984.678140135651,0,0
S_106,2025-02-01,50.96,16.85,0.2257,-0.2563,0.4145,12984.678140135651,0,0
S_106,2025-03-01,50.96,16.85,0.4422,-0.4795,0.0292,12984.678140135651,0,0
S_106,2025-04-01,50.96,16.85,0.5482,-0.546,0.1462,12984.678140135651,0,0
S_106,2025-05-01,50.96,16.85,0.5678,-0.5565,0.2694,12984.678140135651,0,0
S_106,2025-06-01,50.96,16.85,0.6705,-0.6277,0.3363,12984.678140135651,0,0
S_106,2025-07-01,50.96,16.85,0.6173,-0.5921,0.2342,12984.678140135651,0,0
S_106,2025-08-01,50.96,16.85,0.5358,-0.5443,0.1138,12984.678140135651,0,0
S_106,2025-09-01,50.96,16.85,0.4297,-0.4864,-0.0215,12984.678140135651,0,0
S_106,2025-10-01,50.96,16.85,0.4554,-0.5049,-0.0018,12984.678140135651,0,0
S_106,2025-11-01,50.96,16.85,0.4812,-0.5234,0.018,12984.678140135651,0,0
S_106,2025-12-01,50.96,16.85,0.444,-0.5128,0.0413,12984.678140135651,0,0
S_106,2026-01-01,50.96,16.85,0.3833,-0.461,-0.0206,12984.678140135651,0,0
S_106,2026-02-01,50.96,16.85,0.3226,-0.4092,-0.0824,12984.678140135651,0,0
S_106,2026-03-01,50.96,16.85,0.3378,-0.4113,-0.0728,12984.678140135651,0,0
S_107,2023-06-01,50.98,16.85,0.7081,-0.662,0.3975,11325.094646471813,0,0
S_107,2023-07-01,50.98,16.85,0.4857,-0.5319,0.1616,11325.094646471813,0,0
S_107,2023-08-01,50.98,16.85,0.4371,-0.4205,0.1096,11325.094646471813,0,0
S_107,2023-09-01,50.98,16.85,0.4799,-0.5138,0.0298,11325.094646471813,0,0
S_107,2023-10-01,50.98,16.85,0.44,-0.4861,-0.0364,11325.094646471813,0,0
S_107,2023-11-01,50.98,16.85,0.571,-0.5787,0.156,11325.094646471813,0,0
S_107,2023-12-01,50.98,16.85,0.3674,-0.3775,0.4249,11325.094646471813,0,0
S_107,2024-01-01,50.98,16.85,0.1639,-0.1763,0.6939,11325.094646471813,0,0
S_107,2024-02-01,50.98,16.85,0.5169,-0.5548,0.0822,11325.094646471813,0,0
S_107,2024-03-01,50.98,16.85,0.4967,-0.4852,0.1158,11325.094646471813,0,0
S_107,2024-04-01,50.98,16.85,0.5577,-0.5436,0.1901,11325.094646471813,0,0
S_107,2024-05-01,50.98,16.85,0.6187,-0.602,0.2644,11325.094646471813,0,0
S_107,2024-06-01,50.98,16.85,0.5755,-0.5389,0.2026,11325.094646471813,0,0
S_107,2024-07-01,50.98,16.85,0.4246,-0.4684,-0.0049,11325.094646471813,0,0
S_107,2024-08-01,50.98,16.85,0.4947,-0.5192,0.032,11325.094646471813,0,0
S_107,2024-09-01,50.98,16.85,0.435,-0.4695,0.0223,11325.094646471813,0,0
S_107,2024-10-01,50.98,16.85,0.4218,-0.4872,-0.0693,11325.094646471813,0,0
S_107,2024-11-01,50.98,16.85,0.4795,-0.5185,0.0398,11325.094646471813,0,0
S_107,2024-12-01,50.98,16.85,0.1669,-0.2162,-0.0459,11325.094646471813,0,0
S_107,2025-01-01,50.98,16.85,0.4754,-0.5478,0.0696,11325.094646471813,0,0
S_107,2025-02-01,50.98,16.85,0.324,-0.371,0.2861,11325.094646471813,0,0
S_107,2025-03-01,50.98,16.85,0.4556,-0.5026,0.0122,11325.094646471813,0,0
S_107,2025-04-01,50.98,16.85,0.5234,-0.5444,0.0816,11325.094646471813,0,0
S_107,2025-05-01,50.98,16.85,0.5577,-0.5634,0.2117,11325.094646471813,0,0
S_107,2025-06-01,50.98,16.85,0.6754,-0.6481,0.3277,11325.094646471813,0,0
S_107,2025-07-01,50.98,16.85,0.5558,-0.5587,0.2143,11325.094646471813,0,0
S_107,2025-08-01,50.98,16.85,0.5558,-0.5689,0.1369,11325.094646471813,0,0
S_107,2025-09-01,50.98,16.85,0.4842,-0.5196,0.0263,11325.094646471813,0,0
S_107,2025-10-01,50.98,16.85,0.44,-0.5031,-0.0072,11325.094646471813,0,0
S_107,2025-11-01,50.98,16.85,0.3957,-0.4866,-0.0406,11325.094646471813,0,0
S_107,2025-12-01,50.98,16.85,0.4106,-0.5124,-0.0165,11325.094646471813,0,0
S_107,2026-01-01,50.98,16.85,0.3585,-0.4638,-0.0748,11325.094646471813,0,0
S_107,2026-02-01,50.98,16.85,0.3063,-0.4151,-0.1331,11325.094646471813,0,0
S_107,2026-03-01,50.98,16.85,0.3063,-0.3989,-0.1339,11325.094646471813,0,0
S_108,2023-06-01,51.0,16.85,0.4939,-0.512,0.1609,9861.896499378292,0,0
S_108,2023-07-01,51.0,16.85,0.5907,-0.5948,0.2182,9861.896499378292,0,0
S_108,2023-08-01,51.0,16.85,0.5976,-0.5631,0.2464,9861.896499378292,0,0
S_108,2023-09-01,51.0,16.85,0.5505,-0.5509,0.1255,9861.896499378292,0,0
S_108,2023-10-01,51.0,16.85,0.4902,-0.5149,0.0394,9861.896499378292,0,0
S_108,2023-11-01,51.0,16.85,0.4827,-0.5377,0.0996,9861.896499378292,0,0
S_108,2023-12-01,51.0,16.85,0.2998,-0.341,0.3597,9861.896499378292,0,0
S_108,2024-01-01,51.0,16.85,0.1169,-0.1443,0.6198,9861.896499378292,0,0
S_108,2024-02-01,51.0,16.85,0.3282,-0.4459,-0.0464,9861.896499378292,0,0
S_108,2024-03-01,51.0,16.85,0.37,-0.3921,0.0838,9861.896499378292,0,0
S_108,2024-04-01,51.0,16.85,0.4078,-0.4348,0.0964,9861.896499378292,0,0
S_108,2024-05-01,51.0,16.85,0.4457,-0.4776,0.109,9861.896499378292,0,0
S_108,2024-06-01,51.0,16.85,0.5963,-0.5623,0.1968,9861.896499378292,0,0
S_108,2024-07-01,51.0,16.85,0.5278,-0.5207,0.1173,9861.896499378292,0,0
S_108,2024-08-01,51.0,16.85,0.6089,-0.5914,0.1862,9861.896499378292,0,0
S_108,2024-09-01,51.0,16.85,0.5496,-0.5511,0.1241,9861.896499378292,0,0
S_108,2024-10-01,51.0,16.85,0.5721,-0.5633,0.1558,9861.896499378292,0,0
S_108,2024-11-01,51.0,16.85,0.4837,-0.5157,0.081,9861.896499378292,0,0
S_108,2024-12-01,51.0,16.85,0.4367,-0.5042,0.0539,9861.896499378292,0,0
S_108,2025-01-01,51.0,16.85,0.3897,-0.4927,0.0268,9861.896499378292,0,0
S_108,2025-02-01,51.0,16.85,0.1861,-0.231,0.4032,9861.896499378292,0,0
S_108,2025-03-01,51.0,16.85,0.3697,-0.4334,-0.0344,9861.896499378292,0,0
S_108,2025-04-01,51.0,16.85,0.4157,-0.4631,0.0133,9861.896499378292,0,0
S_108,2025-05-01,51.0,16.85,0.4608,-0.4966,0.1393,9861.896499378292,0,0
S_108,2025-06-01,51.0,16.85,0.6657,-0.6391,0.3134,9861.896499378292,0,0
S_108,2025-07-01,51.0,16.85,0.796,-0.7006,0.4883,9861.896499378292,0,0
S_108,2025-08-01,51.0,16.85,0.6118,-0.6134,0.2047,9861.896499378292,0,0
S_108,2025-09-01,51.0,16.85,0.519,-0.5435,0.0851,9861.896499378292,0,0
S_108,2025-10-01,51.0,16.85,0.4728,-0.5252,0.0426,9861.896499378292,0,0
S_108,2025-11-01,51.0,16.85,0.4267,-0.507,0.0001,9861.896499378292,0,0
S_108,2025-12-01,51.0,16.85,0.3536,-0.469,0.0055,9861.896499378292,0,0
S_108,2026-01-01,51.0,16.85,0.3005,-0.4196,-0.062,9861.896499378292,0,0
S_108,2026-02-01,51.0,16.85,0.2474,-0.3701,-0.1296,9861.896499378292,0,0
S_108,2026-03-01,51.0,16.85,0.2545,-0.3624,-0.1339,9861.896499378292,0,0
S_109,2023-06-01,51.02,16.85,0.618,-0.6068,0.3501,8418.741567826879,0,0
S_109,2023-07-01,51.02,16.85,0.4849,-0.5292,0.199,8418.741567826879,0,0
S_109,2023-08-01,51.02,16.85,0.4428,-0.4747,0.0568,8418.741567826879,0,0
S_109,2023-09-01,51.02,16.85,0.5211,-0.5305,0.0961,8418.741567826879,0,0
S_109,2023-10-01,51.02,16.85,0.4407,-0.4749,0.0199,8418.741567826879,0,0
S_109,2023-11-01,51.02,16.85,0.4991,-0.5406,0.1389,8418.741567826879,0,0
S_109,2023-12-01,51.02,16.85,0.3446,-0.3742,0.3839,8418.741567826879,0,0
S_109,2024-01-01,51.02,16.85,0.1901,-0.2077,0.6289,8418.741567826879,0,0
S_109,2024-02-01,51.02,16.85,0.4297,-0.4888,0.0864,8418.741567826879,0,0
S_109,2024-03-01,51.02,16.85,0.518,-0.4893,0.2075,8418.741567826879,0,0
S_109,2024-04-01,51.02,16.85,0.4855,-0.488,0.1811,8418.741567826879,0,0
S_109,2024-05-01,51.02,16.85,0.453,-0.4867,0.1548,8418.741567826879,0,0
S_109,2024-06-01,51.02,16.85,0.5134,-0.516,0.1539,8418.741567826879,0,0
S_109,2024-07-01,51.02,16.85,0.4737,-0.4902,0.0768,8418.741567826879,0,0
S_109,2024-08-01,51.02,16.85,0.5692,-0.5743,0.1464,8418.741567826879,0,0
S_109,2024-09-01,51.02,16.85,0.4695,-0.5023,0.0498,8418.741567826879,0,0
S_109,2024-10-01,51.02,16.85,0.3052,-0.3921,-0.0404,8418.741567826879,0,0
S_109,2024-11-01,51.02,16.85,0.3717,-0.4409,0.0092,8418.741567826879,0,0
S_109,2024-12-01,51.02,16.85,0.1219,-0.2069,0.06,8418.741567826879,0,0
S_109,2025-01-01,51.02,16.85,0.388,-0.463,0.08,8418.741567826879,0,0
S_109,2025-02-01,51.02,16.85,0.2097,-0.2397,0.4686,8418.741567826879,0,0
S_109,2025-03-01,51.02,16.85,0.4096,-0.4492,0.0514,8418.741567826879,0,0
S_109,2025-04-01,51.02,16.85,0.4578,-0.4839,0.1008,8418.741567826879,0,0
S_109,2025-05-01,51.02,16.85,0.4936,-0.5142,0.2017,8418.741567826879,0,0
S_109,2025-06-01,51.02,16.85,0.6178,-0.6009,0.2861,8418.741567826879,0,0
S_109,2025-07-01,51.02,16.85,0.3368,-0.3855,0.0349,8418.741567826879,0,0
S_109,2025-08-01,51.02,16.85,0.5219,-0.555,0.1058,8418.741567826879,0,0
S_109,2025-09-01,51.02,16.85,0.4903,-0.5102,0.0867,8418.741567826879,0,0
S_109,2025-10-01,51.02,16.85,0.4396,-0.4925,0.0436,8418.741567826879,0,0
S_109,2025-11-01,51.02,16.85,0.3889,-0.4748,0.0005,8418.741567826879,0,0
S_109,2025-12-01,51.02,16.85,0.3909,-0.474,0.0778,8418.741567826879,0,0
S_109,2026-01-01,51.02,16.85,-0.0252,-0.2636,-0.0368,8418.741567826879,0,0
S_109,2026-02-01,51.02,16.85,0.2917,-0.3902,-0.0474,8418.741567826879,0,0
S_109,2026-03-01,51.02,16.85,0.3076,-0.3857,-0.0419,8418.741567826879,0,0
S_11,2023-06-01,51.16,16.71,0.7205,-0.6665,0.4548,7197.1030753367495,0,0
S_11,2023-07-01,51.16,16.71,0.3764,-0.4709,0.0578,7197.1030753367495,0,0
S_11,2023-08-01,51.16,16.71,0.3232,-0.3419,-0.032,7197.1030753367495,0,0
S_11,2023-09-01,51.16,16.71,0.5325,-0.5251,0.0945,7197.1030753367495,0,0
S_11,2023-10-01,51.16,16.71,0.5811,-0.5522,0.1317,7197.1030753367495,0,0
S_11,2023-11-01,51.16,16.71,0.5663,-0.577,0.1622,7197.1030753367495,0,0
S_11,2023-12-01,51.16,16.71,0.3391,-0.3175,0.1669,7197.1030753367495,0,0
S_11,2024-01-01,51.16,16.71,0.3353,-0.3888,0.2004,7197.1030753367495,0,0
S_11,2024-02-01,51.16,16.71,0.458,-0.5087,0.0804,7197.1030753367495,0,0
S_11,2024-03-01,51.16,16.71,0.4831,-0.5118,0.1245,7197.1030753367495,0,0
S_11,2024-04-01,51.16,16.71,0.5082,-0.5148,0.1686,7197.1030753367495,0,0
S_11,2024-05-01,51.16,16.71,0.4883,-0.4976,0.1804,7197.1030753367495,0,0
S_11,2024-06-01,51.16,16.71,0.5311,-0.5081,0.1505,7197.1030753367495,0,0
S_11,2024-07-01,51.16,16.71,0.4765,-0.4895,0.0647,7197.1030753367495,0,0
S_11,2024-08-01,51.16,16.71,0.5702,-0.5513,0.1314,7197.1030753367495,0,0
S_11,2024-09-01,51.16,16.71,0.4834,-0.5119,0.0374,7197.1030753367495,0,0
S_11,2024-10-01,51.16,16.71,0.3134,-0.3974,-0.0885,7197.1030753367495,0,0
S_11,2024-11-01,51.16,16.71,0.3813,-0.4316,-0.0078,7197.1030753367495,0,0
S_11,2024-12-01,51.16,16.71,0.3039,-0.3231,0.0309,7197.1030753367495,0,0
S_11,2025-01-01,51.16,16.71,0.4024,-0.4682,0.053,7197.1030753367495,0,0
S_11,2025-02-01,51.16,16.71,0.1362,-0.1665,0.6176,7197.1030753367495,0,0
S_11,2025-03-01,51.16,16.71,0.4477,-0.469,0.0435,7197.1030753367495,0,0
S_11,2025-04-01,51.16,16.71,0.5291,-0.5275,0.1193,7197.1030753367495,0,0
S_11,2025-05-01,51.16,16.71,0.5744,-0.5651,0.2552,7197.1030753367495,0,0
S_11,2025-06-01,51.16,16.71,0.5466,-0.5583,0.2,7197.1030753367495,0,0
S_11,2025-07-01,51.16,16.71,0.4983,-0.5258,0.1096,7197.1030753367495,0,0
S_11,2025-08-01,51.16,16.71,0.45,-0.4934,0.0193,7197.1030753367495,0,0
S_11,2025-09-01,51.16,16.71,0.3983,-0.4534,-0.0218,7197.1030753367495,0,0
S_11,2025-10-01,51.16,16.71,0.4523,-0.5012,0.037,7197.1030753367495,0,0
S_11,2025-11-01,51.16,16.71,0.5063,-0.5491,0.0958,7197.1030753367495,0,0
S_11,2025-12-01,51.16,16.71,0.4649,-0.5027,0.1527,7197.1030753367495,0,0
S_11,2026-01-01,51.16,16.71,0.1476,-0.1665,0.6012,7197.1030753367495,0,0
S_11,2026-02-01,51.16,16.71,0.3246,-0.407,-0.0401,7197.1030753367495,0,0
S_11,2026-03-01,51.16,16.71,0.3343,-0.4097,-0.049,7197.1030753367495,0,0
S_110,2023-06-01,51.04,16.85,0.6509,-0.6306,0.3207,6723.889490045874,0,0
S_110,2023-07-01,51.04,16.85,0.4512,-0.4998,0.1263,6723.889490045874,0,0
S_110,2023-08-01,51.04,16.85,0.4892,-0.4933,0.0655,6723.889490045874,0,0
S_110,2023-09-01,51.04,16.85,0.4705,-0.5029,0.0253,6723.889490045874,0,0
S_110,2023-10-01,51.04,16.85,0.432,-0.4721,-0.0401,6723.889490045874,0,0
S_110,2023-11-01,51.04,16.85,0.5841,-0.596,0.1364,6723.889490045874,0,0
S_110,2023-12-01,51.04,16.85,0.1882,-0.1993,0.0697,6723.889490045874,0,0
S_110,2024-01-01,51.04,16.85,0.2173,-0.2333,0.5852,6723.889490045874,0,0
S_110,2024-02-01,51.04,16.85,0.5101,-0.5466,0.0826,6723.889490045874,0,0
S_110,2024-03-01,51.04,16.85,0.5013,-0.4874,0.1528,6723.889490045874,0,0
S_110,2024-04-01,51.04,16.85,0.5414,-0.5317,0.1954,6723.889490045874,0,0
S_110,2024-05-01,51.04,16.85,0.5814,-0.576,0.238,6723.889490045874,0,0
S_110,2024-06-01,51.04,16.85,0.5978,-0.5665,0.233,6723.889490045874,0,0
S_110,2024-07-01,51.04,16.85,0.4573,-0.4842,0.0399,6723.889490045874,0,0
S_110,2024-08-01,51.04,16.85,0.5001,-0.5206,0.064,6723.889490045874,0,0
S_110,2024-09-01,51.04,16.85,0.516,-0.5241,0.076,6723.889490045874,0,0
S_110,2024-10-01,51.04,16.85,0.3584,-0.4341,-0.0613,6723.889490045874,0,0
S_110,2024-11-01,51.04,16.85,0.4038,-0.4573,-0.0282,6723.889490045874,0,0
S_110,2024-12-01,51.04,16.85,0.1959,-0.2671,0.0287,6723.889490045874,0,0
S_110,2025-01-01,51.04,16.85,0.4496,-0.5021,0.0587,6723.889490045874,0,0
S_110,2025-02-01,51.04,16.85,0.3316,-0.3635,0.2731,6723.889490045874,0,0
S_110,2025-03-01,51.04,16.85,0.4714,-0.5024,0.0386,6723.889490045874,0,0
S_110,2025-04-01,51.04,16.85,0.5338,-0.5501,0.1124,6723.889490045874,0,0
S_110,2025-05-01,51.04,16.85,0.5717,-0.5664,0.2425,6723.889490045874,0,0
S_110,2025-06-01,51.04,16.85,0.5899,-0.5874,0.2583,6723.889490045874,0,0
S_110,2025-07-01,51.04,16.85,0.4527,-0.4816,0.0625,6723.889490045874,0,0
S_110,2025-08-01,51.04,16.85,0.4948,-0.5178,0.0755,6723.889490045874,0,0
S_110,2025-09-01,51.04,16.85,0.46,-0.4934,0.0052,6723.889490045874,0,0
S_110,2025-10-01,51.04,16.85,0.408,-0.472,-0.0379,6723.889490045874,0,0
S_110,2025-11-01,51.04,16.85,0.3559,-0.4505,-0.081,6723.889490045874,0,0
S_110,2025-12-01,51.04,16.85,0.3956,-0.4772,-0.0055,6723.889490045874,0,0
S_110,2026-01-01,51.04,16.85,0.3546,-0.4432,-0.0664,6723.889490045874,0,0
S_110,2026-02-01,51.04,16.85,0.3137,-0.4092,-0.1272,6723.889490045874,0,0
S_110,2026-03-01,51.04,16.85,0.3252,-0.3966,-0.1169,6723.889490045874,0,0
S_111,2023-06-01,51.06,16.85,0.78,-0.7197,0.4671,5421.191720799655,0,0
S_111,2023-07-01,51.06,16.85,0.4437,-0.5082,0.1347,5421.191720799655,0,0
S_111,2023-08-01,51.06,16.85,0.3992,-0.4326,-0.0262,5421.191720799655,0,0
S_111,2023-09-01,51.06,16.85,0.4428,-0.4756,-0.0515,5421.191720799655,0,0
S_111,2023-10-01,51.06,16.85,0.3516,-0.4382,-0.0923,5421.191720799655,0,0
S_111,2023-11-01,51.06,16.85,0.4623,-0.5253,-0.0092,5421.191720799655,0,0
S_111,2023-12-01,51.06,16.85,0.1957,-0.226,0.0331,5421.191720799655,0,0
S_111,2024-01-01,51.06,16.85,0.1519,-0.177,0.5825,5421.191720799655,0,0
S_111,2024-02-01,51.06,16.85,0.4284,-0.5077,-0.0334,5421.191720799655,0,0
S_111,2024-03-01,51.06,16.85,0.5049,-0.5442,0.0565,5421.191720799655,0,0
S_111,2024-04-01,51.06,16.85,0.5814,-0.5808,0.1464,5421.191720799655,0,0
S_111,2024-05-01,51.06,16.85,0.4914,-0.5115,0.1094,5421.191720799655,0,0
S_111,2024-06-01,51.06,16.85,0.6389,-0.5988,0.192,5421.191720799655,0,0
S_111,2024-07-01,51.06,16.85,0.601,-0.5753,0.1972,5421.191720799655,0,0
S_111,2024-08-01,51.06,16.85,0.6253,-0.6073,0.155,5421.191720799655,0,0
S_111,2024-09-01,51.06,16.85,0.4723,-0.5204,-0.0073,5421.191720799655,0,0
S_111,2024-10-01,51.06,16.85,0.2576,-0.3674,-0.1928,5421.191720799655,0,0
S_111,2024-11-01,51.06,16.85,0.3049,-0.3993,-0.1629,5421.191720799655,0,0
S_111,2024-12-01,51.06,16.85,0.2603,-0.2712,-0.1103,5421.191720799655,0,0
S_111,2025-01-01,51.06,16.85,0.3223,-0.441,-0.1288,5421.191720799655,0,0
S_111,2025-02-01,51.06,16.85,0.2885,-0.3805,0.0231,5421.191720799655,0,0
S_111,2025-03-01,51.06,16.85,0.3226,-0.4022,-0.165,5421.191720799655,0,0
S_111,2025-04-01,51.06,16.85,0.3503,-0.4175,-0.1445,5421.191720799655,0,0
S_111,2025-05-01,51.06,16.85,0.4036,-0.4472,-0.037,5421.191720799655,0,0
S_111,2025-06-01,51.06,16.85,0.7943,-0.7351,0.3605,5421.191720799655,0,0
S_111,2025-07-01,51.06,16.85,0.7001,-0.6677,0.2993,5421.191720799655,0,0
S_111,2025-08-01,51.06,16.85,0.7319,-0.7009,0.3094,5421.191720799655,0,0
S_111,2025-09-01,51.06,16.85,0.5332,-0.5598,0.0497,5421.191720799655,0,0
S_111,2025-10-01,51.06,16.85,0.4114,-0.495,-0.0623,5421.191720799655,0,0
S_111,2025-11-01,51.06,16.85,0.2897,-0.4303,-0.1743,5421.191720799655,0,0
S_111,2025-12-01,51.06,16.85,0.2891,-0.4476,-0.1135,5421.191720799655,0,0
S_111,2026-01-01,51.06,16.85,0.0644,-0.1245,0.1843,5421.191720799655,0,0
S_111,2026-02-01,51.06,16.85,0.2408,-0.3743,-0.2012,5421.191720799655,0,0
S_111,2026-03-01,51.06,16.85,0.251,-0.3643,-0.2048,5421.191720799655,0,0
S_112,2023-06-01,51.08,16.85,0.6316,-0.6169,0.2615,3253.6617859423213,0,0
S_112,2023-07-01,51.08,16.85,0.5533,-0.5774,0.1819,3253.6617859423213,0,0
S_112,2023-08-01,51.08,16.85,0.445,-0.4528,0.0736,3253.6617859423213,0,0
S_112,2023-09-01,51.08,16.85,0.5624,-0.561,0.0921,3253.6617859423213,0,0
S_112,2023-10-01,51.08,16.85,0.5319,-0.5343,0.0473,3253.6617859423213,0,0
S_112,2023-11-01,51.08,16.85,0.502,-0.5579,0.0675,3253.6617859423213,0,0
S_112,2023-12-01,51.08,16.85,0.3188,-0.3453,0.0971,3253.6617859423213,0,0
S_112,2024-01-01,51.08,16.85,0.1641,-0.2034,0.4404,3253.6617859423213,0,0
S_112,2024-02-01,51.08,16.85,0.3678,-0.4782,-0.0633,3253.6617859423213,0,0
S_112,2024-03-01,51.08,16.85,0.37,-0.4498,-0.0585,3253.6617859423213,0,0
S_112,2024-04-01,51.08,16.85,0.3723,-0.4214,-0.0537,3253.6617859423213,0,0
S_112,2024-05-01,51.08,16.85,0.4405,-0.4795,0.0192,3253.6617859423213,0,0
S_112,2024-06-01,51.08,16.85,0.5173,-0.5148,0.0598,3253.6617859423213,0,0
S_112,2024-07-01,51.08,16.85,0.6599,-0.6285,0.2331,3253.6617859423213,0,0
S_112,2024-08-01,51.08,16.85,0.694,-0.6553,0.2346,3253.6617859423213,0,0
S_112,2024-09-01,51.08,16.85,0.6024,-0.5958,0.1264,3253.6617859423213,0,0
S_112,2024-10-01,51.08,16.85,0.3293,-0.4529,-0.128,3253.6617859423213,0,0
S_112,2024-11-01,51.08,16.85,0.3264,-0.4276,-0.0963,3253.6617859423213,0,0
S_112,2024-12-01,51.08,16.85,0.2378,-0.2753,-0.0538,3253.6617859423213,0,0
S_112,2025-01-01,51.08,16.85,0.316,-0.4273,-0.1032,3253.6617859423213,0,0
S_112,2025-02-01,51.08,16.85,0.2818,-0.36,0.0192,3253.6617859423213,0,0
S_112,2025-03-01,51.08,16.85,0.3266,-0.4031,-0.1528,3253.6617859423213,0,0
S_112,2025-04-01,51.08,16.85,0.3684,-0.4306,-0.1224,3253.6617859423213,0,0
S_112,2025-05-01,51.08,16.85,0.4967,-0.5118,0.0532,3253.6617859423213,0,0
S_112,2025-06-01,51.08,16.85,0.7072,-0.6666,0.2833,3253.6617859423213,0,0
S_112,2025-07-01,51.08,16.85,0.5971,-0.5885,0.2242,3253.6617859423213,0,0
S_112,2025-08-01,51.08,16.85,0.6449,-0.6384,0.2144,3253.6617859423213,0,0
S_112,2025-09-01,51.08,16.85,0.5935,-0.5867,0.1285,3253.6617859423213,0,0
S_112,2025-10-01,51.08,16.85,0.4968,-0.541,0.0377,3253.6617859423213,0,0
S_112,2025-11-01,51.08,16.85,0.4002,-0.4953,-0.0532,3253.6617859423213,0,0
S_112,2025-12-01,51.08,16.85,0.3656,-0.4914,-0.018,3253.6617859423213,0,0
S_112,2026-01-01,51.08,16.85,0.3124,-0.4404,-0.0999,3253.6617859423213,0,0
S_112,2026-02-01,51.08,16.85,0.2592,-0.3895,-0.1818,3253.6617859423213,0,0
S_112,2026-03-01,51.08,16.85,0.2597,-0.3745,-0.1887,3253.6617859423213,0,0
S_113,2023-06-01,51.1,16.85,0.5749,-0.5619,0.2185,1042.0817532091585,0,0
S_113,2023-07-01,51.1,16.85,0.587,-0.5921,0.1592,1042.0817532091585,0,0
S_113,2023-08-01,51.1,16.85,0.5849,-0.5523,0.1649,1042.0817532091585,0,0
S_113,2023-09-01,51.1,16.85,0.6712,-0.6247,0.2183,1042.0817532091585,0,0
S_113,2023-10-01,51.1,16.85,0.6317,-0.5945,0.1627,1042.0817532091585,0,0
S_113,2023-11-01,51.1,16.85,0.507,-0.5595,0.0841,1042.0817532091585,0,0
S_113,2023-12-01,51.1,16.85,0.7501,-0.6185,0.5885,1042.0817532091585,0,0
S_113,2024-01-01,51.1,16.85,0.2486,-0.2914,0.3512,1042.0817532091585,0,0
S_113,2024-02-01,51.1,16.85,0.4356,-0.5145,0.0532,1042.0817532091585,0,0
S_113,2024-03-01,51.1,16.85,0.4372,-0.485,0.0816,1042.0817532091585,0,0
S_113,2024-04-01,51.1,16.85,0.4389,-0.4554,0.1101,1042.0817532091585,0,0
S_113,2024-05-01,51.1,16.85,0.6052,-0.5706,0.2194,1042.0817532091585,0,0
S_113,2024-06-01,51.1,16.85,0.5656,-0.5423,0.1652,1042.0817532091585,0,0
S_113,2024-07-01,51.1,16.85,0.4695,-0.4681,0.0379,1042.0817532091585,0,0
S_113,2024-08-01,51.1,16.85,0.4929,-0.5059,0.0527,1042.0817532091585,0,0
S_113,2024-09-01,51.1,16.85,0.5729,-0.5482,0.1338,1042.0817532091585,0,0
S_113,2024-10-01,51.1,16.85,0.4797,-0.5066,0.0344,1042.0817532091585,0,0
S_113,2024-11-01,51.1,16.85,0.4896,-0.4987,0.0859,1042.0817532091585,0,0
S_113,2024-12-01,51.1,16.85,0.3762,-0.3899,0.1019,1042.0817532091585,0,0
S_113,2025-01-01,51.1,16.85,0.4563,-0.5094,0.0975,1042.0817532091585,0,0
S_113,2025-02-01,51.1,16.85,0.3696,-0.427,0.1736,1042.0817532091585,0,0
S_113,2025-03-01,51.1,16.85,0.4221,-0.4662,0.0155,1042.0817532091585,0,0
S_113,2025-04-01,51.1,16.85,0.5133,-0.5238,0.0969,1042.0817532091585,0,0
S_113,2025-05-01,51.1,16.85,0.6156,-0.571,0.2918,1042.0817532091585,0,0
S_113,2025-06-01,51.1,16.85,0.5602,-0.5722,0.2091,1042.0817532091585,0,0
S_113,2025-07-01,51.1,16.85,0.5454,-0.5324,0.0977,1042.0817532091585,0,0
S_113,2025-08-01,51.1,16.85,0.5618,-0.5534,0.1036,1042.0817532091585,0,0
S_113,2025-09-01,51.1,16.85,0.5682,-0.5598,0.1012,1042.0817532091585,0,0
S_113,2025-10-01,51.1,16.85,0.5046,-0.5346,0.0497,1042.0817532091585,0,0
S_113,2025-11-01,51.1,16.85,0.4411,-0.5094,-0.0018,1042.0817532091585,0,0
S_113,2025-12-01,51.1,16.85,0.4656,-0.53,0.0693,1042.0817532091585,0,0
S_113,2026-01-01,51.1,16.85,0.3886,-0.4698,-0.0154,1042.0817532091585,0,0
S_113,2026-02-01,51.1,16.85,0.3116,-0.4096,-0.1,1042.0817532091585,0,0
S_113,2026-03-01,51.1,16.85,0.3096,-0.3981,-0.0947,1042.0817532091585,0,0
S_114,2023-06-01,51.12,16.85,0.7271,-0.665,0.3039,152.9756075835791,0,0
S_114,2023-07-01,51.12,16.85,0.683,-0.6379,0.2087,152.9756075835791,0,0
S_114,2023-08-01,51.12,16.85,0.648,-0.5955,0.186,152.9756075835791,0,0
S_114,2023-09-01,51.12,16.85,0.7243,-0.6626,0.2255,152.9756075835791,0,0
S_114,2023-10-01,51.12,16.85,0.7068,-0.6501,0.1854,152.9756075835791,0,0
S_114,2023-11-01,51.12,16.85,0.5959,-0.6136,0.0962,152.9756075835791,0,0
S_114,2023-12-01,51.12,16.85,0.329,-0.3262,0.2556,152.9756075835791,0,0
S_114,2024-01-01,51.12,16.85,0.2945,-0.3353,0.3383,152.9756075835791,0,0
S_114,2024-02-01,51.12,16.85,0.4669,-0.5517,0.0126,152.9756075835791,0,0
S_114,2024-03-01,51.12,16.85,0.5401,-0.5594,0.0979,152.9756075835791,0,0
S_114,2024-04-01,51.12,16.85,0.6134,-0.5672,0.1832,152.9756075835791,0,0
S_114,2024-05-01,51.12,16.85,0.6797,-0.621,0.2403,152.9756075835791,0,0
S_114,2024-06-01,51.12,16.85,0.6877,-0.6212,0.2219,152.9756075835791,0,0
S_114,2024-07-01,51.12,16.85,0.6134,-0.5705,0.14,152.9756075835791,0,0
S_114,2024-08-01,51.12,16.85,0.702,-0.6462,0.187,152.9756075835791,0,0
S_114,2024-09-01,51.12,16.85,0.5805,-0.541,0.187,152.9756075835791,0,0
S_114,2024-10-01,51.12,16.85,0.574,-0.5768,0.0409,152.9756075835791,0,0
S_114,2024-11-01,51.12,16.85,0.5458,-0.5431,0.063,152.9756075835791,0,0
S_114,2024-12-01,51.12,16.85,0.3567,-0.3737,0.0392,152.9756075835791,0,0
S_114,2025-01-01,51.12,16.85,0.452,-0.5221,0.0013,152.9756075835791,0,0
S_114,2025-02-01,51.12,16.85,0.3911,-0.4628,0.0759,152.9756075835791,0,0
S_114,2025-03-01,51.12,16.85,0.3976,-0.4512,-0.0651,152.9756075835791,0,0
S_114,2025-04-01,51.12,16.85,0.4833,-0.5005,-0.0144,152.9756075835791,0,0
S_114,2025-05-01,51.12,16.85,0.6636,-0.5932,0.2519,152.9756075835791,0,0
S_114,2025-06-01,51.12,16.85,0.7058,-0.6639,0.2453,152.9756075835791,0,0
S_114,2025-07-01,51.12,16.85,0.6545,-0.6059,0.1655,152.9756075835791,0,0
S_114,2025-08-01,51.12,16.85,0.7043,-0.6499,0.2066,152.9756075835791,0,0
S_114,2025-09-01,51.12,16.85,0.6897,-0.6486,0.1738,152.9756075835791,0,0
S_114,2025-10-01,51.12,16.85,0.6145,-0.619,0.0936,152.9756075835791,0,0
S_114,2025-11-01,51.12,16.85,0.5394,-0.5894,0.0133,152.9756075835791,0,0
S_114,2025-12-01,51.12,16.85,0.4974,-0.5755,0.0362,152.9756075835791,0,0
S_114,2026-01-01,51.12,16.85,0.4246,-0.5146,-0.0458,152.9756075835791,0,0
S_114,2026-02-01,51.12,16.85,0.3518,-0.4536,-0.1277,152.9756075835791,0,0
S_114,2026-03-01,51.12,16.85,0.3436,-0.434,-0.1206,152.9756075835791,0,0
S_115,2023-06-01,51.14,16.85,0.6816,-0.6286,0.2641,30.375214416566127,145,0
S_115,2023-07-01,51.14,16.85,0.6267,-0.5938,0.1779,30.375214416566127,145,0
S_115,2023-08-01,51.14,16.85,0.5975,-0.5514,0.1596,30.375214416566127,145,0
S_115,2023-09-01,51.14,16.85,0.6761,-0.626,0.1947,30.375214416566127,145,0
S_115,2023-10-01,51.14,16.85,0.6384,-0.6029,0.1384,30.375214416566127,145,0
S_115,2023-11-01,51.14,16.85,0.5827,-0.5987,0.1255,30.375214416566127,145,0
S_115,2023-12-01,51.14,16.85,0.4253,-0.4468,0.1636,30.375214416566127,145,0
S_115,2024-01-01,51.14,16.85,0.3187,-0.3599,0.2979,30.375214416566127,145,0
S_115,2024-02-01,51.14,16.85,0.4661,-0.5454,0.0301,30.375214416566127,145,0
S_115,2024-03-01,51.14,16.85,0.5272,-0.5475,0.0906,30.375214416566127,145,0
S_115,2024-04-01,51.14,16.85,0.5882,-0.5496,0.1512,30.375214416566127,145,0
S_115,2024-05-01,51.14,16.85,0.6395,-0.5953,0.1954,30.375214416566127,145,0
S_115,2024-06-01,51.14,16.85,0.6529,-0.5861,0.2032,30.375214416566127,145,0
S_115,2024-07-01,51.14,16.85,0.5577,-0.533,0.0839,30.375214416566127,145,0
S_115,2024-08-01,51.14,16.85,0.6671,-0.6153,0.1736,30.375214416566127,145,0
S_115,2024-09-01,51.14,16.85,0.6467,-0.6108,0.1485,30.375214416566127,145,0
S_115,2024-10-01,51.14,16.85,0.5975,-0.5912,0.083,30.375214416566127,145,0
S_115,2024-11-01,51.14,16.85,0.5603,-0.5478,0.1121,30.375214416566127,145,0
S_115,2024-12-01,51.14,16.85,0.2978,-0.2932,0.1005,30.375214416566127,145,0
S_115,2025-01-01,51.14,16.85,0.4511,-0.5116,0.028,30.375214416566127,145,0
S_115,2025-02-01,51.14,16.85,0.3951,-0.4664,0.0917,30.375214416566127,145,0
S_115,2025-03-01,51.14,16.85,0.3559,-0.4267,-0.0781,30.375214416566127,145,0
S_115,2025-04-01,51.14,16.85,0.4024,-0.4494,-0.0576,30.375214416566127,145,0
S_115,2025-05-01,51.14,16.85,0.6143,-0.55,0.2356,30.375214416566127,145,0
S_115,2025-06-01,51.14,16.85,0.679,-0.6382,0.2307,30.375214416566127,145,0
S_115,2025-07-01,51.14,16.85,0.6037,-0.5731,0.1347,30.375214416566127,145,0
S_115,2025-08-01,51.14,16.85,0.6489,-0.6083,0.1761,30.375214416566127,145,0
S_115,2025-09-01,51.14,16.85,0.6503,-0.6177,0.1685,30.375214416566127,145,0
S_115,2025-10-01,51.14,16.85,0.5873,-0.5959,0.1063,30.375214416566127,145,0
S_115,2025-11-01,51.14,16.85,0.5243,-0.5741,0.0441,30.375214416566127,145,0
S_115,2025-12-01,51.14,16.85,0.4767,-0.5419,0.0615,30.375214416566127,145,0
S_115,2026-01-01,51.14,16.85,0.4075,-0.4886,-0.0247,30.375214416566127,145,0
S_115,2026-02-01,51.14,16.85,0.3383,-0.4354,-0.1108,30.375214416566127,145,0
S_115,2026-03-01,51.14,16.85,0.3307,-0.4183,-0.1046,30.375214416566127,145,0
S_116,2023-06-01,51.16,16.85,0.7242,-0.6673,0.3089,129.81078397110568,0,0
S_116,2023-07-01,51.16,16.85,0.643,-0.6243,0.1861,129.81078397110568,0,0
S_116,2023-08-01,51.16,16.85,0.4834,-0.4607,0.1244,129.81078397110568,0,0
S_116,2023-09-01,51.16,16.85,0.7597,-0.6877,0.2651,129.81078397110568,0,0
S_116,2023-10-01,51.16,16.85,0.709,-0.6523,0.2258,129.81078397110568,0,0
S_116,2023-11-01,51.16,16.85,0.6363,-0.6578,0.1655,129.81078397110568,0,0
S_116,2023-12-01,51.16,16.85,0.4765,-0.4891,0.1982,129.81078397110568,0,0
S_116,2024-01-01,51.16,16.85,0.4145,-0.4477,0.3099,129.81078397110568,0,0
S_116,2024-02-01,51.16,16.85,0.5497,-0.6176,0.0653,129.81078397110568,0,0
S_116,2024-03-01,51.16,16.85,0.5776,-0.5933,0.1006,129.81078397110568,0,0
S_116,2024-04-01,51.16,16.85,0.6055,-0.569,0.1359,129.81078397110568,0,0
S_116,2024-05-01,51.16,16.85,0.6552,-0.6083,0.1879,129.81078397110568,0,0
S_116,2024-06-01,51.16,16.85,0.5592,-0.502,0.2057,129.81078397110568,0,0
S_116,2024-07-01,51.16,16.85,0.5891,-0.5456,0.1541,129.81078397110568,0,0
S_116,2024-08-01,51.16,16.85,0.7369,-0.6759,0.2052,129.81078397110568,0,0
S_116,2024-09-01,51.16,16.85,0.7112,-0.672,0.183,129.81078397110568,0,0
S_116,2024-10-01,51.16,16.85,0.6534,-0.6523,0.1069,129.81078397110568,0,0
S_116,2024-11-01,51.16,16.85,0.6036,-0.6029,0.1578,129.81078397110568,0,0
S_116,2024-12-01,51.16,16.85,0.3397,-0.3498,0.0685,129.81078397110568,0,0
S_116,2025-01-01,51.16,16.85,0.5049,-0.5663,0.0599,129.81078397110568,0,0
S_116,2025-02-01,51.16,16.85,0.4377,-0.5042,0.1378,129.81078397110568,0,0
S_116,2025-03-01,51.16,16.85,0.4201,-0.4819,-0.067,129.81078397110568,0,0
S_116,2025-04-01,51.16,16.85,0.4627,-0.5085,-0.0579,129.81078397110568,0,0
S_116,2025-05-01,51.16,16.85,0.6165,-0.5605,0.1978,129.81078397110568,0,0
S_116,2025-06-01,51.16,16.85,0.7483,-0.6964,0.29,129.81078397110568,0,0
S_116,2025-07-01,51.16,16.85,0.7522,-0.6848,0.2891,129.81078397110568,0,0
S_116,2025-08-01,51.16,16.85,0.7996,-0.7322,0.3353,129.81078397110568,0,0
S_116,2025-09-01,51.16,16.85,0.7556,-0.7033,0.2859,129.81078397110568,0,0
S_116,2025-10-01,51.16,16.85,0.6468,-0.6577,0.1567,129.81078397110568,0,0
S_116,2025-11-01,51.16,16.85,0.5379,-0.612,0.0275,129.81078397110568,0,0
S_116,2025-12-01,51.16,16.85,0.5088,-0.5776,0.0962,129.81078397110568,0,0
S_116,2026-01-01,51.16,16.85,0.3385,-0.2917,0.4447,129.81078397110568,0,0
S_116,2026-02-01,51.16,16.85,0.3926,-0.4831,-0.0837,129.81078397110568,0,0
S_116,2026-03-01,51.16,16.85,0.3687,-0.4483,-0.0765,129.81078397110568,0,0
S_117,2023-06-01,51.18,16.85,0.7958,-0.7137,0.3434,328.7539166104857,0,0
S_117,2023-07-01,51.18,16.85,0.7702,-0.7007,0.2956,328.7539166104857,0,0
S_117,2023-08-01,51.18,16.85,0.6861,-0.6278,0.2475,328.7539166104857,0,0
S_117,2023-09-01,51.18,16.85,0.7856,-0.7148,0.3003,328.7539166104857,0,0
S_117,2023-10-01,51.18,16.85,0.7279,-0.6693,0.243,328.7539166104857,0,0
S_117,2023-11-01,51.18,16.85,0.6466,-0.6819,0.1513,328.7539166104857,0,0
S_117,2023-12-01,51.18,16.85,0.4831,-0.5004,0.1781,328.7539166104857,0,0
S_117,2024-01-01,51.18,16.85,0.43,-0.4576,0.2847,328.7539166104857,0,0
S_117,2024-02-01,51.18,16.85,0.5716,-0.6481,0.0658,328.7539166104857,0,0
S_117,2024-03-01,51.18,16.85,0.5891,-0.6086,0.1001,328.7539166104857,0,0
S_117,2024-04-01,51.18,16.85,0.6065,-0.5691,0.1344,328.7539166104857,0,0
S_117,2024-05-01,51.18,16.85,0.6946,-0.6289,0.2322,328.7539166104857,0,0
S_117,2024-06-01,51.18,16.85,0.7352,-0.6522,0.2862,328.7539166104857,0,0
S_117,2024-07-01,51.18,16.85,0.7312,-0.6538,0.2532,328.7539166104857,0,0
S_117,2024-08-01,51.18,16.85,0.7863,-0.7141,0.2477,328.7539166104857,0,0
S_117,2024-09-01,51.18,16.85,0.7744,-0.7129,0.2483,328.7539166104857,0,0
S_117,2024-10-01,51.18,16.85,0.6703,-0.6677,0.1168,328.7539166104857,0,0
S_117,2024-11-01,51.18,16.85,0.5657,-0.5706,0.108,328.7539166104857,0,0
S_117,2024-12-01,51.18,16.85,0.2617,-0.2501,0.1143,328.7539166104857,0,0
S_117,2025-01-01,51.18,16.85,0.5228,-0.583,0.0805,328.7539166104857,0,0
S_117,2025-02-01,51.18,16.85,0.4726,-0.5334,0.1232,328.7539166104857,0,0
S_117,2025-03-01,51.18,16.85,0.4205,-0.4794,-0.0701,328.7539166104857,0,0
S_117,2025-04-01,51.18,16.85,0.4478,-0.5006,-0.0787,328.7539166104857,0,0
S_117,2025-05-01,51.18,16.85,0.7055,-0.6182,0.253,328.7539166104857,0,0
S_117,2025-06-01,51.18,16.85,0.8057,-0.7318,0.3321,328.7539166104857,0,0
S_117,2025-07-01,51.18,16.85,0.7115,-0.6407,0.2535,328.7539166104857,0,0
S_117,2025-08-01,51.18,16.85,0.789,-0.715,0.2997,328.7539166104857,0,0
S_117,2025-09-01,51.18,16.85,0.7785,-0.7155,0.289,328.7539166104857,0,0
S_117,2025-10-01,51.18,16.85,0.6921,-0.6899,0.1829,328.7539166104857,0,0
S_117,2025-11-01,51.18,16.85,0.6056,-0.6643,0.0768,328.7539166104857,0,0
S_117,2025-12-01,51.18,16.85,0.565,-0.6082,0.1319,328.7539166104857,0,0
S_117,2026-01-01,51.18,16.85,0.3593,-0.3313,0.3902,328.7539166104857,0,0
S_117,2026-02-01,51.18,16.85,0.4431,-0.5221,-0.0577,328.7539166104857,0,0
S_117,2026-03-01,51.18,16.85,0.4299,-0.5016,-0.0675,328.7539166104857,0,0
S_118,2023-06-01,51.2,16.85,0.6132,-0.5904,0.2187,2136.925593380406,0,0
S_118,2023-07-01,51.2,16.85,0.604,-0.5942,0.1781,2136.925593380406,0,0
S_118,2023-08-01,51.2,16.85,0.532,-0.4914,0.1743,2136.925593380406,0,0
S_118,2023-09-01,51.2,16.85,0.6602,-0.6164,0.188,2136.925593380406,0,0
S_118,2023-10-01,51.2,16.85,0.5912,-0.5953,0.1299,2136.925593380406,0,0
S_118,2023-11-01,51.2,16.85,0.5222,-0.5741,0.0718,2136.925593380406,0,0
S_118,2023-12-01,51.2,16.85,0.4189,-0.4659,0.079,2136.925593380406,0,0
S_118,2024-01-01,51.2,16.85,0.3158,-0.3805,0.1771,2136.925593380406,0,0
S_118,2024-02-01,51.2,16.85,0.4188,-0.517,0.0215,2136.925593380406,0,0
S_118,2024-03-01,51.2,16.85,0.4666,-0.5126,0.063,2136.925593380406,0,0
S_118,2024-04-01,51.2,16.85,0.5145,-0.5081,0.1044,2136.925593380406,0,0
S_118,2024-05-01,51.2,16.85,0.5157,-0.5153,0.1234,2136.925593380406,0,0
S_118,2024-06-01,51.2,16.85,0.5827,-0.546,0.1659,2136.925593380406,0,0
S_118,2024-07-01,51.2,16.85,0.629,-0.5861,0.2097,2136.925593380406,0,0
S_118,2024-08-01,51.2,16.85,0.6741,-0.6341,0.2106,2136.925593380406,0,0
S_118,2024-09-01,51.2,16.85,0.6083,-0.6003,0.1345,2136.925593380406,0,0
S_118,2024-10-01,51.2,16.85,0.5014,-0.5468,0.012,2136.925593380406,0,0
S_118,2024-11-01,51.2,16.85,0.461,-0.4945,0.0438,2136.925593380406,0,0
S_118,2024-12-01,51.2,16.85,0.091,-0.0777,0.0643,2136.925593380406,0,0
S_118,2025-01-01,51.2,16.85,0.371,-0.4615,0.0128,2136.925593380406,0,0
S_118,2025-02-01,51.2,16.85,0.3258,-0.4092,0.1085,2136.925593380406,0,0
S_118,2025-03-01,51.2,16.85,0.3253,-0.4047,-0.0926,2136.925593380406,0,0
S_118,2025-04-01,51.2,16.85,0.3586,-0.4226,-0.0803,2136.925593380406,0,0
S_118,2025-05-01,51.2,16.85,0.5207,-0.512,0.1078,2136.925593380406,0,0
S_118,2025-06-01,51.2,16.85,0.6733,-0.6369,0.2294,2136.925593380406,0,0
S_118,2025-07-01,51.2,16.85,0.6744,-0.6245,0.2222,2136.925593380406,0,0
S_118,2025-08-01,51.2,16.85,0.6958,-0.6537,0.2428,2136.925593380406,0,0
S_118,2025-09-01,51.2,16.85,0.6514,-0.6211,0.1959,2136.925593380406,0,0
S_118,2025-10-01,51.2,16.85,0.5507,-0.5782,0.0901,2136.925593380406,0,0
S_118,2025-11-01,51.2,16.85,0.45,-0.5354,-0.0157,2136.925593380406,0,0
S_118,2025-12-01,51.2,16.85,0.4055,-0.4881,0.0666,2136.925593380406,0,0
S_118,2026-01-01,51.2,16.85,0.1191,-0.1254,0.5517,2136.925593380406,0,0
S_118,2026-02-01,51.2,16.85,0.3171,-0.4209,-0.1053,2136.925593380406,0,0
S_118,2026-03-01,51.2,16.85,0.3168,-0.4155,-0.1078,2136.925593380406,0,0
S_119,2023-06-01,51.22,16.85,0.4809,-0.4806,0.1669,2891.784132546267,0,0
S_119,2023-07-01,51.22,16.85,0.5409,-0.5194,0.1819,2891.784132546267,0,0
S_119,2023-08-01,51.22,16.85,0.4698,-0.4254,0.1977,2891.784132546267,0,0
S_119,2023-09-01,51.22,16.85,0.6442,-0.5776,0.2429,2891.784132546267,0,0
S_119,2023-10-01,51.22,16.85,0.4219,-0.3354,0.0882,2891.784132546267,0,0
S_119,2023-11-01,51.22,16.85,0.4808,-0.498,0.0956,2891.784132546267,0,0
S_119,2023-12-01,51.22,16.85,0.3449,-0.3821,0.0615,2891.784132546267,0,0
S_119,2024-01-01,51.22,16.85,0.2282,-0.2866,0.1221,2891.784132546267,0,0
S_119,2024-02-01,51.22,16.85,0.2804,-0.3704,-0.0275,2891.784132546267,0,0
S_119,2024-03-01,51.22,16.85,0.3491,-0.3972,0.0162,2891.784132546267,0,0
S_119,2024-04-01,51.22,16.85,0.4179,-0.4241,0.0599,2891.784132546267,0,0
S_119,2024-05-01,51.22,16.85,0.4385,-0.4456,0.0832,2891.784132546267,0,0
S_119,2024-06-01,51.22,16.85,0.5858,-0.5565,0.1717,2891.784132546267,0,0
S_119,2024-07-01,51.22,16.85,0.6042,-0.5698,0.1882,2891.784132546267,0,0
S_119,2024-08-01,51.22,16.85,0.5716,-0.5324,0.1447,2891.784132546267,0,0
S_119,2024-09-01,51.22,16.85,0.5598,-0.5282,0.1389,2891.784132546267,0,0
S_119,2024-10-01,51.22,16.85,0.4048,-0.4382,-0.0062,2891.784132546267,0,0
S_119,2024-11-01,51.22,16.85,0.3742,-0.399,0.0355,2891.784132546267,0,0
S_119,2024-12-01,51.22,16.85,0.0394,-0.0007,0.0826,2891.784132546267,0,0
S_119,2025-01-01,51.22,16.85,0.2619,-0.3471,-0.0145,2891.784132546267,0,0
S_119,2025-02-01,51.22,16.85,0.2385,-0.3243,0.0852,2891.784132546267,0,0
S_119,2025-03-01,51.22,16.85,0.24,-0.3133,-0.0971,2891.784132546267,0,0
S_119,2025-04-01,51.22,16.85,0.2647,-0.3203,-0.072,2891.784132546267,0,0
S_119,2025-05-01,51.22,16.85,0.4124,-0.4164,0.0691,2891.784132546267,0,0
S_119,2025-06-01,51.22,16.85,0.6259,-0.5772,0.239,2891.784132546267,0,0
S_119,2025-07-01,51.22,16.85,0.6635,-0.6025,0.2597,2891.784132546267,0,0
S_119,2025-08-01,51.22,16.85,0.6452,-0.5866,0.242,2891.784132546267,0,0
S_119,2025-09-01,51.22,16.85,0.5435,-0.5172,0.1265,2891.784132546267,0,0
S_119,2025-10-01,51.22,16.85,0.4406,-0.468,0.0166,2891.784132546267,0,0
S_119,2025-11-01,51.22,16.85,0.3378,-0.4187,-0.0933,2891.784132546267,0,0
S_119,2025-12-01,51.22,16.85,0.2925,-0.3572,-0.0058,2891.784132546267,0,0
S_119,2026-01-01,51.22,16.85,0.0853,-0.0894,0.5269,2891.784132546267,0,0
S_119,2026-02-01,51.22,16.85,0.2478,-0.3361,-0.1177,2891.784132546267,0,0
S_119,2026-03-01,51.22,16.85,0.2415,-0.3282,-0.1158,2891.784132546267,0,0
S_12,2023-06-01,51.18,16.71,0.7522,-0.6815,0.3165,7880.060446899775,0,0
S_12,2023-07-01,51.18,16.71,0.6986,-0.6526,0.2407,7880.060446899775,0,0
S_12,2023-08-01,51.18,16.71,0.4409,-0.4072,0.1506,7880.060446899775,0,0
S_12,2023-09-01,51.18,16.71,0.7294,-0.6747,0.2647,7880.060446899775,0,0
S_12,2023-10-01,51.18,16.71,0.7139,-0.6682,0.2312,7880.060446899775,0,0
S_12,2023-11-01,51.18,16.71,0.6982,-0.6898,0.2638,7880.060446899775,0,0
S_12,2023-12-01,51.18,16.71,0.3039,-0.3078,0.1452,7880.060446899775,0,0
S_12,2024-01-01,51.18,16.71,0.5502,-0.5562,0.3361,7880.060446899775,0,0
S_12,2024-02-01,51.18,16.71,0.6521,-0.6761,0.1671,7880.060446899775,0,0
S_12,2024-03-01,51.18,16.71,0.6423,-0.6333,0.1778,7880.060446899775,0,0
S_12,2024-04-01,51.18,16.71,0.6325,-0.5905,0.1885,7880.060446899775,0,0
S_12,2024-05-01,51.18,16.71,0.6573,-0.6113,0.2273,7880.060446899775,0,0
S_12,2024-06-01,51.18,16.71,0.7365,-0.6599,0.2611,7880.060446899775,0,0
S_12,2024-07-01,51.18,16.71,0.7427,-0.6632,0.2841,7880.060446899775,0,0
S_12,2024-08-01,51.18,16.71,0.7703,-0.7071,0.2746,7880.060446899775,0,0
S_12,2024-09-01,51.18,16.71,0.7005,-0.6766,0.216,7880.060446899775,0,0
S_12,2024-10-01,51.18,16.71,0.6575,-0.6574,0.1653,7880.060446899775,0,0
S_12,2024-11-01,51.18,16.71,0.6606,-0.6317,0.2653,7880.060446899775,0,0
S_12,2024-12-01,51.18,16.71,0.434,-0.4072,0.2004,7880.060446899775,0,0
S_12,2025-01-01,51.18,16.71,0.6336,-0.6484,0.2019,7880.060446899775,0,0
S_12,2025-02-01,51.18,16.71,0.4616,-0.4613,0.4359,7880.060446899775,0,0
S_12,2025-03-01,51.18,16.71,0.5379,-0.5445,0.0588,7880.060446899775,0,0
S_12,2025-04-01,51.18,16.71,0.5846,-0.5809,0.0624,7880.060446899775,0,0
S_12,2025-05-01,51.18,16.71,0.6699,-0.5952,0.2437,7880.060446899775,0,0
S_12,2025-06-01,51.18,16.71,0.752,-0.7064,0.3001,7880.060446899775,0,0
S_12,2025-07-01,51.18,16.71,0.7496,-0.6999,0.2887,7880.060446899775,0,0
S_12,2025-08-01,51.18,16.71,0.7472,-0.6934,0.2773,7880.060446899775,0,0
S_12,2025-09-01,51.18,16.71,0.761,-0.7086,0.3011,7880.060446899775,0,0
S_12,2025-10-01,51.18,16.71,0.7181,-0.7008,0.2577,7880.060446899775,0,0
S_12,2025-11-01,51.18,16.71,0.6751,-0.693,0.2143,7880.060446899775,0,0
S_12,2025-12-01,51.18,16.71,0.5887,-0.5951,0.2143,7880.060446899775,0,0
S_12,2026-01-01,51.18,16.71,0.4082,-0.3717,0.5101,7880.060446899775,0,0
S_12,2026-02-01,51.18,16.71,0.5074,-0.546,0.0515,7880.060446899775,0,0
S_12,2026-03-01,51.18,16.71,0.4914,-0.525,0.0414,7880.060446899775,0,0
S_120,2023-06-01,51.24,16.85,0.4518,-0.4246,0.1446,4629.559266687689,0,0
S_120,2023-07-01,51.24,16.85,0.5283,-0.4667,0.1825,4629.559266687689,0,0
S_120,2023-08-01,51.24,16.85,0.5503,-0.4784,0.2755,4629.559266687689,0,0
S_120,2023-09-01,51.24,16.85,0.6152,-0.532,0.2589,4629.559266687689,0,0
S_120,2023-10-01,51.24,16.85,0.5587,-0.4899,0.1733,4629.559266687689,0,0
S_120,2023-11-01,51.24,16.85,0.3953,-0.4191,0.0459,4629.559266687689,0,0
S_120,2023-12-01,51.24,16.85,0.302,-0.3434,0.065,4629.559266687689,0,0
S_120,2024-01-01,51.24,16.85,0.1816,-0.242,0.141,4629.559266687689,0,0
S_120,2024-02-01,51.24,16.85,0.2262,-0.3192,-0.0653,4629.559266687689,0,0
S_120,2024-03-01,51.24,16.85,0.3332,-0.3726,0.002,4629.559266687689,0,0
S_120,2024-04-01,51.24,16.85,0.4402,-0.4261,0.0694,4629.559266687689,0,0
S_120,2024-05-01,51.24,16.85,0.4705,-0.4451,0.1099,4629.559266687689,0,0
S_120,2024-06-01,51.24,16.85,0.5284,-0.474,0.1834,4629.559266687689,0,0
S_120,2024-07-01,51.24,16.85,0.5882,-0.5205,0.202,4629.559266687689,0,0
S_120,2024-08-01,51.24,16.85,0.5824,-0.5137,0.1744,4629.559266687689,0,0
S_120,2024-09-01,51.24,16.85,0.4731,-0.4548,0.3308,4629.559266687689,0,0
S_120,2024-10-01,51.24,16.85,0.3715,-0.3802,0.0081,4629.559266687689,0,0
S_120,2024-11-01,51.24,16.85,0.436,-0.4721,0.0631,4629.559266687689,0,0
S_120,2024-12-01,51.24,16.85,0.0358,0.0172,0.0929,4629.559266687689,0,0
S_120,2025-01-01,51.24,16.85,0.2364,-0.3028,0.003,4629.559266687689,0,0
S_120,2025-02-01,51.24,16.85,0.2285,-0.2807,0.0108,4629.559266687689,0,0
S_120,2025-03-01,51.24,16.85,0.2374,-0.2838,-0.0774,4629.559266687689,0,0
S_120,2025-04-01,51.24,16.85,0.2978,-0.3144,-0.0564,4629.559266687689,0,0
S_120,2025-05-01,51.24,16.85,0.577,-0.5239,0.1861,4629.559266687689,0,0
S_120,2025-06-01,51.24,16.85,0.6045,-0.5449,0.2466,4629.559266687689,0,0
S_120,2025-07-01,51.24,16.85,0.5324,-0.4722,0.1617,4629.559266687689,0,0
S_120,2025-08-01,51.24,16.85,0.5525,-0.4934,0.1721,4629.559266687689,0,0
S_120,2025-09-01,51.24,16.85,0.5044,-0.4665,0.1091,4629.559266687689,0,0
S_120,2025-10-01,51.24,16.85,0.4138,-0.4272,0.0267,4629.559266687689,0,0
S_120,2025-11-01,51.24,16.85,0.3232,-0.388,-0.0557,4629.559266687689,0,0
S_120,2025-12-01,51.24,16.85,0.281,-0.3265,-0.0001,4629.559266687689,0,0
S_120,2026-01-01,51.24,16.85,0.0911,-0.0944,0.3798,4629.559266687689,0,0
S_120,2026-02-01,51.24,16.85,0.2165,-0.2979,-0.0932,4629.559266687689,0,0
S_120,2026-03-01,51.24,16.85,0.2209,-0.2914,-0.1237,4629.559266687689,0,0
S_121,2023-06-01,50.96,16.87,0.4248,-0.4668,0.0708,12162.057822383023,0,0
S_121,2023-07-01,50.96,16.87,0.6286,-0.6118,0.2266,12162.057822383023,0,0
S_121,2023-08-01,50.96,16.87,0.6597,-0.6281,0.1842,12162.057822383023,0,0
S_121,2023-09-01,50.96,16.87,0.6496,-0.617,0.1936,12162.057822383023,0,0
S_121,2023-10-01,50.96,16.87,0.5019,-0.5299,0.0311,12162.057822383023,0,0
S_121,2023-11-01,50.96,16.87,0.3148,-0.3644,-0.0499,12162.057822383023,0,0
S_121,2023-12-01,50.96,16.87,0.2665,-0.3486,-0.0947,12162.057822383023,0,0
S_121,2024-01-01,50.96,16.87,0.0753,-0.1043,0.6685,12162.057822383023,0,0
S_121,2024-02-01,50.96,16.87,0.3025,-0.401,-0.0849,12162.057822383023,0,0
S_121,2024-03-01,50.96,16.87,0.3613,-0.4061,-0.0279,12162.057822383023,0,0
S_121,2024-04-01,50.96,16.87,0.3949,-0.4421,0.0155,12162.057822383023,0,0
S_121,2024-05-01,50.96,16.87,0.4208,-0.462,0.0615,12162.057822383023,0,0
S_121,2024-06-01,50.96,16.87,0.5567,-0.5342,0.1659,12162.057822383023,0,0
S_121,2024-07-01,50.96,16.87,0.5931,-0.5787,0.168,12162.057822383023,0,0
S_121,2024-08-01,50.96,16.87,0.5917,-0.5663,0.1556,12162.057822383023,0,0
S_121,2024-09-01,50.96,16.87,0.4911,-0.5202,0.037,12162.057822383023,0,0
S_121,2024-10-01,50.96,16.87,0.3315,-0.4284,-0.1109,12162.057822383023,0,0
S_121,2024-11-01,50.96,16.87,0.3144,-0.4219,-0.1023,12162.057822383023,0,0
S_121,2024-12-01,50.96,16.87,0.2702,-0.3273,-0.0544,12162.057822383023,0,0
S_121,2025-01-01,50.96,16.87,0.3274,-0.443,-0.061,12162.057822383023,0,0
S_121,2025-02-01,50.96,16.87,0.2838,-0.3492,0.0139,12162.057822383023,0,0
S_121,2025-03-01,50.96,16.87,0.3737,-0.432,-0.0616,12162.057822383023,0,0
S_121,2025-04-01,50.96,16.87,0.6258,-0.6106,0.2441,12162.057822383023,0,0
S_121,2025-05-01,50.96,16.87,0.5777,-0.5714,0.2129,12162.057822383023,0,0
S_121,2025-06-01,50.96,16.87,0.6861,-0.6446,0.3327,12162.057822383023,0,0
S_121,2025-07-01,50.96,16.87,0.5956,-0.5853,0.2866,12162.057822383023,0,0
S_121,2025-08-01,50.96,16.87,0.4454,-0.4904,0.0396,12162.057822383023,0,0
S_121,2025-09-01,50.96,16.87,0.4079,-0.4561,-0.0202,12162.057822383023,0,0
S_121,2025-10-01,50.96,16.87,0.4218,-0.4721,-0.0177,12162.057822383023,0,0
S_121,2025-11-01,50.96,16.87,0.4358,-0.4881,-0.0153,12162.057822383023,0,0
S_121,2025-12-01,50.96,16.87,0.3696,-0.4834,-0.037,12162.057822383023,0,0
S_121,2026-01-01,50.96,16.87,0.324,-0.4533,-0.1242,12162.057822383023,0,0
S_121,2026-02-01,50.96,16.87,0.2688,-0.3854,-0.1437,12162.057822383023,0,0
S_121,2026-03-01,50.96,16.87,0.2868,-0.4064,-0.1359,12162.057822383023,0,0
S_122,2023-06-01,50.98,16.87,0.5965,-0.5792,0.1583,10372.104290519828,0,0
S_122,2023-07-01,50.98,16.87,0.7083,-0.6664,0.2958,10372.104290519828,0,0
S_122,2023-08-01,50.98,16.87,0.6708,-0.6402,0.2014,10372.104290519828,0,0
S_122,2023-09-01,50.98,16.87,0.7032,-0.6608,0.2335,10372.104290519828,0,0
S_122,2023-10-01,50.98,16.87,0.6571,-0.6216,0.1403,10372.104290519828,0,0
S_122,2023-11-01,50.98,16.87,0.3596,-0.4646,-0.1028,10372.104290519828,0,0
S_122,2023-12-01,50.98,16.87,0.3161,-0.3815,-0.0758,10372.104290519828,0,0
S_122,2024-01-01,50.98,16.87,0.1347,-0.1538,0.627,10372.104290519828,0,0
S_122,2024-02-01,50.98,16.87,0.3768,-0.4588,-0.1283,10372.104290519828,0,0
S_122,2024-03-01,50.98,16.87,0.4027,-0.4378,-0.052,10372.104290519828,0,0
S_122,2024-04-01,50.98,16.87,0.4999,-0.4952,0.0069,10372.104290519828,0,0
S_122,2024-05-01,50.98,16.87,0.5458,-0.539,0.1085,10372.104290519828,0,0
S_122,2024-06-01,50.98,16.87,0.6516,-0.5979,0.2055,10372.104290519828,0,0
S_122,2024-07-01,50.98,16.87,0.6016,-0.5857,0.1665,10372.104290519828,0,0
S_122,2024-08-01,50.98,16.87,0.6561,-0.6244,0.1764,10372.104290519828,0,0
S_122,2024-09-01,50.98,16.87,0.5519,-0.5637,0.0523,10372.104290519828,0,0
S_122,2024-10-01,50.98,16.87,0.4227,-0.4864,-0.0338,10372.104290519828,0,0
S_122,2024-11-01,50.98,16.87,0.4119,-0.4834,-0.0606,10372.104290519828,0,0
S_122,2024-12-01,50.98,16.87,0.3296,-0.3592,-0.054,10372.104290519828,0,0
S_122,2025-01-01,50.98,16.87,0.4002,-0.5084,-0.0871,10372.104290519828,0,0
S_122,2025-02-01,50.98,16.87,0.343,-0.4138,-0.048,10372.104290519828,0,0
S_122,2025-03-01,50.98,16.87,0.3644,-0.4412,-0.1542,10372.104290519828,0,0
S_122,2025-04-01,50.98,16.87,0.527,-0.5185,0.0426,10372.104290519828,0,0
S_122,2025-05-01,50.98,16.87,0.5539,-0.5284,0.1106,10372.104290519828,0,0
S_122,2025-06-01,50.98,16.87,0.7705,-0.7006,0.3529,10372.104290519828,0,0
S_122,2025-07-01,50.98,16.87,0.7196,-0.6684,0.3363,10372.104290519828,0,0
S_122,2025-08-01,50.98,16.87,0.6805,-0.6486,0.2434,10372.104290519828,0,0
S_122,2025-09-01,50.98,16.87,0.6175,-0.6021,0.14,10372.104290519828,0,0
S_122,2025-10-01,50.98,16.87,0.5126,-0.553,0.0238,10372.104290519828,0,0
S_122,2025-11-01,50.98,16.87,0.4076,-0.504,-0.0924,10372.104290519828,0,0
S_122,2025-12-01,50.98,16.87,0.4046,-0.5245,-0.0671,10372.104290519828,0,0
S_122,2026-01-01,50.98,16.87,0.3444,-0.4704,-0.1278,10372.104290519828,0,0
S_122,2026-02-01,50.98,16.87,0.3143,-0.4214,-0.1939,10372.104290519828,0,0
S_122,2026-03-01,50.98,16.87,0.3334,-0.4453,-0.1788,10372.104290519828,0,0
S_123,2023-06-01,51.0,16.87,0.4283,-0.4619,0.0547,8783.28397005277,0,0
S_123,2023-07-01,51.0,16.87,0.7295,-0.6717,0.3264,8783.28397005277,0,0
S_123,2023-08-01,51.0,16.87,0.6687,-0.6131,0.2865,8783.28397005277,0,0
S_123,2023-09-01,51.0,16.87,0.6931,-0.6446,0.2818,8783.28397005277,0,0
S_123,2023-10-01,51.0,16.87,0.5858,-0.5785,0.1092,8783.28397005277,0,0
S_123,2023-11-01,51.0,16.87,0.4286,-0.513,0.0508,8783.28397005277,0,0
S_123,2023-12-01,51.0,16.87,0.5358,-0.4762,0.0047,8783.28397005277,0,0
S_123,2024-01-01,51.0,16.87,0.1019,-0.1335,0.5965,8783.28397005277,0,0
S_123,2024-02-01,51.0,16.87,0.322,-0.4319,-0.0503,8783.28397005277,0,0
S_123,2024-03-01,51.0,16.87,0.4434,-0.4599,0.0152,8783.28397005277,0,0
S_123,2024-04-01,51.0,16.87,0.4769,-0.4777,0.0212,8783.28397005277,0,0
S_123,2024-05-01,51.0,16.87,0.5203,-0.5213,0.1526,8783.28397005277,0,0
S_123,2024-06-01,51.0,16.87,0.6,-0.5668,0.1904,8783.28397005277,0,0
S_123,2024-07-01,51.0,16.87,0.4789,-0.4747,0.0677,8783.28397005277,0,0
S_123,2024-08-01,51.0,16.87,0.5573,-0.5554,0.1046,8783.28397005277,0,0
S_123,2024-09-01,51.0,16.87,0.5177,-0.5267,0.0458,8783.28397005277,0,0
S_123,2024-10-01,51.0,16.87,0.3572,-0.4361,-0.1612,8783.28397005277,0,0
S_123,2024-11-01,51.0,16.87,0.454,-0.493,0.0183,8783.28397005277,0,0
S_123,2024-12-01,51.0,16.87,0.3789,-0.3716,0.0584,8783.28397005277,0,0
S_123,2025-01-01,51.0,16.87,0.3883,-0.4772,0.0149,8783.28397005277,0,0
S_123,2025-02-01,51.0,16.87,0.2765,-0.3181,0.2316,8783.28397005277,0,0
S_123,2025-03-01,51.0,16.87,0.3775,-0.4368,-0.0348,8783.28397005277,0,0
S_123,2025-04-01,51.0,16.87,0.4597,-0.4852,0.0729,8783.28397005277,0,0
S_123,2025-05-01,51.0,16.87,0.5441,-0.5368,0.1988,8783.28397005277,0,0
S_123,2025-06-01,51.0,16.87,0.6673,-0.6339,0.3049,8783.28397005277,0,0
S_123,2025-07-01,51.0,16.87,0.6007,-0.5843,0.2546,8783.28397005277,0,0
S_123,2025-08-01,51.0,16.87,0.5818,-0.5749,0.1577,8783.28397005277,0,0
S_123,2025-09-01,51.0,16.87,0.5964,-0.5824,0.1501,8783.28397005277,0,0
S_123,2025-10-01,51.0,16.87,0.5596,-0.5717,0.1022,8783.28397005277,0,0
S_123,2025-11-01,51.0,16.87,0.5227,-0.561,0.0542,8783.28397005277,0,0
S_123,2025-12-01,51.0,16.87,0.4353,-0.5206,0.0298,8783.28397005277,0,0
S_123,2026-01-01,51.0,16.87,0.3642,-0.459,-0.051,8783.28397005277,0,0
S_123,2026-02-01,51.0,16.87,0.2932,-0.3975,-0.1318,8783.28397005277,0,0
S_123,2026-03-01,51.0,16.87,0.2829,-0.3888,-0.1239,8783.28397005277,0,0
S_124,2023-06-01,51.02,16.87,0.7476,-0.6916,0.4668,7374.158792219467,0,0
S_124,2023-07-01,51.02,16.87,0.4157,-0.4954,0.144,7374.158792219467,0,0
S_124,2023-08-01,51.02,16.87,0.3062,-0.3429,-0.0097,7374.158792219467,0,0
S_124,2023-09-01,51.02,16.87,0.3247,-0.3975,-0.062,7374.158792219467,0,0
S_124,2023-10-01,51.02,16.87,0.3028,-0.3779,-0.0873,7374.158792219467,0,0
S_124,2023-11-01,51.02,16.87,0.6269,-0.6107,0.2298,7374.158792219467,0,0
S_124,2023-12-01,51.02,16.87,0.4495,-0.4423,0.457,7374.158792219467,0,0
S_124,2024-01-01,51.02,16.87,0.2721,-0.2739,0.6843,7374.158792219467,0,0
S_124,2024-02-01,51.02,16.87,0.5482,-0.5571,0.1729,7374.158792219467,0,0
S_124,2024-03-01,51.02,16.87,0.7736,-0.676,0.451,7374.158792219467,0,0
S_124,2024-04-01,51.02,16.87,0.6807,-0.6274,0.3694,7374.158792219467,0,0
S_124,2024-05-01,51.02,16.87,0.5878,-0.5787,0.2878,7374.158792219467,0,0
S_124,2024-06-01,51.02,16.87,0.5462,-0.5338,0.2184,7374.158792219467,0,0
S_124,2024-07-01,51.02,16.87,0.3422,-0.4096,-0.0431,7374.158792219467,0,0
S_124,2024-08-01,51.02,16.87,0.4319,-0.4686,0.0523,7374.158792219467,0,0
S_124,2024-09-01,51.02,16.87,0.395,-0.4433,0.004,7374.158792219467,0,0
S_124,2024-10-01,51.02,16.87,0.4839,-0.5034,0.0986,7374.158792219467,0,0
S_124,2024-11-01,51.02,16.87,0.4861,-0.5113,0.1194,7374.158792219467,0,0
S_124,2024-12-01,51.02,16.87,0.1217,-0.1526,0.0673,7374.158792219467,0,0
S_124,2025-01-01,51.02,16.87,0.5212,-0.5513,0.2002,7374.158792219467,0,0
S_124,2025-02-01,51.02,16.87,0.3185,-0.3366,0.4564,7374.158792219467,0,0
S_124,2025-03-01,51.02,16.87,0.5345,-0.539,0.1757,7374.158792219467,0,0
S_124,2025-04-01,51.02,16.87,0.6147,-0.5986,0.2582,7374.158792219467,0,0
S_124,2025-05-01,51.02,16.87,0.6075,-0.5833,0.3648,7374.158792219467,0,0
S_124,2025-06-01,51.02,16.87,0.6202,-0.5947,0.3273,7374.158792219467,0,0
S_124,2025-07-01,51.02,16.87,0.3424,-0.4109,-0.0266,7374.158792219467,0,0
S_124,2025-08-01,51.02,16.87,0.4185,-0.4672,0.0284,7374.158792219467,0,0
S_124,2025-09-01,51.02,16.87,0.3555,-0.4152,-0.041,7374.158792219467,0,0
S_124,2025-10-01,51.02,16.87,0.4015,-0.4534,-0.011,7374.158792219467,0,0
S_124,2025-11-01,51.02,16.87,0.4475,-0.4917,0.0191,7374.158792219467,0,0
S_124,2025-12-01,51.02,16.87,0.4924,-0.5223,0.1413,7374.158792219467,0,0
S_124,2026-01-01,51.02,16.87,0.1251,-0.1368,0.116,7374.158792219467,0,0
S_124,2026-02-01,51.02,16.87,0.3704,-0.435,-0.0182,7374.158792219467,0,0
S_124,2026-03-01,51.02,16.87,0.3869,-0.4365,-0.0047,7374.158792219467,0,0
S_125,2023-06-01,51.04,16.87,0.6224,-0.6003,0.2713,5793.450664727714,0,0
S_125,2023-07-01,51.04,16.87,0.5496,-0.5617,0.2226,5793.450664727714,0,0
S_125,2023-08-01,51.04,16.87,0.4366,-0.4374,0.0899,5793.450664727714,0,0
S_125,2023-09-01,51.04,16.87,0.5326,-0.5364,0.0779,5793.450664727714,0,0
S_125,2023-10-01,51.04,16.87,0.4246,-0.4724,-0.0524,5793.450664727714,0,0
S_125,2023-11-01,51.04,16.87,0.5016,-0.5375,0.0461,5793.450664727714,0,0
S_125,2023-12-01,51.04,16.87,0.1498,-0.1568,0.0507,5793.450664727714,0,0
S_125,2024-01-01,51.04,16.87,0.1827,-0.1972,0.5532,5793.450664727714,0,0
S_125,2024-02-01,51.04,16.87,0.4536,-0.5164,-0.0091,5793.450664727714,0,0
S_125,2024-03-01,51.04,16.87,0.5258,-0.4887,0.2095,5793.450664727714,0,0
S_125,2024-04-01,51.04,16.87,0.7377,-0.6821,0.331,5793.450664727714,0,0
S_125,2024-05-01,51.04,16.87,0.5305,-0.5444,0.1354,5793.450664727714,0,0
S_125,2024-06-01,51.04,16.87,0.6042,-0.5675,0.2003,5793.450664727714,0,0
S_125,2024-07-01,51.04,16.87,0.4581,-0.4797,0.0531,5793.450664727714,0,0
S_125,2024-08-01,51.04,16.87,0.5455,-0.5539,0.1002,5793.450664727714,0,0
S_125,2024-09-01,51.04,16.87,0.4332,-0.4845,-0.024,5793.450664727714,0,0
S_125,2024-10-01,51.04,16.87,0.3835,-0.4458,-0.0817,5793.450664727714,0,0
S_125,2024-11-01,51.04,16.87,0.4082,-0.4525,-0.0357,5793.450664727714,0,0
S_125,2024-12-01,51.04,16.87,0.1966,-0.2284,0.0003,5793.450664727714,0,0
S_125,2025-01-01,51.04,16.87,0.4139,-0.4802,-0.0114,5793.450664727714,0,0
S_125,2025-02-01,51.04,16.87,0.3363,-0.3932,0.1641,5793.450664727714,0,0
S_125,2025-03-01,51.04,16.87,0.4304,-0.467,-0.0284,5793.450664727714,0,0
S_125,2025-04-01,51.04,16.87,0.4966,-0.5137,0.0379,5793.450664727714,0,0
S_125,2025-05-01,51.04,16.87,0.5384,-0.5359,0.2103,5793.450664727714,0,0
S_125,2025-06-01,51.04,16.87,0.6306,-0.6238,0.2702,5793.450664727714,0,0
S_125,2025-07-01,51.04,16.87,0.5076,-0.5243,0.1201,5793.450664727714,0,0
S_125,2025-08-01,51.04,16.87,0.559,-0.5686,0.137,5793.450664727714,0,0
S_125,2025-09-01,51.04,16.87,0.4855,-0.514,0.0296,5793.450664727714,0,0
S_125,2025-10-01,51.04,16.87,0.4576,-0.5092,-0.0091,5793.450664727714,0,0
S_125,2025-11-01,51.04,16.87,0.4297,-0.5045,-0.0479,5793.450664727714,0,0
S_125,2025-12-01,51.04,16.87,0.4394,-0.5051,0.0306,5793.450664727714,0,0
S_125,2026-01-01,51.04,16.87,0.0688,-0.0527,0.3571,5793.450664727714,0,0
S_125,2026-02-01,51.04,16.87,0.3367,-0.4202,-0.1225,5793.450664727714,0,0
S_125,2026-03-01,51.04,16.87,0.3357,-0.4083,-0.1116,5793.450664727714,0,0
S_126,2023-06-01,51.06,16.87,0.6772,-0.6412,0.3181,4219.665969002121,0,0
S_126,2023-07-01,51.06,16.87,0.5353,-0.544,0.1733,4219.665969002121,0,0
S_126,2023-08-01,51.06,16.87,0.5211,-0.5099,0.1136,4219.665969002121,0,0
S_126,2023-09-01,51.06,16.87,0.5231,-0.526,0.0662,4219.665969002121,0,0
S_126,2023-10-01,51.06,16.87,0.5689,-0.5594,0.0736,4219.665969002121,0,0
S_126,2023-11-01,51.06,16.87,0.5426,-0.5653,0.078,4219.665969002121,0,0
S_126,2023-12-01,51.06,16.87,0.2137,-0.2327,0.0509,4219.665969002121,0,0
S_126,2024-01-01,51.06,16.87,0.178,-0.2003,0.5543,4219.665969002121,0,0
S_126,2024-02-01,51.06,16.87,0.4342,-0.5139,-0.0134,4219.665969002121,0,0
S_126,2024-03-01,51.06,16.87,0.466,-0.512,0.0387,4219.665969002121,0,0
S_126,2024-04-01,51.06,16.87,0.4978,-0.51,0.0908,4219.665969002121,0,0
S_126,2024-05-01,51.06,16.87,0.5333,-0.5394,0.1347,4219.665969002121,0,0
S_126,2024-06-01,51.06,16.87,0.6179,-0.5775,0.19,4219.665969002121,0,0
S_126,2024-07-01,51.06,16.87,0.5787,-0.5524,0.1603,4219.665969002121,0,0
S_126,2024-08-01,51.06,16.87,0.6018,-0.5922,0.1418,4219.665969002121,0,0
S_126,2024-09-01,51.06,16.87,0.5138,-0.5349,0.0466,4219.665969002121,0,0
S_126,2024-10-01,51.06,16.87,0.3905,-0.4697,-0.0788,4219.665969002121,0,0
S_126,2024-11-01,51.06,16.87,0.3508,-0.4302,-0.0702,4219.665969002121,0,0
S_126,2024-12-01,51.06,16.87,0.2257,-0.2731,-0.0464,4219.665969002121,0,0
S_126,2025-01-01,51.06,16.87,0.301,-0.4241,-0.1151,4219.665969002121,0,0
S_126,2025-02-01,51.06,16.87,0.269,-0.3602,-0.0077,4219.665969002121,0,0
S_126,2025-03-01,51.06,16.87,0.2846,-0.3758,-0.1669,4219.665969002121,0,0
S_126,2025-04-01,51.06,16.87,0.3065,-0.3867,-0.1589,4219.665969002121,0,0
S_126,2025-05-01,51.06,16.87,0.3757,-0.426,-0.0782,4219.665969002121,0,0
S_126,2025-06-01,51.06,16.87,0.7403,-0.6918,0.2813,4219.665969002121,0,0
S_126,2025-07-01,51.06,16.87,0.7647,-0.7028,0.3354,4219.665969002121,0,0
S_126,2025-08-01,51.06,16.87,0.7875,-0.7245,0.3533,4219.665969002121,0,0
S_126,2025-09-01,51.06,16.87,0.6313,-0.6178,0.1576,4219.665969002121,0,0
S_126,2025-10-01,51.06,16.87,0.4839,-0.5339,0.0202,4219.665969002121,0,0
S_126,2025-11-01,51.06,16.87,0.3365,-0.45,-0.1173,4219.665969002121,0,0
S_126,2025-12-01,51.06,16.87,0.3215,-0.4593,-0.0851,4219.665969002121,0,0
S_126,2026-01-01,51.06,16.87,0.1628,-0.168,0.2323,4219.665969002121,0,0
S_126,2026-02-01,51.06,16.87,0.253,-0.3785,-0.1836,4219.665969002121,0,0
S_126,2026-03-01,51.06,16.87,0.2531,-0.3642,-0.1847,4219.665969002121,0,0
S_127,2023-06-01,51.08,16.87,0.5934,-0.5838,0.2091,3145.7712341569377,0,0
S_127,2023-07-01,51.08,16.87,0.5622,-0.5657,0.1685,3145.7712341569377,0,0
S_127,2023-08-01,51.08,16.87,0.4794,-0.4888,0.1288,3145.7712341569377,0,0
S_127,2023-09-01,51.08,16.87,0.6082,-0.5851,0.1283,3145.7712341569377,0,0
S_127,2023-10-01,51.08,16.87,0.5355,-0.5421,0.0372,3145.7712341569377,0,0
S_127,2023-11-01,51.08,16.87,0.437,-0.5202,-0.0249,3145.7712341569377,0,0
S_127,2023-12-01,51.08,16.87,0.298,-0.359,0.2106,3145.7712341569377,0,0
S_127,2024-01-01,51.08,16.87,0.1591,-0.1978,0.4462,3145.7712341569377,0,0
S_127,2024-02-01,51.08,16.87,0.3773,-0.4813,-0.0503,3145.7712341569377,0,0
S_127,2024-03-01,51.08,16.87,0.4196,-0.4739,0.0054,3145.7712341569377,0,0
S_127,2024-04-01,51.08,16.87,0.4618,-0.4665,0.0611,3145.7712341569377,0,0
S_127,2024-05-01,51.08,16.87,0.4709,-0.4885,0.0601,3145.7712341569377,0,0
S_127,2024-06-01,51.08,16.87,0.5648,-0.5455,0.1033,3145.7712341569377,0,0
S_127,2024-07-01,51.08,16.87,0.5597,-0.5259,0.1574,3145.7712341569377,0,0
S_127,2024-08-01,51.08,16.87,0.6539,-0.6228,0.1847,3145.7712341569377,0,0
S_127,2024-09-01,51.08,16.87,0.594,-0.5844,0.1191,3145.7712341569377,0,0
S_127,2024-10-01,51.08,16.87,0.4073,-0.4907,-0.0491,3145.7712341569377,0,0
S_127,2024-11-01,51.08,16.87,0.3893,-0.4597,-0.0182,3145.7712341569377,0,0
S_127,2024-12-01,51.08,16.87,0.2855,-0.3224,0.023,3145.7712341569377,0,0
S_127,2025-01-01,51.08,16.87,0.3679,-0.4592,-0.0171,3145.7712341569377,0,0
S_127,2025-02-01,51.08,16.87,0.3573,-0.4419,0.0078,3145.7712341569377,0,0
S_127,2025-03-01,51.08,16.87,0.3604,-0.4261,-0.0875,3145.7712341569377,0,0
S_127,2025-04-01,51.08,16.87,0.4305,-0.469,-0.0297,3145.7712341569377,0,0
S_127,2025-05-01,51.08,16.87,0.573,-0.554,0.1654,3145.7712341569377,0,0
S_127,2025-06-01,51.08,16.87,0.6397,-0.6094,0.2302,3145.7712341569377,0,0
S_127,2025-07-01,51.08,16.87,0.5294,-0.5259,0.1026,3145.7712341569377,0,0
S_127,2025-08-01,51.08,16.87,0.5823,-0.5763,0.1395,3145.7712341569377,0,0
S_127,2025-09-01,51.08,16.87,0.566,-0.5632,0.0994,3145.7712341569377,0,0
S_127,2025-10-01,51.08,16.87,0.5199,-0.5468,0.0489,3145.7712341569377,0,0
S_127,2025-11-01,51.08,16.87,0.4738,-0.5304,-0.0016,3145.7712341569377,0,0
S_127,2025-12-01,51.08,16.87,0.4472,-0.5244,0.0484,3145.7712341569377,0,0
S_127,2026-01-01,51.08,16.87,0.3839,-0.472,-0.0346,3145.7712341569377,0,0
S_127,2026-02-01,51.08,16.87,0.3205,-0.4195,-0.1177,3145.7712341569377,0,0
S_127,2026-03-01,51.08,16.87,0.3128,-0.3999,-0.1168,3145.7712341569377,0,0
S_128,2023-06-01,51.1,16.87,0.6352,-0.6098,0.2223,997.1952678499712,0,0
S_128,2023-07-01,51.1,16.87,0.6628,-0.6234,0.2023,997.1952678499712,0,0
S_128,2023-08-01,51.1,16.87,0.6527,-0.5891,0.2,997.1952678499712,0,0
S_128,2023-09-01,51.1,16.87,0.6836,-0.6327,0.1903,997.1952678499712,0,0
S_128,2023-10-01,51.1,16.87,0.6661,-0.6161,0.1532,997.1952678499712,0,0
S_128,2023-11-01,51.1,16.87,0.5331,-0.5686,0.0585,997.1952678499712,0,0
S_128,2023-12-01,51.1,16.87,0.0746,-0.0318,0.0857,997.1952678499712,0,0
S_128,2024-01-01,51.1,16.87,0.2559,-0.296,0.3672,997.1952678499712,0,0
S_128,2024-02-01,51.1,16.87,0.4242,-0.5178,-0.0333,997.1952678499712,0,0
S_128,2024-03-01,51.1,16.87,0.4641,-0.4894,0.0568,997.1952678499712,0,0
S_128,2024-04-01,51.1,16.87,0.504,-0.4609,0.1469,997.1952678499712,0,0
S_128,2024-05-01,51.1,16.87,0.5978,-0.5697,0.1549,997.1952678499712,0,0
S_128,2024-06-01,51.1,16.87,0.6419,-0.5967,0.1806,997.1952678499712,0,0
S_128,2024-07-01,51.1,16.87,0.6056,-0.5712,0.1192,997.1952678499712,0,0
S_128,2024-08-01,51.1,16.87,0.7087,-0.6478,0.1934,997.1952678499712,0,0
S_128,2024-09-01,51.1,16.87,0.6605,-0.6211,0.1472,997.1952678499712,0,0
S_128,2024-10-01,51.1,16.87,0.5454,-0.5602,0.0307,997.1952678499712,0,0
S_128,2024-11-01,51.1,16.87,0.4851,-0.5109,0.0422,997.1952678499712,0,0
S_128,2024-12-01,51.1,16.87,0.3002,-0.3314,0.0036,997.1952678499712,0,0
S_128,2025-01-01,51.1,16.87,0.3901,-0.4854,-0.0443,997.1952678499712,0,0
S_128,2025-02-01,51.1,16.87,0.369,-0.4721,-0.0452,997.1952678499712,0,0
S_128,2025-03-01,51.1,16.87,0.3401,-0.4206,-0.125,997.1952678499712,0,0
S_128,2025-04-01,51.1,16.87,0.4014,-0.4492,-0.0839,997.1952678499712,0,0
S_128,2025-05-01,51.1,16.87,0.6393,-0.5828,0.2286,997.1952678499712,0,0
S_128,2025-06-01,51.1,16.87,0.6615,-0.6264,0.2063,997.1952678499712,0,0
S_128,2025-07-01,51.1,16.87,0.5408,-0.5112,0.0925,997.1952678499712,0,0
S_128,2025-08-01,51.1,16.87,0.6793,-0.6309,0.2174,997.1952678499712,0,0
S_128,2025-09-01,51.1,16.87,0.6539,-0.6139,0.1722,997.1952678499712,0,0
S_128,2025-10-01,51.1,16.87,0.5464,-0.565,0.0702,997.1952678499712,0,0
S_128,2025-11-01,51.1,16.87,0.439,-0.5161,-0.0317,997.1952678499712,0,0
S_128,2025-12-01,51.1,16.87,0.4034,-0.5099,-0.0425,997.1952678499712,0,0
S_128,2026-01-01,51.1,16.87,-0.004,0.0041,0.1607,997.1952678499712,0,0
S_128,2026-02-01,51.1,16.87,0.2914,-0.4026,-0.1501,997.1952678499712,0,0
S_128,2026-03-01,51.1,16.87,0.2859,-0.3833,-0.1508,997.1952678499712,0,0
S_129,2023-06-01,51.12,16.87,0.6223,-0.592,0.232,75.42879838910036,42,0
S_129,2023-07-01,51.12,16.87,0.5546,-0.5443,0.1194,75.42879838910036,42,0
S_129,2023-08-01,51.12,16.87,0.5632,-0.5264,0.1157,75.42879838910036,42,0
S_129,2023-09-01,51.12,16.87,0.6148,-0.5732,0.1425,75.42879838910036,42,0
S_129,2023-10-01,51.12,16.87,0.5672,-0.5459,0.0823,75.42879838910036,42,0
S_129,2023-11-01,51.12,16.87,0.5341,-0.5623,0.0671,75.42879838910036,42,0
S_129,2023-12-01,51.12,16.87,0.3779,-0.4035,0.1545,75.42879838910036,42,0
S_129,2024-01-01,51.12,16.87,0.2709,-0.3215,0.3064,75.42879838910036,42,0
S_129,2024-02-01,51.12,16.87,0.4134,-0.4995,0.0052,75.42879838910036,42,0
S_129,2024-03-01,51.12,16.87,0.4844,-0.5174,0.0768,75.42879838910036,42,0
S_129,2024-04-01,51.12,16.87,0.5553,-0.5354,0.1485,75.42879838910036,42,0
S_129,2024-05-01,51.12,16.87,0.5879,-0.5615,0.1789,75.42879838910036,42,0
S_129,2024-06-01,51.12,16.87,0.5841,-0.5445,0.1367,75.42879838910036,42,0
S_129,2024-07-01,51.12,16.87,0.5198,-0.4995,0.0626,75.42879838910036,42,0
S_129,2024-08-01,51.12,16.87,0.5989,-0.5644,0.1367,75.42879838910036,42,0
S_129,2024-09-01,51.12,16.87,0.5999,-0.5705,0.1292,75.42879838910036,42,0
S_129,2024-10-01,51.12,16.87,0.4919,-0.5164,0.0137,75.42879838910036,42,0
S_129,2024-11-01,51.12,16.87,0.4521,-0.4654,0.038,75.42879838910036,42,0
S_129,2024-12-01,51.12,16.87,0.3187,-0.3356,0.0433,75.42879838910036,42,0
S_129,2025-01-01,51.12,16.87,0.4013,-0.4775,0.0075,75.42879838910036,42,0
S_129,2025-02-01,51.12,16.87,0.3635,-0.4444,0.0542,75.42879838910036,42,0
S_129,2025-03-01,51.12,16.87,0.3578,-0.4203,-0.0504,75.42879838910036,42,0
S_129,2025-04-01,51.12,16.87,0.4137,-0.4489,-0.0111,75.42879838910036,42,0
S_129,2025-05-01,51.12,16.87,0.5915,-0.549,0.2119,75.42879838910036,42,0
S_129,2025-06-01,51.12,16.87,0.563,-0.5536,0.1625,75.42879838910036,42,0
S_129,2025-07-01,51.12,16.87,0.4911,-0.483,0.059,75.42879838910036,42,0
S_129,2025-08-01,51.12,16.87,0.5233,-0.5159,0.0875,75.42879838910036,42,0
S_129,2025-09-01,51.12,16.87,0.5492,-0.5352,0.1001,75.42879838910036,42,0
S_129,2025-10-01,51.12,16.87,0.5022,-0.5229,0.0474,75.42879838910036,42,0
S_129,2025-11-01,51.12,16.87,0.4553,-0.5106,-0.0053,75.42879838910036,42,0
S_129,2025-12-01,51.12,16.87,0.424,-0.502,0.0262,75.42879838910036,42,0
S_129,2026-01-01,51.12,16.87,0.361,-0.4502,-0.0442,75.42879838910036,42,0
S_129,2026-02-01,51.12,16.87,0.2979,-0.3983,-0.1146,75.42879838910036,42,0
S_129,2026-03-01,51.12,16.87,0.2935,-0.3837,-0.1083,75.42879838910036,42,0
S_13,2023-06-01,51.2,16.71,0.8646,-0.7541,0.3959,8327.208531487542,0,0
S_13,2023-07-01,51.2,16.71,0.8624,-0.7745,0.3669,8327.208531487542,0,0
S_13,2023-08-01,51.2,16.71,0.7463,-0.6837,0.3056,8327.208531487542,0,0
S_13,2023-09-01,51.2,16.71,0.8404,-0.7702,0.3099,8327.208531487542,0,0
S_13,2023-10-01,51.2,16.71,0.8261,-0.763,0.2536,8327.208531487542,0,0
S_13,2023-11-01,51.2,16.71,0.653,-0.6968,0.0734,8327.208531487542,0,0
S_13,2023-12-01,51.2,16.71,0.2536,-0.2991,0.0415,8327.208531487542,0,0
S_13,2024-01-01,51.2,16.71,0.3667,-0.4096,0.1998,8327.208531487542,0,0
S_13,2024-02-01,51.2,16.71,0.5176,-0.6344,-0.0127,8327.208531487542,0,0
S_13,2024-03-01,51.2,16.71,0.5421,-0.5863,0.0434,8327.208531487542,0,0
S_13,2024-04-01,51.2,16.71,0.5667,-0.5383,0.0994,8327.208531487542,0,0
S_13,2024-05-01,51.2,16.71,0.7085,-0.6315,0.2118,8327.208531487542,0,0
S_13,2024-06-01,51.2,16.71,0.8395,-0.738,0.3509,8327.208531487542,0,0
S_13,2024-07-01,51.2,16.71,0.7844,-0.6936,0.3307,8327.208531487542,0,0
S_13,2024-08-01,51.2,16.71,0.8668,-0.7882,0.3206,8327.208531487542,0,0
S_13,2024-09-01,51.2,16.71,0.8178,-0.7568,0.2511,8327.208531487542,0,0
S_13,2024-10-01,51.2,16.71,0.6764,-0.6892,0.0545,8327.208531487542,0,0
S_13,2024-11-01,51.2,16.71,0.5643,-0.5802,0.0501,8327.208531487542,0,0
S_13,2024-12-01,51.2,16.71,0.2883,-0.3081,0.0419,8327.208531487542,0,0
S_13,2025-01-01,51.2,16.71,0.4969,-0.579,0.0412,8327.208531487542,0,0
S_13,2025-02-01,51.2,16.71,0.3694,-0.421,0.1865,8327.208531487542,0,0
S_13,2025-03-01,51.2,16.71,0.4071,-0.4614,-0.0613,8327.208531487542,0,0
S_13,2025-04-01,51.2,16.71,0.4534,-0.4998,-0.067,8327.208531487542,0,0
S_13,2025-05-01,51.2,16.71,0.7651,-0.6408,0.3341,8327.208531487542,0,0
S_13,2025-06-01,51.2,16.71,0.8947,-0.8027,0.4161,8327.208531487542,0,0
S_13,2025-07-01,51.2,16.71,0.8191,-0.7309,0.3542,8327.208531487542,0,0
S_13,2025-08-01,51.2,16.71,0.8633,-0.7845,0.3508,8327.208531487542,0,0
S_13,2025-09-01,51.2,16.71,0.8161,-0.7594,0.2732,8327.208531487542,0,0
S_13,2025-10-01,51.2,16.71,0.7169,-0.7252,0.1464,8327.208531487542,0,0
S_13,2025-11-01,51.2,16.71,0.6177,-0.6911,0.0196,8327.208531487542,0,0
S_13,2025-12-01,51.2,16.71,0.5262,-0.5942,0.09,8327.208531487542,0,0
S_13,2026-01-01,51.2,16.71,0.3262,-0.3353,0.3129,8327.208531487542,0,0
S_13,2026-02-01,51.2,16.71,0.4141,-0.5051,-0.0773,8327.208531487542,0,0
S_13,2026-03-01,51.2,16.71,0.4063,-0.4899,-0.0728,8327.208531487542,0,0
S_130,2023-06-01,51.14,16.87,0.6733,-0.6135,0.2788,95.03052149332436,144,0
S_130,2023-07-01,51.14,16.87,0.6332,-0.5875,0.2082,95.03052149332436,144,0
S_130,2023-08-01,51.14,16.87,0.6203,-0.5673,0.2034,95.03052149332436,144,0
S_130,2023-09-01,51.14,16.87,0.6565,-0.6056,0.2163,95.03052149332436,144,0
S_130,2023-10-01,51.14,16.87,0.6423,-0.5965,0.1771,95.03052149332436,144,0
S_130,2023-11-01,51.14,16.87,0.5209,-0.5536,0.0785,95.03052149332436,144,0
S_130,2023-12-01,51.14,16.87,0.3444,-0.3821,0.1255,95.03052149332436,144,0
S_130,2024-01-01,51.14,16.87,0.2802,-0.3259,0.2061,95.03052149332436,144,0
S_130,2024-02-01,51.14,16.87,0.407,-0.499,-0.0277,95.03052149332436,144,0
S_130,2024-03-01,51.14,16.87,0.4843,-0.5098,0.0632,95.03052149332436,144,0
S_130,2024-04-01,51.14,16.87,0.5616,-0.5207,0.1541,95.03052149332436,144,0
S_130,2024-05-01,51.14,16.87,0.6206,-0.5721,0.1994,95.03052149332436,144,0
S_130,2024-06-01,51.14,16.87,0.633,-0.5769,0.203,95.03052149332436,144,0
S_130,2024-07-01,51.14,16.87,0.5954,-0.5463,0.1524,95.03052149332436,144,0
S_130,2024-08-01,51.14,16.87,0.6581,-0.6044,0.1926,95.03052149332436,144,0
S_130,2024-09-01,51.14,16.87,0.6172,-0.5792,0.1754,95.03052149332436,144,0
S_130,2024-10-01,51.14,16.87,0.5366,-0.5415,0.0512,95.03052149332436,144,0
S_130,2024-11-01,51.14,16.87,0.4612,-0.4735,0.0564,95.03052149332436,144,0
S_130,2024-12-01,51.14,16.87,0.2225,-0.2272,0.0458,95.03052149332436,144,0
S_130,2025-01-01,51.14,16.87,0.3822,-0.4538,-0.023,95.03052149332436,144,0
S_130,2025-02-01,51.14,16.87,0.3689,-0.4546,0.0175,95.03052149332436,144,0
S_130,2025-03-01,51.14,16.87,0.3342,-0.3944,-0.0857,95.03052149332436,144,0
S_130,2025-04-01,51.14,16.87,0.3715,-0.406,-0.055,95.03052149332436,144,0
S_130,2025-05-01,51.14,16.87,0.466,-0.4295,0.1652,95.03052149332436,144,0
S_130,2025-06-01,51.14,16.87,0.6746,-0.6239,0.255,95.03052149332436,144,0
S_130,2025-07-01,51.14,16.87,0.6246,-0.5758,0.2048,95.03052149332436,144,0
S_130,2025-08-01,51.14,16.87,0.6481,-0.601,0.2134,95.03052149332436,144,0
S_130,2025-09-01,51.14,16.87,0.6344,-0.5973,0.1866,95.03052149332436,144,0
S_130,2025-10-01,51.14,16.87,0.5556,-0.5659,0.1013,95.03052149332436,144,0
S_130,2025-11-01,51.14,16.87,0.4768,-0.5346,0.016,95.03052149332436,144,0
S_130,2025-12-01,51.14,16.87,0.427,-0.4946,0.0105,95.03052149332436,144,0
S_130,2026-01-01,51.14,16.87,0.0318,-0.0323,0.2449,95.03052149332436,144,0
S_130,2026-02-01,51.14,16.87,0.3183,-0.4113,-0.1207,95.03052149332436,144,0
S_130,2026-03-01,51.14,16.87,0.3074,-0.3887,-0.1155,95.03052149332436,144,0
S_132,2023-06-01,51.18,16.87,0.707,-0.6514,0.2669,62.120452330665,0,0
S_132,2023-07-01,51.18,16.87,0.7288,-0.6681,0.2568,62.120452330665,0,0
S_132,2023-08-01,51.18,16.87,0.5729,-0.5211,0.2007,62.120452330665,0,0
S_132,2023-09-01,51.18,16.87,0.7565,-0.6875,0.2736,62.120452330665,0,0
S_132,2023-10-01,51.18,16.87,0.7527,-0.6885,0.2851,62.120452330665,0,0
S_132,2023-11-01,51.18,16.87,0.5977,-0.6431,0.119,62.120452330665,0,0
S_132,2023-12-01,51.18,16.87,0.4458,-0.4779,0.1428,62.120452330665,0,0
S_132,2024-01-01,51.18,16.87,0.3724,-0.4132,0.2623,62.120452330665,0,0
S_132,2024-02-01,51.18,16.87,0.5056,-0.5902,0.06,62.120452330665,0,0
S_132,2024-03-01,51.18,16.87,0.5362,-0.566,0.0883,62.120452330665,0,0
S_132,2024-04-01,51.18,16.87,0.5667,-0.5419,0.1166,62.120452330665,0,0
S_132,2024-05-01,51.18,16.87,0.6261,-0.5813,0.1881,62.120452330665,0,0
S_132,2024-06-01,51.18,16.87,0.613,-0.535,0.2183,62.120452330665,0,0
S_132,2024-07-01,51.18,16.87,0.7104,-0.64,0.2432,62.120452330665,0,0
S_132,2024-08-01,51.18,16.87,0.7617,-0.6921,0.2457,62.120452330665,0,0
S_132,2024-09-01,51.18,16.87,0.7361,-0.6834,0.2336,62.120452330665,0,0
S_132,2024-10-01,51.18,16.87,0.6224,-0.6292,0.0979,62.120452330665,0,0
S_132,2024-11-01,51.18,16.87,0.53,-0.5443,0.0873,62.120452330665,0,0
S_132,2024-12-01,51.18,16.87,0.2719,-0.251,0.1492,62.120452330665,0,0
S_132,2025-01-01,51.18,16.87,0.4685,-0.5348,0.0667,62.120452330665,0,0
S_132,2025-02-01,51.18,16.87,0.4596,-0.5323,0.0704,62.120452330665,0,0
S_132,2025-03-01,51.18,16.87,0.4009,-0.4625,-0.0617,62.120452330665,0,0
S_132,2025-04-01,51.18,16.87,0.4269,-0.4782,-0.0654,62.120452330665,0,0
S_132,2025-05-01,51.18,16.87,0.6377,-0.5762,0.1938,62.120452330665,0,0
S_132,2025-06-01,51.18,16.87,0.7391,-0.6832,0.2727,62.120452330665,0,0
S_132,2025-07-01,51.18,16.87,0.7228,-0.6525,0.2546,62.120452330665,0,0
S_132,2025-08-01,51.18,16.87,0.7644,-0.6937,0.2937,62.120452330665,0,0
S_132,2025-09-01,51.18,16.87,0.7349,-0.6822,0.2595,62.120452330665,0,0
S_132,2025-10-01,51.18,16.87,0.6489,-0.6504,0.162,62.120452330665,0,0
S_132,2025-11-01,51.18,16.87,0.5629,-0.6186,0.0645,62.120452330665,0,0
S_132,2025-12-01,51.18,16.87,0.5163,-0.5711,0.1174,62.120452330665,0,0
S_132,2026-01-01,51.18,16.87,0.4879,-0.4527,0.4682,62.120452330665,0,0
S_132,2026-02-01,51.18,16.87,0.4097,-0.4919,-0.0567,62.120452330665,0,0
S_132,2026-03-01,51.18,16.87,0.3972,-0.4736,-0.0648,62.120452330665,0,0
S_134,2023-06-01,51.22,16.87,0.7408,-0.6674,0.4531,2011.4215042469016,0,0
S_134,2023-07-01,51.22,16.87,0.5595,-0.5831,0.2152,2011.4215042469016,0,0
S_134,2023-08-01,51.22,16.87,0.3909,-0.3656,0.123,2011.4215042469016,0,0
S_134,2023-09-01,51.22,16.87,0.7051,-0.6342,0.2638,2011.4215042469016,0,0
S_134,2023-10-01,51.22,16.87,0.4402,-0.479,0.0235,2011.4215042469016,0,0
S_134,2023-11-01,51.22,16.87,0.4739,-0.5403,0.0145,2011.4215042469016,0,0
S_134,2023-12-01,51.22,16.87,0.4042,-0.4504,0.042,2011.4215042469016,0,0
S_134,2024-01-01,51.22,16.87,0.3344,-0.3946,0.1675,2011.4215042469016,0,0
S_134,2024-02-01,51.22,16.87,0.4847,-0.541,0.0848,2011.4215042469016,0,0
S_134,2024-03-01,51.22,16.87,0.5428,-0.5504,0.1418,2011.4215042469016,0,0
S_134,2024-04-01,51.22,16.87,0.6008,-0.5597,0.1988,2011.4215042469016,0,0
S_134,2024-05-01,51.22,16.87,0.6736,-0.6376,0.2941,2011.4215042469016,0,0
S_134,2024-06-01,51.22,16.87,0.6919,-0.6351,0.2714,2011.4215042469016,0,0
S_134,2024-07-01,51.22,16.87,0.4876,-0.5003,0.0397,2011.4215042469016,0,0
S_134,2024-08-01,51.22,16.87,0.5088,-0.5346,0.0563,2011.4215042469016,0,0
S_134,2024-09-01,51.22,16.87,0.4411,-0.4835,0.038,2011.4215042469016,0,0
S_134,2024-10-01,51.22,16.87,0.4127,-0.468,-0.0334,2011.4215042469016,0,0
S_134,2024-11-01,51.22,16.87,0.3751,-0.4309,-0.0203,2011.4215042469016,0,0
S_134,2024-12-01,51.22,16.87,0.0038,0.0643,0.0913,2011.4215042469016,0,0
S_134,2025-01-01,51.22,16.87,0.3349,-0.434,-0.0333,2011.4215042469016,0,0
S_134,2025-02-01,51.22,16.87,0.3261,-0.4397,0.0566,2011.4215042469016,0,0
S_134,2025-03-01,51.22,16.87,0.3306,-0.4033,-0.094,2011.4215042469016,0,0
S_134,2025-04-01,51.22,16.87,0.4375,-0.4661,-0.0168,2011.4215042469016,0,0
S_134,2025-05-01,51.22,16.87,0.6883,-0.6288,0.3034,2011.4215042469016,0,0
S_134,2025-06-01,51.22,16.87,0.6884,-0.6637,0.2902,2011.4215042469016,0,0
S_134,2025-07-01,51.22,16.87,0.6684,-0.6293,0.2384,2011.4215042469016,0,0
S_134,2025-08-01,51.22,16.87,0.5515,-0.573,0.0818,2011.4215042469016,0,0
S_134,2025-09-01,51.22,16.87,0.5615,-0.569,0.1082,2011.4215042469016,0,0
S_134,2025-10-01,51.22,16.87,0.5228,-0.5605,0.0521,2011.4215042469016,0,0
S_134,2025-11-01,51.22,16.87,0.484,-0.552,-0.004,2011.4215042469016,0,0
S_134,2025-12-01,51.22,16.87,0.4718,-0.5007,0.1118,2011.4215042469016,0,0
S_134,2026-01-01,51.22,16.87,0.1741,-0.188,0.5246,2011.4215042469016,0,0
S_134,2026-02-01,51.22,16.87,0.3647,-0.4518,-0.0776,2011.4215042469016,0,0
S_134,2026-03-01,51.22,16.87,0.3641,-0.446,-0.0796,2011.4215042469016,0,0
S_136,2023-06-01,50.96,16.89,0.5498,-0.5546,0.1273,11452.977110542222,0,0
S_136,2023-07-01,50.96,16.89,0.6276,-0.6058,0.2106,11452.977110542222,0,0
S_136,2023-08-01,50.96,16.89,0.582,-0.5839,0.0817,11452.977110542222,0,0
S_136,2023-09-01,50.96,16.89,0.605,-0.5925,0.1184,11452.977110542222,0,0
S_136,2023-10-01,50.96,16.89,0.498,-0.5264,-0.035,11452.977110542222,0,0
S_136,2023-11-01,50.96,16.89,0.3795,-0.4128,-0.0241,11452.977110542222,0,0
S_136,2023-12-01,50.96,16.89,0.4034,-0.4357,-0.0419,11452.977110542222,0,0
S_136,2024-01-01,50.96,16.89,0.1376,-0.1558,0.6559,11452.977110542222,0,0
S_136,2024-02-01,50.96,16.89,0.3562,-0.414,-0.1029,11452.977110542222,0,0
S_136,2024-03-01,50.96,16.89,0.2955,-0.3415,-0.0992,11452.977110542222,0,0
S_136,2024-04-01,50.96,16.89,0.512,-0.5199,0.0568,11452.977110542222,0,0
S_136,2024-05-01,50.96,16.89,0.5589,-0.5568,0.1358,11452.977110542222,0,0
S_136,2024-06-01,50.96,16.89,0.6067,-0.5653,0.1754,11452.977110542222,0,0
S_136,2024-07-01,50.96,16.89,0.5294,-0.545,0.0557,11452.977110542222,0,0
S_136,2024-08-01,50.96,16.89,0.5474,-0.542,0.0592,11452.977110542222,0,0
S_136,2024-09-01,50.96,16.89,0.4901,-0.5232,0.0055,11452.977110542222,0,0
S_136,2024-10-01,50.96,16.89,0.4145,-0.4891,-0.1027,11452.977110542222,0,0
S_136,2024-11-01,50.96,16.89,0.3951,-0.461,-0.1371,11452.977110542222,0,0
S_136,2024-12-01,50.96,16.89,0.3476,-0.3752,-0.056,11452.977110542222,0,0
S_136,2025-01-01,50.96,16.89,0.4125,-0.5064,-0.0847,11452.977110542222,0,0
S_136,2025-02-01,50.96,16.89,0.3703,-0.4294,-0.0651,11452.977110542222,0,0
S_136,2025-03-01,50.96,16.89,0.4286,-0.478,-0.0886,11452.977110542222,0,0
S_136,2025-04-01,50.96,16.89,0.6556,-0.6234,0.2185,11452.977110542222,0,0
S_136,2025-05-01,50.96,16.89,0.5977,-0.5787,0.1935,11452.977110542222,0,0
S_136,2025-06-01,50.96,16.89,0.6934,-0.6538,0.2972,11452.977110542222,0,0
S_136,2025-07-01,50.96,16.89,0.6029,-0.5886,0.2463,11452.977110542222,0,0
S_136,2025-08-01,50.96,16.89,0.5047,-0.5313,0.0599,11452.977110542222,0,0
S_136,2025-09-01,50.96,16.89,0.4953,-0.5171,0.0036,11452.977110542222,0,0
S_136,2025-10-01,50.96,16.89,0.456,-0.502,-0.0384,11452.977110542222,0,0
S_136,2025-11-01,50.96,16.89,0.4168,-0.4868,-0.0803,11452.977110542222,0,0
S_136,2025-12-01,50.96,16.89,0.4143,-0.5238,-0.0872,11452.977110542222,0,0
S_136,2026-01-01,50.96,16.89,0.3475,-0.4763,-0.1673,11452.977110542222,0,0
S_136,2026-02-01,50.96,16.89,0.3096,-0.4153,-0.2008,11452.977110542222,0,0
S_136,2026-03-01,50.96,16.89,0.329,-0.4411,-0.1915,11452.977110542222,0,0
S_137,2023-06-01,50.98,16.89,0.594,-0.5777,0.13,9531.1532212864,0,0
S_137,2023-07-01,50.98,16.89,0.7013,-0.6635,0.271,9531.1532212864,0,0
S_137,2023-08-01,50.98,16.89,0.6864,-0.6469,0.1911,9531.1532212864,0,0
S_137,2023-09-01,50.98,16.89,0.7078,-0.6618,0.2218,9531.1532212864,0,0
S_137,2023-10-01,50.98,16.89,0.5943,-0.5877,0.0634,9531.1532212864,0,0
S_137,2023-11-01,50.98,16.89,0.4265,-0.4253,0.0064,9531.1532212864,0,0
S_137,2023-12-01,50.98,16.89,0.3842,-0.4358,-0.0555,9531.1532212864,0,0
S_137,2024-01-01,50.98,16.89,0.1572,-0.1826,0.5737,9531.1532212864,0,0
S_137,2024-02-01,50.98,16.89,0.3311,-0.3799,-0.0844,9531.1532212864,0,0
S_137,2024-03-01,50.98,16.89,0.3117,-0.3886,-0.1492,9531.1532212864,0,0
S_137,2024-04-01,50.98,16.89,0.4793,-0.4818,-0.0099,9531.1532212864,0,0
S_137,2024-05-01,50.98,16.89,0.5149,-0.5245,0.0468,9531.1532212864,0,0
S_137,2024-06-01,50.98,16.89,0.6372,-0.5954,0.129,9531.1532212864,0,0
S_137,2024-07-01,50.98,16.89,0.6862,-0.6482,0.2039,9531.1532212864,0,0
S_137,2024-08-01,50.98,16.89,0.6841,-0.638,0.1971,9531.1532212864,0,0
S_137,2024-09-01,50.98,16.89,0.5694,-0.5779,0.0636,9531.1532212864,0,0
S_137,2024-10-01,50.98,16.89,0.5854,-0.5889,0.0357,9531.1532212864,0,0
S_137,2024-11-01,50.98,16.89,0.3747,-0.4538,-0.179,9531.1532212864,0,0
S_137,2024-12-01,50.98,16.89,0.3191,-0.348,-0.0612,9531.1532212864,0,0
S_137,2025-01-01,50.98,16.89,0.3921,-0.4951,-0.1229,9531.1532212864,0,0
S_137,2025-02-01,50.98,16.89,0.3419,-0.409,-0.0956,9531.1532212864,0,0
S_137,2025-03-01,50.98,16.89,0.3869,-0.4499,-0.1569,9531.1532212864,0,0
S_137,2025-04-01,50.98,16.89,0.6162,-0.5885,0.1357,9531.1532212864,0,0
S_137,2025-05-01,50.98,16.89,0.5971,-0.573,0.1313,9531.1532212864,0,0
S_137,2025-06-01,50.98,16.89,0.7715,-0.7088,0.3531,9531.1532212864,0,0
S_137,2025-07-01,50.98,16.89,0.6658,-0.636,0.297,9531.1532212864,0,0
S_137,2025-08-01,50.98,16.89,0.6102,-0.6012,0.1662,9531.1532212864,0,0
S_137,2025-09-01,50.98,16.89,0.5967,-0.5849,0.0968,9531.1532212864,0,0
S_137,2025-10-01,50.98,16.89,0.5268,-0.5472,0.0375,9531.1532212864,0,0
S_137,2025-11-01,50.98,16.89,0.4568,-0.5094,-0.0218,9531.1532212864,0,0
S_137,2025-12-01,50.98,16.89,0.4471,-0.5452,-0.0357,9531.1532212864,0,0
S_137,2026-01-01,50.98,16.89,0.3691,-0.4848,-0.1256,9531.1532212864,0,0
S_137,2026-02-01,50.98,16.89,0.3323,-0.4348,-0.1863,9531.1532212864,0,0
S_137,2026-03-01,50.98,16.89,0.3537,-0.4631,-0.1652,9531.1532212864,0,0
S_139,2023-06-01,51.02,16.89,0.306,-0.316,0.1065,6287.684180771339,0,0
S_139,2023-07-01,51.02,16.89,0.2641,-0.2853,0.0527,6287.684180771339,0,0
S_139,2023-08-01,51.02,16.89,0.3032,-0.289,0.0565,6287.684180771339,0,0
S_139,2023-09-01,51.02,16.89,0.2924,-0.2997,0.058,6287.684180771339,0,0
S_139,2023-10-01,51.02,16.89,0.233,-0.2518,-0.0092,6287.684180771339,0,0
S_139,2023-11-01,51.02,16.89,0.4944,-0.45,0.2362,6287.684180771339,0,0
S_139,2023-12-01,51.02,16.89,0.1612,-0.173,0.002,6287.684180771339,0,0
S_139,2024-01-01,51.02,16.89,0.0882,-0.0989,0.549,6287.684180771339,0,0
S_139,2024-02-01,51.02,16.89,0.2093,-0.2303,0.0237,6287.684180771339,0,0
S_139,2024-03-01,51.02,16.89,0.2652,-0.2795,-0.0236,6287.684180771339,0,0
S_139,2024-04-01,51.02,16.89,0.2826,-0.2872,0.0519,6287.684180771339,0,0
S_139,2024-05-01,51.02,16.89,0.3005,-0.312,0.0872,6287.684180771339,0,0
S_139,2024-06-01,51.02,16.89,0.285,-0.2903,0.0558,6287.684180771339,0,0
S_139,2024-07-01,51.02,16.89,0.2668,-0.2803,0.0221,6287.684180771339,0,0
S_139,2024-08-01,51.02,16.89,0.2954,-0.2995,0.0524,6287.684180771339,0,0
S_139,2024-09-01,51.02,16.89,0.2799,-0.2968,0.0395,6287.684180771339,0,0
S_139,2024-10-01,51.02,16.89,0.2592,-0.2776,0.0032,6287.684180771339,0,0
S_139,2024-11-01,51.02,16.89,0.2629,-0.271,0.0618,6287.684180771339,0,0
S_139,2024-12-01,51.02,16.89,0.1546,-0.1621,0.0598,6287.684180771339,0,0
S_139,2025-01-01,51.02,16.89,0.2079,-0.2553,0.0267,6287.684180771339,0,0
S_139,2025-02-01,51.02,16.89,0.1779,-0.2179,0.0483,6287.684180771339,0,0
S_139,2025-03-01,51.02,16.89,0.2207,-0.2587,0.0122,6287.684180771339,0,0
S_139,2025-04-01,51.02,16.89,0.3277,-0.3258,0.1158,6287.684180771339,0,0
S_139,2025-05-01,51.02,16.89,0.2897,-0.2864,0.1308,6287.684180771339,0,0
S_139,2025-06-01,51.02,16.89,0.3119,-0.3204,0.104,6287.684180771339,0,0
S_139,2025-07-01,51.02,16.89,0.2696,-0.2919,0.0682,6287.684180771339,0,0
S_139,2025-08-01,51.02,16.89,0.3094,-0.309,0.0618,6287.684180771339,0,0
S_139,2025-09-01,51.02,16.89,0.2592,-0.2793,0.0226,6287.684180771339,0,0
S_139,2025-10-01,51.02,16.89,0.2603,-0.2838,0.0156,6287.684180771339,0,0
S_139,2025-11-01,51.02,16.89,0.2614,-0.2883,0.0086,6287.684180771339,0,0
S_139,2025-12-01,51.02,16.89,0.2413,-0.283,0.0299,6287.684180771339,0,0
S_139,2026-01-01,51.02,16.89,0.2149,-0.2893,-0.0214,6287.684180771339,0,0
S_139,2026-02-01,51.02,16.89,0.1883,-0.2413,-0.0376,6287.684180771339,0,0
S_139,2026-03-01,51.02,16.89,0.1977,-0.2543,-0.0274,6287.684180771339,0,0
S_14,2023-06-01,51.22,16.71,0.7775,-0.701,0.3117,9167.625026369526,0,0
S_14,2023-07-01,51.22,16.71,0.7246,-0.6762,0.231,9167.625026369526,0,0
S_14,2023-08-01,51.22,16.71,0.7423,-0.6744,0.2545,9167.625026369526,0,0
S_14,2023-09-01,51.22,16.71,0.779,-0.7106,0.2467,9167.625026369526,0,0
S_14,2023-10-01,51.22,16.71,0.7667,-0.7074,0.1982,9167.625026369526,0,0
S_14,2023-11-01,51.22,16.71,0.6215,-0.6462,0.095,9167.625026369526,0,0
S_14,2023-12-01,51.22,16.71,0.2385,-0.2587,0.0984,9167.625026369526,0,0
S_14,2024-01-01,51.22,16.71,0.3767,-0.4151,0.2563,9167.625026369526,0,0
S_14,2024-02-01,51.22,16.71,0.5051,-0.5887,0.0429,9167.625026369526,0,0
S_14,2024-03-01,51.22,16.71,0.5514,-0.5756,0.0834,9167.625026369526,0,0
S_14,2024-04-01,51.22,16.71,0.5976,-0.5625,0.124,9167.625026369526,0,0
S_14,2024-05-01,51.22,16.71,0.6826,-0.6247,0.193,9167.625026369526,0,0
S_14,2024-06-01,51.22,16.71,0.7257,-0.649,0.2431,9167.625026369526,0,0
S_14,2024-07-01,51.22,16.71,0.64,-0.587,0.2207,9167.625026369526,0,0
S_14,2024-08-01,51.22,16.71,0.7752,-0.709,0.2271,9167.625026369526,0,0
S_14,2024-09-01,51.22,16.71,0.7429,-0.6947,0.1935,9167.625026369526,0,0
S_14,2024-10-01,51.22,16.71,0.6502,-0.6552,0.0814,9167.625026369526,0,0
S_14,2024-11-01,51.22,16.71,0.5811,-0.5802,0.1059,9167.625026369526,0,0
S_14,2024-12-01,51.22,16.71,0.2007,-0.186,0.0762,9167.625026369526,0,0
S_14,2025-01-01,51.22,16.71,0.4895,-0.5477,0.0833,9167.625026369526,0,0
S_14,2025-02-01,51.22,16.71,0.4147,-0.4674,0.1921,9167.625026369526,0,0
S_14,2025-03-01,51.22,16.71,0.4196,-0.4741,-0.0558,9167.625026369526,0,0
S_14,2025-04-01,51.22,16.71,0.4696,-0.5108,-0.0581,9167.625026369526,0,0
S_14,2025-05-01,51.22,16.71,0.6725,-0.6074,0.2205,9167.625026369526,0,0
S_14,2025-06-01,51.22,16.71,0.7948,-0.7302,0.299,9167.625026369526,0,0
S_14,2025-07-01,51.22,16.71,0.7434,-0.677,0.238,9167.625026369526,0,0
S_14,2025-08-01,51.22,16.71,0.7815,-0.7149,0.2579,9167.625026369526,0,0
S_14,2025-09-01,51.22,16.71,0.7418,-0.7002,0.2066,9167.625026369526,0,0
S_14,2025-10-01,51.22,16.71,0.6683,-0.6758,0.1337,9167.625026369526,0,0
S_14,2025-11-01,51.22,16.71,0.5948,-0.6513,0.0608,9167.625026369526,0,0
S_14,2025-12-01,51.22,16.71,0.4915,-0.5528,0.0983,9167.625026369526,0,0
S_14,2026-01-01,51.22,16.71,0.3185,-0.332,0.3601,9167.625026369526,0,0
S_14,2026-02-01,51.22,16.71,0.4062,-0.4887,-0.0809,9167.625026369526,0,0
S_14,2026-03-01,51.22,16.71,0.4017,-0.4831,-0.0817,9167.625026369526,0,0
S_141,2023-06-01,51.06,16.89,0.6907,-0.6468,0.3565,3177.13745578146,0,0
S_141,2023-07-01,51.06,16.89,0.4617,-0.5144,0.1244,3177.13745578146,0,0
S_141,2023-08-01,51.06,16.89,0.3579,-0.4141,-0.0681,3177.13745578146,0,0
S_141,2023-09-01,51.06,16.89,0.4929,-0.5031,0.046,3177.13745578146,0,0
S_141,2023-10-01,51.06,16.89,0.412,-0.4519,-0.0213,3177.13745578146,0,0
S_141,2023-11-01,51.06,16.89,0.5472,-0.5537,0.1443,3177.13745578146,0,0
S_141,2023-12-01,51.06,16.89,0.2867,-0.2782,0.1203,3177.13745578146,0,0
S_141,2024-01-01,51.06,16.89,0.2088,-0.223,0.5788,3177.13745578146,0,0
S_141,2024-02-01,51.06,16.89,0.4624,-0.5174,0.093,3177.13745578146,0,0
S_141,2024-03-01,51.06,16.89,0.487,-0.51,0.1409,3177.13745578146,0,0
S_141,2024-04-01,51.06,16.89,0.5117,-0.5026,0.1888,3177.13745578146,0,0
S_141,2024-05-01,51.06,16.89,0.6101,-0.5786,0.2618,3177.13745578146,0,0
S_141,2024-06-01,51.06,16.89,0.5897,-0.5537,0.2155,3177.13745578146,0,0
S_141,2024-07-01,51.06,16.89,0.4401,-0.4583,0.0109,3177.13745578146,0,0
S_141,2024-08-01,51.06,16.89,0.4817,-0.4926,0.0612,3177.13745578146,0,0
S_141,2024-09-01,51.06,16.89,0.527,-0.5265,0.0932,3177.13745578146,0,0
S_141,2024-10-01,51.06,16.89,0.4304,-0.4797,-0.006,3177.13745578146,0,0
S_141,2024-11-01,51.06,16.89,0.4284,-0.4692,0.0257,3177.13745578146,0,0
S_141,2024-12-01,51.06,16.89,0.3112,-0.3355,0.0717,3177.13745578146,0,0
S_141,2025-01-01,51.06,16.89,0.3924,-0.4652,0.0377,3177.13745578146,0,0
S_141,2025-02-01,51.06,16.89,0.3729,-0.4381,0.0668,3177.13745578146,0,0
S_141,2025-03-01,51.06,16.89,0.4085,-0.4493,0.0041,3177.13745578146,0,0
S_141,2025-04-01,51.06,16.89,0.4835,-0.5047,0.0866,3177.13745578146,0,0
S_141,2025-05-01,51.06,16.89,0.5621,-0.5424,0.2379,3177.13745578146,0,0
S_141,2025-06-01,51.06,16.89,0.656,-0.6175,0.3059,3177.13745578146,0,0
S_141,2025-07-01,51.06,16.89,0.4897,-0.5118,0.1616,3177.13745578146,0,0
S_141,2025-08-01,51.06,16.89,0.4386,-0.4859,0.0323,3177.13745578146,0,0
S_141,2025-09-01,51.06,16.89,0.4241,-0.4637,0.0066,3177.13745578146,0,0
S_141,2025-10-01,51.06,16.89,0.4291,-0.4751,0.0116,3177.13745578146,0,0
S_141,2025-11-01,51.06,16.89,0.4341,-0.4865,0.0167,3177.13745578146,0,0
S_141,2025-12-01,51.06,16.89,0.4773,-0.5113,0.109,3177.13745578146,0,0
S_141,2026-01-01,51.06,16.89,0.0829,-0.1047,0.2863,3177.13745578146,0,0
S_141,2026-02-01,51.06,16.89,0.3457,-0.4101,-0.0407,3177.13745578146,0,0
S_141,2026-03-01,51.06,16.89,0.355,-0.4099,-0.0333,3177.13745578146,0,0
S_143,2023-06-01,51.1,16.89,0.5497,-0.5373,0.1435,584.150058798024,0,0
S_143,2023-07-01,51.1,16.89,0.5734,-0.5394,0.1263,584.150058798024,0,0
S_143,2023-08-01,51.1,16.89,0.54,-0.4854,0.1584,584.150058798024,0,0
S_143,2023-09-01,51.1,16.89,0.5841,-0.5462,0.1151,584.150058798024,0,0
S_143,2023-10-01,51.1,16.89,0.6227,-0.5651,0.1437,584.150058798024,0,0
S_143,2023-11-01,51.1,16.89,0.5657,-0.5622,0.1021,584.150058798024,0,0
S_143,2023-12-01,51.1,16.89,-0.0386,0.1005,0.0761,584.150058798024,0,0
S_143,2024-01-01,51.1,16.89,0.2467,-0.2802,0.4001,584.150058798024,0,0
S_143,2024-02-01,51.1,16.89,0.4393,-0.5028,0.0098,584.150058798024,0,0
S_143,2024-03-01,51.1,16.89,0.4454,-0.4588,0.071,584.150058798024,0,0
S_143,2024-04-01,51.1,16.89,0.4515,-0.4148,0.1323,584.150058798024,0,0
S_143,2024-05-01,51.1,16.89,0.5837,-0.5492,0.1678,584.150058798024,0,0
S_143,2024-06-01,51.1,16.89,0.5899,-0.5439,0.1452,584.150058798024,0,0
S_143,2024-07-01,51.1,16.89,0.4827,-0.4593,0.0457,584.150058798024,0,0
S_143,2024-08-01,51.1,16.89,0.655,-0.5895,0.1845,584.150058798024,0,0
S_143,2024-09-01,51.1,16.89,0.6228,-0.5705,0.1345,584.150058798024,0,0
S_143,2024-10-01,51.1,16.89,0.5889,-0.5569,0.0971,584.150058798024,0,0
S_143,2024-11-01,51.1,16.89,0.549,-0.5226,0.111,584.150058798024,0,0
S_143,2024-12-01,51.1,16.89,0.3376,-0.3464,0.0497,584.150058798024,0,0
S_143,2025-01-01,51.1,16.89,0.409,-0.4773,0.0058,584.150058798024,0,0
S_143,2025-02-01,51.1,16.89,0.3939,-0.4753,-0.0208,584.150058798024,0,0
S_143,2025-03-01,51.1,16.89,0.352,-0.4123,-0.0619,584.150058798024,0,0
S_143,2025-04-01,51.1,16.89,0.401,-0.43,-0.0262,584.150058798024,0,0
S_143,2025-05-01,51.1,16.89,0.588,-0.5357,0.1855,584.150058798024,0,0
S_143,2025-06-01,51.1,16.89,0.5451,-0.5288,0.1185,584.150058798024,0,0
S_143,2025-07-01,51.1,16.89,0.529,-0.4997,0.0828,584.150058798024,0,0
S_143,2025-08-01,51.1,16.89,0.57,-0.5265,0.1292,584.150058798024,0,0
S_143,2025-09-01,51.1,16.89,0.554,-0.5267,0.1064,584.150058798024,0,0
S_143,2025-10-01,51.1,16.89,0.5064,-0.5128,0.0586,584.150058798024,0,0
S_143,2025-11-01,51.1,16.89,0.4587,-0.499,0.0107,584.150058798024,0,0
S_143,2025-12-01,51.1,16.89,0.4009,-0.4677,-0.0013,584.150058798024,0,0
S_143,2026-01-01,51.1,16.89,0.0064,-0.0081,0.248,584.150058798024,0,0
S_143,2026-02-01,51.1,16.89,0.2881,-0.3771,-0.121,584.150058798024,0,0
S_143,2026-03-01,51.1,16.89,0.2809,-0.3613,-0.1156,584.150058798024,0,0
S_144,2023-06-01,51.12,16.89,0.6492,-0.6056,0.2587,29.2480101924891,21,0
S_144,2023-07-01,51.12,16.89,0.5451,-0.5316,0.1203,29.2480101924891,21,0
S_144,2023-08-01,51.12,16.89,0.5127,-0.4882,0.114,29.2480101924891,21,0
S_144,2023-09-01,51.12,16.89,0.5936,-0.5598,0.1327,29.2480101924891,21,0
S_144,2023-10-01,51.12,16.89,0.5472,-0.5325,0.0756,29.2480101924891,21,0
S_144,2023-11-01,51.12,16.89,0.5121,-0.5489,0.0552,29.2480101924891,21,0
S_144,2023-12-01,51.12,16.89,0.4298,-0.4166,0.1671,29.2480101924891,21,0
S_144,2024-01-01,51.12,16.89,0.2629,-0.317,0.2755,29.2480101924891,21,0
S_144,2024-02-01,51.12,16.89,0.3964,-0.491,-0.0008,29.2480101924891,21,0
S_144,2024-03-01,51.12,16.89,0.4636,-0.5028,0.0661,29.2480101924891,21,0
S_144,2024-04-01,51.12,16.89,0.5307,-0.5146,0.133,29.2480101924891,21,0
S_144,2024-05-01,51.12,16.89,0.5775,-0.5528,0.1679,29.2480101924891,21,0
S_144,2024-06-01,51.12,16.89,0.5636,-0.5241,0.131,29.2480101924891,21,0
S_144,2024-07-01,51.12,16.89,0.5308,-0.5034,0.0721,29.2480101924891,21,0
S_144,2024-08-01,51.12,16.89,0.5911,-0.5584,0.1328,29.2480101924891,21,0
S_144,2024-09-01,51.12,16.89,0.5871,-0.5638,0.1251,29.2480101924891,21,0
S_144,2024-10-01,51.12,16.89,0.4968,-0.5217,0.0145,29.2480101924891,21,0
S_144,2024-11-01,51.12,16.89,0.4394,-0.4584,0.0313,29.2480101924891,21,0
S_144,2024-12-01,51.12,16.89,0.2757,-0.2847,0.0335,29.2480101924891,21,0
S_144,2025-01-01,51.12,16.89,0.3751,-0.4579,-0.0126,29.2480101924891,21,0
S_144,2025-02-01,51.12,16.89,0.362,-0.4553,-0.0027,29.2480101924891,21,0
S_144,2025-03-01,51.12,16.89,0.3238,-0.4004,-0.0816,29.2480101924891,21,0
S_144,2025-04-01,51.12,16.89,0.3616,-0.4143,-0.054,29.2480101924891,21,0
S_144,2025-05-01,51.12,16.89,0.5424,-0.5112,0.1485,29.2480101924891,21,0
S_144,2025-06-01,51.12,16.89,0.5982,-0.5752,0.1779,29.2480101924891,21,0
S_144,2025-07-01,51.12,16.89,0.5696,-0.5349,0.121,29.2480101924891,21,0
S_144,2025-08-01,51.12,16.89,0.6072,-0.5667,0.1643,29.2480101924891,21,0
S_144,2025-09-01,51.12,16.89,0.5677,-0.5536,0.1095,29.2480101924891,21,0
S_144,2025-10-01,51.12,16.89,0.5106,-0.5342,0.0483,29.2480101924891,21,0
S_144,2025-11-01,51.12,16.89,0.4535,-0.5149,-0.0129,29.2480101924891,21,0
S_144,2025-12-01,51.12,16.89,0.4001,-0.4907,0.0077,29.2480101924891,21,0
S_144,2026-01-01,51.12,16.89,0.0249,-0.0005,0.5573,29.2480101924891,21,0
S_144,2026-02-01,51.12,16.89,0.2941,-0.4005,-0.1252,29.2480101924891,21,0
S_144,2026-03-01,51.12,16.89,0.2864,-0.3818,-0.1172,29.2480101924891,21,0
S_146,2023-06-01,51.16,16.89,0.653,-0.6055,0.2522,88.52606590553637,16,0
S_146,2023-07-01,51.16,16.89,0.6412,-0.5977,0.2034,88.52606590553637,16,0
S_146,2023-08-01,51.16,16.89,0.5573,-0.51,0.1886,88.52606590553637,16,0
S_146,2023-09-01,51.16,16.89,0.6682,-0.6186,0.217,88.52606590553637,16,0
S_146,2023-10-01,51.16,16.89,0.6913,-0.646,0.2156,88.52606590553637,16,0
S_146,2023-11-01,51.16,16.89,0.5398,-0.5722,0.0778,88.52606590553637,16,0
S_146,2023-12-01,51.16,16.89,0.3732,-0.4125,0.0951,88.52606590553637,16,0
S_146,2024-01-01,51.16,16.89,0.2966,-0.3417,0.1892,88.52606590553637,16,0
S_146,2024-02-01,51.16,16.89,0.4213,-0.5073,-0.0166,88.52606590553637,16,0
S_146,2024-03-01,51.16,16.89,0.4894,-0.514,0.0679,88.52606590553637,16,0
S_146,2024-04-01,51.16,16.89,0.5575,-0.5208,0.1524,88.52606590553637,16,0
S_146,2024-05-01,51.16,16.89,0.6047,-0.5613,0.1859,88.52606590553637,16,0
S_146,2024-06-01,51.16,16.89,0.5808,-0.5346,0.1823,88.52606590553637,16,0
S_146,2024-07-01,51.16,16.89,0.6053,-0.5561,0.1765,88.52606590553637,16,0
S_146,2024-08-01,51.16,16.89,0.6597,-0.6095,0.1841,88.52606590553637,16,0
S_146,2024-09-01,51.16,16.89,0.6155,-0.5796,0.1786,88.52606590553637,16,0
S_146,2024-10-01,51.16,16.89,0.5581,-0.5605,0.0621,88.52606590553637,16,0
S_146,2024-11-01,51.16,16.89,0.4805,-0.4844,0.0651,88.52606590553637,16,0
S_146,2024-12-01,51.16,16.89,0.2334,-0.2236,0.0795,88.52606590553637,16,0
S_146,2025-01-01,51.16,16.89,0.3917,-0.4579,-0.0125,88.52606590553637,16,0
S_146,2025-02-01,51.16,16.89,0.3993,-0.4806,0.0083,88.52606590553637,16,0
S_146,2025-03-01,51.16,16.89,0.3506,-0.4053,-0.072,88.52606590553637,16,0
S_146,2025-04-01,51.16,16.89,0.4028,-0.4365,-0.0493,88.52606590553637,16,0
S_146,2025-05-01,51.16,16.89,0.6105,-0.5476,0.2086,88.52606590553637,16,0
S_146,2025-06-01,51.16,16.89,0.6701,-0.6246,0.2389,88.52606590553637,16,0
S_146,2025-07-01,51.16,16.89,0.6681,-0.6114,0.2057,88.52606590553637,16,0
S_146,2025-08-01,51.16,16.89,0.6655,-0.6127,0.2206,88.52606590553637,16,0
S_146,2025-09-01,51.16,16.89,0.6533,-0.6138,0.1965,88.52606590553637,16,0
S_146,2025-10-01,51.16,16.89,0.5805,-0.5862,0.1122,88.52606590553637,16,0
S_146,2025-11-01,51.16,16.89,0.5077,-0.5586,0.028,88.52606590553637,16,0
S_146,2025-12-01,51.16,16.89,0.4409,-0.4969,0.04,88.52606590553637,16,0
S_146,2026-01-01,51.16,16.89,0.0601,-0.0264,0.5262,88.52606590553637,16,0
S_146,2026-02-01,51.16,16.89,0.3387,-0.4279,-0.1008,88.52606590553637,16,0
S_146,2026-03-01,51.16,16.89,0.3294,-0.4074,-0.0984,88.52606590553637,16,0
S_148,2023-06-01,51.2,16.89,0.7458,-0.6863,0.3544,128.5731600417197,0,0
S_148,2023-07-01,51.2,16.89,0.5739,-0.5793,0.1485,128.5731600417197,0,0
S_148,2023-08-01,51.2,16.89,0.4513,-0.4433,0.0673,128.5731600417197,0,0
S_148,2023-09-01,51.2,16.89,0.6165,-0.5916,0.1007,128.5731600417197,0,0
S_148,2023-10-01,51.2,16.89,0.5019,-0.5126,0.0398,128.5731600417197,0,0
S_148,2023-11-01,51.2,16.89,0.5285,-0.5795,0.0626,128.5731600417197,0,0
S_148,2023-12-01,51.2,16.89,0.4295,-0.4733,0.0627,128.5731600417197,0,0
S_148,2024-01-01,51.2,16.89,0.3175,-0.38,0.1637,128.5731600417197,0,0
S_148,2024-02-01,51.2,16.89,0.4268,-0.526,-0.0325,128.5731600417197,0,0
S_148,2024-03-01,51.2,16.89,0.4814,-0.5204,0.046,128.5731600417197,0,0
S_148,2024-04-01,51.2,16.89,0.536,-0.5147,0.1245,128.5731600417197,0,0
S_148,2024-05-01,51.2,16.89,0.5473,-0.5333,0.1463,128.5731600417197,0,0
S_148,2024-06-01,51.2,16.89,0.5703,-0.5323,0.1806,128.5731600417197,0,0
S_148,2024-07-01,51.2,16.89,0.6055,-0.5671,0.1486,128.5731600417197,0,0
S_148,2024-08-01,51.2,16.89,0.6981,-0.6458,0.1908,128.5731600417197,0,0
S_148,2024-09-01,51.2,16.89,0.6209,-0.5989,0.1216,128.5731600417197,0,0
S_148,2024-10-01,51.2,16.89,0.4808,-0.5256,-0.0157,128.5731600417197,0,0
S_148,2024-11-01,51.2,16.89,0.4285,-0.4751,0.0026,128.5731600417197,0,0
S_148,2024-12-01,51.2,16.89,0.0897,-0.0498,0.0768,128.5731600417197,0,0
S_148,2025-01-01,51.2,16.89,0.3414,-0.4418,-0.0635,128.5731600417197,0,0
S_148,2025-02-01,51.2,16.89,0.3082,-0.4055,0.0517,128.5731600417197,0,0
S_148,2025-03-01,51.2,16.89,0.3001,-0.3869,-0.1353,128.5731600417197,0,0
S_148,2025-04-01,51.2,16.89,0.347,-0.4127,-0.1127,128.5731600417197,0,0
S_148,2025-05-01,51.2,16.89,0.5337,-0.5129,0.1331,128.5731600417197,0,0
S_148,2025-06-01,51.2,16.89,0.684,-0.6511,0.234,128.5731600417197,0,0
S_148,2025-07-01,51.2,16.89,0.7071,-0.651,0.261,128.5731600417197,0,0
S_148,2025-08-01,51.2,16.89,0.7176,-0.6644,0.2369,128.5731600417197,0,0
S_148,2025-09-01,51.2,16.89,0.6797,-0.6341,0.1948,128.5731600417197,0,0
S_148,2025-10-01,51.2,16.89,0.5556,-0.5809,0.064,128.5731600417197,0,0
S_148,2025-11-01,51.2,16.89,0.4316,-0.5277,-0.0668,128.5731600417197,0,0
S_148,2025-12-01,51.2,16.89,0.3809,-0.4677,0.0129,128.5731600417197,0,0
S_148,2026-01-01,51.2,16.89,0.1722,-0.1683,0.4338,128.5731600417197,0,0
S_148,2026-02-01,51.2,16.89,0.2961,-0.4081,-0.1405,128.5731600417197,0,0
S_148,2026-03-01,51.2,16.89,0.2874,-0.394,-0.1511,128.5731600417197,0,0
S_149,2023-06-01,51.22,16.89,0.7041,-0.6287,0.3864,1612.966088400308,0,0
S_149,2023-07-01,51.22,16.89,0.5311,-0.5275,0.1728,1612.966088400308,0,0
S_149,2023-08-01,51.22,16.89,0.5158,-0.478,0.1599,1612.966088400308,0,0
S_149,2023-09-01,51.22,16.89,0.6063,-0.5566,0.1784,1612.966088400308,0,0
S_149,2023-10-01,51.22,16.89,0.518,-0.5023,0.1067,1612.966088400308,0,0
S_149,2023-11-01,51.22,16.89,0.4685,-0.5057,0.0327,1612.966088400308,0,0
S_149,2023-12-01,51.22,16.89,0.3834,-0.415,0.0415,1612.966088400308,0,0
S_149,2024-01-01,51.22,16.89,0.2911,-0.3428,0.1861,1612.966088400308,0,0
S_149,2024-02-01,51.22,16.89,0.417,-0.479,0.0064,1612.966088400308,0,0
S_149,2024-03-01,51.22,16.89,0.542,-0.5358,0.1274,1612.966088400308,0,0
S_149,2024-04-01,51.22,16.89,0.667,-0.5926,0.2483,1612.966088400308,0,0
S_149,2024-05-01,51.22,16.89,0.691,-0.6197,0.2995,1612.966088400308,0,0
S_149,2024-06-01,51.22,16.89,0.6937,-0.6188,0.2781,1612.966088400308,0,0
S_149,2024-07-01,51.22,16.89,0.5394,-0.5039,0.1014,1612.966088400308,0,0
S_149,2024-08-01,51.22,16.89,0.538,-0.5212,0.0711,1612.966088400308,0,0
S_149,2024-09-01,51.22,16.89,0.4933,-0.4916,0.2031,1612.966088400308,0,0
S_149,2024-10-01,51.22,16.89,0.4288,-0.4485,-0.0039,1612.966088400308,0,0
S_149,2024-11-01,51.22,16.89,0.359,-0.3916,-0.0099,1612.966088400308,0,0
S_149,2024-12-01,51.22,16.89,0.0552,-0.0167,0.0169,1612.966088400308,0,0
S_149,2025-01-01,51.22,16.89,0.3223,-0.3921,-0.0326,1612.966088400308,0,0
S_149,2025-02-01,51.22,16.89,0.3006,-0.3862,0.0117,1612.966088400308,0,0
S_149,2025-03-01,51.22,16.89,0.3318,-0.3737,-0.0773,1612.966088400308,0,0
S_149,2025-04-01,51.22,16.89,0.4517,-0.4445,-0.0081,1612.966088400308,0,0
S_149,2025-05-01,51.22,16.89,0.7445,-0.6478,0.3456,1612.966088400308,0,0
S_149,2025-06-01,51.22,16.89,0.6151,-0.5914,0.23,1612.966088400308,0,0
S_149,2025-07-01,51.22,16.89,0.6431,-0.5942,0.1889,1612.966088400308,0,0
S_149,2025-08-01,51.22,16.89,0.5794,-0.5464,0.1482,1612.966088400308,0,0
S_149,2025-09-01,51.22,16.89,0.5493,-0.5274,0.1231,1612.966088400308,0,0
S_149,2025-10-01,51.22,16.89,0.526,-0.5277,0.1026,1612.966088400308,0,0
S_149,2025-11-01,51.22,16.89,0.5026,-0.528,0.082,1612.966088400308,0,0
S_149,2025-12-01,51.22,16.89,0.467,-0.4744,0.1203,1612.966088400308,0,0
S_149,2026-01-01,51.22,16.89,0.1637,-0.1603,0.4527,1612.966088400308,0,0
S_149,2026-02-01,51.22,16.89,0.317,-0.4002,-0.0749,1612.966088400308,0,0
S_149,2026-03-01,51.22,16.89,0.3153,-0.3867,-0.11,1612.966088400308,0,0
S_15,2023-06-01,51.24,16.71,0.7209,-0.6534,0.3575,10346.277459912872,0,0
S_15,2023-07-01,51.24,16.71,0.5182,-0.5327,0.0942,10346.277459912872,0,0
S_15,2023-08-01,51.24,16.71,0.5404,-0.5203,0.0498,10346.277459912872,0,0
S_15,2023-09-01,51.24,16.71,0.5786,-0.5542,0.0831,10346.277459912872,0,0
S_15,2023-10-01,51.24,16.71,0.5214,-0.522,0.0284,10346.277459912872,0,0
S_15,2023-11-01,51.24,16.71,0.4811,-0.5238,0.041,10346.277459912872,0,0
S_15,2023-12-01,51.24,16.71,0.2307,-0.2363,0.1039,10346.277459912872,0,0
S_15,2024-01-01,51.24,16.71,0.2675,-0.3335,0.1906,10346.277459912872,0,0
S_15,2024-02-01,51.24,16.71,0.3848,-0.4686,0.003,10346.277459912872,0,0
S_15,2024-03-01,51.24,16.71,0.4811,-0.5107,0.0777,10346.277459912872,0,0
S_15,2024-04-01,51.24,16.71,0.5774,-0.5527,0.1524,10346.277459912872,0,0
S_15,2024-05-01,51.24,16.71,0.6303,-0.5913,0.2146,10346.277459912872,0,0
S_15,2024-06-01,51.24,16.71,0.5713,-0.5358,0.1586,10346.277459912872,0,0
S_15,2024-07-01,51.24,16.71,0.4532,-0.4422,0.0458,10346.277459912872,0,0
S_15,2024-08-01,51.24,16.71,0.6057,-0.5719,0.1216,10346.277459912872,0,0
S_15,2024-09-01,51.24,16.71,0.4832,-0.4842,0.1608,10346.277459912872,0,0
S_15,2024-10-01,51.24,16.71,0.4881,-0.5109,0.0008,10346.277459912872,0,0
S_15,2024-11-01,51.24,16.71,0.4781,-0.4828,0.0505,10346.277459912872,0,0
S_15,2024-12-01,51.24,16.71,0.0704,-0.0587,0.0204,10346.277459912872,0,0
S_15,2025-01-01,51.24,16.71,0.3669,-0.4377,0.0065,10346.277459912872,0,0
S_15,2025-02-01,51.24,16.71,0.2243,-0.2899,0.2343,10346.277459912872,0,0
S_15,2025-03-01,51.24,16.71,0.2999,-0.376,-0.1035,10346.277459912872,0,0
S_15,2025-04-01,51.24,16.71,0.347,-0.4109,-0.0814,10346.277459912872,0,0
S_15,2025-05-01,51.24,16.71,0.5558,-0.5348,0.1544,10346.277459912872,0,0
S_15,2025-06-01,51.24,16.71,0.6398,-0.6132,0.2187,10346.277459912872,0,0
S_15,2025-07-01,51.24,16.71,0.5614,-0.5421,0.1106,10346.277459912872,0,0
S_15,2025-08-01,51.24,16.71,0.6219,-0.5876,0.1494,10346.277459912872,0,0
S_15,2025-09-01,51.24,16.71,0.5761,-0.5651,0.0978,10346.277459912872,0,0
S_15,2025-10-01,51.24,16.71,0.4949,-0.531,0.0342,10346.277459912872,0,0
S_15,2025-11-01,51.24,16.71,0.4137,-0.4969,-0.0295,10346.277459912872,0,0
S_15,2025-12-01,51.24,16.71,0.361,-0.4482,0.0559,10346.277459912872,0,0
S_15,2026-01-01,51.24,16.71,0.1182,-0.1329,0.4723,10346.277459912872,0,0
S_15,2026-02-01,51.24,16.71,0.2667,-0.3748,-0.1313,10346.277459912872,0,0
S_15,2026-03-01,51.24,16.71,0.2613,-0.3678,-0.1433,10346.277459912872,0,0
S_150,2023-06-01,51.24,16.89,0.5313,-0.532,0.1414,3836.1304745548578,0,0
S_150,2023-07-01,51.24,16.89,0.6571,-0.638,0.2053,3836.1304745548578,0,0
S_150,2023-08-01,51.24,16.89,0.4149,-0.3767,0.1389,3836.1304745548578,0,0
S_150,2023-09-01,51.24,16.89,0.6996,-0.6488,0.2132,3836.1304745548578,0,0
S_150,2023-10-01,51.24,16.89,0.5559,-0.5738,0.0457,3836.1304745548578,0,0
S_150,2023-11-01,51.24,16.89,0.4106,-0.5066,-0.0301,3836.1304745548578,0,0
S_150,2023-12-01,51.24,16.89,0.3239,-0.4111,0.021,3836.1304745548578,0,0
S_150,2024-01-01,51.24,16.89,0.2566,-0.3442,0.0861,3836.1304745548578,0,0
S_150,2024-02-01,51.24,16.89,0.3594,-0.4639,-0.0082,3836.1304745548578,0,0
S_150,2024-03-01,51.24,16.89,0.4428,-0.4846,0.0514,3836.1304745548578,0,0
S_150,2024-04-01,51.24,16.89,0.5263,-0.5054,0.111,3836.1304745548578,0,0
S_150,2024-05-01,51.24,16.89,0.5399,-0.533,0.1382,3836.1304745548578,0,0
S_150,2024-06-01,51.24,16.89,0.6056,-0.562,0.1557,3836.1304745548578,0,0
S_150,2024-07-01,51.24,16.89,0.6061,-0.5581,0.1473,3836.1304745548578,0,0
S_150,2024-08-01,51.24,16.89,0.588,-0.5756,0.0979,3836.1304745548578,0,0
S_150,2024-09-01,51.24,16.89,0.5165,-0.5312,0.0599,3836.1304745548578,0,0
S_150,2024-10-01,51.24,16.89,0.508,-0.5304,-0.0051,3836.1304745548578,0,0
S_150,2024-11-01,51.24,16.89,0.4828,-0.4631,0.0957,3836.1304745548578,0,0
S_150,2024-12-01,51.24,16.89,0.0679,-0.0194,0.1185,3836.1304745548578,0,0
S_150,2025-01-01,51.24,16.89,0.3778,-0.4626,-0.0011,3836.1304745548578,0,0
S_150,2025-02-01,51.24,16.89,0.3524,-0.4449,0.0367,3836.1304745548578,0,0
S_150,2025-03-01,51.24,16.89,0.3326,-0.4062,-0.0931,3836.1304745548578,0,0
S_150,2025-04-01,51.24,16.89,0.3398,-0.398,-0.0856,3836.1304745548578,0,0
S_150,2025-05-01,51.24,16.89,0.6072,-0.5614,0.2107,3836.1304745548578,0,0
S_150,2025-06-01,51.24,16.89,0.6494,-0.6223,0.2126,3836.1304745548578,0,0
S_150,2025-07-01,51.24,16.89,0.71,-0.6441,0.2608,3836.1304745548578,0,0
S_150,2025-08-01,51.24,16.89,0.7449,-0.6718,0.2666,3836.1304745548578,0,0
S_150,2025-09-01,51.24,16.89,0.5869,-0.5931,0.1019,3836.1304745548578,0,0
S_150,2025-10-01,51.24,16.89,0.4913,-0.5446,0.0132,3836.1304745548578,0,0
S_150,2025-11-01,51.24,16.89,0.3958,-0.4961,-0.0755,3836.1304745548578,0,0
S_150,2025-12-01,51.24,16.89,0.3343,-0.4129,-0.0029,3836.1304745548578,0,0
S_150,2026-01-01,51.24,16.89,0.1176,-0.1486,0.5614,3836.1304745548578,0,0
S_150,2026-02-01,51.24,16.89,0.2828,-0.3892,-0.1188,3836.1304745548578,0,0
S_150,2026-03-01,51.24,16.89,0.293,-0.3931,-0.1306,3836.1304745548578,0,0
S_151,2023-06-01,50.96,16.91,0.5367,-0.538,0.1146,10879.657044859136,0,0
S_151,2023-07-01,50.96,16.91,0.6665,-0.6345,0.2597,10879.657044859136,0,0
S_151,2023-08-01,50.96,16.91,0.7391,-0.6902,0.2798,10879.657044859136,0,0
S_151,2023-09-01,50.96,16.91,0.6565,-0.6268,0.1882,10879.657044859136,0,0
S_151,2023-10-01,50.96,16.91,0.5402,-0.5501,0.0348,10879.657044859136,0,0
S_151,2023-11-01,50.96,16.91,0.3507,-0.3909,-0.0348,10879.657044859136,0,0
S_151,2023-12-01,50.96,16.91,0.3131,-0.3869,-0.1166,10879.657044859136,0,0
S_151,2024-01-01,50.96,16.91,0.0927,-0.122,0.6307,10879.657044859136,0,0
S_151,2024-02-01,50.96,16.91,0.2722,-0.3631,-0.1649,10879.657044859136,0,0
S_151,2024-03-01,50.96,16.91,0.3305,-0.4005,-0.1215,10879.657044859136,0,0
S_151,2024-04-01,50.96,16.91,0.3888,-0.438,-0.0781,10879.657044859136,0,0
S_151,2024-05-01,50.96,16.91,0.453,-0.4861,-0.0029,10879.657044859136,0,0
S_151,2024-06-01,50.96,16.91,0.556,-0.5407,0.0681,10879.657044859136,0,0
S_151,2024-07-01,50.96,16.91,0.6114,-0.5942,0.1456,10879.657044859136,0,0
S_151,2024-08-01,50.96,16.91,0.6269,-0.5928,0.1529,10879.657044859136,0,0
S_151,2024-09-01,50.96,16.91,0.4944,-0.5298,0.0006,10879.657044859136,0,0
S_151,2024-10-01,50.96,16.91,0.3543,-0.4571,-0.1702,10879.657044859136,0,0
S_151,2024-11-01,50.96,16.91,0.3939,-0.4575,-0.1519,10879.657044859136,0,0
S_151,2024-12-01,50.96,16.91,0.346,-0.3665,-0.0587,10879.657044859136,0,0
S_151,2025-01-01,50.96,16.91,0.4119,-0.5019,-0.0968,10879.657044859136,0,0
S_151,2025-02-01,50.96,16.91,0.3759,-0.4325,-0.0985,10879.657044859136,0,0
S_151,2025-03-01,50.96,16.91,0.4241,-0.4739,-0.1023,10879.657044859136,0,0
S_151,2025-04-01,50.96,16.91,0.6504,-0.6266,0.2244,10879.657044859136,0,0
S_151,2025-05-01,50.96,16.91,0.6376,-0.6145,0.2273,10879.657044859136,0,0
S_151,2025-06-01,50.96,16.91,0.7484,-0.6926,0.3863,10879.657044859136,0,0
S_151,2025-07-01,50.96,16.91,0.6516,-0.6187,0.3315,10879.657044859136,0,0
S_151,2025-08-01,50.96,16.91,0.4775,-0.5218,0.0737,10879.657044859136,0,0
S_151,2025-09-01,50.96,16.91,0.4809,-0.5024,-0.003,10879.657044859136,0,0
S_151,2025-10-01,50.96,16.91,0.4706,-0.5029,-0.0095,10879.657044859136,0,0
S_151,2025-11-01,50.96,16.91,0.4604,-0.5034,-0.016,10879.657044859136,0,0
S_151,2025-12-01,50.96,16.91,0.4409,-0.5454,-0.0163,10879.657044859136,0,0
S_151,2026-01-01,50.96,16.91,0.3689,-0.4797,-0.124,10879.657044859136,0,0
S_151,2026-02-01,50.96,16.91,0.3232,-0.4258,-0.1747,10879.657044859136,0,0
S_151,2026-03-01,50.96,16.91,0.3418,-0.4477,-0.1614,10879.657044859136,0,0
S_153,2023-06-01,51.0,16.91,0.603,-0.595,0.2431,6900.951084593016,0,0
S_153,2023-07-01,51.0,16.91,0.5815,-0.5891,0.2121,6900.951084593016,0,0
S_153,2023-08-01,51.0,16.91,0.5398,-0.5492,0.0706,6900.951084593016,0,0
S_153,2023-09-01,51.0,16.91,0.5814,-0.5794,0.1135,6900.951084593016,0,0
S_153,2023-10-01,51.0,16.91,0.5209,-0.5376,0.0267,6900.951084593016,0,0
S_153,2023-11-01,51.0,16.91,0.3131,-0.3582,-0.045,6900.951084593016,0,0
S_153,2023-12-01,51.0,16.91,0.3339,-0.4066,-0.0425,6900.951084593016,0,0
S_153,2024-01-01,51.0,16.91,0.1157,-0.1402,0.6143,6900.951084593016,0,0
S_153,2024-02-01,51.0,16.91,0.3127,-0.3893,-0.0363,6900.951084593016,0,0
S_153,2024-03-01,51.0,16.91,0.3452,-0.3717,0.0345,6900.951084593016,0,0
S_153,2024-04-01,51.0,16.91,0.3597,-0.397,0.0239,6900.951084593016,0,0
S_153,2024-05-01,51.0,16.91,0.4733,-0.4978,0.0898,6900.951084593016,0,0
S_153,2024-06-01,51.0,16.91,0.5737,-0.5524,0.1571,6900.951084593016,0,0
S_153,2024-07-01,51.0,16.91,0.5465,-0.5542,0.1109,6900.951084593016,0,0
S_153,2024-08-01,51.0,16.91,0.5491,-0.5506,0.1073,6900.951084593016,0,0
S_153,2024-09-01,51.0,16.91,0.4614,-0.5021,0.0062,6900.951084593016,0,0
S_153,2024-10-01,51.0,16.91,0.3683,-0.4446,-0.0689,6900.951084593016,0,0
S_153,2024-11-01,51.0,16.91,0.383,-0.4505,-0.0424,6900.951084593016,0,0
S_153,2024-12-01,51.0,16.91,0.336,-0.3691,0.0391,6900.951084593016,0,0
S_153,2025-01-01,51.0,16.91,0.3967,-0.477,0.0109,6900.951084593016,0,0
S_153,2025-02-01,51.0,16.91,0.3539,-0.4129,0.0249,6900.951084593016,0,0
S_153,2025-03-01,51.0,16.91,0.4136,-0.4582,-0.0201,6900.951084593016,0,0
S_153,2025-04-01,51.0,16.91,0.583,-0.5773,0.1993,6900.951084593016,0,0
S_153,2025-05-01,51.0,16.91,0.5828,-0.5738,0.2081,6900.951084593016,0,0
S_153,2025-06-01,51.0,16.91,0.6724,-0.6438,0.284,6900.951084593016,0,0
S_153,2025-07-01,51.0,16.91,0.5911,-0.5896,0.238,6900.951084593016,0,0
S_153,2025-08-01,51.0,16.91,0.5119,-0.5346,0.0905,6900.951084593016,0,0
S_153,2025-09-01,51.0,16.91,0.4916,-0.5168,0.0367,6900.951084593016,0,0
S_153,2025-10-01,51.0,16.91,0.4536,-0.5012,0.0053,6900.951084593016,0,0
S_153,2025-11-01,51.0,16.91,0.4155,-0.4857,-0.0261,6900.951084593016,0,0
S_153,2025-12-01,51.0,16.91,0.3866,-0.4933,-0.0068,6900.951084593016,0,0
S_153,2026-01-01,51.0,16.91,0.3278,-0.45,-0.0984,6900.951084593016,0,0
S_153,2026-02-01,51.0,16.91,0.2957,-0.4009,-0.1255,6900.951084593016,0,0
S_153,2026-03-01,51.0,16.91,0.3151,-0.4247,-0.1143,6900.951084593016,0,0
S_155,2023-06-01,51.04,16.91,0.5302,-0.5188,0.1961,3800.973434448058,0,0
S_155,2023-07-01,51.04,16.91,0.4658,-0.4811,0.1482,3800.973434448058,0,0
S_155,2023-08-01,51.04,16.91,0.4681,-0.4638,0.0706,3800.973434448058,0,0
S_155,2023-09-01,51.04,16.91,0.4975,-0.489,0.1006,3800.973434448058,0,0
S_155,2023-10-01,51.04,16.91,0.4864,-0.4827,0.0483,3800.973434448058,0,0
S_155,2023-11-01,51.04,16.91,0.3053,-0.2827,0.0381,3800.973434448058,0,0
S_155,2023-12-01,51.04,16.91,0.3348,-0.3615,-0.0137,3800.973434448058,0,0
S_155,2024-01-01,51.04,16.91,0.1397,-0.157,0.524,3800.973434448058,0,0
S_155,2024-02-01,51.04,16.91,0.3215,-0.3659,-0.0094,3800.973434448058,0,0
S_155,2024-03-01,51.04,16.91,0.2208,-0.3169,-0.2031,3800.973434448058,0,0
S_155,2024-04-01,51.04,16.91,0.4509,-0.472,0.0061,3800.973434448058,0,0
S_155,2024-05-01,51.04,16.91,0.4879,-0.4835,0.1448,3800.973434448058,0,0
S_155,2024-06-01,51.04,16.91,0.5077,-0.4834,0.1378,3800.973434448058,0,0
S_155,2024-07-01,51.04,16.91,0.4618,-0.461,0.0788,3800.973434448058,0,0
S_155,2024-08-01,51.04,16.91,0.4677,-0.4632,0.0781,3800.973434448058,0,0
S_155,2024-09-01,51.04,16.91,0.4497,-0.4679,0.045,3800.973434448058,0,0
S_155,2024-10-01,51.04,16.91,0.3773,-0.4252,-0.0575,3800.973434448058,0,0
S_155,2024-11-01,51.04,16.91,0.349,-0.3716,-0.0559,3800.973434448058,0,0
S_155,2024-12-01,51.04,16.91,0.2804,-0.3025,0.0004,3800.973434448058,0,0
S_155,2025-01-01,51.04,16.91,0.3184,-0.3924,-0.0412,3800.973434448058,0,0
S_155,2025-02-01,51.04,16.91,0.3033,-0.3722,-0.0706,3800.973434448058,0,0
S_155,2025-03-01,51.04,16.91,0.3232,-0.3823,-0.0783,3800.973434448058,0,0
S_155,2025-04-01,51.04,16.91,0.4679,-0.4734,0.0962,3800.973434448058,0,0
S_155,2025-05-01,51.04,16.91,0.4554,-0.4554,0.097,3800.973434448058,0,0
S_155,2025-06-01,51.04,16.91,0.558,-0.5374,0.1966,3800.973434448058,0,0
S_155,2025-07-01,51.04,16.91,0.5137,-0.5074,0.1731,3800.973434448058,0,0
S_155,2025-08-01,51.04,16.91,0.4909,-0.4898,0.1094,3800.973434448058,0,0
S_155,2025-09-01,51.04,16.91,0.4612,-0.4696,0.0567,3800.973434448058,0,0
S_155,2025-10-01,51.04,16.91,0.4088,-0.4402,-0.0017,3800.973434448058,0,0
S_155,2025-11-01,51.04,16.91,0.3563,-0.4109,-0.0601,3800.973434448058,0,0
S_155,2025-12-01,51.04,16.91,0.3586,-0.4456,-0.031,3800.973434448058,0,0
S_155,2026-01-01,51.04,16.91,0.2947,-0.3948,-0.0833,3800.973434448058,0,0
S_155,2026-02-01,51.04,16.91,0.2645,-0.357,-0.1415,3800.973434448058,0,0
S_155,2026-03-01,51.04,16.91,0.2822,-0.3826,-0.1337,3800.973434448058,0,0
S_157,2023-06-01,51.08,16.91,0.5194,-0.511,0.1119,678.6116760835603,0,0
S_157,2023-07-01,51.08,16.91,0.5848,-0.5599,0.1834,678.6116760835603,0,0
S_157,2023-08-01,51.08,16.91,0.6034,-0.5561,0.1701,678.6116760835603,0,0
S_157,2023-09-01,51.08,16.91,0.6249,-0.5824,0.1983,678.6116760835603,0,0
S_157,2023-10-01,51.08,16.91,0.5227,-0.5213,0.0689,678.6116760835603,0,0
S_157,2023-11-01,51.08,16.91,0.4114,-0.4845,0.0071,678.6116760835603,0,0
S_157,2023-12-01,51.08,16.91,0.3302,-0.391,-0.0846,678.6116760835603,0,0
S_157,2024-01-01,51.08,16.91,0.1663,-0.1981,0.4169,678.6116760835603,0,0
S_157,2024-02-01,51.08,16.91,0.3369,-0.4288,-0.0736,678.6116760835603,0,0
S_157,2024-03-01,51.08,16.91,0.3241,-0.4035,-0.1385,678.6116760835603,0,0
S_157,2024-04-01,51.08,16.91,0.4345,-0.4437,0.0062,678.6116760835603,0,0
S_157,2024-05-01,51.08,16.91,0.475,-0.4771,0.0676,678.6116760835603,0,0
S_157,2024-06-01,51.08,16.91,0.5526,-0.5154,0.157,678.6116760835603,0,0
S_157,2024-07-01,51.08,16.91,0.543,-0.5148,0.1261,678.6116760835603,0,0
S_157,2024-08-01,51.08,16.91,0.5857,-0.5543,0.1462,678.6116760835603,0,0
S_157,2024-09-01,51.08,16.91,0.563,-0.5481,0.115,678.6116760835603,0,0
S_157,2024-10-01,51.08,16.91,0.4552,-0.5006,0.0072,678.6116760835603,0,0
S_157,2024-11-01,51.08,16.91,0.4183,-0.458,0.0271,678.6116760835603,0,0
S_157,2024-12-01,51.08,16.91,0.2955,-0.3141,0.0385,678.6116760835603,0,0
S_157,2025-01-01,51.08,16.91,0.3568,-0.4394,-0.0082,678.6116760835603,0,0
S_157,2025-02-01,51.08,16.91,0.3473,-0.4272,-0.0569,678.6116760835603,0,0
S_157,2025-03-01,51.08,16.91,0.3327,-0.4024,-0.0778,678.6116760835603,0,0
S_157,2025-04-01,51.08,16.91,0.4608,-0.4677,0.0563,678.6116760835603,0,0
S_157,2025-05-01,51.08,16.91,0.4819,-0.468,0.0968,678.6116760835603,0,0
S_157,2025-06-01,51.08,16.91,0.6203,-0.5783,0.2289,678.6116760835603,0,0
S_157,2025-07-01,51.08,16.91,0.5706,-0.5419,0.1934,678.6116760835603,0,0
S_157,2025-08-01,51.08,16.91,0.6028,-0.5661,0.1869,678.6116760835603,0,0
S_157,2025-09-01,51.08,16.91,0.5466,-0.5396,0.1092,678.6116760835603,0,0
S_157,2025-10-01,51.08,16.91,0.4764,-0.5104,0.0307,678.6116760835603,0,0
S_157,2025-11-01,51.08,16.91,0.4061,-0.4811,-0.0478,678.6116760835603,0,0
S_157,2025-12-01,51.08,16.91,0.3972,-0.4868,-0.0175,678.6116760835603,0,0
S_157,2026-01-01,51.08,16.91,0.3747,-0.478,-0.058,678.6116760835603,0,0
S_157,2026-02-01,51.08,16.91,0.2997,-0.395,-0.1244,678.6116760835603,0,0
S_157,2026-03-01,51.08,16.91,0.3076,-0.4076,-0.1101,678.6116760835603,0,0
S_158,2023-06-01,51.1,16.91,0.6581,-0.6081,0.2383,856.39299833093,0,0
S_158,2023-07-01,51.1,16.91,0.5271,-0.526,0.075,856.39299833093,0,0
S_158,2023-08-01,51.1,16.91,0.6163,-0.5391,0.1459,856.39299833093,0,0
S_158,2023-09-01,51.1,16.91,0.6979,-0.6153,0.2003,856.39299833093,0,0
S_158,2023-10-01,51.1,16.91,0.6781,-0.6059,0.1667,856.39299833093,0,0
S_158,2023-11-01,51.1,16.91,0.5753,-0.5764,0.1008,856.39299833093,0,0
S_158,2023-12-01,51.1,16.91,0.4093,-0.4334,0.2594,856.39299833093,0,0
S_158,2024-01-01,51.1,16.91,0.2433,-0.2903,0.418,856.39299833093,0,0
S_158,2024-02-01,51.1,16.91,0.4195,-0.5064,-0.0048,856.39299833093,0,0
S_158,2024-03-01,51.1,16.91,0.4834,-0.5034,0.0612,856.39299833093,0,0
S_158,2024-04-01,51.1,16.91,0.5472,-0.5003,0.1273,856.39299833093,0,0
S_158,2024-05-01,51.1,16.91,0.6219,-0.5774,0.1861,856.39299833093,0,0
S_158,2024-06-01,51.1,16.91,0.6083,-0.5557,0.124,856.39299833093,0,0
S_158,2024-07-01,51.1,16.91,0.5878,-0.5429,0.0903,856.39299833093,0,0
S_158,2024-08-01,51.1,16.91,0.6389,-0.5923,0.1454,856.39299833093,0,0
S_158,2024-09-01,51.1,16.91,0.6984,-0.6243,0.1893,856.39299833093,0,0
S_158,2024-10-01,51.1,16.91,0.641,-0.5983,0.129,856.39299833093,0,0
S_158,2024-11-01,51.1,16.91,0.5939,-0.562,0.1289,856.39299833093,0,0
S_158,2024-12-01,51.1,16.91,0.3524,-0.373,0.0668,856.39299833093,0,0
S_158,2025-01-01,51.1,16.91,0.4181,-0.5004,0.0032,856.39299833093,0,0
S_158,2025-02-01,51.1,16.91,0.3873,-0.4829,-0.0392,856.39299833093,0,0
S_158,2025-03-01,51.1,16.91,0.3454,-0.4252,-0.0694,856.39299833093,0,0
S_158,2025-04-01,51.1,16.91,0.4994,-0.5,0.0471,856.39299833093,0,0
S_158,2025-05-01,51.1,16.91,0.6666,-0.5887,0.2258,856.39299833093,0,0
S_158,2025-06-01,51.1,16.91,0.6186,-0.5877,0.1483,856.39299833093,0,0
S_158,2025-07-01,51.1,16.91,0.5871,-0.5431,0.1229,856.39299833093,0,0
S_158,2025-08-01,51.1,16.91,0.6486,-0.5898,0.1619,856.39299833093,0,0
S_158,2025-09-01,51.1,16.91,0.6818,-0.6202,0.1699,856.39299833093,0,0
S_158,2025-10-01,51.1,16.91,0.617,-0.5948,0.1102,856.39299833093,0,0
S_158,2025-11-01,51.1,16.91,0.5522,-0.5695,0.0506,856.39299833093,0,0
S_158,2025-12-01,51.1,16.91,0.4806,-0.5416,0.0604,856.39299833093,0,0
S_158,2026-01-01,51.1,16.91,0.4039,-0.4832,-0.0278,856.39299833093,0,0
S_158,2026-02-01,51.1,16.91,0.3271,-0.4249,-0.1159,856.39299833093,0,0
S_158,2026-03-01,51.1,16.91,0.3258,-0.4239,-0.0954,856.39299833093,0,0
S_16,2023-06-01,50.96,16.73,0.7789,-0.7107,0.4615,18562.794541818243,0,0
S_16,2023-07-01,50.96,16.73,0.4917,-0.5312,0.1918,18562.794541818243,0,0
S_16,2023-08-01,50.96,16.73,0.3975,-0.4538,-0.0401,18562.794541818243,0,0
S_16,2023-09-01,50.96,16.73,0.4543,-0.4856,0.0215,18562.794541818243,0,0
S_16,2023-10-01,50.96,16.73,0.6054,-0.5804,0.142,18562.794541818243,0,0
S_16,2023-11-01,50.96,16.73,0.6442,-0.6493,0.167,18562.794541818243,0,0
S_16,2023-12-01,50.96,16.73,0.505,-0.4966,0.1932,18562.794541818243,0,0
S_16,2024-01-01,50.96,16.73,0.1793,-0.1958,0.7034,18562.794541818243,0,0
S_16,2024-02-01,50.96,16.73,0.4602,-0.5397,0.0475,18562.794541818243,0,0
S_16,2024-03-01,50.96,16.73,0.502,-0.535,0.1399,18562.794541818243,0,0
S_16,2024-04-01,50.96,16.73,0.5437,-0.5304,0.2323,18562.794541818243,0,0
S_16,2024-05-01,50.96,16.73,0.6265,-0.5901,0.2865,18562.794541818243,0,0
S_16,2024-06-01,50.96,16.73,0.6456,-0.5731,0.319,18562.794541818243,0,0
S_16,2024-07-01,50.96,16.73,0.4583,-0.4838,0.0613,18562.794541818243,0,0
S_16,2024-08-01,50.96,16.73,0.4987,-0.5245,0.063,18562.794541818243,0,0
S_16,2024-09-01,50.96,16.73,0.5427,-0.5458,0.1354,18562.794541818243,0,0
S_16,2024-10-01,50.96,16.73,0.5055,-0.5292,0.0553,18562.794541818243,0,0
S_16,2024-11-01,50.96,16.73,0.5428,-0.5538,0.1114,18562.794541818243,0,0
S_16,2024-12-01,50.96,16.73,0.5357,-0.5646,0.1248,18562.794541818243,0,0
S_16,2025-01-01,50.96,16.73,0.5287,-0.5754,0.1382,18562.794541818243,0,0
S_16,2025-02-01,50.96,16.73,0.416,-0.4472,0.2081,18562.794541818243,0,0
S_16,2025-03-01,50.96,16.73,0.4296,-0.4782,0.0038,18562.794541818243,0,0
S_16,2025-04-01,50.96,16.73,0.5066,-0.5232,0.0572,18562.794541818243,0,0
S_16,2025-05-01,50.96,16.73,0.6647,-0.623,0.2827,18562.794541818243,0,0
S_16,2025-06-01,50.96,16.73,0.699,-0.6742,0.3171,18562.794541818243,0,0
S_16,2025-07-01,50.96,16.73,0.6309,-0.6255,0.2303,18562.794541818243,0,0
S_16,2025-08-01,50.96,16.73,0.5628,-0.5768,0.1435,18562.794541818243,0,0
S_16,2025-09-01,50.96,16.73,0.5706,-0.5754,0.1128,18562.794541818243,0,0
S_16,2025-10-01,50.96,16.73,0.5054,-0.5491,0.0526,18562.794541818243,0,0
S_16,2025-11-01,50.96,16.73,0.4402,-0.5228,-0.0077,18562.794541818243,0,0
S_16,2025-12-01,50.96,16.73,0.4035,-0.4905,0.0127,18562.794541818243,0,0
S_16,2026-01-01,50.96,16.73,0.3492,-0.4546,-0.0552,18562.794541818243,0,0
S_16,2026-02-01,50.96,16.73,0.295,-0.4186,-0.1232,18562.794541818243,0,0
S_16,2026-03-01,50.96,16.73,0.2975,-0.4039,-0.1158,18562.794541818243,0,0
S_160,2023-06-01,51.14,16.91,0.5934,-0.5723,0.1682,79.09561123337517,67,0
S_160,2023-07-01,51.14,16.91,0.6486,-0.6139,0.1924,79.09561123337517,67,0
S_160,2023-08-01,51.14,16.91,0.5955,-0.5471,0.2049,79.09561123337517,67,0
S_160,2023-09-01,51.14,16.91,0.6882,-0.6348,0.2166,79.09561123337517,67,0
S_160,2023-10-01,51.14,16.91,0.5871,-0.5547,0.1185,79.09561123337517,67,0
S_160,2023-11-01,51.14,16.91,0.4988,-0.5597,0.0393,79.09561123337517,67,0
S_160,2023-12-01,51.14,16.91,0.3823,-0.4392,0.0764,79.09561123337517,67,0
S_160,2024-01-01,51.14,16.91,0.2934,-0.353,0.1966,79.09561123337517,67,0
S_160,2024-02-01,51.14,16.91,0.4038,-0.5064,-0.0102,79.09561123337517,67,0
S_160,2024-03-01,51.14,16.91,0.4435,-0.4981,0.034,79.09561123337517,67,0
S_160,2024-04-01,51.14,16.91,0.4832,-0.4898,0.0783,79.09561123337517,67,0
S_160,2024-05-01,51.14,16.91,0.5138,-0.5175,0.0798,79.09561123337517,67,0
S_160,2024-06-01,51.14,16.91,0.599,-0.5622,0.1435,79.09561123337517,67,0
S_160,2024-07-01,51.14,16.91,0.668,-0.6076,0.2266,79.09561123337517,67,0
S_160,2024-08-01,51.14,16.91,0.7017,-0.6426,0.2186,79.09561123337517,67,0
S_160,2024-09-01,51.14,16.91,0.5934,-0.5842,0.1133,79.09561123337517,67,0
S_160,2024-10-01,51.14,16.91,0.4751,-0.527,-0.0067,79.09561123337517,67,0
S_160,2024-11-01,51.14,16.91,0.442,-0.4793,0.0286,79.09561123337517,67,0
S_160,2024-12-01,51.14,16.91,0.2737,-0.3078,-0.0151,79.09561123337517,67,0
S_160,2025-01-01,51.14,16.91,0.385,-0.4702,-0.0221,79.09561123337517,67,0
S_160,2025-02-01,51.14,16.91,0.4036,-0.5044,-0.0446,79.09561123337517,67,0
S_160,2025-03-01,51.14,16.91,0.359,-0.4275,-0.0777,79.09561123337517,67,0
S_160,2025-04-01,51.14,16.91,0.4124,-0.4568,-0.0441,79.09561123337517,67,0
S_160,2025-05-01,51.14,16.91,0.7343,-0.6328,0.2828,79.09561123337517,67,0
S_160,2025-06-01,51.14,16.91,0.6242,-0.6045,0.1957,79.09561123337517,67,0
S_160,2025-07-01,51.14,16.91,0.5549,-0.5305,0.1182,79.09561123337517,67,0
S_160,2025-08-01,51.14,16.91,0.6186,-0.5856,0.1481,79.09561123337517,67,0
S_160,2025-09-01,51.14,16.91,0.6121,-0.5879,0.1371,79.09561123337517,67,0
S_160,2025-10-01,51.14,16.91,0.5668,-0.5751,0.0972,79.09561123337517,67,0
S_160,2025-11-01,51.14,16.91,0.5215,-0.5622,0.0573,79.09561123337517,67,0
S_160,2025-12-01,51.14,16.91,0.471,-0.5273,0.0899,79.09561123337517,67,0
S_160,2026-01-01,51.14,16.91,0.3981,-0.4756,-0.0106,79.09561123337517,67,0
S_160,2026-02-01,51.14,16.91,0.3252,-0.4239,-0.111,79.09561123337517,67,0
S_160,2026-03-01,51.14,16.91,0.3153,-0.4075,-0.1073,79.09561123337517,67,0
S_162,2023-06-01,51.18,16.91,0.7147,-0.6639,0.3106,140.86672674542552,12,0
S_162,2023-07-01,51.18,16.91,0.6306,-0.613,0.1758,140.86672674542552,12,0
S_162,2023-08-01,51.18,16.91,0.5915,-0.5556,0.148,140.86672674542552,12,0
S_162,2023-09-01,51.18,16.91,0.6888,-0.6405,0.1804,140.86672674542552,12,0
S_162,2023-10-01,51.18,16.91,0.5907,-0.5774,0.0773,140.86672674542552,12,0
S_162,2023-11-01,51.18,16.91,0.5511,-0.5943,0.0573,140.86672674542552,12,0
S_162,2023-12-01,51.18,16.91,0.4048,-0.4526,0.064,140.86672674542552,12,0
S_162,2024-01-01,51.18,16.91,0.302,-0.3638,0.1977,140.86672674542552,12,0
S_162,2024-02-01,51.18,16.91,0.4277,-0.528,-0.0232,140.86672674542552,12,0
S_162,2024-03-01,51.18,16.91,0.496,-0.5334,0.0696,140.86672674542552,12,0
S_162,2024-04-01,51.18,16.91,0.5644,-0.5387,0.1623,140.86672674542552,12,0
S_162,2024-05-01,51.18,16.91,0.5855,-0.5568,0.1687,140.86672674542552,12,0
S_162,2024-06-01,51.18,16.91,0.5845,-0.5358,0.181,140.86672674542552,12,0
S_162,2024-07-01,51.18,16.91,0.6153,-0.5791,0.1293,140.86672674542552,12,0
S_162,2024-08-01,51.18,16.91,0.6906,-0.6473,0.1699,140.86672674542552,12,0
S_162,2024-09-01,51.18,16.91,0.6114,-0.582,0.1709,140.86672674542552,12,0
S_162,2024-10-01,51.18,16.91,0.5549,-0.5748,0.0323,140.86672674542552,12,0
S_162,2024-11-01,51.18,16.91,0.4971,-0.5166,0.0509,140.86672674542552,12,0
S_162,2024-12-01,51.18,16.91,0.1427,-0.1273,0.0317,140.86672674542552,12,0
S_162,2025-01-01,51.18,16.91,0.3892,-0.473,-0.0236,140.86672674542552,12,0
S_162,2025-02-01,51.18,16.91,0.3951,-0.5019,-0.0278,140.86672674542552,12,0
S_162,2025-03-01,51.18,16.91,0.3428,-0.4193,-0.1025,140.86672674542552,12,0
S_162,2025-04-01,51.18,16.91,0.3964,-0.4488,-0.072,140.86672674542552,12,0
S_162,2025-05-01,51.18,16.91,0.5879,-0.5513,0.1751,140.86672674542552,12,0
S_162,2025-06-01,51.18,16.91,0.719,-0.6696,0.2581,140.86672674542552,12,0
S_162,2025-07-01,51.18,16.91,0.6554,-0.6006,0.1959,140.86672674542552,12,0
S_162,2025-08-01,51.18,16.91,0.737,-0.678,0.2643,140.86672674542552,12,0
S_162,2025-09-01,51.18,16.91,0.7098,-0.6613,0.2201,140.86672674542552,12,0
S_162,2025-10-01,51.18,16.91,0.5964,-0.6076,0.097,140.86672674542552,12,0
S_162,2025-11-01,51.18,16.91,0.4831,-0.5538,-0.0261,140.86672674542552,12,0
S_162,2025-12-01,51.18,16.91,0.4276,-0.5016,0.0346,140.86672674542552,12,0
S_162,2026-01-01,51.18,16.91,0.1708,-0.1841,0.2156,140.86672674542552,12,0
S_162,2026-02-01,51.18,16.91,0.3253,-0.4341,-0.1355,140.86672674542552,12,0
S_162,2026-03-01,51.18,16.91,0.3209,-0.4228,-0.1347,140.86672674542552,12,0
S_164,2023-06-01,51.22,16.91,0.6825,-0.6328,0.304,1287.798552325959,0,0
S_164,2023-07-01,51.22,16.91,0.6083,-0.5921,0.1747,1287.798552325959,0,0
S_164,2023-08-01,51.22,16.91,0.4843,-0.4438,0.1526,1287.798552325959,0,0
S_164,2023-09-01,51.22,16.91,0.6441,-0.6018,0.1618,1287.798552325959,0,0
S_164,2023-10-01,51.22,16.91,0.6233,-0.5882,0.1499,1287.798552325959,0,0
S_164,2023-11-01,51.22,16.91,0.5595,-0.5804,0.0928,1287.798552325959,0,0
S_164,2023-12-01,51.22,16.91,0.4355,-0.4559,0.0998,1287.798552325959,0,0
S_164,2024-01-01,51.22,16.91,0.3295,-0.3803,0.2065,1287.798552325959,0,0
S_164,2024-02-01,51.22,16.91,0.4712,-0.5272,0.0469,1287.798552325959,0,0
S_164,2024-03-01,51.22,16.91,0.581,-0.566,0.158,1287.798552325959,0,0
S_164,2024-04-01,51.22,16.91,0.6908,-0.6049,0.2691,1287.798552325959,0,0
S_164,2024-05-01,51.22,16.91,0.6615,-0.6163,0.2592,1287.798552325959,0,0
S_164,2024-06-01,51.22,16.91,0.6676,-0.6013,0.2471,1287.798552325959,0,0
S_164,2024-07-01,51.22,16.91,0.5814,-0.5503,0.1367,1287.798552325959,0,0
S_164,2024-08-01,51.22,16.91,0.651,-0.6109,0.1436,1287.798552325959,0,0
S_164,2024-09-01,51.22,16.91,0.5408,-0.5254,0.2247,1287.798552325959,0,0
S_164,2024-10-01,51.22,16.91,0.4933,-0.5148,0.0134,1287.798552325959,0,0
S_164,2024-11-01,51.22,16.91,0.464,-0.4648,0.0584,1287.798552325959,0,0
S_164,2024-12-01,51.22,16.91,0.429,-0.4592,0.041,1287.798552325959,0,0
S_164,2025-01-01,51.22,16.91,0.3939,-0.4536,0.0235,1287.798552325959,0,0
S_164,2025-02-01,51.22,16.91,0.3818,-0.4565,0.0411,1287.798552325959,0,0
S_164,2025-03-01,51.22,16.91,0.3624,-0.4152,-0.0674,1287.798552325959,0,0
S_164,2025-04-01,51.22,16.91,0.4456,-0.4667,-0.0142,1287.798552325959,0,0
S_164,2025-05-01,51.22,16.91,0.6693,-0.6062,0.2641,1287.798552325959,0,0
S_164,2025-06-01,51.22,16.91,0.7406,-0.6828,0.3031,1287.798552325959,0,0
S_164,2025-07-01,51.22,16.91,0.6829,-0.6198,0.2315,1287.798552325959,0,0
S_164,2025-08-01,51.22,16.91,0.7001,-0.6505,0.2394,1287.798552325959,0,0
S_164,2025-09-01,51.22,16.91,0.6271,-0.6038,0.1557,1287.798552325959,0,0
S_164,2025-10-01,51.22,16.91,0.5552,-0.5724,0.0839,1287.798552325959,0,0
S_164,2025-11-01,51.22,16.91,0.4834,-0.541,0.012,1287.798552325959,0,0
S_164,2025-12-01,51.22,16.91,0.434,-0.4794,0.0737,1287.798552325959,0,0
S_164,2026-01-01,51.22,16.91,0.1432,-0.1354,0.5243,1287.798552325959,0,0
S_164,2026-02-01,51.22,16.91,0.3297,-0.4213,-0.084,1287.798552325959,0,0
S_164,2026-03-01,51.22,16.91,0.3349,-0.4168,-0.1,1287.798552325959,0,0
S_165,2023-06-01,51.24,16.91,0.6391,-0.6176,0.2498,3216.653967735071,0,0
S_165,2023-07-01,51.24,16.91,0.5408,-0.5656,0.1032,3216.653967735071,0,0
S_165,2023-08-01,51.24,16.91,0.3787,-0.381,0.0584,3216.653967735071,0,0
S_165,2023-09-01,51.24,16.91,0.5502,-0.5379,0.0501,3216.653967735071,0,0
S_165,2023-10-01,51.24,16.91,0.5778,-0.5604,0.0784,3216.653967735071,0,0
S_165,2023-11-01,51.24,16.91,0.5843,-0.6052,0.1099,3216.653967735071,0,0
S_165,2023-12-01,51.24,16.91,0.4865,-0.5014,0.12,3216.653967735071,0,0
S_165,2024-01-01,51.24,16.91,0.3472,-0.4067,0.2022,3216.653967735071,0,0
S_165,2024-02-01,51.24,16.91,0.4866,-0.5477,0.0723,3216.653967735071,0,0
S_165,2024-03-01,51.24,16.91,0.6016,-0.6005,0.1774,3216.653967735071,0,0
S_165,2024-04-01,51.24,16.91,0.7166,-0.6533,0.2825,3216.653967735071,0,0
S_165,2024-05-01,51.24,16.91,0.5838,-0.5601,0.1972,3216.653967735071,0,0
S_165,2024-06-01,51.24,16.91,0.6563,-0.5945,0.2075,3216.653967735071,0,0
S_165,2024-07-01,51.24,16.91,0.679,-0.6112,0.2041,3216.653967735071,0,0
S_165,2024-08-01,51.24,16.91,0.6653,-0.6251,0.1589,3216.653967735071,0,0
S_165,2024-09-01,51.24,16.91,0.6159,-0.6002,0.1307,3216.653967735071,0,0
S_165,2024-10-01,51.24,16.91,0.5909,-0.5913,0.0426,3216.653967735071,0,0
S_165,2024-11-01,51.24,16.91,0.6307,-0.5958,0.1684,3216.653967735071,0,0
S_165,2024-12-01,51.24,16.91,0.5531,-0.5557,0.1261,3216.653967735071,0,0
S_165,2025-01-01,51.24,16.91,0.4755,-0.5156,0.0839,3216.653967735071,0,0
S_165,2025-02-01,51.24,16.91,0.4407,-0.5064,0.1045,3216.653967735071,0,0
S_165,2025-03-01,51.24,16.91,0.4324,-0.4743,-0.0186,3216.653967735071,0,0
S_165,2025-04-01,51.24,16.91,0.5384,-0.5357,0.0683,3216.653967735071,0,0
S_165,2025-05-01,51.24,16.91,0.7233,-0.6581,0.3206,3216.653967735071,0,0
S_165,2025-06-01,51.24,16.91,0.6329,-0.6194,0.1997,3216.653967735071,0,0
S_165,2025-07-01,51.24,16.91,0.4778,-0.483,0.0069,3216.653967735071,0,0
S_165,2025-08-01,51.24,16.91,0.5465,-0.5485,0.1051,3216.653967735071,0,0
S_165,2025-09-01,51.24,16.91,0.5306,-0.5515,0.0368,3216.653967735071,0,0
S_165,2025-10-01,51.24,16.91,0.5044,-0.5448,-0.0082,3216.653967735071,0,0
S_165,2025-11-01,51.24,16.91,0.4781,-0.5381,-0.0533,3216.653967735071,0,0
S_165,2025-12-01,51.24,16.91,0.4143,-0.4763,0.0176,3216.653967735071,0,0
S_165,2026-01-01,51.24,16.91,0.1296,-0.1553,0.5414,3216.653967735071,0,0
S_165,2026-02-01,51.24,16.91,0.3274,-0.4268,-0.1296,3216.653967735071,0,0
S_165,2026-03-01,51.24,16.91,0.3304,-0.4297,-0.1395,3216.653967735071,0,0
S_166,2023-06-01,50.96,16.93,0.6284,-0.6094,0.2506,10464.433929184495,0,0
S_166,2023-07-01,50.96,16.93,0.5993,-0.5987,0.2352,10464.433929184495,0,0
S_166,2023-08-01,50.96,16.93,0.5305,-0.545,0.0616,10464.433929184495,0,0
S_166,2023-09-01,50.96,16.93,0.5674,-0.5696,0.0914,10464.433929184495,0,0
S_166,2023-10-01,50.96,16.93,0.4494,-0.4979,-0.047,10464.433929184495,0,0
S_166,2023-11-01,50.96,16.93,0.4103,-0.4229,-0.005,10464.433929184495,0,0
S_166,2023-12-01,50.96,16.93,0.4142,-0.4465,0.0017,10464.433929184495,0,0
S_166,2024-01-01,50.96,16.93,0.13,-0.1474,0.6878,10464.433929184495,0,0
S_166,2024-02-01,50.96,16.93,0.3529,-0.4289,-0.094,10464.433929184495,0,0
S_166,2024-03-01,50.96,16.93,0.495,-0.4883,0.0723,10464.433929184495,0,0
S_166,2024-04-01,50.96,16.93,0.5042,-0.5177,0.0771,10464.433929184495,0,0
S_166,2024-05-01,50.96,16.93,0.5649,-0.5698,0.1389,10464.433929184495,0,0
S_166,2024-06-01,50.96,16.93,0.602,-0.5724,0.1215,10464.433929184495,0,0
S_166,2024-07-01,50.96,16.93,0.5138,-0.5439,0.0534,10464.433929184495,0,0
S_166,2024-08-01,50.96,16.93,0.5314,-0.5391,0.0536,10464.433929184495,0,0
S_166,2024-09-01,50.96,16.93,0.5136,-0.5372,0.027,10464.433929184495,0,0
S_166,2024-10-01,50.96,16.93,0.3842,-0.4687,-0.1113,10464.433929184495,0,0
S_166,2024-11-01,50.96,16.93,0.4511,-0.493,-0.0322,10464.433929184495,0,0
S_166,2024-12-01,50.96,16.93,0.3515,-0.3746,-0.0149,10464.433929184495,0,0
S_166,2025-01-01,50.96,16.93,0.4142,-0.508,-0.0513,10464.433929184495,0,0
S_166,2025-02-01,50.96,16.93,0.3887,-0.4523,-0.0746,10464.433929184495,0,0
S_166,2025-03-01,50.96,16.93,0.3989,-0.4678,-0.0995,10464.433929184495,0,0
S_166,2025-04-01,50.96,16.93,0.5429,-0.5576,0.1076,10464.433929184495,0,0
S_166,2025-05-01,50.96,16.93,0.5232,-0.5383,0.1023,10464.433929184495,0,0
S_166,2025-06-01,50.96,16.93,0.7342,-0.6845,0.3352,10464.433929184495,0,0
S_166,2025-07-01,50.96,16.93,0.661,-0.6341,0.3027,10464.433929184495,0,0
S_166,2025-08-01,50.96,16.93,0.5796,-0.5871,0.1536,10464.433929184495,0,0
S_166,2025-09-01,50.96,16.93,0.4831,-0.5225,-0.0069,10464.433929184495,0,0
S_166,2025-10-01,50.96,16.93,0.4432,-0.4984,-0.0156,10464.433929184495,0,0
S_166,2025-11-01,50.96,16.93,0.4033,-0.4742,-0.0243,10464.433929184495,0,0
S_166,2025-12-01,50.96,16.93,0.4405,-0.5512,-0.0456,10464.433929184495,0,0
S_166,2026-01-01,50.96,16.93,0.379,-0.5006,-0.1394,10464.433929184495,0,0
S_166,2026-02-01,50.96,16.93,0.3323,-0.4357,-0.1664,10464.433929184495,0,0
S_166,2026-03-01,50.96,16.93,0.3539,-0.4557,-0.1543,10464.433929184495,0,0
S_168,2023-06-01,51.0,16.93,0.5813,-0.5809,0.2267,6226.424610680338,0,0
S_168,2023-07-01,51.0,16.93,0.5615,-0.5713,0.2123,6226.424610680338,0,0
S_168,2023-08-01,51.0,16.93,0.4753,-0.4976,0.0235,6226.424610680338,0,0
S_168,2023-09-01,51.0,16.93,0.5289,-0.5392,0.0685,6226.424610680338,0,0
S_168,2023-10-01,51.0,16.93,0.4493,-0.4882,-0.0235,6226.424610680338,0,0
S_168,2023-11-01,51.0,16.93,0.3265,-0.3751,-0.0819,6226.424610680338,0,0
S_168,2023-12-01,51.0,16.93,0.3721,-0.4265,-0.0177,6226.424610680338,0,0
S_168,2024-01-01,51.0,16.93,0.125,-0.1535,0.6065,6226.424610680338,0,0
S_168,2024-02-01,51.0,16.93,0.3613,-0.4339,-0.0158,6226.424610680338,0,0
S_168,2024-03-01,51.0,16.93,0.5194,-0.4981,0.1645,6226.424610680338,0,0
S_168,2024-04-01,51.0,16.93,0.4667,-0.4823,0.1023,6226.424610680338,0,0
S_168,2024-05-01,51.0,16.93,0.5836,-0.5733,0.2212,6226.424610680338,0,0
S_168,2024-06-01,51.0,16.93,0.6373,-0.5966,0.2476,6226.424610680338,0,0
S_168,2024-07-01,51.0,16.93,0.4807,-0.5165,0.0469,6226.424610680338,0,0
S_168,2024-08-01,51.0,16.93,0.4729,-0.4973,0.0288,6226.424610680338,0,0
S_168,2024-09-01,51.0,16.93,0.4254,-0.4795,-0.0265,6226.424610680338,0,0
S_168,2024-10-01,51.0,16.93,0.3535,-0.4264,-0.0863,6226.424610680338,0,0
S_168,2024-11-01,51.0,16.93,0.442,-0.4824,-0.0058,6226.424610680338,0,0
S_168,2024-12-01,51.0,16.93,0.3841,-0.3959,0.085,6226.424610680338,0,0
S_168,2025-01-01,51.0,16.93,0.4333,-0.4972,0.0399,6226.424610680338,0,0
S_168,2025-02-01,51.0,16.93,0.4125,-0.4644,0.0077,6226.424610680338,0,0
S_168,2025-03-01,51.0,16.93,0.4638,-0.4901,0.0244,6226.424610680338,0,0
S_168,2025-04-01,51.0,16.93,0.6148,-0.6112,0.2352,6226.424610680338,0,0
S_168,2025-05-01,51.0,16.93,0.5916,-0.5872,0.2303,6226.424610680338,0,0
S_168,2025-06-01,51.0,16.93,0.6337,-0.6284,0.2688,6226.424610680338,0,0
S_168,2025-07-01,51.0,16.93,0.5388,-0.5651,0.2184,6226.424610680338,0,0
S_168,2025-08-01,51.0,16.93,0.4908,-0.5247,0.0579,6226.424610680338,0,0
S_168,2025-09-01,51.0,16.93,0.4604,-0.5022,-0.0173,6226.424610680338,0,0
S_168,2025-10-01,51.0,16.93,0.4029,-0.4755,-0.0591,6226.424610680338,0,0
S_168,2025-11-01,51.0,16.93,0.3455,-0.4488,-0.1009,6226.424610680338,0,0
S_168,2025-12-01,51.0,16.93,0.3191,-0.4598,-0.0893,6226.424610680338,0,0
S_168,2026-01-01,51.0,16.93,0.2812,-0.4206,-0.1526,6226.424610680338,0,0
S_168,2026-02-01,51.0,16.93,0.2564,-0.3716,-0.1532,6226.424610680338,0,0
S_168,2026-03-01,51.0,16.93,0.276,-0.3938,-0.151,6226.424610680338,0,0
S_169,2023-06-01,51.02,16.93,0.6601,-0.6231,0.3003,4272.15334819429,0,0
S_169,2023-07-01,51.02,16.93,0.5516,-0.5597,0.1853,4272.15334819429,0,0
S_169,2023-08-01,51.02,16.93,0.5068,-0.5197,0.0325,4272.15334819429,0,0
S_169,2023-09-01,51.02,16.93,0.5465,-0.5526,0.0708,4272.15334819429,0,0
S_169,2023-10-01,51.02,16.93,0.4436,-0.4868,-0.0871,4272.15334819429,0,0
S_169,2023-11-01,51.02,16.93,0.4124,-0.4102,0.0267,4272.15334819429,0,0
S_169,2023-12-01,51.02,16.93,0.4246,-0.4479,-0.0216,4272.15334819429,0,0
S_169,2024-01-01,51.02,16.93,0.1584,-0.1693,0.6044,4272.15334819429,0,0
S_169,2024-02-01,51.02,16.93,0.4353,-0.487,-0.0229,4272.15334819429,0,0
S_169,2024-03-01,51.02,16.93,0.4981,-0.4906,0.0913,4272.15334819429,0,0
S_169,2024-04-01,51.02,16.93,0.5904,-0.5631,0.1587,4272.15334819429,0,0
S_169,2024-05-01,51.02,16.93,0.6147,-0.5922,0.199,4272.15334819429,0,0
S_169,2024-06-01,51.02,16.93,0.6313,-0.5925,0.196,4272.15334819429,0,0
S_169,2024-07-01,51.02,16.93,0.5112,-0.5289,0.0531,4272.15334819429,0,0
S_169,2024-08-01,51.02,16.93,0.5237,-0.5305,0.0532,4272.15334819429,0,0
S_169,2024-09-01,51.02,16.93,0.5414,-0.5532,0.062,4272.15334819429,0,0
S_169,2024-10-01,51.02,16.93,0.441,-0.4928,-0.0495,4272.15334819429,0,0
S_169,2024-11-01,51.02,16.93,0.4682,-0.4994,-0.0216,4272.15334819429,0,0
S_169,2024-12-01,51.02,16.93,0.3827,-0.3896,0.0598,4272.15334819429,0,0
S_169,2025-01-01,51.02,16.93,0.4376,-0.4959,0.0204,4272.15334819429,0,0
S_169,2025-02-01,51.02,16.93,0.4019,-0.4566,-0.0092,4272.15334819429,0,0
S_169,2025-03-01,51.02,16.93,0.4363,-0.4709,-0.0269,4272.15334819429,0,0
S_169,2025-04-01,51.02,16.93,0.6221,-0.591,0.2127,4272.15334819429,0,0
S_169,2025-05-01,51.02,16.93,0.6004,-0.5662,0.2213,4272.15334819429,0,0
S_169,2025-06-01,51.02,16.93,0.6587,-0.6297,0.2815,4272.15334819429,0,0
S_169,2025-07-01,51.02,16.93,0.5876,-0.5804,0.2302,4272.15334819429,0,0
S_169,2025-08-01,51.02,16.93,0.5183,-0.5319,0.0795,4272.15334819429,0,0
S_169,2025-09-01,51.02,16.93,0.5568,-0.5527,0.0902,4272.15334819429,0,0
S_169,2025-10-01,51.02,16.93,0.5032,-0.5291,0.0384,4272.15334819429,0,0
S_169,2025-11-01,51.02,16.93,0.4497,-0.5055,-0.0134,4272.15334819429,0,0
S_169,2025-12-01,51.02,16.93,0.4375,-0.5245,-0.0211,4272.15334819429,0,0
S_169,2026-01-01,51.02,16.93,0.36,-0.4554,-0.0584,4272.15334819429,0,0
S_169,2026-02-01,51.02,16.93,0.3365,-0.4253,-0.1301,4272.15334819429,0,0
S_169,2026-03-01,51.02,16.93,0.3588,-0.4539,-0.1187,4272.15334819429,0,0
S_17,2023-06-01,50.98,16.73,0.8128,-0.7309,0.489,16577.85936257925,0,0
S_17,2023-07-01,50.98,16.73,0.5663,-0.5796,0.2095,16577.85936257925,0,0
S_17,2023-08-01,50.98,16.73,0.5462,-0.5419,0.0914,16577.85936257925,0,0
S_17,2023-09-01,50.98,16.73,0.5669,-0.5638,0.1264,16577.85936257925,0,0
S_17,2023-10-01,50.98,16.73,0.5158,-0.5285,0.0755,16577.85936257925,0,0
S_17,2023-11-01,50.98,16.73,0.5578,-0.5767,0.1488,16577.85936257925,0,0
S_17,2023-12-01,50.98,16.73,0.4133,-0.4243,0.129,16577.85936257925,0,0
S_17,2024-01-01,50.98,16.73,0.1969,-0.2171,0.6113,16577.85936257925,0,0
S_17,2024-02-01,50.98,16.73,0.4799,-0.5469,0.0444,16577.85936257925,0,0
S_17,2024-03-01,50.98,16.73,0.3822,-0.4937,-0.0967,16577.85936257925,0,0
S_17,2024-04-01,50.98,16.73,0.59,-0.5715,0.2652,16577.85936257925,0,0
S_17,2024-05-01,50.98,16.73,0.6982,-0.6481,0.3222,16577.85936257925,0,0
S_17,2024-06-01,50.98,16.73,0.6535,-0.5939,0.3021,16577.85936257925,0,0
S_17,2024-07-01,50.98,16.73,0.5092,-0.5094,0.0901,16577.85936257925,0,0
S_17,2024-08-01,50.98,16.73,0.5888,-0.583,0.1169,16577.85936257925,0,0
S_17,2024-09-01,50.98,16.73,0.5597,-0.5642,0.1153,16577.85936257925,0,0
S_17,2024-10-01,50.98,16.73,0.4722,-0.5134,0.0103,16577.85936257925,0,0
S_17,2024-11-01,50.98,16.73,0.4804,-0.5268,0.032,16577.85936257925,0,0
S_17,2024-12-01,50.98,16.73,0.122,-0.1737,-0.004,16577.85936257925,0,0
S_17,2025-01-01,50.98,16.73,0.4774,-0.5577,0.0567,16577.85936257925,0,0
S_17,2025-02-01,50.98,16.73,0.3395,-0.3811,0.2445,16577.85936257925,0,0
S_17,2025-03-01,50.98,16.73,0.4806,-0.5109,0.0317,16577.85936257925,0,0
S_17,2025-04-01,50.98,16.73,0.5563,-0.5558,0.1009,16577.85936257925,0,0
S_17,2025-05-01,50.98,16.73,0.6996,-0.6431,0.3308,16577.85936257925,0,0
S_17,2025-06-01,50.98,16.73,0.7051,-0.6695,0.322,16577.85936257925,0,0
S_17,2025-07-01,50.98,16.73,0.6516,-0.6359,0.235,16577.85936257925,0,0
S_17,2025-08-01,50.98,16.73,0.598,-0.6023,0.1481,16577.85936257925,0,0
S_17,2025-09-01,50.98,16.73,0.5711,-0.5746,0.1274,16577.85936257925,0,0
S_17,2025-10-01,50.98,16.73,0.5234,-0.567,0.07,16577.85936257925,0,0
S_17,2025-11-01,50.98,16.73,0.4758,-0.5594,0.0127,16577.85936257925,0,0
S_17,2025-12-01,50.98,16.73,0.4645,-0.5401,0.0479,16577.85936257925,0,0
S_17,2026-01-01,50.98,16.73,0.4097,-0.4954,-0.0117,16577.85936257925,0,0
S_17,2026-02-01,50.98,16.73,0.3549,-0.4508,-0.0713,16577.85936257925,0,0
S_17,2026-03-01,50.98,16.73,0.3614,-0.4356,-0.0606,16577.85936257925,0,0
S_171,2023-06-01,51.06,16.93,0.7048,-0.6524,0.3788,1405.8627140060885,0,0
S_171,2023-07-01,51.06,16.93,0.4678,-0.5087,0.1555,1405.8627140060885,0,0
S_171,2023-08-01,51.06,16.93,0.4561,-0.4713,-0.0145,1405.8627140060885,0,0
S_171,2023-09-01,51.06,16.93,0.5234,-0.5153,0.0468,1405.8627140060885,0,0
S_171,2023-10-01,51.06,16.93,0.4346,-0.4709,-0.0693,1405.8627140060885,0,0
S_171,2023-11-01,51.06,16.93,0.6034,-0.4717,0.1966,1405.8627140060885,0,0
S_171,2023-12-01,51.06,16.93,0.4478,-0.4505,0.0169,1405.8627140060885,0,0
S_171,2024-01-01,51.06,16.93,0.1985,-0.2146,0.5242,1405.8627140060885,0,0
S_171,2024-02-01,51.06,16.93,0.3737,-0.3796,0.0115,1405.8627140060885,0,0
S_171,2024-03-01,51.06,16.93,0.5755,-0.5285,0.2019,1405.8627140060885,0,0
S_171,2024-04-01,51.06,16.93,0.5476,-0.5122,0.1016,1405.8627140060885,0,0
S_171,2024-05-01,51.06,16.93,0.5259,-0.523,0.1051,1405.8627140060885,0,0
S_171,2024-06-01,51.06,16.93,0.4895,-0.4924,0.0539,1405.8627140060885,0,0
S_171,2024-07-01,51.06,16.93,0.4966,-0.5136,0.0261,1405.8627140060885,0,0
S_171,2024-08-01,51.06,16.93,0.569,-0.5514,0.0977,1405.8627140060885,0,0
S_171,2024-09-01,51.06,16.93,0.5157,-0.5238,0.0293,1405.8627140060885,0,0
S_171,2024-10-01,51.06,16.93,0.4663,-0.5014,-0.0044,1405.8627140060885,0,0
S_171,2024-11-01,51.06,16.93,0.4808,-0.4943,0.0495,1405.8627140060885,0,0
S_171,2024-12-01,51.06,16.93,0.396,-0.3942,0.0889,1405.8627140060885,0,0
S_171,2025-01-01,51.06,16.93,0.4325,-0.4761,0.0299,1405.8627140060885,0,0
S_171,2025-02-01,51.06,16.93,0.3913,-0.4523,-0.0554,1405.8627140060885,0,0
S_171,2025-03-01,51.06,16.93,0.4185,-0.4543,-0.0319,1405.8627140060885,0,0
S_171,2025-04-01,51.06,16.93,0.5909,-0.5587,0.2206,1405.8627140060885,0,0
S_171,2025-05-01,51.06,16.93,0.5748,-0.5393,0.2262,1405.8627140060885,0,0
S_171,2025-06-01,51.06,16.93,0.6735,-0.6219,0.3297,1405.8627140060885,0,0
S_171,2025-07-01,51.06,16.93,0.5857,-0.5698,0.2518,1405.8627140060885,0,0
S_171,2025-08-01,51.06,16.93,0.569,-0.5476,0.1322,1405.8627140060885,0,0
S_171,2025-09-01,51.06,16.93,0.5082,-0.5138,0.0388,1405.8627140060885,0,0
S_171,2025-10-01,51.06,16.93,0.4456,-0.4831,-0.0347,1405.8627140060885,0,0
S_171,2025-11-01,51.06,16.93,0.3831,-0.4524,-0.1082,1405.8627140060885,0,0
S_171,2025-12-01,51.06,16.93,0.4038,-0.495,-0.0749,1405.8627140060885,0,0
S_171,2026-01-01,51.06,16.93,0.3397,-0.4555,-0.1464,1405.8627140060885,0,0
S_171,2026-02-01,51.06,16.93,0.2981,-0.3859,-0.1725,1405.8627140060885,0,0
S_171,2026-03-01,51.06,16.93,0.3189,-0.4163,-0.1702,1405.8627140060885,0,0
S_172,2023-06-01,51.08,16.93,0.6303,-0.5936,0.2725,153.7128938178727,8,0
S_172,2023-07-01,51.08,16.93,0.5938,-0.5699,0.2307,153.7128938178727,8,0
S_172,2023-08-01,51.08,16.93,0.5445,-0.5269,0.0702,153.7128938178727,8,0
S_172,2023-09-01,51.08,16.93,0.5634,-0.5479,0.0946,153.7128938178727,8,0
S_172,2023-10-01,51.08,16.93,0.4847,-0.5,-0.0132,153.7128938178727,8,0
S_172,2023-11-01,51.08,16.93,0.3575,-0.325,0.0434,153.7128938178727,8,0
S_172,2023-12-01,51.08,16.93,0.4124,-0.436,-0.0092,153.7128938178727,8,0
S_172,2024-01-01,51.08,16.93,0.1881,-0.2069,0.5098,153.7128938178727,8,0
S_172,2024-02-01,51.08,16.93,0.3604,-0.4008,-0.0693,153.7128938178727,8,0
S_172,2024-03-01,51.08,16.93,0.4544,-0.4606,-0.0052,153.7128938178727,8,0
S_172,2024-04-01,51.08,16.93,0.571,-0.5416,0.1413,153.7128938178727,8,0
S_172,2024-05-01,51.08,16.93,0.5365,-0.5292,0.1145,153.7128938178727,8,0
S_172,2024-06-01,51.08,16.93,0.5165,-0.4861,0.1011,153.7128938178727,8,0
S_172,2024-07-01,51.08,16.93,0.5605,-0.5531,0.1006,153.7128938178727,8,0
S_172,2024-08-01,51.08,16.93,0.5798,-0.5597,0.1142,153.7128938178727,8,0
S_172,2024-09-01,51.08,16.93,0.5664,-0.5645,0.0954,153.7128938178727,8,0
S_172,2024-10-01,51.08,16.93,0.4357,-0.4993,-0.0305,153.7128938178727,8,0
S_172,2024-11-01,51.08,16.93,0.4546,-0.4721,0.0027,153.7128938178727,8,0
S_172,2024-12-01,51.08,16.93,0.3485,-0.3585,0.0273,153.7128938178727,8,0
S_172,2025-01-01,51.08,16.93,0.3898,-0.452,-0.0154,153.7128938178727,8,0
S_172,2025-02-01,51.08,16.93,0.3726,-0.4395,-0.0769,153.7128938178727,8,0
S_172,2025-03-01,51.08,16.93,0.3903,-0.4365,-0.0646,153.7128938178727,8,0
S_172,2025-04-01,51.08,16.93,0.5709,-0.5556,0.1433,153.7128938178727,8,0
S_172,2025-05-01,51.08,16.93,0.5267,-0.5126,0.1194,153.7128938178727,8,0
S_172,2025-06-01,51.08,16.93,0.6729,-0.6241,0.2841,153.7128938178727,8,0
S_172,2025-07-01,51.08,16.93,0.5999,-0.5736,0.2432,153.7128938178727,8,0
S_172,2025-08-01,51.08,16.93,0.5711,-0.5591,0.1508,153.7128938178727,8,0
S_172,2025-09-01,51.08,16.93,0.5483,-0.5386,0.0838,153.7128938178727,8,0
S_172,2025-10-01,51.08,16.93,0.4948,-0.5132,0.0305,153.7128938178727,8,0
S_172,2025-11-01,51.08,16.93,0.4413,-0.4878,-0.0228,153.7128938178727,8,0
S_172,2025-12-01,51.08,16.93,0.4649,-0.532,0.0361,153.7128938178727,8,0
S_172,2026-01-01,51.08,16.93,0.3862,-0.4867,-0.0675,153.7128938178727,8,0
S_172,2026-02-01,51.08,16.93,0.3164,-0.4046,-0.1392,153.7128938178727,8,0
S_172,2026-03-01,51.08,16.93,0.3364,-0.4328,-0.1256,153.7128938178727,8,0
S_174,2023-06-01,51.12,16.93,0.552,-0.5308,0.1848,110.37966010894912,171,0
S_174,2023-07-01,51.12,16.93,0.5965,-0.5618,0.191,110.37966010894912,171,0
S_174,2023-08-01,51.12,16.93,0.6199,-0.5665,0.1818,110.37966010894912,171,0
S_174,2023-09-01,51.12,16.93,0.6334,-0.5888,0.2062,110.37966010894912,171,0
S_174,2023-10-01,51.12,16.93,0.5706,-0.5505,0.1354,110.37966010894912,171,0
S_174,2023-11-01,51.12,16.93,0.5292,-0.5768,0.0736,110.37966010894912,171,0
S_174,2023-12-01,51.12,16.93,0.4295,-0.456,0.0408,110.37966010894912,171,0
S_174,2024-01-01,51.12,16.93,0.2546,-0.294,0.2967,110.37966010894912,171,0
S_174,2024-02-01,51.12,16.93,0.3673,-0.4462,-0.037,110.37966010894912,171,0
S_174,2024-03-01,51.12,16.93,0.4507,-0.4526,0.0423,110.37966010894912,171,0
S_174,2024-04-01,51.12,16.93,0.5031,-0.473,0.1103,110.37966010894912,171,0
S_174,2024-05-01,51.12,16.93,0.5058,-0.4952,0.1174,110.37966010894912,171,0
S_174,2024-06-01,51.12,16.93,0.5143,-0.4896,0.1402,110.37966010894912,171,0
S_174,2024-07-01,51.12,16.93,0.6455,-0.5837,0.2346,110.37966010894912,171,0
S_174,2024-08-01,51.12,16.93,0.6599,-0.6037,0.2306,110.37966010894912,171,0
S_174,2024-09-01,51.12,16.93,0.612,-0.5836,0.1768,110.37966010894912,171,0
S_174,2024-10-01,51.12,16.93,0.4794,-0.5175,0.0442,110.37966010894912,171,0
S_174,2024-11-01,51.12,16.93,0.3626,-0.4393,-0.0407,110.37966010894912,171,0
S_174,2024-12-01,51.12,16.93,0.2734,-0.2926,0.0139,110.37966010894912,171,0
S_174,2025-01-01,51.12,16.93,0.3355,-0.4228,-0.0241,110.37966010894912,171,0
S_174,2025-02-01,51.12,16.93,0.3169,-0.398,-0.0595,110.37966010894912,171,0
S_174,2025-03-01,51.12,16.93,0.2996,-0.3734,-0.0804,110.37966010894912,171,0
S_174,2025-04-01,51.12,16.93,0.506,-0.4816,0.1151,110.37966010894912,171,0
S_174,2025-05-01,51.12,16.93,0.5278,-0.4838,0.1654,110.37966010894912,171,0
S_174,2025-06-01,51.12,16.93,0.6152,-0.5851,0.2084,110.37966010894912,171,0
S_174,2025-07-01,51.12,16.93,0.81,-0.7521,0.3465,110.37966010894912,171,0
S_174,2025-08-01,51.12,16.93,0.6476,-0.5998,0.2262,110.37966010894912,171,0
S_174,2025-09-01,51.12,16.93,0.6317,-0.5975,0.1998,110.37966010894912,171,0
S_174,2025-10-01,51.12,16.93,0.5348,-0.5516,0.1015,110.37966010894912,171,0
S_174,2025-11-01,51.12,16.93,0.4378,-0.5057,0.0032,110.37966010894912,171,0
S_174,2025-12-01,51.12,16.93,0.4083,-0.4965,0.0067,110.37966010894912,171,0
S_174,2026-01-01,51.12,16.93,0.3941,-0.4876,0.0052,110.37966010894912,171,0
S_174,2026-02-01,51.12,16.93,0.2977,-0.3951,-0.1086,110.37966010894912,171,0
S_174,2026-03-01,51.12,16.93,0.3133,-0.4185,-0.0861,110.37966010894912,171,0
S_175,2023-06-01,51.14,16.93,0.6038,-0.5637,0.2328,35.063298395709715,86,0
S_175,2023-07-01,51.14,16.93,0.5388,-0.5213,0.135,35.063298395709715,86,0
S_175,2023-08-01,51.14,16.93,0.5417,-0.4964,0.1355,35.063298395709715,86,0
S_175,2023-09-01,51.14,16.93,0.6036,-0.5577,0.1801,35.063298395709715,86,0
S_175,2023-10-01,51.14,16.93,0.617,-0.5568,0.1488,35.063298395709715,86,0
S_175,2023-11-01,51.14,16.93,0.5573,-0.5865,0.1197,35.063298395709715,86,0
S_175,2023-12-01,51.14,16.93,0.4227,-0.4569,0.0928,35.063298395709715,86,0
S_175,2024-01-01,51.14,16.93,0.2891,-0.3244,0.2316,35.063298395709715,86,0
S_175,2024-02-01,51.14,16.93,0.3993,-0.4669,-0.01,35.063298395709715,86,0
S_175,2024-03-01,51.14,16.93,0.414,-0.4313,0.043,35.063298395709715,86,0
S_175,2024-04-01,51.14,16.93,0.4287,-0.3957,0.0961,35.063298395709715,86,0
S_175,2024-05-01,51.14,16.93,0.5073,-0.4869,0.1152,35.063298395709715,86,0
S_175,2024-06-01,51.14,16.93,0.5341,-0.4998,0.1478,35.063298395709715,86,0
S_175,2024-07-01,51.14,16.93,0.546,-0.4994,0.1342,35.063298395709715,86,0
S_175,2024-08-01,51.14,16.93,0.5933,-0.5485,0.1551,35.063298395709715,86,0
S_175,2024-09-01,51.14,16.93,0.5864,-0.5549,0.1451,35.063298395709715,86,0
S_175,2024-10-01,51.14,16.93,0.4944,-0.5058,0.059,35.063298395709715,86,0
S_175,2024-11-01,51.14,16.93,0.4533,-0.4702,0.0656,35.063298395709715,86,0
S_175,2024-12-01,51.14,16.93,0.2373,-0.2382,0.0351,35.063298395709715,86,0
S_175,2025-01-01,51.14,16.93,0.3424,-0.4149,-0.0223,35.063298395709715,86,0
S_175,2025-02-01,51.14,16.93,0.3454,-0.4239,-0.047,35.063298395709715,86,0
S_175,2025-03-01,51.14,16.93,0.3084,-0.3731,-0.0823,35.063298395709715,86,0
S_175,2025-04-01,51.14,16.93,0.4232,-0.4295,0.007,35.063298395709715,86,0
S_175,2025-05-01,51.14,16.93,0.5523,-0.4849,0.18,35.063298395709715,86,0
S_175,2025-06-01,51.14,16.93,0.5737,-0.5505,0.1801,35.063298395709715,86,0
S_175,2025-07-01,51.14,16.93,0.7209,-0.6769,0.2733,35.063298395709715,86,0
S_175,2025-08-01,51.14,16.93,0.581,-0.5416,0.1751,35.063298395709715,86,0
S_175,2025-09-01,51.14,16.93,0.5819,-0.5524,0.1698,35.063298395709715,86,0
S_175,2025-10-01,51.14,16.93,0.5092,-0.5228,0.0966,35.063298395709715,86,0
S_175,2025-11-01,51.14,16.93,0.4364,-0.4931,0.0233,35.063298395709715,86,0
S_175,2025-12-01,51.14,16.93,0.3923,-0.446,0.0152,35.063298395709715,86,0
S_175,2026-01-01,51.14,16.93,0.1621,-0.2402,0.0315,35.063298395709715,86,0
S_175,2026-02-01,51.14,16.93,0.2913,-0.3771,-0.1095,35.063298395709715,86,0
S_175,2026-03-01,51.14,16.93,0.2958,-0.3823,-0.1,35.063298395709715,86,0
S_176,2023-06-01,51.16,16.93,0.5925,-0.5604,0.2033,119.28241091083214,232,0
S_176,2023-07-01,51.16,16.93,0.5701,-0.5429,0.1394,119.28241091083214,232,0
S_176,2023-08-01,51.16,16.93,0.5572,-0.5126,0.1513,119.28241091083214,232,0
S_176,2023-09-01,51.16,16.93,0.6077,-0.5678,0.1742,119.28241091083214,232,0
S_176,2023-10-01,51.16,16.93,0.552,-0.5293,0.1018,119.28241091083214,232,0
S_176,2023-11-01,51.16,16.93,0.5087,-0.5448,0.0813,119.28241091083214,232,0
S_176,2023-12-01,51.16,16.93,0.3805,-0.424,0.0566,119.28241091083214,232,0
S_176,2024-01-01,51.16,16.93,0.2891,-0.3355,0.1768,119.28241091083214,232,0
S_176,2024-02-01,51.16,16.93,0.3957,-0.4778,-0.0179,119.28241091083214,232,0
S_176,2024-03-01,51.16,16.93,0.4475,-0.4874,0.0521,119.28241091083214,232,0
S_176,2024-04-01,51.16,16.93,0.4993,-0.4971,0.1221,119.28241091083214,232,0
S_176,2024-05-01,51.16,16.93,0.5461,-0.5167,0.1483,119.28241091083214,232,0
S_176,2024-06-01,51.16,16.93,0.5389,-0.5001,0.1458,119.28241091083214,232,0
S_176,2024-07-01,51.16,16.93,0.5305,-0.4938,0.1089,119.28241091083214,232,0
S_176,2024-08-01,51.16,16.93,0.5923,-0.557,0.1348,119.28241091083214,232,0
S_176,2024-09-01,51.16,16.93,0.5723,-0.5491,0.1369,119.28241091083214,232,0
S_176,2024-10-01,51.16,16.93,0.5064,-0.5159,0.0534,119.28241091083214,232,0
S_176,2024-11-01,51.16,16.93,0.4581,-0.472,0.061,119.28241091083214,232,0
S_176,2024-12-01,51.16,16.93,0.2269,-0.2315,0.0479,119.28241091083214,232,0
S_176,2025-01-01,51.16,16.93,0.3736,-0.444,-0.0115,119.28241091083214,232,0
S_176,2025-02-01,51.16,16.93,0.38,-0.4622,-0.0272,119.28241091083214,232,0
S_176,2025-03-01,51.16,16.93,0.3353,-0.3966,-0.0701,119.28241091083214,232,0
S_176,2025-04-01,51.16,16.93,0.3844,-0.4203,-0.0419,119.28241091083214,232,0
S_176,2025-05-01,51.16,16.93,0.641,-0.5643,0.2184,119.28241091083214,232,0
S_176,2025-06-01,51.16,16.93,0.5933,-0.5641,0.1765,119.28241091083214,232,0
S_176,2025-07-01,51.16,16.93,0.578,-0.5432,0.1505,119.28241091083214,232,0
S_176,2025-08-01,51.16,16.93,0.6089,-0.5662,0.178,119.28241091083214,232,0
S_176,2025-09-01,51.16,16.93,0.5946,-0.5673,0.1607,119.28241091083214,232,0
S_176,2025-10-01,51.16,16.93,0.5284,-0.544,0.0954,119.28241091083214,232,0
S_176,2025-11-01,51.16,16.93,0.4622,-0.5208,0.0301,119.28241091083214,232,0
S_176,2025-12-01,51.16,16.93,0.4215,-0.4728,0.0366,119.28241091083214,232,0
S_176,2026-01-01,51.16,16.93,0.0221,-0.0182,0.3653,119.28241091083214,232,0
S_176,2026-02-01,51.16,16.93,0.3204,-0.4066,-0.1015,119.28241091083214,232,0
S_176,2026-03-01,51.16,16.93,0.3166,-0.3992,-0.095,119.28241091083214,232,0
S_177,2023-06-01,51.18,16.93,0.6964,-0.6042,0.3442,116.24242338942592,0,0
S_177,2023-07-01,51.18,16.93,0.5998,-0.5446,0.1815,116.24242338942592,0,0
S_177,2023-08-01,51.18,16.93,0.6203,-0.544,0.1757,116.24242338942592,0,0
S_177,2023-09-01,51.18,16.93,0.6499,-0.5731,0.1966,116.24242338942592,0,0
S_177,2023-10-01,51.18,16.93,0.5773,-0.5498,0.0974,116.24242338942592,0,0
S_177,2023-11-01,51.18,16.93,0.4626,-0.4923,0.0221,116.24242338942592,0,0
S_177,2023-12-01,51.18,16.93,0.3247,-0.3596,0.0035,116.24242338942592,0,0
S_177,2024-01-01,51.18,16.93,0.2548,-0.3016,0.1624,116.24242338942592,0,0
S_177,2024-02-01,51.18,16.93,0.3475,-0.4309,-0.0686,116.24242338942592,0,0
S_177,2024-03-01,51.18,16.93,0.4711,-0.4896,0.053,116.24242338942592,0,0
S_177,2024-04-01,51.18,16.93,0.5947,-0.5484,0.1747,116.24242338942592,0,0
S_177,2024-05-01,51.18,16.93,0.6308,-0.5667,0.2078,116.24242338942592,0,0
S_177,2024-06-01,51.18,16.93,0.6664,-0.5824,0.2865,116.24242338942592,0,0
S_177,2024-07-01,51.18,16.93,0.6037,-0.5316,0.1638,116.24242338942592,0,0
S_177,2024-08-01,51.18,16.93,0.6442,-0.5672,0.1558,116.24242338942592,0,0
S_177,2024-09-01,51.18,16.93,0.5628,-0.5299,0.3055,116.24242338942592,0,0
S_177,2024-10-01,51.18,16.93,0.503,-0.481,0.0489,116.24242338942592,0,0
S_177,2024-11-01,51.18,16.93,0.4345,-0.4326,0.0401,116.24242338942592,0,0
S_177,2024-12-01,51.18,16.93,0.1166,-0.0988,0.0358,116.24242338942592,0,0
S_177,2025-01-01,51.18,16.93,0.3326,-0.3874,-0.0327,116.24242338942592,0,0
S_177,2025-02-01,51.18,16.93,0.3271,-0.3975,-0.0681,116.24242338942592,0,0
S_177,2025-03-01,51.18,16.93,0.3197,-0.3547,-0.0969,116.24242338942592,0,0
S_177,2025-04-01,51.18,16.93,0.3832,-0.3823,-0.0739,116.24242338942592,0,0
S_177,2025-05-01,51.18,16.93,0.6442,-0.5557,0.2369,116.24242338942592,0,0
S_177,2025-06-01,51.18,16.93,0.6931,-0.6229,0.2755,116.24242338942592,0,0
S_177,2025-07-01,51.18,16.93,0.677,-0.5946,0.2329,116.24242338942592,0,0
S_177,2025-08-01,51.18,16.93,0.681,-0.5958,0.2559,116.24242338942592,0,0
S_177,2025-09-01,51.18,16.93,0.6367,-0.5735,0.2056,116.24242338942592,0,0
S_177,2025-10-01,51.18,16.93,0.5339,-0.5312,0.1061,116.24242338942592,0,0
S_177,2025-11-01,51.18,16.93,0.431,-0.489,0.0066,116.24242338942592,0,0
S_177,2025-12-01,51.18,16.93,0.3737,-0.4095,-0.0017,116.24242338942592,0,0
S_177,2026-01-01,51.18,16.93,0.2243,-0.2189,0.2446,116.24242338942592,0,0
S_177,2026-02-01,51.18,16.93,0.2849,-0.3745,-0.1032,116.24242338942592,0,0
S_177,2026-03-01,51.18,16.93,0.281,-0.3491,-0.1504,116.24242338942592,0,0
S_178,2023-06-01,51.2,16.93,0.7456,-0.6607,0.3304,243.57309243338528,0,0
S_178,2023-07-01,51.2,16.93,0.6827,-0.6298,0.2148,243.57309243338528,0,0
S_178,2023-08-01,51.2,16.93,0.566,-0.512,0.1585,243.57309243338528,0,0
S_178,2023-09-01,51.2,16.93,0.7129,-0.6459,0.2058,243.57309243338528,0,0
S_178,2023-10-01,51.2,16.93,0.6017,-0.5632,0.1326,243.57309243338528,0,0
S_178,2023-11-01,51.2,16.93,0.5438,-0.586,0.0191,243.57309243338528,0,0
S_178,2023-12-01,51.2,16.93,0.3824,-0.4246,0.0045,243.57309243338528,0,0
S_178,2024-01-01,51.2,16.93,0.3126,-0.3627,0.0948,243.57309243338528,0,0
S_178,2024-02-01,51.2,16.93,0.4258,-0.5024,-0.0682,243.57309243338528,0,0
S_178,2024-03-01,51.2,16.93,0.5354,-0.5386,0.0701,243.57309243338528,0,0
S_178,2024-04-01,51.2,16.93,0.645,-0.5749,0.2083,243.57309243338528,0,0
S_178,2024-05-01,51.2,16.93,0.6388,-0.5717,0.2151,243.57309243338528,0,0
S_178,2024-06-01,51.2,16.93,0.7132,-0.6373,0.2535,243.57309243338528,0,0
S_178,2024-07-01,51.2,16.93,0.6777,-0.6026,0.1849,243.57309243338528,0,0
S_178,2024-08-01,51.2,16.93,0.7285,-0.6554,0.1821,243.57309243338528,0,0
S_178,2024-09-01,51.2,16.93,0.5573,-0.5261,0.2678,243.57309243338528,0,0
S_178,2024-10-01,51.2,16.93,0.54,-0.5383,0.0178,243.57309243338528,0,0
S_178,2024-11-01,51.2,16.93,0.4719,-0.4777,0.0169,243.57309243338528,0,0
S_178,2024-12-01,51.2,16.93,0.4358,-0.4686,-0.0244,243.57309243338528,0,0
S_178,2025-01-01,51.2,16.93,0.3996,-0.4595,-0.0658,243.57309243338528,0,0
S_178,2025-02-01,51.2,16.93,0.4181,-0.5067,-0.0491,243.57309243338528,0,0
S_178,2025-03-01,51.2,16.93,0.3709,-0.4161,-0.1168,243.57309243338528,0,0
S_178,2025-04-01,51.2,16.93,0.4494,-0.4553,-0.0594,243.57309243338528,0,0
S_178,2025-05-01,51.2,16.93,0.7128,-0.6088,0.2728,243.57309243338528,0,0
S_178,2025-06-01,51.2,16.93,0.7591,-0.6888,0.2984,243.57309243338528,0,0
S_178,2025-07-01,51.2,16.93,0.6468,-0.582,0.195,243.57309243338528,0,0
S_178,2025-08-01,51.2,16.93,0.7358,-0.6627,0.2436,243.57309243338528,0,0
S_178,2025-09-01,51.2,16.93,0.7023,-0.6511,0.193,243.57309243338528,0,0
S_178,2025-10-01,51.2,16.93,0.5935,-0.605,0.074,243.57309243338528,0,0
S_178,2025-11-01,51.2,16.93,0.4847,-0.5588,-0.045,243.57309243338528,0,0
S_178,2025-12-01,51.2,16.93,0.4269,-0.4728,-0.0076,243.57309243338528,0,0
S_178,2026-01-01,51.2,16.93,0.144,-0.1328,0.4462,243.57309243338528,0,0
S_178,2026-02-01,51.2,16.93,0.35,-0.4432,-0.1522,243.57309243338528,0,0
S_178,2026-03-01,51.2,16.93,0.3443,-0.4269,-0.1632,243.57309243338528,0,0
S_18,2023-06-01,51.0,16.73,0.788,-0.7256,0.5319,14659.31178278656,0,0
S_18,2023-07-01,51.0,16.73,0.3918,-0.4779,0.1232,14659.31178278656,0,0
S_18,2023-08-01,51.0,16.73,0.3128,-0.3866,-0.1068,14659.31178278656,0,0
S_18,2023-09-01,51.0,16.73,0.3846,-0.4343,-0.0451,14659.31178278656,0,0
S_18,2023-10-01,51.0,16.73,0.2835,-0.3625,-0.0894,14659.31178278656,0,0
S_18,2023-11-01,51.0,16.73,0.5012,-0.534,0.1466,14659.31178278656,0,0
S_18,2023-12-01,51.0,16.73,0.3202,-0.3646,0.0747,14659.31178278656,0,0
S_18,2024-01-01,51.0,16.73,0.1541,-0.1727,0.7266,14659.31178278656,0,0
S_18,2024-02-01,51.0,16.73,0.4816,-0.5121,0.1409,14659.31178278656,0,0
S_18,2024-03-01,51.0,16.73,0.582,-0.5757,0.2566,14659.31178278656,0,0
S_18,2024-04-01,51.0,16.73,0.6824,-0.6393,0.3723,14659.31178278656,0,0
S_18,2024-05-01,51.0,16.73,0.6842,-0.6478,0.3871,14659.31178278656,0,0
S_18,2024-06-01,51.0,16.73,0.6102,-0.5572,0.3228,14659.31178278656,0,0
S_18,2024-07-01,51.0,16.73,0.3374,-0.3964,-0.0542,14659.31178278656,0,0
S_18,2024-08-01,51.0,16.73,0.3589,-0.4205,-0.0404,14659.31178278656,0,0
S_18,2024-09-01,51.0,16.73,0.3628,-0.4213,-0.0176,14659.31178278656,0,0
S_18,2024-10-01,51.0,16.73,0.3887,-0.4385,0.0216,14659.31178278656,0,0
S_18,2024-11-01,51.0,16.73,0.4522,-0.4862,0.0997,14659.31178278656,0,0
S_18,2024-12-01,51.0,16.73,0.4794,-0.512,0.1616,14659.31178278656,0,0
S_18,2025-01-01,51.0,16.73,0.5067,-0.5378,0.2234,14659.31178278656,0,0
S_18,2025-02-01,51.0,16.73,0.2838,-0.297,0.5219,14659.31178278656,0,0
S_18,2025-03-01,51.0,16.73,0.5636,-0.5542,0.2017,14659.31178278656,0,0
S_18,2025-04-01,51.0,16.73,0.6613,-0.628,0.2892,14659.31178278656,0,0
S_18,2025-05-01,51.0,16.73,0.674,-0.638,0.4262,14659.31178278656,0,0
S_18,2025-06-01,51.0,16.73,0.5907,-0.5871,0.3107,14659.31178278656,0,0
S_18,2025-07-01,51.0,16.73,0.475,-0.5116,0.1349,14659.31178278656,0,0
S_18,2025-08-01,51.0,16.73,0.3593,-0.4361,-0.0409,14659.31178278656,0,0
S_18,2025-09-01,51.0,16.73,0.341,-0.4128,-0.0508,14659.31178278656,0,0
S_18,2025-10-01,51.0,16.73,0.4029,-0.464,0.0079,14659.31178278656,0,0
S_18,2025-11-01,51.0,16.73,0.4648,-0.5152,0.0667,14659.31178278656,0,0
S_18,2025-12-01,51.0,16.73,0.4854,-0.5164,0.1609,14659.31178278656,0,0
S_18,2026-01-01,51.0,16.73,0.4081,-0.4671,0.0775,14659.31178278656,0,0
S_18,2026-02-01,51.0,16.73,0.3307,-0.4179,-0.0059,14659.31178278656,0,0
S_18,2026-03-01,51.0,16.73,0.3528,-0.4214,0.004,14659.31178278656,0,0
S_180,2023-06-01,51.24,16.93,0.6557,-0.6225,0.2283,3093.126161565517,0,0
S_180,2023-07-01,51.24,16.93,0.6101,-0.5985,0.1316,3093.126161565517,0,0
S_180,2023-08-01,51.24,16.93,0.4746,-0.4461,0.1213,3093.126161565517,0,0
S_180,2023-09-01,51.24,16.93,0.68,-0.6288,0.1705,3093.126161565517,0,0
S_180,2023-10-01,51.24,16.93,0.6235,-0.5873,0.1261,3093.126161565517,0,0
S_180,2023-11-01,51.24,16.93,0.5689,-0.6041,0.0761,3093.126161565517,0,0
S_180,2023-12-01,51.24,16.93,0.4435,-0.4818,0.0888,3093.126161565517,0,0
S_180,2024-01-01,51.24,16.93,0.3447,-0.4112,0.1866,3093.126161565517,0,0
S_180,2024-02-01,51.24,16.93,0.4492,-0.5297,0.024,3093.126161565517,0,0
S_180,2024-03-01,51.24,16.93,0.5094,-0.5502,0.0757,3093.126161565517,0,0
S_180,2024-04-01,51.24,16.93,0.5695,-0.5708,0.1274,3093.126161565517,0,0
S_180,2024-05-01,51.24,16.93,0.6297,-0.5913,0.1791,3093.126161565517,0,0
S_180,2024-06-01,51.24,16.93,0.6628,-0.6042,0.1898,3093.126161565517,0,0
S_180,2024-07-01,51.24,16.93,0.6193,-0.5712,0.1626,3093.126161565517,0,0
S_180,2024-08-01,51.24,16.93,0.6793,-0.6319,0.1714,3093.126161565517,0,0
S_180,2024-09-01,51.24,16.93,0.6639,-0.6309,0.1534,3093.126161565517,0,0
S_180,2024-10-01,51.24,16.93,0.5615,-0.5727,0.0864,3093.126161565517,0,0
S_180,2024-11-01,51.24,16.93,0.5112,-0.5141,0.0978,3093.126161565517,0,0
S_180,2024-12-01,51.24,16.93,0.4737,-0.5156,0.0514,3093.126161565517,0,0
S_180,2025-01-01,51.24,16.93,0.4362,-0.5172,0.0049,3093.126161565517,0,0
S_180,2025-02-01,51.24,16.93,0.3952,-0.4834,0.0558,3093.126161565517,0,0
S_180,2025-03-01,51.24,16.93,0.3753,-0.4431,-0.0737,3093.126161565517,0,0
S_180,2025-04-01,51.24,16.93,0.4524,-0.4901,-0.0247,3093.126161565517,0,0
S_180,2025-05-01,51.24,16.93,0.6942,-0.6238,0.2299,3093.126161565517,0,0
S_180,2025-06-01,51.24,16.93,0.667,-0.6316,0.1905,3093.126161565517,0,0
S_180,2025-07-01,51.24,16.93,0.6095,-0.5656,0.1421,3093.126161565517,0,0
S_180,2025-08-01,51.24,16.93,0.6695,-0.6242,0.1825,3093.126161565517,0,0
S_180,2025-09-01,51.24,16.93,0.6622,-0.6281,0.1585,3093.126161565517,0,0
S_180,2025-10-01,51.24,16.93,0.5966,-0.6042,0.09,3093.126161565517,0,0
S_180,2025-11-01,51.24,16.93,0.531,-0.5803,0.0214,3093.126161565517,0,0
S_180,2025-12-01,51.24,16.93,0.439,-0.4925,0.0611,3093.126161565517,0,0
S_180,2026-01-01,51.24,16.93,0.1525,-0.1622,0.481,3093.126161565517,0,0
S_180,2026-02-01,51.24,16.93,0.3522,-0.4473,-0.1102,3093.126161565517,0,0
S_180,2026-03-01,51.24,16.93,0.3539,-0.4472,-0.1148,3093.126161565517,0,0
S_181,2023-06-01,50.96,16.95,0.7333,-0.6914,0.3848,10226.581742100509,0,0
S_181,2023-07-01,50.96,16.95,0.5081,-0.5355,0.1761,10226.581742100509,0,0
S_181,2023-08-01,50.96,16.95,0.4356,-0.4775,-0.0453,10226.581742100509,0,0
S_181,2023-09-01,50.96,16.95,0.4602,-0.5037,-0.0446,10226.581742100509,0,0
S_181,2023-10-01,50.96,16.95,0.4329,-0.4847,-0.0933,10226.581742100509,0,0
S_181,2023-11-01,50.96,16.95,0.4645,-0.4694,0.0332,10226.581742100509,0,0
S_181,2023-12-01,50.96,16.95,0.5052,-0.5011,0.0816,10226.581742100509,0,0
S_181,2024-01-01,50.96,16.95,0.1542,-0.1682,0.6826,10226.581742100509,0,0
S_181,2024-02-01,50.96,16.95,0.3892,-0.4633,-0.1037,10226.581742100509,0,0
S_181,2024-03-01,50.96,16.95,0.537,-0.5215,0.079,10226.581742100509,0,0
S_181,2024-04-01,50.96,16.95,0.5532,-0.5432,0.1357,10226.581742100509,0,0
S_181,2024-05-01,50.96,16.95,0.609,-0.5818,0.2209,10226.581742100509,0,0
S_181,2024-06-01,50.96,16.95,0.6469,-0.5882,0.2277,10226.581742100509,0,0
S_181,2024-07-01,50.96,16.95,0.4995,-0.5253,0.0235,10226.581742100509,0,0
S_181,2024-08-01,50.96,16.95,0.5852,-0.5586,0.1015,10226.581742100509,0,0
S_181,2024-09-01,50.96,16.95,0.5283,-0.5398,0.033,10226.581742100509,0,0
S_181,2024-10-01,50.96,16.95,0.5191,-0.5495,0.0357,10226.581742100509,0,0
S_181,2024-11-01,50.96,16.95,0.5154,-0.5367,0.0415,10226.581742100509,0,0
S_181,2024-12-01,50.96,16.95,0.4258,-0.4272,0.1021,10226.581742100509,0,0
S_181,2025-01-01,50.96,16.95,0.4477,-0.5311,-0.0174,10226.581742100509,0,0
S_181,2025-02-01,50.96,16.95,0.3831,-0.4605,-0.0909,10226.581742100509,0,0
S_181,2025-03-01,50.96,16.95,0.3903,-0.465,-0.1163,10226.581742100509,0,0
S_181,2025-04-01,50.96,16.95,0.533,-0.5383,0.0957,10226.581742100509,0,0
S_181,2025-05-01,50.96,16.95,0.5024,-0.5073,0.0929,10226.581742100509,0,0
S_181,2025-06-01,50.96,16.95,0.7383,-0.6743,0.3858,10226.581742100509,0,0
S_181,2025-07-01,50.96,16.95,0.6542,-0.6137,0.3182,10226.581742100509,0,0
S_181,2025-08-01,50.96,16.95,0.5798,-0.5698,0.1644,10226.581742100509,0,0
S_181,2025-09-01,50.96,16.95,0.5298,-0.5415,0.0422,10226.581742100509,0,0
S_181,2025-10-01,50.96,16.95,0.5294,-0.5462,0.0384,10226.581742100509,0,0
S_181,2025-11-01,50.96,16.95,0.5289,-0.551,0.0347,10226.581742100509,0,0
S_181,2025-12-01,50.96,16.95,0.5598,-0.6046,0.0623,10226.581742100509,0,0
S_181,2026-01-01,50.96,16.95,0.3909,-0.4993,-0.1293,10226.581742100509,0,0
S_181,2026-02-01,50.96,16.95,0.3545,-0.4431,-0.1579,10226.581742100509,0,0
S_181,2026-03-01,50.96,16.95,0.3784,-0.4652,-0.1437,10226.581742100509,0,0
S_182,2023-06-01,50.98,16.95,0.6749,-0.6395,0.2392,8016.664197115699,0,0
S_182,2023-07-01,50.98,16.95,0.6582,-0.6292,0.2512,8016.664197115699,0,0
S_182,2023-08-01,50.98,16.95,0.546,-0.5531,0.0401,8016.664197115699,0,0
S_182,2023-09-01,50.98,16.95,0.5671,-0.568,0.0455,8016.664197115699,0,0
S_182,2023-10-01,50.98,16.95,0.5111,-0.5362,-0.0529,8016.664197115699,0,0
S_182,2023-11-01,50.98,16.95,0.3885,-0.4062,-0.033,8016.664197115699,0,0
S_182,2023-12-01,50.98,16.95,0.3183,-0.3805,-0.1939,8016.664197115699,0,0
S_182,2024-01-01,50.98,16.95,0.1032,-0.1306,0.5394,8016.664197115699,0,0
S_182,2024-02-01,50.98,16.95,0.3071,-0.4314,-0.253,8016.664197115699,0,0
S_182,2024-03-01,50.98,16.95,0.3711,-0.3983,-0.1017,8016.664197115699,0,0
S_182,2024-04-01,50.98,16.95,0.4197,-0.4506,-0.144,8016.664197115699,0,0
S_182,2024-05-01,50.98,16.95,0.577,-0.5641,0.0431,8016.664197115699,0,0
S_182,2024-06-01,50.98,16.95,0.7056,-0.6417,0.2179,8016.664197115699,0,0
S_182,2024-07-01,50.98,16.95,0.6051,-0.5972,0.1426,8016.664197115699,0,0
S_182,2024-08-01,50.98,16.95,0.6166,-0.5897,0.138,8016.664197115699,0,0
S_182,2024-09-01,50.98,16.95,0.6024,-0.5892,0.0943,8016.664197115699,0,0
S_182,2024-10-01,50.98,16.95,0.5108,-0.553,-0.0297,8016.664197115699,0,0
S_182,2024-11-01,50.98,16.95,0.4469,-0.493,-0.1028,8016.664197115699,0,0
S_182,2024-12-01,50.98,16.95,0.3448,-0.3525,-0.0744,8016.664197115699,0,0
S_182,2025-01-01,50.98,16.95,0.3754,-0.4853,-0.1773,8016.664197115699,0,0
S_182,2025-02-01,50.98,16.95,0.3453,-0.4325,-0.2165,8016.664197115699,0,0
S_182,2025-03-01,50.98,16.95,0.3301,-0.419,-0.2415,8016.664197115699,0,0
S_182,2025-04-01,50.98,16.95,0.5307,-0.5256,-0.0043,8016.664197115699,0,0
S_182,2025-05-01,50.98,16.95,0.5684,-0.5365,0.0629,8016.664197115699,0,0
S_182,2025-06-01,50.98,16.95,0.7585,-0.6972,0.373,8016.664197115699,0,0
S_182,2025-07-01,50.98,16.95,0.7004,-0.6469,0.318,8016.664197115699,0,0
S_182,2025-08-01,50.98,16.95,0.5676,-0.5622,0.0894,8016.664197115699,0,0
S_182,2025-09-01,50.98,16.95,0.5798,-0.573,0.0724,8016.664197115699,0,0
S_182,2025-10-01,50.98,16.95,0.5028,-0.5357,-0.0226,8016.664197115699,0,0
S_182,2025-11-01,50.98,16.95,0.4259,-0.4984,-0.1176,8016.664197115699,0,0
S_182,2025-12-01,50.98,16.95,0.3991,-0.5676,-0.2115,8016.664197115699,0,0
S_182,2026-01-01,50.98,16.95,0.3307,-0.469,-0.2303,8016.664197115699,0,0
S_182,2026-02-01,50.98,16.95,0.2925,-0.4104,-0.2889,8016.664197115699,0,0
S_182,2026-03-01,50.98,16.95,0.3159,-0.4378,-0.2834,8016.664197115699,0,0
S_183,2023-06-01,51.0,16.95,0.4713,-0.476,0.1231,5818.1929194215,0,0
S_183,2023-07-01,51.0,16.95,0.4828,-0.491,0.1479,5818.1929194215,0,0
S_183,2023-08-01,51.0,16.95,0.4372,-0.4475,0.0348,5818.1929194215,0,0
S_183,2023-09-01,51.0,16.95,0.4651,-0.4719,0.0629,5818.1929194215,0,0
S_183,2023-10-01,51.0,16.95,0.4283,-0.4404,0.0156,5818.1929194215,0,0
S_183,2023-11-01,51.0,16.95,0.2673,-0.3093,-0.0422,5818.1929194215,0,0
S_183,2023-12-01,51.0,16.95,0.2886,-0.3375,-0.077,5818.1929194215,0,0
S_183,2024-01-01,51.0,16.95,0.093,-0.1206,0.5673,5818.1929194215,0,0
S_183,2024-02-01,51.0,16.95,0.2627,-0.3276,-0.0617,5818.1929194215,0,0
S_183,2024-03-01,51.0,16.95,0.421,-0.4277,0.0319,5818.1929194215,0,0
S_183,2024-04-01,51.0,16.95,0.366,-0.3799,0.0398,5818.1929194215,0,0
S_183,2024-05-01,51.0,16.95,0.4328,-0.4456,0.0804,5818.1929194215,0,0
S_183,2024-06-01,51.0,16.95,0.461,-0.4531,0.101,5818.1929194215,0,0
S_183,2024-07-01,51.0,16.95,0.3889,-0.4159,0.0351,5818.1929194215,0,0
S_183,2024-08-01,51.0,16.95,0.4045,-0.4149,0.0412,5818.1929194215,0,0
S_183,2024-09-01,51.0,16.95,0.4046,-0.4244,0.035,5818.1929194215,0,0
S_183,2024-10-01,51.0,16.95,0.3568,-0.4007,-0.0231,5818.1929194215,0,0
S_183,2024-11-01,51.0,16.95,0.3445,-0.3893,-0.0406,5818.1929194215,0,0
S_183,2024-12-01,51.0,16.95,0.2621,-0.2713,0.048,5818.1929194215,0,0
S_183,2025-01-01,51.0,16.95,0.3117,-0.3924,-0.0231,5818.1929194215,0,0
S_183,2025-02-01,51.0,16.95,0.3064,-0.3733,-0.0489,5818.1929194215,0,0
S_183,2025-03-01,51.0,16.95,0.3035,-0.3606,-0.0517,5818.1929194215,0,0
S_183,2025-04-01,51.0,16.95,0.469,-0.46,0.1622,5818.1929194215,0,0
S_183,2025-05-01,51.0,16.95,0.4505,-0.4406,0.1577,5818.1929194215,0,0
S_183,2025-06-01,51.0,16.95,0.4915,-0.4784,0.2141,5818.1929194215,0,0
S_183,2025-07-01,51.0,16.95,0.4273,-0.4382,0.1668,5818.1929194215,0,0
S_183,2025-08-01,51.0,16.95,0.3824,-0.4057,0.0289,5818.1929194215,0,0
S_183,2025-09-01,51.0,16.95,0.3913,-0.4129,0.0122,5818.1929194215,0,0
S_183,2025-10-01,51.0,16.95,0.3536,-0.3968,-0.0316,5818.1929194215,0,0
S_183,2025-11-01,51.0,16.95,0.3158,-0.3806,-0.0754,5818.1929194215,0,0
S_183,2025-12-01,51.0,16.95,0.3377,-0.4189,-0.0383,5818.1929194215,0,0
S_183,2026-01-01,51.0,16.95,0.2845,-0.3839,-0.1004,5818.1929194215,0,0
S_183,2026-02-01,51.0,16.95,0.2497,-0.3324,-0.1236,5818.1929194215,0,0
S_183,2026-03-01,51.0,16.95,0.2704,-0.354,-0.1119,5818.1929194215,0,0
S_184,2023-06-01,51.02,16.95,0.6051,-0.5753,0.1661,3651.912744084874,0,0
S_184,2023-07-01,51.02,16.95,0.6089,-0.5881,0.199,3651.912744084874,0,0
S_184,2023-08-01,51.02,16.95,0.5724,-0.5494,0.0912,3651.912744084874,0,0
S_184,2023-09-01,51.02,16.95,0.6068,-0.5778,0.1282,3651.912744084874,0,0
S_184,2023-10-01,51.02,16.95,0.5258,-0.5363,0.0124,3651.912744084874,0,0
S_184,2023-11-01,51.02,16.95,0.4416,-0.474,-0.0398,3651.912744084874,0,0
S_184,2023-12-01,51.02,16.95,0.3575,-0.4116,-0.0921,3651.912744084874,0,0
S_184,2024-01-01,51.02,16.95,0.134,-0.1676,0.5193,3651.912744084874,0,0
S_184,2024-02-01,51.02,16.95,0.3419,-0.4379,-0.1405,3651.912744084874,0,0
S_184,2024-03-01,51.02,16.95,0.45,-0.4389,0.0195,3651.912744084874,0,0
S_184,2024-04-01,51.02,16.95,0.4308,-0.4601,-0.0593,3651.912744084874,0,0
S_184,2024-05-01,51.02,16.95,0.5153,-0.5218,0.05,3651.912744084874,0,0
S_184,2024-06-01,51.02,16.95,0.5584,-0.5409,0.0759,3651.912744084874,0,0
S_184,2024-07-01,51.02,16.95,0.5434,-0.5484,0.0796,3651.912744084874,0,0
S_184,2024-08-01,51.02,16.95,0.5676,-0.553,0.0949,3651.912744084874,0,0
S_184,2024-09-01,51.02,16.95,0.5382,-0.5477,0.0584,3651.912744084874,0,0
S_184,2024-10-01,51.02,16.95,0.3893,-0.4633,-0.1099,3651.912744084874,0,0
S_184,2024-11-01,51.02,16.95,0.3892,-0.4482,-0.1229,3651.912744084874,0,0
S_184,2024-12-01,51.02,16.95,0.2902,-0.3021,-0.0429,3651.912744084874,0,0
S_184,2025-01-01,51.02,16.95,0.3595,-0.4546,-0.1075,3651.912744084874,0,0
S_184,2025-02-01,51.02,16.95,0.3467,-0.4296,-0.1547,3651.912744084874,0,0
S_184,2025-03-01,51.02,16.95,0.3651,-0.4271,-0.1438,3651.912744084874,0,0
S_184,2025-04-01,51.02,16.95,0.5815,-0.5672,0.1227,3651.912744084874,0,0
S_184,2025-05-01,51.02,16.95,0.5734,-0.5573,0.1233,3651.912744084874,0,0
S_184,2025-06-01,51.02,16.95,0.6914,-0.6467,0.3003,3651.912744084874,0,0
S_184,2025-07-01,51.02,16.95,0.6089,-0.5864,0.2602,3651.912744084874,0,0
S_184,2025-08-01,51.02,16.95,0.5054,-0.5227,0.0798,3651.912744084874,0,0
S_184,2025-09-01,51.02,16.95,0.5206,-0.5261,0.0421,3651.912744084874,0,0
S_184,2025-10-01,51.02,16.95,0.4594,-0.4952,-0.0202,3651.912744084874,0,0
S_184,2025-11-01,51.02,16.95,0.3983,-0.4643,-0.0824,3651.912744084874,0,0
S_184,2025-12-01,51.02,16.95,0.3981,-0.5036,-0.1011,3651.912744084874,0,0
S_184,2026-01-01,51.02,16.95,0.339,-0.4576,-0.16,3651.912744084874,0,0
S_184,2026-02-01,51.02,16.95,0.2925,-0.3918,-0.2047,3651.912744084874,0,0
S_184,2026-03-01,51.02,16.95,0.3153,-0.4191,-0.1995,3651.912744084874,0,0
S_185,2023-06-01,51.04,16.95,0.377,-0.3689,0.144,1649.9390675083405,0,0
S_185,2023-07-01,51.04,16.95,0.2883,-0.3083,0.042,1649.9390675083405,0,0
S_185,2023-08-01,51.04,16.95,0.2948,-0.3,0.013,1649.9390675083405,0,0
S_185,2023-09-01,51.04,16.95,0.3256,-0.332,0.0481,1649.9390675083405,0,0
S_185,2023-10-01,51.04,16.95,0.3034,-0.3157,0.0022,1649.9390675083405,0,0
S_185,2023-11-01,51.04,16.95,0.2608,-0.2814,-0.0148,1649.9390675083405,0,0
S_185,2023-12-01,51.04,16.95,0.2182,-0.2472,-0.0318,1649.9390675083405,0,0
S_185,2024-01-01,51.04,16.95,0.0944,-0.1211,0.4883,1649.9390675083405,0,0
S_185,2024-02-01,51.04,16.95,0.1346,-0.1768,0.0273,1649.9390675083405,0,0
S_185,2024-03-01,51.04,16.95,0.1827,-0.1379,0.1146,1649.9390675083405,0,0
S_185,2024-04-01,51.04,16.95,0.3114,-0.3173,0.0392,1649.9390675083405,0,0
S_185,2024-05-01,51.04,16.95,0.2873,-0.306,0.0322,1649.9390675083405,0,0
S_185,2024-06-01,51.04,16.95,0.3097,-0.3119,0.0339,1649.9390675083405,0,0
S_185,2024-07-01,51.04,16.95,0.3109,-0.3226,0.0382,1649.9390675083405,0,0
S_185,2024-08-01,51.04,16.95,0.3221,-0.3248,0.0509,1649.9390675083405,0,0
S_185,2024-09-01,51.04,16.95,0.3083,-0.3303,0.0355,1649.9390675083405,0,0
S_185,2024-10-01,51.04,16.95,0.2678,-0.3005,-0.0159,1649.9390675083405,0,0
S_185,2024-11-01,51.04,16.95,0.2444,-0.2781,-0.0274,1649.9390675083405,0,0
S_185,2024-12-01,51.04,16.95,0.1639,-0.1684,0.0562,1649.9390675083405,0,0
S_185,2025-01-01,51.04,16.95,0.2078,-0.2775,-0.0263,1649.9390675083405,0,0
S_185,2025-02-01,51.04,16.95,0.1979,-0.263,-0.0464,1649.9390675083405,0,0
S_185,2025-03-01,51.04,16.95,0.2056,-0.2647,-0.056,1649.9390675083405,0,0
S_185,2025-04-01,51.04,16.95,0.33,-0.3369,0.0735,1649.9390675083405,0,0
S_185,2025-05-01,51.04,16.95,0.3217,-0.3207,0.0731,1649.9390675083405,0,0
S_185,2025-06-01,51.04,16.95,0.3615,-0.3611,0.1222,1649.9390675083405,0,0
S_185,2025-07-01,51.04,16.95,0.3297,-0.3368,0.0951,1649.9390675083405,0,0
S_185,2025-08-01,51.04,16.95,0.3216,-0.3274,0.0547,1649.9390675083405,0,0
S_185,2025-09-01,51.04,16.95,0.3018,-0.3156,0.0296,1649.9390675083405,0,0
S_185,2025-10-01,51.04,16.95,0.2673,-0.295,-0.0035,1649.9390675083405,0,0
S_185,2025-11-01,51.04,16.95,0.2329,-0.2743,-0.0366,1649.9390675083405,0,0
S_185,2025-12-01,51.04,16.95,0.2099,-0.2898,-0.0305,1649.9390675083405,0,0
S_185,2026-01-01,51.04,16.95,0.1899,-0.2762,-0.063,1649.9390675083405,0,0
S_185,2026-02-01,51.04,16.95,0.1588,-0.2352,-0.0871,1649.9390675083405,0,0
S_185,2026-03-01,51.04,16.95,0.1681,-0.2482,-0.079,1649.9390675083405,0,0
S_186,2023-06-01,51.06,16.95,0.7515,-0.6885,0.4046,410.0436766351651,0,0
S_186,2023-07-01,51.06,16.95,0.4777,-0.5204,0.1553,410.0436766351651,0,0
S_186,2023-08-01,51.06,16.95,0.5096,-0.5075,0.0254,410.0436766351651,0,0
S_186,2023-09-01,51.06,16.95,0.5693,-0.5545,0.0654,410.0436766351651,0,0
S_186,2023-10-01,51.06,16.95,0.4956,-0.5211,-0.0345,410.0436766351651,0,0
S_186,2023-11-01,51.06,16.95,0.4393,-0.4749,-0.0588,410.0436766351651,0,0
S_186,2023-12-01,51.06,16.95,0.383,-0.4287,-0.0831,410.0436766351651,0,0
S_186,2024-01-01,51.06,16.95,0.2055,-0.2346,0.4318,410.0436766351651,0,0
S_186,2024-02-01,51.06,16.95,0.2976,-0.37,-0.0987,410.0436766351651,0,0
S_186,2024-03-01,51.06,16.95,0.3331,-0.3505,-0.0233,410.0436766351651,0,0
S_186,2024-04-01,51.06,16.95,0.5208,-0.491,0.0416,410.0436766351651,0,0
S_186,2024-05-01,51.06,16.95,0.5094,-0.5073,0.0173,410.0436766351651,0,0
S_186,2024-06-01,51.06,16.95,0.5289,-0.5105,0.0066,410.0436766351651,0,0
S_186,2024-07-01,51.06,16.95,0.5914,-0.5856,0.1092,410.0436766351651,0,0
S_186,2024-08-01,51.06,16.95,0.6263,-0.6,0.1379,410.0436766351651,0,0
S_186,2024-09-01,51.06,16.95,0.5293,-0.5496,0.0378,410.0436766351651,0,0
S_186,2024-10-01,51.06,16.95,0.4816,-0.5146,-0.0252,410.0436766351651,0,0
S_186,2024-11-01,51.06,16.95,0.4621,-0.4918,-0.0281,410.0436766351651,0,0
S_186,2024-12-01,51.06,16.95,0.4007,-0.4047,0.0437,410.0436766351651,0,0
S_186,2025-01-01,51.06,16.95,0.4197,-0.4925,-0.0502,410.0436766351651,0,0
S_186,2025-02-01,51.06,16.95,0.3587,-0.4424,-0.1385,410.0436766351651,0,0
S_186,2025-03-01,51.06,16.95,0.3613,-0.4252,-0.1356,410.0436766351651,0,0
S_186,2025-04-01,51.06,16.95,0.6415,-0.5961,0.1898,410.0436766351651,0,0
S_186,2025-05-01,51.06,16.95,0.6404,-0.5867,0.2057,410.0436766351651,0,0
S_186,2025-06-01,51.06,16.95,0.6972,-0.6513,0.3024,410.0436766351651,0,0
S_186,2025-07-01,51.06,16.95,0.6146,-0.5915,0.2459,410.0436766351651,0,0
S_186,2025-08-01,51.06,16.95,0.4962,-0.515,0.0594,410.0436766351651,0,0
S_186,2025-09-01,51.06,16.95,0.4735,-0.5013,-0.0287,410.0436766351651,0,0
S_186,2025-10-01,51.06,16.95,0.4242,-0.4798,-0.0707,410.0436766351651,0,0
S_186,2025-11-01,51.06,16.95,0.3748,-0.4584,-0.1128,410.0436766351651,0,0
S_186,2025-12-01,51.06,16.95,0.3647,-0.4956,-0.1063,410.0436766351651,0,0
S_186,2026-01-01,51.06,16.95,0.3186,-0.4486,-0.1562,410.0436766351651,0,0
S_186,2026-02-01,51.06,16.95,0.2713,-0.3798,-0.189,410.0436766351651,0,0
S_186,2026-03-01,51.06,16.95,0.2914,-0.4087,-0.1917,410.0436766351651,0,0
S_187,2023-06-01,51.08,16.95,0.5881,-0.5401,0.3002,135.73596988018187,17,0
S_187,2023-07-01,51.08,16.95,0.4734,-0.4677,0.1716,135.73596988018187,17,0
S_187,2023-08-01,51.08,16.95,0.3948,-0.4027,-0.0046,135.73596988018187,17,0
S_187,2023-09-01,51.08,16.95,0.4229,-0.4324,0.0269,135.73596988018187,17,0
S_187,2023-10-01,51.08,16.95,0.3323,-0.374,-0.1034,135.73596988018187,17,0
S_187,2023-11-01,51.08,16.95,0.3855,-0.3455,0.0412,135.73596988018187,17,0
S_187,2023-12-01,51.08,16.95,0.3912,-0.3942,0.0306,135.73596988018187,17,0
S_187,2024-01-01,51.08,16.95,0.1881,-0.2049,0.5137,135.73596988018187,17,0
S_187,2024-02-01,51.08,16.95,0.3315,-0.3459,0.0195,135.73596988018187,17,0
S_187,2024-03-01,51.08,16.95,0.7304,-0.6452,0.3723,135.73596988018187,17,0
S_187,2024-04-01,51.08,16.95,0.7611,-0.6882,0.366,135.73596988018187,17,0
S_187,2024-05-01,51.08,16.95,0.5469,-0.5202,0.1961,135.73596988018187,17,0
S_187,2024-06-01,51.08,16.95,0.5457,-0.4966,0.1986,135.73596988018187,17,0
S_187,2024-07-01,51.08,16.95,0.3857,-0.4132,-0.0004,135.73596988018187,17,0
S_187,2024-08-01,51.08,16.95,0.4201,-0.4266,0.0165,135.73596988018187,17,0
S_187,2024-09-01,51.08,16.95,0.5409,-0.5084,0.1228,135.73596988018187,17,0
S_187,2024-10-01,51.08,16.95,0.4677,-0.4642,0.0546,135.73596988018187,17,0
S_187,2024-11-01,51.08,16.95,0.401,-0.4157,0.0363,135.73596988018187,17,0
S_187,2024-12-01,51.08,16.95,0.2228,-0.2471,-0.0229,135.73596988018187,17,0
S_187,2025-01-01,51.08,16.95,0.2523,-0.3368,-0.106,135.73596988018187,17,0
S_187,2025-02-01,51.08,16.95,0.2429,-0.3272,-0.1362,135.73596988018187,17,0
S_187,2025-03-01,51.08,16.95,0.2435,-0.3159,-0.1434,135.73596988018187,17,0
S_187,2025-04-01,51.08,16.95,0.4062,-0.4162,0.008,135.73596988018187,17,0
S_187,2025-05-01,51.08,16.95,0.3653,-0.3798,-0.0519,135.73596988018187,17,0
S_187,2025-06-01,51.08,16.95,0.5942,-0.5555,0.2233,135.73596988018187,17,0
S_187,2025-07-01,51.08,16.95,0.5665,-0.5315,0.2131,135.73596988018187,17,0
S_187,2025-08-01,51.08,16.95,0.5651,-0.5329,0.1973,135.73596988018187,17,0
S_187,2025-09-01,51.08,16.95,0.5424,-0.5081,0.1535,135.73596988018187,17,0
S_187,2025-10-01,51.08,16.95,0.4334,-0.4479,0.0482,135.73596988018187,17,0
S_187,2025-11-01,51.08,16.95,0.3245,-0.3877,-0.057,135.73596988018187,17,0
S_187,2025-12-01,51.08,16.95,0.3099,-0.4148,-0.0908,135.73596988018187,17,0
S_187,2026-01-01,51.08,16.95,0.2769,-0.3935,-0.1304,135.73596988018187,17,0
S_187,2026-02-01,51.08,16.95,0.2225,-0.3129,-0.1638,135.73596988018187,17,0
S_187,2026-03-01,51.08,16.95,0.2348,-0.3388,-0.1572,135.73596988018187,17,0
S_188,2023-06-01,51.1,16.95,0.5409,-0.5155,0.1985,247.77790874820764,497,0
S_188,2023-07-01,51.1,16.95,0.4836,-0.4777,0.1201,247.77790874820764,497,0
S_188,2023-08-01,51.1,16.95,0.49,-0.4689,0.0974,247.77790874820764,497,0
S_188,2023-09-01,51.1,16.95,0.5004,-0.4882,0.1217,247.77790874820764,497,0
S_188,2023-10-01,51.1,16.95,0.5377,-0.5137,0.1312,247.77790874820764,497,0
S_188,2023-11-01,51.1,16.95,0.4364,-0.4367,0.0642,247.77790874820764,497,0
S_188,2023-12-01,51.1,16.95,0.335,-0.3597,-0.0029,247.77790874820764,497,0
S_188,2024-01-01,51.1,16.95,0.1694,-0.1871,0.4264,247.77790874820764,497,0
S_188,2024-02-01,51.1,16.95,0.3098,-0.3676,-0.0599,247.77790874820764,497,0
S_188,2024-03-01,51.1,16.95,0.3679,-0.3593,0.0584,247.77790874820764,497,0
S_188,2024-04-01,51.1,16.95,0.5045,-0.4627,0.16,247.77790874820764,497,0
S_188,2024-05-01,51.1,16.95,0.4785,-0.467,0.1136,247.77790874820764,497,0
S_188,2024-06-01,51.1,16.95,0.504,-0.4648,0.1716,247.77790874820764,497,0
S_188,2024-07-01,51.1,16.95,0.5112,-0.4907,0.1208,247.77790874820764,497,0
S_188,2024-08-01,51.1,16.95,0.5344,-0.5033,0.1449,247.77790874820764,497,0
S_188,2024-09-01,51.1,16.95,0.501,-0.4971,0.1097,247.77790874820764,497,0
S_188,2024-10-01,51.1,16.95,0.438,-0.4558,0.0461,247.77790874820764,497,0
S_188,2024-11-01,51.1,16.95,0.37,-0.3935,0.0133,247.77790874820764,497,0
S_188,2024-12-01,51.1,16.95,0.3067,-0.3228,0.0464,247.77790874820764,497,0
S_188,2025-01-01,51.1,16.95,0.3309,-0.3896,-0.0047,247.77790874820764,497,0
S_188,2025-02-01,51.1,16.95,0.3066,-0.3697,-0.0349,247.77790874820764,497,0
S_188,2025-03-01,51.1,16.95,0.3093,-0.3611,-0.039,247.77790874820764,497,0
S_188,2025-04-01,51.1,16.95,0.5096,-0.4847,0.1449,247.77790874820764,497,0
S_188,2025-05-01,51.1,16.95,0.4495,-0.4272,0.1277,247.77790874820764,497,0
S_188,2025-06-01,51.1,16.95,0.5357,-0.522,0.1713,247.77790874820764,497,0
S_188,2025-07-01,51.1,16.95,0.5313,-0.5111,0.1572,247.77790874820764,497,0
S_188,2025-08-01,51.1,16.95,0.5187,-0.4938,0.1343,247.77790874820764,497,0
S_188,2025-09-01,51.1,16.95,0.504,-0.4889,0.1204,247.77790874820764,497,0
S_188,2025-10-01,51.1,16.95,0.4592,-0.4669,0.0816,247.77790874820764,497,0
S_188,2025-11-01,51.1,16.95,0.4144,-0.4449,0.0429,247.77790874820764,497,0
S_188,2025-12-01,51.1,16.95,0.3899,-0.4416,0.0134,247.77790874820764,497,0
S_188,2026-01-01,51.1,16.95,0.3288,-0.4163,-0.0305,247.77790874820764,497,0
S_188,2026-02-01,51.1,16.95,0.2866,-0.3588,-0.0812,247.77790874820764,497,0
S_188,2026-03-01,51.1,16.95,0.3017,-0.3835,-0.0664,247.77790874820764,497,0
S_19,2023-06-01,51.02,16.73,0.7038,-0.6592,0.3927,12840.031827983006,0,0
S_19,2023-07-01,51.02,16.73,0.4154,-0.4912,0.0609,12840.031827983006,0,0
S_19,2023-08-01,51.02,16.73,0.3654,-0.4158,-0.0381,12840.031827983006,0,0
S_19,2023-09-01,51.02,16.73,0.4171,-0.4534,-0.0029,12840.031827983006,0,0
S_19,2023-10-01,51.02,16.73,0.3549,-0.4122,-0.0488,12840.031827983006,0,0
S_19,2023-11-01,51.02,16.73,0.5249,-0.5473,0.151,12840.031827983006,0,0
S_19,2023-12-01,51.02,16.73,0.4379,-0.451,0.1595,12840.031827983006,0,0
S_19,2024-01-01,51.02,16.73,0.1705,-0.1888,0.6408,12840.031827983006,0,0
S_19,2024-02-01,51.02,16.73,0.4222,-0.4826,0.0805,12840.031827983006,0,0
S_19,2024-03-01,51.02,16.73,0.5156,-0.5315,0.1836,12840.031827983006,0,0
S_19,2024-04-01,51.02,16.73,0.609,-0.5804,0.2868,12840.031827983006,0,0
S_19,2024-05-01,51.02,16.73,0.5224,-0.5266,0.214,12840.031827983006,0,0
S_19,2024-06-01,51.02,16.73,0.4114,-0.3937,0.1587,12840.031827983006,0,0
S_19,2024-07-01,51.02,16.73,0.4134,-0.4399,0.0076,12840.031827983006,0,0
S_19,2024-08-01,51.02,16.73,0.4472,-0.4753,0.0384,12840.031827983006,0,0
S_19,2024-09-01,51.02,16.73,0.3906,-0.4344,0.015,12840.031827983006,0,0
S_19,2024-10-01,51.02,16.73,0.3756,-0.429,0.0016,12840.031827983006,0,0
S_19,2024-11-01,51.02,16.73,0.4182,-0.4631,0.0585,12840.031827983006,0,0
S_19,2024-12-01,51.02,16.73,0.1287,-0.1898,0.0056,12840.031827983006,0,0
S_19,2025-01-01,51.02,16.73,0.4108,-0.469,0.1153,12840.031827983006,0,0
S_19,2025-02-01,51.02,16.73,0.215,-0.2461,0.4231,12840.031827983006,0,0
S_19,2025-03-01,51.02,16.73,0.4176,-0.4525,0.0695,12840.031827983006,0,0
S_19,2025-04-01,51.02,16.73,0.4717,-0.4855,0.113,12840.031827983006,0,0
S_19,2025-05-01,51.02,16.73,0.5156,-0.524,0.1982,12840.031827983006,0,0
S_19,2025-06-01,51.02,16.73,0.5394,-0.5416,0.2136,12840.031827983006,0,0
S_19,2025-07-01,51.02,16.73,0.4873,-0.5083,0.133,12840.031827983006,0,0
S_19,2025-08-01,51.02,16.73,0.4352,-0.475,0.0524,12840.031827983006,0,0
S_19,2025-09-01,51.02,16.73,0.413,-0.4533,0.0301,12840.031827983006,0,0
S_19,2025-10-01,51.02,16.73,0.3974,-0.4586,0.0096,12840.031827983006,0,0
S_19,2025-11-01,51.02,16.73,0.3817,-0.464,-0.011,12840.031827983006,0,0
S_19,2025-12-01,51.02,16.73,0.382,-0.4499,0.0633,12840.031827983006,0,0
S_19,2026-01-01,51.02,16.73,0.1305,-0.1383,0.4655,12840.031827983006,0,0
S_19,2026-02-01,51.02,16.73,0.278,-0.374,-0.059,12840.031827983006,0,0
S_19,2026-03-01,51.02,16.73,0.2914,-0.3724,-0.0491,12840.031827983006,0,0
S_190,2023-06-01,51.14,16.95,0.5418,-0.5087,0.1972,58.19435946083127,26,0
S_190,2023-07-01,51.14,16.95,0.5175,-0.4892,0.1395,58.19435946083127,26,0
S_190,2023-08-01,51.14,16.95,0.5377,-0.4955,0.1344,58.19435946083127,26,0
S_190,2023-09-01,51.14,16.95,0.5599,-0.5217,0.1703,58.19435946083127,26,0
S_190,2023-10-01,51.14,16.95,0.5924,-0.5548,0.1585,58.19435946083127,26,0
S_190,2023-11-01,51.14,16.95,0.3616,-0.3487,0.0455,58.19435946083127,26,0
S_190,2023-12-01,51.14,16.95,0.3249,-0.3356,-0.0382,58.19435946083127,26,0
S_190,2024-01-01,51.14,16.95,0.2314,-0.2563,0.2086,58.19435946083127,26,0
S_190,2024-02-01,51.14,16.95,0.2849,-0.3187,-0.0527,58.19435946083127,26,0
S_190,2024-03-01,51.14,16.95,0.3725,-0.3853,0.0159,58.19435946083127,26,0
S_190,2024-04-01,51.14,16.95,0.5203,-0.463,0.144,58.19435946083127,26,0
S_190,2024-05-01,51.14,16.95,0.5092,-0.478,0.1435,58.19435946083127,26,0
S_190,2024-06-01,51.14,16.95,0.5468,-0.5027,0.1686,58.19435946083127,26,0
S_190,2024-07-01,51.14,16.95,0.5452,-0.5016,0.145,58.19435946083127,26,0
S_190,2024-08-01,51.14,16.95,0.551,-0.5083,0.1588,58.19435946083127,26,0
S_190,2024-09-01,51.14,16.95,0.5337,-0.5035,0.1457,58.19435946083127,26,0
S_190,2024-10-01,51.14,16.95,0.4772,-0.4679,0.0671,58.19435946083127,26,0
S_190,2024-11-01,51.14,16.95,0.3434,-0.3442,-0.0135,58.19435946083127,26,0
S_190,2024-12-01,51.14,16.95,0.2769,-0.2747,0.0081,58.19435946083127,26,0
S_190,2025-01-01,51.14,16.95,0.3159,-0.3643,-0.0356,58.19435946083127,26,0
S_190,2025-02-01,51.14,16.95,0.295,-0.3501,-0.0516,58.19435946083127,26,0
S_190,2025-03-01,51.14,16.95,0.2938,-0.339,-0.066,58.19435946083127,26,0
S_190,2025-04-01,51.14,16.95,0.5354,-0.4799,0.1618,58.19435946083127,26,0
S_190,2025-05-01,51.14,16.95,0.5365,-0.4788,0.1748,58.19435946083127,26,0
S_190,2025-06-01,51.14,16.95,0.5454,-0.5174,0.1731,58.19435946083127,26,0
S_190,2025-07-01,51.14,16.95,0.4341,-0.44,0.0901,58.19435946083127,26,0
S_190,2025-08-01,51.14,16.95,0.5293,-0.4955,0.1418,58.19435946083127,26,0
S_190,2025-09-01,51.14,16.95,0.5444,-0.5076,0.1558,58.19435946083127,26,0
S_190,2025-10-01,51.14,16.95,0.4852,-0.4744,0.0943,58.19435946083127,26,0
S_190,2025-11-01,51.14,16.95,0.426,-0.4413,0.0328,58.19435946083127,26,0
S_190,2025-12-01,51.14,16.95,0.3752,-0.4156,-0.0038,58.19435946083127,26,0
S_190,2026-01-01,51.14,16.95,0.3214,-0.4047,-0.0417,58.19435946083127,26,0
S_190,2026-02-01,51.14,16.95,0.2758,-0.3457,-0.108,58.19435946083127,26,0
S_190,2026-03-01,51.14,16.95,0.2929,-0.3699,-0.0946,58.19435946083127,26,0
S_192,2023-06-01,51.18,16.95,0.7903,-0.7143,0.3917,178.81956525149948,0,0
S_192,2023-07-01,51.18,16.95,0.542,-0.577,0.0854,178.81956525149948,0,0
S_192,2023-08-01,51.18,16.95,0.5391,-0.5322,0.0185,178.81956525149948,0,0
S_192,2023-09-01,51.18,16.95,0.6841,-0.6262,0.1569,178.81956525149948,0,0
S_192,2023-10-01,51.18,16.95,0.5168,-0.5192,0.0329,178.81956525149948,0,0
S_192,2023-11-01,51.18,16.95,0.4839,-0.4995,0.0107,178.81956525149948,0,0
S_192,2023-12-01,51.18,16.95,0.4098,-0.45,0.0157,178.81956525149948,0,0
S_192,2024-01-01,51.18,16.95,0.2994,-0.36,0.1443,178.81956525149948,0,0
S_192,2024-02-01,51.18,16.95,0.4062,-0.4966,-0.0727,178.81956525149948,0,0
S_192,2024-03-01,51.18,16.95,0.5034,-0.5135,0.0233,178.81956525149948,0,0
S_192,2024-04-01,51.18,16.95,0.7338,-0.6256,0.2829,178.81956525149948,0,0
S_192,2024-05-01,51.18,16.95,0.5828,-0.5571,0.1729,178.81956525149948,0,0
S_192,2024-06-01,51.18,16.95,0.687,-0.6144,0.2587,178.81956525149948,0,0
S_192,2024-07-01,51.18,16.95,0.6612,-0.6066,0.1814,178.81956525149948,0,0
S_192,2024-08-01,51.18,16.95,0.7491,-0.6783,0.2485,178.81956525149948,0,0
S_192,2024-09-01,51.18,16.95,0.7023,-0.6382,0.2109,178.81956525149948,0,0
S_192,2024-10-01,51.18,16.95,0.6442,-0.6107,0.1179,178.81956525149948,0,0
S_192,2024-11-01,51.18,16.95,0.467,-0.4901,0.0368,178.81956525149948,0,0
S_192,2024-12-01,51.18,16.95,0.429,-0.4276,0.0753,178.81956525149948,0,0
S_192,2025-01-01,51.18,16.95,0.4006,-0.477,-0.0176,178.81956525149948,0,0
S_192,2025-02-01,51.18,16.95,0.3625,-0.4462,-0.0582,178.81956525149948,0,0
S_192,2025-03-01,51.18,16.95,0.3344,-0.4165,-0.0887,178.81956525149948,0,0
S_192,2025-04-01,51.18,16.95,0.6103,-0.5648,0.1724,178.81956525149948,0,0
S_192,2025-05-01,51.18,16.95,0.6816,-0.6084,0.2626,178.81956525149948,0,0
S_192,2025-06-01,51.18,16.95,0.7458,-0.6892,0.2855,178.81956525149948,0,0
S_192,2025-07-01,51.18,16.95,0.7607,-0.6894,0.3106,178.81956525149948,0,0
S_192,2025-08-01,51.18,16.95,0.745,-0.674,0.2344,178.81956525149948,0,0
S_192,2025-09-01,51.18,16.95,0.6387,-0.6083,0.1211,178.81956525149948,0,0
S_192,2025-10-01,51.18,16.95,0.33,-0.316,0.0641,178.81956525149948,0,0
S_192,2025-11-01,51.18,16.95,0.4608,-0.5348,-0.0289,178.81956525149948,0,0
S_192,2025-12-01,51.18,16.95,0.45,-0.4857,0.0619,178.81956525149948,0,0
S_192,2026-01-01,51.18,16.95,0.4416,-0.5424,-0.0405,178.81956525149948,0,0
S_192,2026-02-01,51.18,16.95,0.3384,-0.4264,-0.115,178.81956525149948,0,0
S_192,2026-03-01,51.18,16.95,0.3541,-0.4478,-0.0861,178.81956525149948,0,0
S_193,2023-06-01,51.2,16.95,0.7757,-0.6999,0.3298,22.64852181705673,0,0
S_193,2023-07-01,51.2,16.95,0.6461,-0.6283,0.1325,22.64852181705673,0,0
S_193,2023-08-01,51.2,16.95,0.5776,-0.5344,0.0864,22.64852181705673,0,0
S_193,2023-09-01,51.2,16.95,0.7161,-0.6544,0.1513,22.64852181705673,0,0
S_193,2023-10-01,51.2,16.95,0.6081,-0.5758,0.0905,22.64852181705673,0,0
S_193,2023-11-01,51.2,16.95,0.5984,-0.6062,0.0559,22.64852181705673,0,0
S_193,2023-12-01,51.2,16.95,0.4346,-0.462,0.0627,22.64852181705673,0,0
S_193,2024-01-01,51.2,16.95,0.3422,-0.404,0.1244,22.64852181705673,0,0
S_193,2024-02-01,51.2,16.95,0.4621,-0.5418,-0.0481,22.64852181705673,0,0
S_193,2024-03-01,51.2,16.95,0.591,-0.5985,0.0748,22.64852181705673,0,0
S_193,2024-04-01,51.2,16.95,0.7198,-0.6553,0.1977,22.64852181705673,0,0
S_193,2024-05-01,51.2,16.95,0.6758,-0.6175,0.2121,22.64852181705673,0,0
S_193,2024-06-01,51.2,16.95,0.7232,-0.6412,0.2242,22.64852181705673,0,0
S_193,2024-07-01,51.2,16.95,0.6465,-0.596,0.124,22.64852181705673,0,0
S_193,2024-08-01,51.2,16.95,0.7605,-0.6848,0.1848,22.64852181705673,0,0
S_193,2024-09-01,51.2,16.95,0.6842,-0.6278,0.1994,22.64852181705673,0,0
S_193,2024-10-01,51.2,16.95,0.6042,-0.5947,0.053,22.64852181705673,0,0
S_193,2024-11-01,51.2,16.95,0.524,-0.5301,0.0524,22.64852181705673,0,0
S_193,2024-12-01,51.2,16.95,0.3356,-0.4456,0.0292,22.64852181705673,0,0
S_193,2025-01-01,51.2,16.95,0.3872,-0.4861,-0.0597,22.64852181705673,0,0
S_193,2025-02-01,51.2,16.95,0.3955,-0.51,-0.0691,22.64852181705673,0,0
S_193,2025-03-01,51.2,16.95,0.3528,-0.4341,-0.1216,22.64852181705673,0,0
S_193,2025-04-01,51.2,16.95,0.6016,-0.5712,0.1103,22.64852181705673,0,0
S_193,2025-05-01,51.2,16.95,0.7398,-0.6426,0.2804,22.64852181705673,0,0
S_193,2025-06-01,51.2,16.95,0.7619,-0.7,0.2525,22.64852181705673,0,0
S_193,2025-07-01,51.2,16.95,0.7575,-0.6836,0.2569,22.64852181705673,0,0
S_193,2025-08-01,51.2,16.95,0.7626,-0.6869,0.2263,22.64852181705673,0,0
S_193,2025-09-01,51.2,16.95,0.7306,-0.6736,0.1778,22.64852181705673,0,0
S_193,2025-10-01,51.2,16.95,0.4077,-0.3805,0.098,22.64852181705673,0,0
S_193,2025-11-01,51.2,16.95,0.5165,-0.5809,-0.015,22.64852181705673,0,0
S_193,2025-12-01,51.2,16.95,0.4395,-0.4991,0.0405,22.64852181705673,0,0
S_193,2026-01-01,51.2,16.95,0.1808,-0.1769,0.4158,22.64852181705673,0,0
S_193,2026-02-01,51.2,16.95,0.3368,-0.4449,-0.1517,22.64852181705673,0,0
S_193,2026-03-01,51.2,16.95,0.3408,-0.4487,-0.1318,22.64852181705673,0,0
S_194,2023-06-01,51.22,16.95,0.6892,-0.637,0.3185,1150.6667062630731,0,0
S_194,2023-07-01,51.22,16.95,0.5647,-0.5709,0.1457,1150.6667062630731,0,0
S_194,2023-08-01,51.22,16.95,0.4267,-0.406,0.0979,1150.6667062630731,0,0
S_194,2023-09-01,51.22,16.95,0.5566,-0.5461,0.0865,1150.6667062630731,0,0
S_194,2023-10-01,51.22,16.95,0.4422,-0.4535,0.0221,1150.6667062630731,0,0
S_194,2023-11-01,51.22,16.95,0.5242,-0.5547,0.0472,1150.6667062630731,0,0
S_194,2023-12-01,51.22,16.95,0.4299,-0.4625,0.0784,1150.6667062630731,0,0
S_194,2024-01-01,51.22,16.95,0.3112,-0.3712,0.153,1150.6667062630731,0,0
S_194,2024-02-01,51.22,16.95,0.4381,-0.4937,0.0522,1150.6667062630731,0,0
S_194,2024-03-01,51.22,16.95,0.4858,-0.5144,0.0954,1150.6667062630731,0,0
S_194,2024-04-01,51.22,16.95,0.5335,-0.5352,0.1385,1150.6667062630731,0,0
S_194,2024-05-01,51.22,16.95,0.5812,-0.5559,0.1817,1150.6667062630731,0,0
S_194,2024-06-01,51.22,16.95,0.6713,-0.6016,0.2686,1150.6667062630731,0,0
S_194,2024-07-01,51.22,16.95,0.5654,-0.5314,0.1392,1150.6667062630731,0,0
S_194,2024-08-01,51.22,16.95,0.6216,-0.5949,0.1471,1150.6667062630731,0,0
S_194,2024-09-01,51.22,16.95,0.6289,-0.6021,0.1464,1150.6667062630731,0,0
S_194,2024-10-01,51.22,16.95,0.5338,-0.5437,0.0361,1150.6667062630731,0,0
S_194,2024-11-01,51.22,16.95,0.4834,-0.4873,0.0675,1150.6667062630731,0,0
S_194,2024-12-01,51.22,16.95,0.4493,-0.484,0.0475,1150.6667062630731,0,0
S_194,2025-01-01,51.22,16.95,0.4152,-0.4807,0.0275,1150.6667062630731,0,0
S_194,2025-02-01,51.22,16.95,0.3938,-0.472,0.0956,1150.6667062630731,0,0
S_194,2025-03-01,51.22,16.95,0.3558,-0.414,-0.0582,1150.6667062630731,0,0
S_194,2025-04-01,51.22,16.95,0.3935,-0.4352,-0.0403,1150.6667062630731,0,0
S_194,2025-05-01,51.22,16.95,0.5819,-0.5453,0.1703,1150.6667062630731,0,0
S_194,2025-06-01,51.22,16.95,0.6703,-0.6306,0.2267,1150.6667062630731,0,0
S_194,2025-07-01,51.22,16.95,0.5854,-0.5565,0.1456,1150.6667062630731,0,0
S_194,2025-08-01,51.22,16.95,0.6372,-0.6036,0.1644,1150.6667062630731,0,0
S_194,2025-09-01,51.22,16.95,0.6162,-0.5903,0.1286,1150.6667062630731,0,0
S_194,2025-10-01,51.22,16.95,0.5366,-0.5571,0.0504,1150.6667062630731,0,0
S_194,2025-11-01,51.22,16.95,0.457,-0.5239,-0.0277,1150.6667062630731,0,0
S_194,2025-12-01,51.22,16.95,0.383,-0.4395,0.0452,1150.6667062630731,0,0
S_194,2026-01-01,51.22,16.95,0.0946,-0.0923,0.632,1150.6667062630731,0,0
S_194,2026-02-01,51.22,16.95,0.2994,-0.4013,-0.0908,1150.6667062630731,0,0
S_194,2026-03-01,51.22,16.95,0.3032,-0.3992,-0.1047,1150.6667062630731,0,0
S_195,2023-06-01,51.24,16.95,0.671,-0.6283,0.2771,3375.3802928720816,0,0
S_195,2023-07-01,51.24,16.95,0.6238,-0.608,0.1818,3375.3802928720816,0,0
S_195,2023-08-01,51.24,16.95,0.5162,-0.4922,0.1534,3375.3802928720816,0,0
S_195,2023-09-01,51.24,16.95,0.6752,-0.6243,0.1976,3375.3802928720816,0,0
S_195,2023-10-01,51.24,16.95,0.4974,-0.4891,0.0856,3375.3802928720816,0,0
S_195,2023-11-01,51.24,16.95,0.5609,-0.5847,0.0921,3375.3802928720816,0,0
S_195,2023-12-01,51.24,16.95,0.4368,-0.4618,0.1391,3375.3802928720816,0,0
S_195,2024-01-01,51.24,16.95,0.3627,-0.4141,0.1815,3375.3802928720816,0,0
S_195,2024-02-01,51.24,16.95,0.3693,-0.4348,0.0206,3375.3802928720816,0,0
S_195,2024-03-01,51.24,16.95,0.456,-0.4879,0.0812,3375.3802928720816,0,0
S_195,2024-04-01,51.24,16.95,0.5427,-0.5409,0.1418,3375.3802928720816,0,0
S_195,2024-05-01,51.24,16.95,0.6294,-0.594,0.2024,3375.3802928720816,0,0
S_195,2024-06-01,51.24,16.95,0.7144,-0.6449,0.2609,3375.3802928720816,0,0
S_195,2024-07-01,51.24,16.95,0.5972,-0.5619,0.1595,3375.3802928720816,0,0
S_195,2024-08-01,51.24,16.95,0.6646,-0.6283,0.1666,3375.3802928720816,0,0
S_195,2024-09-01,51.24,16.95,0.6479,-0.616,0.1594,3375.3802928720816,0,0
S_195,2024-10-01,51.24,16.95,0.562,-0.571,0.053,3375.3802928720816,0,0
S_195,2024-11-01,51.24,16.95,0.4755,-0.4768,0.0881,3375.3802928720816,0,0
S_195,2024-12-01,51.24,16.95,0.4498,-0.4838,0.0526,3375.3802928720816,0,0
S_195,2025-01-01,51.24,16.95,0.424,-0.4908,0.0171,3375.3802928720816,0,0
S_195,2025-02-01,51.24,16.95,0.3575,-0.419,0.156,3375.3802928720816,0,0
S_195,2025-03-01,51.24,16.95,0.3675,-0.4246,-0.0794,3375.3802928720816,0,0
S_195,2025-04-01,51.24,16.95,0.4231,-0.4614,-0.0461,3375.3802928720816,0,0
S_195,2025-05-01,51.24,16.95,0.6475,-0.5957,0.2305,3375.3802928720816,0,0
S_195,2025-06-01,51.24,16.95,0.675,-0.6373,0.2283,3375.3802928720816,0,0
S_195,2025-07-01,51.24,16.95,0.6709,-0.6188,0.2038,3375.3802928720816,0,0
S_195,2025-08-01,51.24,16.95,0.6804,-0.6401,0.2154,3375.3802928720816,0,0
S_195,2025-09-01,51.24,16.95,0.6837,-0.6429,0.2006,3375.3802928720816,0,0
S_195,2025-10-01,51.24,16.95,0.5972,-0.6008,0.1102,3375.3802928720816,0,0
S_195,2025-11-01,51.24,16.95,0.5106,-0.5587,0.0198,3375.3802928720816,0,0
S_195,2025-12-01,51.24,16.95,0.4323,-0.4757,0.0925,3375.3802928720816,0,0
S_195,2026-01-01,51.24,16.95,0.1428,-0.1397,0.5727,3375.3802928720816,0,0
S_195,2026-02-01,51.24,16.95,0.342,-0.4355,-0.0878,3375.3802928720816,0,0
S_195,2026-03-01,51.24,16.95,0.3422,-0.4343,-0.1054,3375.3802928720816,0,0
S_197,2023-06-01,50.98,16.97,0.4777,-0.509,-0.0487,7910.592124100563,0,0
S_197,2023-07-01,50.98,16.97,0.7846,-0.7232,0.3485,7910.592124100563,0,0
S_197,2023-08-01,50.98,16.97,0.7399,-0.6933,0.2687,7910.592124100563,0,0
S_197,2023-09-01,50.98,16.97,0.74,-0.6931,0.2756,7910.592124100563,0,0
S_197,2023-10-01,50.98,16.97,0.5731,-0.5802,0.0574,7910.592124100563,0,0
S_197,2023-11-01,50.98,16.97,0.273,-0.3613,-0.0699,7910.592124100563,0,0
S_197,2023-12-01,50.98,16.97,0.2794,-0.3914,-0.1219,7910.592124100563,0,0
S_197,2024-01-01,50.98,16.97,0.0792,-0.1178,0.5292,7910.592124100563,0,0
S_197,2024-02-01,50.98,16.97,0.2783,-0.4094,-0.2271,7910.592124100563,0,0
S_197,2024-03-01,50.98,16.97,0.3015,-0.3525,-0.1609,7910.592124100563,0,0
S_197,2024-04-01,50.98,16.97,0.3666,-0.4148,-0.1664,7910.592124100563,0,0
S_197,2024-05-01,50.98,16.97,0.4902,-0.5198,-0.0417,7910.592124100563,0,0
S_197,2024-06-01,50.98,16.97,0.6418,-0.607,0.1238,7910.592124100563,0,0
S_197,2024-07-01,50.98,16.97,0.664,-0.6431,0.2213,7910.592124100563,0,0
S_197,2024-08-01,50.98,16.97,0.6843,-0.6394,0.2153,7910.592124100563,0,0
S_197,2024-09-01,50.98,16.97,0.5213,-0.5507,0.0533,7910.592124100563,0,0
S_197,2024-10-01,50.98,16.97,0.3796,-0.4733,-0.1124,7910.592124100563,0,0
S_197,2024-11-01,50.98,16.97,0.3827,-0.4602,-0.1837,7910.592124100563,0,0
S_197,2024-12-01,50.98,16.97,0.3244,-0.3648,-0.0815,7910.592124100563,0,0
S_197,2025-01-01,50.98,16.97,0.3751,-0.4854,-0.1369,7910.592124100563,0,0
S_197,2025-02-01,50.98,16.97,0.3637,-0.4476,-0.1853,7910.592124100563,0,0
S_197,2025-03-01,50.98,16.97,0.3715,-0.4447,-0.1926,7910.592124100563,0,0
S_197,2025-04-01,50.98,16.97,0.5247,-0.5388,0.0302,7910.592124100563,0,0
S_197,2025-05-01,50.98,16.97,0.5157,-0.5228,0.0429,7910.592124100563,0,0
S_197,2025-06-01,50.98,16.97,0.6863,-0.6759,0.2682,7910.592124100563,0,0
S_197,2025-07-01,50.98,16.97,0.651,-0.6364,0.2341,7910.592124100563,0,0
S_197,2025-08-01,50.98,16.97,0.6846,-0.6491,0.2361,7910.592124100563,0,0
S_197,2025-09-01,50.98,16.97,0.5791,-0.5841,0.087,7910.592124100563,0,0
S_197,2025-10-01,50.98,16.97,0.4464,-0.5093,-0.0402,7910.592124100563,0,0
S_197,2025-11-01,50.98,16.97,0.3136,-0.4345,-0.1674,7910.592124100563,0,0
S_197,2025-12-01,50.98,16.97,0.3599,-0.5212,-0.1537,7910.592124100563,0,0
S_197,2026-01-01,50.98,16.97,0.3227,-0.4765,-0.2396,7910.592124100563,0,0
S_197,2026-02-01,50.98,16.97,0.2863,-0.4101,-0.2768,7910.592124100563,0,0
S_197,2026-03-01,50.98,16.97,0.3092,-0.4355,-0.2743,7910.592124100563,0,0
S_198,2023-06-01,51.0,16.97,0.4661,-0.4881,0.1043,5733.420616111684,0,0
S_198,2023-07-01,51.0,16.97,0.5578,-0.5583,0.2269,5733.420616111684,0,0
S_198,2023-08-01,51.0,16.97,0.5137,-0.5071,0.1008,5733.420616111684,0,0
S_198,2023-09-01,51.0,16.97,0.5382,-0.5282,0.122,5733.420616111684,0,0
S_198,2023-10-01,51.0,16.97,0.4342,-0.4828,-0.0743,5733.420616111684,0,0
S_198,2023-11-01,51.0,16.97,0.2608,-0.3182,-0.07,5733.420616111684,0,0
S_198,2023-12-01,51.0,16.97,0.2971,-0.3569,-0.0871,5733.420616111684,0,0
S_198,2024-01-01,51.0,16.97,0.0882,-0.1172,0.579,5733.420616111684,0,0
S_198,2024-02-01,51.0,16.97,0.2665,-0.3671,-0.1098,5733.420616111684,0,0
S_198,2024-03-01,51.0,16.97,0.4641,-0.4576,0.062,5733.420616111684,0,0
S_198,2024-04-01,51.0,16.97,0.3458,-0.3917,-0.038,5733.420616111684,0,0
S_198,2024-05-01,51.0,16.97,0.3897,-0.4283,0.0139,5733.420616111684,0,0
S_198,2024-06-01,51.0,16.97,0.5219,-0.5057,0.0984,5733.420616111684,0,0
S_198,2024-07-01,51.0,16.97,0.5331,-0.5318,0.1386,5733.420616111684,0,0
S_198,2024-08-01,51.0,16.97,0.5355,-0.5179,0.1351,5733.420616111684,0,0
S_198,2024-09-01,51.0,16.97,0.3503,-0.4223,-0.0711,5733.420616111684,0,0
S_198,2024-10-01,51.0,16.97,0.2833,-0.3803,-0.1522,5733.420616111684,0,0
S_198,2024-11-01,51.0,16.97,0.3172,-0.3956,-0.1022,5733.420616111684,0,0
S_198,2024-12-01,51.0,16.97,0.2304,-0.2585,0.0764,5733.420616111684,0,0
S_198,2025-01-01,51.0,16.97,0.3353,-0.4275,-0.0441,5733.420616111684,0,0
S_198,2025-02-01,51.0,16.97,0.322,-0.399,-0.0869,5733.420616111684,0,0
S_198,2025-03-01,51.0,16.97,0.3578,-0.4048,-0.0674,5733.420616111684,0,0
S_198,2025-04-01,51.0,16.97,0.5616,-0.547,0.201,5733.420616111684,0,0
S_198,2025-05-01,51.0,16.97,0.5471,-0.5308,0.2009,5733.420616111684,0,0
S_198,2025-06-01,51.0,16.97,0.6039,-0.5712,0.3062,5733.420616111684,0,0
S_198,2025-07-01,51.0,16.97,0.5049,-0.5051,0.256,5733.420616111684,0,0
S_198,2025-08-01,51.0,16.97,0.3569,-0.4164,-0.0116,5733.420616111684,0,0
S_198,2025-09-01,51.0,16.97,0.3585,-0.401,-0.0668,5733.420616111684,0,0
S_198,2025-10-01,51.0,16.97,0.3608,-0.4103,-0.071,5733.420616111684,0,0
S_198,2025-11-01,51.0,16.97,0.363,-0.4196,-0.0752,5733.420616111684,0,0
S_198,2025-12-01,51.0,16.97,0.3697,-0.4582,-0.0266,5733.420616111684,0,0
S_198,2026-01-01,51.0,16.97,0.3127,-0.4245,-0.1337,5733.420616111684,0,0
S_198,2026-02-01,51.0,16.97,0.2565,-0.3519,-0.163,5733.420616111684,0,0
S_198,2026-03-01,51.0,16.97,0.278,-0.375,-0.1558,5733.420616111684,0,0
S_2,2023-06-01,50.98,16.71,0.7079,-0.6623,0.4145,17290.38293212061,0,0
S_2,2023-07-01,50.98,16.71,0.5303,-0.5647,0.1972,17290.38293212061,0,0
S_2,2023-08-01,50.98,16.71,0.5195,-0.5307,0.0836,17290.38293212061,0,0
S_2,2023-09-01,50.98,16.71,0.5471,-0.5515,0.1313,17290.38293212061,0,0
S_2,2023-10-01,50.98,16.71,0.5159,-0.5257,0.0836,17290.38293212061,0,0
S_2,2023-11-01,50.98,16.71,0.5134,-0.5538,0.1407,17290.38293212061,0,0
S_2,2023-12-01,50.98,16.71,0.3529,-0.366,0.0711,17290.38293212061,0,0
S_2,2024-01-01,50.98,16.71,0.1563,-0.1738,0.6742,17290.38293212061,0,0
S_2,2024-02-01,50.98,16.71,0.4587,-0.5211,0.0865,17290.38293212061,0,0
S_2,2024-03-01,50.98,16.71,0.5361,-0.5502,0.1649,17290.38293212061,0,0
S_2,2024-04-01,50.98,16.71,0.6135,-0.5793,0.2434,17290.38293212061,0,0
S_2,2024-05-01,50.98,16.71,0.6216,-0.6025,0.2903,17290.38293212061,0,0
S_2,2024-06-01,50.98,16.71,0.5413,-0.4884,0.3014,17290.38293212061,0,0
S_2,2024-07-01,50.98,16.71,0.4689,-0.4858,0.0477,17290.38293212061,0,0
S_2,2024-08-01,50.98,16.71,0.5273,-0.545,0.0811,17290.38293212061,0,0
S_2,2024-09-01,50.98,16.71,0.3934,-0.424,0.0864,17290.38293212061,0,0
S_2,2024-10-01,50.98,16.71,0.398,-0.4548,-0.014,17290.38293212061,0,0
S_2,2024-11-01,50.98,16.71,0.4392,-0.4885,0.0372,17290.38293212061,0,0
S_2,2024-12-01,50.98,16.71,0.4586,-0.5155,0.0776,17290.38293212061,0,0
S_2,2025-01-01,50.98,16.71,0.4779,-0.5425,0.1181,17290.38293212061,0,0
S_2,2025-02-01,50.98,16.71,0.3349,-0.3733,0.3063,17290.38293212061,0,0
S_2,2025-03-01,50.98,16.71,0.5161,-0.5304,0.1144,17290.38293212061,0,0
S_2,2025-04-01,50.98,16.71,0.6008,-0.588,0.1948,17290.38293212061,0,0
S_2,2025-05-01,50.98,16.71,0.7084,-0.6604,0.3866,17290.38293212061,0,0
S_2,2025-06-01,50.98,16.71,0.6591,-0.6342,0.3446,17290.38293212061,0,0
S_2,2025-07-01,50.98,16.71,0.5408,-0.5588,0.1784,17290.38293212061,0,0
S_2,2025-08-01,50.98,16.71,0.4225,-0.4834,0.0123,17290.38293212061,0,0
S_2,2025-09-01,50.98,16.71,0.4563,-0.4877,0.056,17290.38293212061,0,0
S_2,2025-10-01,50.98,16.71,0.4746,-0.518,0.0629,17290.38293212061,0,0
S_2,2025-11-01,50.98,16.71,0.4929,-0.5483,0.0698,17290.38293212061,0,0
S_2,2025-12-01,50.98,16.71,0.483,-0.5289,0.1443,17290.38293212061,0,0
S_2,2026-01-01,50.98,16.71,0.4174,-0.4862,0.0605,17290.38293212061,0,0
S_2,2026-02-01,50.98,16.71,0.3519,-0.4435,-0.0233,17290.38293212061,0,0
S_2,2026-03-01,50.98,16.71,0.3548,-0.4336,-0.0161,17290.38293212061,0,0
S_20,2023-06-01,51.04,16.73,0.6705,-0.6355,0.3439,11168.639446384244,0,0
S_20,2023-07-01,51.04,16.73,0.4876,-0.5355,0.1291,11168.639446384244,0,0
S_20,2023-08-01,51.04,16.73,0.4563,-0.4809,0.0382,11168.639446384244,0,0
S_20,2023-09-01,51.04,16.73,0.5072,-0.5188,0.0805,11168.639446384244,0,0
S_20,2023-10-01,51.04,16.73,0.4417,-0.4759,0.0181,11168.639446384244,0,0
S_20,2023-11-01,51.04,16.73,0.5621,-0.5784,0.1647,11168.639446384244,0,0
S_20,2023-12-01,51.04,16.73,0.4278,-0.4281,0.1842,11168.639446384244,0,0
S_20,2024-01-01,51.04,16.73,0.2121,-0.228,0.6223,11168.639446384244,0,0
S_20,2024-02-01,51.04,16.73,0.4864,-0.5346,0.095,11168.639446384244,0,0
S_20,2024-03-01,51.04,16.73,0.5488,-0.5624,0.191,11168.639446384244,0,0
S_20,2024-04-01,51.04,16.73,0.6112,-0.5903,0.2869,11168.639446384244,0,0
S_20,2024-05-01,51.04,16.73,0.5915,-0.5754,0.263,11168.639446384244,0,0
S_20,2024-06-01,51.04,16.73,0.5549,-0.5205,0.2067,11168.639446384244,0,0
S_20,2024-07-01,51.04,16.73,0.4007,-0.4161,0.0096,11168.639446384244,0,0
S_20,2024-08-01,51.04,16.73,0.4727,-0.5054,0.0353,11168.639446384244,0,0
S_20,2024-09-01,51.04,16.73,0.4185,-0.45,0.0526,11168.639446384244,0,0
S_20,2024-10-01,51.04,16.73,0.3239,-0.4036,-0.0776,11168.639446384244,0,0
S_20,2024-11-01,51.04,16.73,0.4159,-0.472,0.0183,11168.639446384244,0,0
S_20,2024-12-01,51.04,16.73,0.2099,-0.2484,0.0674,11168.639446384244,0,0
S_20,2025-01-01,51.04,16.73,0.412,-0.4811,0.0711,11168.639446384244,0,0
S_20,2025-02-01,51.04,16.73,0.2227,-0.2548,0.4554,11168.639446384244,0,0
S_20,2025-03-01,51.04,16.73,0.4402,-0.4673,0.0484,11168.639446384244,0,0
S_20,2025-04-01,51.04,16.73,0.5051,-0.5178,0.1056,11168.639446384244,0,0
S_20,2025-05-01,51.04,16.73,0.5747,-0.5631,0.2622,11168.639446384244,0,0
S_20,2025-06-01,51.04,16.73,0.6346,-0.6153,0.2736,11168.639446384244,0,0
S_20,2025-07-01,51.04,16.73,0.588,-0.588,0.1912,11168.639446384244,0,0
S_20,2025-08-01,51.04,16.73,0.5414,-0.5607,0.1087,11168.639446384244,0,0
S_20,2025-09-01,51.04,16.73,0.4324,-0.4814,0.0265,11168.639446384244,0,0
S_20,2025-10-01,51.04,16.73,0.4174,-0.486,-0.0053,11168.639446384244,0,0
S_20,2025-11-01,51.04,16.73,0.4023,-0.4907,-0.0371,11168.639446384244,0,0
S_20,2025-12-01,51.04,16.73,0.4035,-0.4657,0.05,11168.639446384244,0,0
S_20,2026-01-01,51.04,16.73,0.3601,-0.4367,-0.0102,11168.639446384244,0,0
S_20,2026-02-01,51.04,16.73,0.3167,-0.4077,-0.0705,11168.639446384244,0,0
S_20,2026-03-01,51.04,16.73,0.3349,-0.4076,-0.0535,11168.639446384244,0,0
S_200,2023-06-01,51.04,16.97,0.437,-0.4436,0.1033,1320.5917622766913,0,0
S_200,2023-07-01,51.04,16.97,0.4081,-0.4237,0.0544,1320.5917622766913,0,0
S_200,2023-08-01,51.04,16.97,0.4459,-0.4385,0.0703,1320.5917622766913,0,0
S_200,2023-09-01,51.04,16.97,0.4672,-0.465,0.1011,1320.5917622766913,0,0
S_200,2023-10-01,51.04,16.97,0.4278,-0.4382,0.0433,1320.5917622766913,0,0
S_200,2023-11-01,51.04,16.97,0.378,-0.3981,0.0156,1320.5917622766913,0,0
S_200,2023-12-01,51.04,16.97,0.3282,-0.358,-0.0121,1320.5917622766913,0,0
S_200,2024-01-01,51.04,16.97,0.1405,-0.1644,0.5,1320.5917622766913,0,0
S_200,2024-02-01,51.04,16.97,0.1971,-0.2425,-0.0382,1320.5917622766913,0,0
S_200,2024-03-01,51.04,16.97,0.3222,-0.3284,0.0189,1320.5917622766913,0,0
S_200,2024-04-01,51.04,16.97,0.442,-0.4397,0.0764,1320.5917622766913,0,0
S_200,2024-05-01,51.04,16.97,0.4139,-0.4251,0.0745,1320.5917622766913,0,0
S_200,2024-06-01,51.04,16.97,0.4437,-0.4388,0.0829,1320.5917622766913,0,0
S_200,2024-07-01,51.04,16.97,0.4184,-0.4261,0.0681,1320.5917622766913,0,0
S_200,2024-08-01,51.04,16.97,0.4356,-0.4341,0.0882,1320.5917622766913,0,0
S_200,2024-09-01,51.04,16.97,0.4232,-0.4412,0.0721,1320.5917622766913,0,0
S_200,2024-10-01,51.04,16.97,0.3867,-0.4208,0.0194,1320.5917622766913,0,0
S_200,2024-11-01,51.04,16.97,0.3526,-0.3921,0.0082,1320.5917622766913,0,0
S_200,2024-12-01,51.04,16.97,0.197,-0.1895,0.0204,1320.5917622766913,0,0
S_200,2025-01-01,51.04,16.97,0.2947,-0.3719,-0.0205,1320.5917622766913,0,0
S_200,2025-02-01,51.04,16.97,0.2794,-0.3471,-0.0365,1320.5917622766913,0,0
S_200,2025-03-01,51.04,16.97,0.2804,-0.342,-0.0534,1320.5917622766913,0,0
S_200,2025-04-01,51.04,16.97,0.4064,-0.4145,0.0629,1320.5917622766913,0,0
S_200,2025-05-01,51.04,16.97,0.3967,-0.3888,0.0835,1320.5917622766913,0,0
S_200,2025-06-01,51.04,16.97,0.4763,-0.4687,0.1458,1320.5917622766913,0,0
S_200,2025-07-01,51.04,16.97,0.4553,-0.4474,0.1298,1320.5917622766913,0,0
S_200,2025-08-01,51.04,16.97,0.4479,-0.4351,0.1045,1320.5917622766913,0,0
S_200,2025-09-01,51.04,16.97,0.4303,-0.4353,0.0771,1320.5917622766913,0,0
S_200,2025-10-01,51.04,16.97,0.4026,-0.4262,0.0421,1320.5917622766913,0,0
S_200,2025-11-01,51.04,16.97,0.3748,-0.417,0.0071,1320.5917622766913,0,0
S_200,2025-12-01,51.04,16.97,0.3754,-0.4403,0.0223,1320.5917622766913,0,0
S_200,2026-01-01,51.04,16.97,0.3169,-0.3963,-0.0217,1320.5917622766913,0,0
S_200,2026-02-01,51.04,16.97,0.276,-0.3465,-0.0656,1320.5917622766913,0,0
S_200,2026-03-01,51.04,16.97,0.2947,-0.3676,-0.0509,1320.5917622766913,0,0
S_202,2023-06-01,51.08,16.97,0.6297,-0.587,0.2397,340.05915963391885,216,0
S_202,2023-07-01,51.08,16.97,0.6008,-0.5697,0.1898,340.05915963391885,216,0
S_202,2023-08-01,51.08,16.97,0.6131,-0.567,0.1651,340.05915963391885,216,0
S_202,2023-09-01,51.08,16.97,0.641,-0.599,0.2126,340.05915963391885,216,0
S_202,2023-10-01,51.08,16.97,0.5737,-0.5288,0.156,340.05915963391885,216,0
S_202,2023-11-01,51.08,16.97,0.3865,-0.3807,0.0585,340.05915963391885,216,0
S_202,2023-12-01,51.08,16.97,0.4448,-0.4663,0.0362,340.05915963391885,216,0
S_202,2024-01-01,51.08,16.97,0.2316,-0.2412,0.4591,340.05915963391885,216,0
S_202,2024-02-01,51.08,16.97,0.3929,-0.4186,0.0285,340.05915963391885,216,0
S_202,2024-03-01,51.08,16.97,0.4345,-0.4263,0.0941,340.05915963391885,216,0
S_202,2024-04-01,51.08,16.97,0.5888,-0.5259,0.1986,340.05915963391885,216,0
S_202,2024-05-01,51.08,16.97,0.6055,-0.5669,0.1888,340.05915963391885,216,0
S_202,2024-06-01,51.08,16.97,0.6154,-0.5683,0.1985,340.05915963391885,216,0
S_202,2024-07-01,51.08,16.97,0.6034,-0.5666,0.1531,340.05915963391885,216,0
S_202,2024-08-01,51.08,16.97,0.6191,-0.5741,0.1762,340.05915963391885,216,0
S_202,2024-09-01,51.08,16.97,0.6292,-0.5981,0.1889,340.05915963391885,216,0
S_202,2024-10-01,51.08,16.97,0.5548,-0.5582,0.1139,340.05915963391885,216,0
S_202,2024-11-01,51.08,16.97,0.4905,-0.5057,0.0596,340.05915963391885,216,0
S_202,2024-12-01,51.08,16.97,0.4001,-0.4046,0.0834,340.05915963391885,216,0
S_202,2025-01-01,51.08,16.97,0.4513,-0.5103,0.041,340.05915963391885,216,0
S_202,2025-02-01,51.08,16.97,0.4027,-0.4578,0.006,340.05915963391885,216,0
S_202,2025-03-01,51.08,16.97,0.3926,-0.4375,-0.0179,340.05915963391885,216,0
S_202,2025-04-01,51.08,16.97,0.6299,-0.5682,0.2123,340.05915963391885,216,0
S_202,2025-05-01,51.08,16.97,0.6099,-0.5444,0.221,340.05915963391885,216,0
S_202,2025-06-01,51.08,16.97,0.6229,-0.5944,0.2157,340.05915963391885,216,0
S_202,2025-07-01,51.08,16.97,0.5921,-0.5657,0.1864,340.05915963391885,216,0
S_202,2025-08-01,51.08,16.97,0.5999,-0.5609,0.1678,340.05915963391885,216,0
S_202,2025-09-01,51.08,16.97,0.6152,-0.5792,0.1755,340.05915963391885,216,0
S_202,2025-10-01,51.08,16.97,0.577,-0.5674,0.1407,340.05915963391885,216,0
S_202,2025-11-01,51.08,16.97,0.5387,-0.5555,0.1059,340.05915963391885,216,0
S_202,2025-12-01,51.08,16.97,0.5265,-0.5788,0.0779,340.05915963391885,216,0
S_202,2026-01-01,51.08,16.97,0.437,-0.5034,0.0439,340.05915963391885,216,0
S_202,2026-02-01,51.08,16.97,0.3881,-0.4557,-0.0486,340.05915963391885,216,0
S_202,2026-03-01,51.08,16.97,0.4114,-0.4826,-0.0287,340.05915963391885,216,0
S_204,2023-06-01,51.12,16.97,0.457,-0.441,0.1404,67.7717167848776,382,0
S_204,2023-07-01,51.12,16.97,0.4399,-0.4281,0.1005,67.7717167848776,382,0
S_204,2023-08-01,51.12,16.97,0.4606,-0.4355,0.1076,67.7717167848776,382,0
S_204,2023-09-01,51.12,16.97,0.4808,-0.4572,0.1381,67.7717167848776,382,0
S_204,2023-10-01,51.12,16.97,0.428,-0.41,0.0825,67.7717167848776,382,0
S_204,2023-11-01,51.12,16.97,0.3006,-0.2956,0.0443,67.7717167848776,382,0
S_204,2023-12-01,51.12,16.97,0.2569,-0.2645,-0.049,67.7717167848776,382,0
S_204,2024-01-01,51.12,16.97,0.1462,-0.156,0.324,67.7717167848776,382,0
S_204,2024-02-01,51.12,16.97,0.25,-0.3001,-0.089,67.7717167848776,382,0
S_204,2024-03-01,51.12,16.97,0.3435,-0.3501,0.0125,67.7717167848776,382,0
S_204,2024-04-01,51.12,16.97,0.4369,-0.4002,0.114,67.7717167848776,382,0
S_204,2024-05-01,51.12,16.97,0.4356,-0.4248,0.1022,67.7717167848776,382,0
S_204,2024-06-01,51.12,16.97,0.4832,-0.4481,0.1571,67.7717167848776,382,0
S_204,2024-07-01,51.12,16.97,0.4641,-0.4446,0.117,67.7717167848776,382,0
S_204,2024-08-01,51.12,16.97,0.4688,-0.4469,0.1252,67.7717167848776,382,0
S_204,2024-09-01,51.12,16.97,0.4627,-0.4504,0.1096,67.7717167848776,382,0
S_204,2024-10-01,51.12,16.97,0.3897,-0.3948,0.0421,67.7717167848776,382,0
S_204,2024-11-01,51.12,16.97,0.3005,-0.3116,-0.0208,67.7717167848776,382,0
S_204,2024-12-01,51.12,16.97,0.218,-0.2234,0.0009,67.7717167848776,382,0
S_204,2025-01-01,51.12,16.97,0.2689,-0.3112,-0.0441,67.7717167848776,382,0
S_204,2025-02-01,51.12,16.97,0.2421,-0.2946,-0.0612,67.7717167848776,382,0
S_204,2025-03-01,51.12,16.97,0.2622,-0.3022,-0.0511,67.7717167848776,382,0
S_204,2025-04-01,51.12,16.97,0.4661,-0.4355,0.1322,67.7717167848776,382,0
S_204,2025-05-01,51.12,16.97,0.444,-0.4085,0.1359,67.7717167848776,382,0
S_204,2025-06-01,51.12,16.97,0.4684,-0.4591,0.1286,67.7717167848776,382,0
S_204,2025-07-01,51.12,16.97,0.3865,-0.3887,0.0772,67.7717167848776,382,0
S_204,2025-08-01,51.12,16.97,0.4619,-0.4413,0.1132,67.7717167848776,382,0
S_204,2025-09-01,51.12,16.97,0.4605,-0.4396,0.1127,67.7717167848776,382,0
S_204,2025-10-01,51.12,16.97,0.4073,-0.3537,0.1751,67.7717167848776,382,0
S_204,2025-11-01,51.12,16.97,0.357,-0.3814,0.0055,67.7717167848776,382,0
S_204,2025-12-01,51.12,16.97,0.3294,-0.3583,-0.0259,67.7717167848776,382,0
S_204,2026-01-01,51.12,16.97,0.2717,-0.3441,-0.0638,67.7717167848776,382,0
S_204,2026-02-01,51.12,16.97,0.2325,-0.2932,-0.1082,67.7717167848776,382,0
S_204,2026-03-01,51.12,16.97,0.2519,-0.3216,-0.0984,67.7717167848776,382,0
S_207,2023-06-01,51.18,16.97,0.7573,-0.6867,0.285,2.9191676711853622,0,0
S_207,2023-07-01,51.18,16.97,0.6201,-0.6034,0.0706,2.9191676711853622,0,0
S_207,2023-08-01,51.18,16.97,0.6092,-0.5759,0.0154,2.9191676711853622,0,0
S_207,2023-09-01,51.18,16.97,0.7706,-0.6799,0.1921,2.9191676711853622,0,0
S_207,2023-10-01,51.18,16.97,0.6842,-0.6177,0.1182,2.9191676711853622,0,0
S_207,2023-11-01,51.18,16.97,0.6059,-0.5777,0.0717,2.9191676711853622,0,0
S_207,2023-12-01,51.18,16.97,0.4681,-0.5071,-0.0036,2.9191676711853622,0,0
S_207,2024-01-01,51.18,16.97,0.3027,-0.3875,0.1957,2.9191676711853622,0,0
S_207,2024-02-01,51.18,16.97,0.3513,-0.4421,-0.0954,2.9191676711853622,0,0
S_207,2024-03-01,51.18,16.97,0.5395,-0.5333,0.054,2.9191676711853622,0,0
S_207,2024-04-01,51.18,16.97,0.7298,-0.6571,0.2331,2.9191676711853622,0,0
S_207,2024-05-01,51.18,16.97,0.6892,-0.6325,0.2004,2.9191676711853622,0,0
S_207,2024-06-01,51.18,16.97,0.6476,-0.5826,0.1444,2.9191676711853622,0,0
S_207,2024-07-01,51.18,16.97,0.6685,-0.6158,0.082,2.9191676711853622,0,0
S_207,2024-08-01,51.18,16.97,0.7394,-0.6556,0.1698,2.9191676711853622,0,0
S_207,2024-09-01,51.18,16.97,0.7262,-0.6592,0.1442,2.9191676711853622,0,0
S_207,2024-10-01,51.18,16.97,0.6412,-0.6163,0.0674,2.9191676711853622,0,0
S_207,2024-11-01,51.18,16.97,0.5377,-0.5522,0.0827,2.9191676711853622,0,0
S_207,2024-12-01,51.18,16.97,0.4023,-0.473,0.0463,2.9191676711853622,0,0
S_207,2025-01-01,51.18,16.97,0.3904,-0.4998,-0.0329,2.9191676711853622,0,0
S_207,2025-02-01,51.18,16.97,0.3321,-0.4498,-0.1023,2.9191676711853622,0,0
S_207,2025-03-01,51.18,16.97,0.3513,-0.4448,-0.0905,2.9191676711853622,0,0
S_207,2025-04-01,51.18,16.97,0.7417,-0.6667,0.2365,2.9191676711853622,0,0
S_207,2025-05-01,51.18,16.97,0.7298,-0.6549,0.2517,2.9191676711853622,0,0
S_207,2025-06-01,51.18,16.97,0.6613,-0.6312,0.124,2.9191676711853622,0,0
S_207,2025-07-01,51.18,16.97,0.6385,-0.608,0.1051,2.9191676711853622,0,0
S_207,2025-08-01,51.18,16.97,0.7232,-0.6466,0.1658,2.9191676711853622,0,0
S_207,2025-09-01,51.18,16.97,0.7155,-0.6485,0.1424,2.9191676711853622,0,0
S_207,2025-10-01,51.18,16.97,0.6179,-0.6086,0.081,2.9191676711853622,0,0
S_207,2025-11-01,51.18,16.97,0.5203,-0.5687,0.0196,2.9191676711853622,0,0
S_207,2025-12-01,51.18,16.97,0.3814,-0.5085,0.015,2.9191676711853622,0,0
S_207,2026-01-01,51.18,16.97,0.328,-0.4756,-0.0871,2.9191676711853622,0,0
S_207,2026-02-01,51.18,16.97,0.2904,-0.4181,-0.1667,2.9191676711853622,0,0
S_207,2026-03-01,51.18,16.97,0.3083,-0.4463,-0.0938,2.9191676711853622,0,0
S_209,2023-06-01,51.22,16.97,0.5903,-0.5764,0.2183,1398.73570960171,0,0
S_209,2023-07-01,51.22,16.97,0.5343,-0.5526,0.1437,1398.73570960171,0,0
S_209,2023-08-01,51.22,16.97,0.4863,-0.4893,0.0432,1398.73570960171,0,0
S_209,2023-09-01,51.22,16.97,0.5499,-0.5359,0.0863,1398.73570960171,0,0
S_209,2023-10-01,51.22,16.97,0.4138,-0.4282,0.0004,1398.73570960171,0,0
S_209,2023-11-01,51.22,16.97,0.4919,-0.5051,0.0383,1398.73570960171,0,0
S_209,2023-12-01,51.22,16.97,0.4291,-0.4491,0.0655,1398.73570960171,0,0
S_209,2024-01-01,51.22,16.97,0.3229,-0.3781,0.1619,1398.73570960171,0,0
S_209,2024-02-01,51.22,16.97,0.4209,-0.4485,0.0253,1398.73570960171,0,0
S_209,2024-03-01,51.22,16.97,0.6452,-0.5868,0.2022,1398.73570960171,0,0
S_209,2024-04-01,51.22,16.97,0.4848,-0.4795,0.1041,1398.73570960171,0,0
S_209,2024-05-01,51.22,16.97,0.5189,-0.5129,0.1403,1398.73570960171,0,0
S_209,2024-06-01,51.22,16.97,0.5523,-0.5078,0.1689,1398.73570960171,0,0
S_209,2024-07-01,51.22,16.97,0.5121,-0.5057,0.0833,1398.73570960171,0,0
S_209,2024-08-01,51.22,16.97,0.5773,-0.559,0.1131,1398.73570960171,0,0
S_209,2024-09-01,51.22,16.97,0.4858,-0.5108,0.0383,1398.73570960171,0,0
S_209,2024-10-01,51.22,16.97,0.3991,-0.4545,-0.0557,1398.73570960171,0,0
S_209,2024-11-01,51.22,16.97,0.3788,-0.3867,0.0369,1398.73570960171,0,0
S_209,2024-12-01,51.22,16.97,0.3946,-0.3809,0.0682,1398.73570960171,0,0
S_209,2025-01-01,51.22,16.97,0.4121,-0.461,0.0276,1398.73570960171,0,0
S_209,2025-02-01,51.22,16.97,0.3792,-0.431,0.0077,1398.73570960171,0,0
S_209,2025-03-01,51.22,16.97,0.3951,-0.4347,-0.0301,1398.73570960171,0,0
S_209,2025-04-01,51.22,16.97,0.5847,-0.5614,0.1738,1398.73570960171,0,0
S_209,2025-05-01,51.22,16.97,0.5931,-0.5608,0.2107,1398.73570960171,0,0
S_209,2025-06-01,51.22,16.97,0.5931,-0.5836,0.1996,1398.73570960171,0,0
S_209,2025-07-01,51.22,16.97,0.5153,-0.5413,0.1694,1398.73570960171,0,0
S_209,2025-08-01,51.22,16.97,0.5042,-0.522,0.0617,1398.73570960171,0,0
S_209,2025-09-01,51.22,16.97,0.5098,-0.5184,0.054,1398.73570960171,0,0
S_209,2025-10-01,51.22,16.97,0.3047,-0.3076,0.059,1398.73570960171,0,0
S_209,2025-11-01,51.22,16.97,0.3876,-0.4652,-0.052,1398.73570960171,0,0
S_209,2025-12-01,51.22,16.97,0.3541,-0.4053,0.0272,1398.73570960171,0,0
S_209,2026-01-01,51.22,16.97,0.1579,-0.1845,0.4072,1398.73570960171,0,0
S_209,2026-02-01,51.22,16.97,0.2912,-0.3837,-0.1144,1398.73570960171,0,0
S_209,2026-03-01,51.22,16.97,0.3075,-0.4054,-0.1099,1398.73570960171,0,0
S_21,2023-06-01,51.06,16.73,0.7493,-0.6785,0.4835,9721.71749163114,0,0
S_21,2023-07-01,51.06,16.73,0.3769,-0.4726,0.0348,9721.71749163114,0,0
S_21,2023-08-01,51.06,16.73,0.3686,-0.4148,-0.0578,9721.71749163114,0,0
S_21,2023-09-01,51.06,16.73,0.4249,-0.4548,-0.0014,9721.71749163114,0,0
S_21,2023-10-01,51.06,16.73,0.3144,-0.3809,-0.0692,9721.71749163114,0,0
S_21,2023-11-01,51.06,16.73,0.5687,-0.5654,0.1744,9721.71749163114,0,0
S_21,2023-12-01,51.06,16.73,0.4247,-0.4395,0.1817,9721.71749163114,0,0
S_21,2024-01-01,51.06,16.73,0.259,-0.2693,0.6093,9721.71749163114,0,0
S_21,2024-02-01,51.06,16.73,0.5333,-0.5526,0.1446,9721.71749163114,0,0
S_21,2024-03-01,51.06,16.73,0.5869,-0.5842,0.2134,9721.71749163114,0,0
S_21,2024-04-01,51.06,16.73,0.6405,-0.6158,0.2821,9721.71749163114,0,0
S_21,2024-05-01,51.06,16.73,0.6491,-0.6276,0.3169,9721.71749163114,0,0
S_21,2024-06-01,51.06,16.73,0.4943,-0.4839,0.1721,9721.71749163114,0,0
S_21,2024-07-01,51.06,16.73,0.3812,-0.4222,-0.03,9721.71749163114,0,0
S_21,2024-08-01,51.06,16.73,0.3969,-0.4528,-0.0421,9721.71749163114,0,0
S_21,2024-09-01,51.06,16.73,0.3689,-0.4293,-0.0077,9721.71749163114,0,0
S_21,2024-10-01,51.06,16.73,0.3954,-0.4494,0.0207,9721.71749163114,0,0
S_21,2024-11-01,51.06,16.73,0.4218,-0.4694,0.0491,9721.71749163114,0,0
S_21,2024-12-01,51.06,16.73,0.3886,-0.3888,0.2164,9721.71749163114,0,0
S_21,2025-01-01,51.06,16.73,0.4393,-0.4933,0.1418,9721.71749163114,0,0
S_21,2025-02-01,51.06,16.73,0.2548,-0.2851,0.4558,9721.71749163114,0,0
S_21,2025-03-01,51.06,16.73,0.4594,-0.4756,0.0833,9721.71749163114,0,0
S_21,2025-04-01,51.06,16.73,0.5223,-0.5281,0.1352,9721.71749163114,0,0
S_21,2025-05-01,51.06,16.73,0.5943,-0.5763,0.3012,9721.71749163114,0,0
S_21,2025-06-01,51.06,16.73,0.5766,-0.5883,0.2261,9721.71749163114,0,0
S_21,2025-07-01,51.06,16.73,0.5362,-0.5575,0.1473,9721.71749163114,0,0
S_21,2025-08-01,51.06,16.73,0.4959,-0.5267,0.0685,9721.71749163114,0,0
S_21,2025-09-01,51.06,16.73,0.348,-0.4181,-0.0379,9721.71749163114,0,0
S_21,2025-10-01,51.06,16.73,0.3898,-0.4573,-0.0067,9721.71749163114,0,0
S_21,2025-11-01,51.06,16.73,0.4317,-0.4965,0.0244,9721.71749163114,0,0
S_21,2025-12-01,51.06,16.73,0.446,-0.4868,0.1241,9721.71749163114,0,0
S_21,2026-01-01,51.06,16.73,0.3824,-0.4476,0.0398,9721.71749163114,0,0
S_21,2026-02-01,51.06,16.73,0.3188,-0.4083,-0.0444,9721.71749163114,0,0
S_21,2026-03-01,51.06,16.73,0.3362,-0.4083,-0.0362,9721.71749163114,0,0
S_211,2023-06-01,50.96,16.99,0.722,-0.6809,0.376,9604.746935014811,0,0
S_211,2023-07-01,50.96,16.99,0.5391,-0.5472,0.2013,9604.746935014811,0,0
S_211,2023-08-01,50.96,16.99,0.4681,-0.4971,-0.0277,9604.746935014811,0,0
S_211,2023-09-01,50.96,16.99,0.4872,-0.5202,-0.0201,9604.746935014811,0,0
S_211,2023-10-01,50.96,16.99,0.3537,-0.4347,-0.1676,9604.746935014811,0,0
S_211,2023-11-01,50.96,16.99,0.5109,-0.4692,0.0759,9604.746935014811,0,0
S_211,2023-12-01,50.96,16.99,0.5629,-0.5279,0.1689,9604.746935014811,0,0
S_211,2024-01-01,50.96,16.99,0.2219,-0.229,0.6832,9604.746935014811,0,0
S_211,2024-02-01,50.96,16.99,0.3862,-0.448,-0.0492,9604.746935014811,0,0
S_211,2024-03-01,50.96,16.99,0.7404,-0.6444,0.3277,9604.746935014811,0,0
S_211,2024-04-01,50.96,16.99,0.7091,-0.6701,0.2864,9604.746935014811,0,0
S_211,2024-05-01,50.96,16.99,0.7178,-0.6708,0.3297,9604.746935014811,0,0
S_211,2024-06-01,50.96,16.99,0.5558,-0.5802,0.147,9604.746935014811,0,0
S_211,2024-07-01,50.96,16.99,0.4874,-0.5166,-0.0141,9604.746935014811,0,0
S_211,2024-08-01,50.96,16.99,0.6149,-0.5829,0.1106,9604.746935014811,0,0
S_211,2024-09-01,50.96,16.99,0.5891,-0.5781,0.1142,9604.746935014811,0,0
S_211,2024-10-01,50.96,16.99,0.4482,-0.5219,-0.0241,9604.746935014811,0,0
S_211,2024-11-01,50.96,16.99,0.3675,-0.4747,-0.0896,9604.746935014811,0,0
S_211,2024-12-01,50.96,16.99,0.2848,-0.3724,-0.1224,9604.746935014811,0,0
S_211,2025-01-01,50.96,16.99,0.3335,-0.466,-0.1214,9604.746935014811,0,0
S_211,2025-02-01,50.96,16.99,0.317,-0.4216,-0.1654,9604.746935014811,0,0
S_211,2025-03-01,50.96,16.99,0.3299,-0.4241,-0.1987,9604.746935014811,0,0
S_211,2025-04-01,50.96,16.99,0.4092,-0.4705,-0.0923,9604.746935014811,0,0
S_211,2025-05-01,50.96,16.99,0.4055,-0.4533,-0.0852,9604.746935014811,0,0
S_211,2025-06-01,50.96,16.99,0.7681,-0.7149,0.3162,9604.746935014811,0,0
S_211,2025-07-01,50.96,16.99,0.7528,-0.6975,0.3267,9604.746935014811,0,0
S_211,2025-08-01,50.96,16.99,0.7141,-0.6729,0.2839,9604.746935014811,0,0
S_211,2025-09-01,50.96,16.99,0.5747,-0.5828,0.1032,9604.746935014811,0,0
S_211,2025-10-01,50.96,16.99,0.4324,-0.5034,-0.0097,9604.746935014811,0,0
S_211,2025-11-01,50.96,16.99,0.2902,-0.4241,-0.1225,9604.746935014811,0,0
S_211,2025-12-01,50.96,16.99,0.3316,-0.5197,-0.1919,9604.746935014811,0,0
S_211,2026-01-01,50.96,16.99,0.3061,-0.4652,-0.2223,9604.746935014811,0,0
S_211,2026-02-01,50.96,16.99,0.2662,-0.399,-0.2529,9604.746935014811,0,0
S_211,2026-03-01,50.96,16.99,0.2856,-0.4196,-0.2464,9604.746935014811,0,0
S_213,2023-06-01,51.0,16.99,0.6872,-0.6658,0.3119,5357.026442742652,0,0
S_213,2023-07-01,51.0,16.99,0.5565,-0.5708,0.2582,5357.026442742652,0,0
S_213,2023-08-01,51.0,16.99,0.483,-0.5154,-0.0157,5357.026442742652,0,0
S_213,2023-09-01,51.0,16.99,0.54,-0.5481,0.028,5357.026442742652,0,0
S_213,2023-10-01,51.0,16.99,0.4209,-0.4762,-0.0865,5357.026442742652,0,0
S_213,2023-11-01,51.0,16.99,0.4676,-0.45,0.1004,5357.026442742652,0,0
S_213,2023-12-01,51.0,16.99,0.5065,-0.4951,0.0476,5357.026442742652,0,0
S_213,2024-01-01,51.0,16.99,0.1559,-0.1715,0.6729,5357.026442742652,0,0
S_213,2024-02-01,51.0,16.99,0.3947,-0.4967,-0.1055,5357.026442742652,0,0
S_213,2024-03-01,51.0,16.99,0.331,-0.3895,-0.1936,5357.026442742652,0,0
S_213,2024-04-01,51.0,16.99,0.4081,-0.4636,-0.0896,5357.026442742652,0,0
S_213,2024-05-01,51.0,16.99,0.5325,-0.5471,0.1015,5357.026442742652,0,0
S_213,2024-06-01,51.0,16.99,0.6366,-0.6009,0.1851,5357.026442742652,0,0
S_213,2024-07-01,51.0,16.99,0.5572,-0.5742,0.088,5357.026442742652,0,0
S_213,2024-08-01,51.0,16.99,0.5728,-0.5727,0.0864,5357.026442742652,0,0
S_213,2024-09-01,51.0,16.99,0.3895,-0.4738,-0.128,5357.026442742652,0,0
S_213,2024-10-01,51.0,16.99,0.3536,-0.4522,-0.2039,5357.026442742652,0,0
S_213,2024-11-01,51.0,16.99,0.4464,-0.4786,-0.0914,5357.026442742652,0,0
S_213,2024-12-01,51.0,16.99,0.4067,-0.3879,0.0784,5357.026442742652,0,0
S_213,2025-01-01,51.0,16.99,0.4696,-0.5131,-0.0136,5357.026442742652,0,0
S_213,2025-02-01,51.0,16.99,0.4486,-0.4961,-0.0764,5357.026442742652,0,0
S_213,2025-03-01,51.0,16.99,0.4367,-0.4765,-0.0962,5357.026442742652,0,0
S_213,2025-04-01,51.0,16.99,0.6363,-0.6201,0.1881,5357.026442742652,0,0
S_213,2025-05-01,51.0,16.99,0.6209,-0.605,0.183,5357.026442742652,0,0
S_213,2025-06-01,51.0,16.99,0.7503,-0.6989,0.3733,5357.026442742652,0,0
S_213,2025-07-01,51.0,16.99,0.6696,-0.6334,0.3466,5357.026442742652,0,0
S_213,2025-08-01,51.0,16.99,0.4873,-0.5288,0.0645,5357.026442742652,0,0
S_213,2025-09-01,51.0,16.99,0.4162,-0.4758,-0.1067,5357.026442742652,0,0
S_213,2025-10-01,51.0,16.99,0.4029,-0.4698,-0.1192,5357.026442742652,0,0
S_213,2025-11-01,51.0,16.99,0.3896,-0.4637,-0.1318,5357.026442742652,0,0
S_213,2025-12-01,51.0,16.99,0.3857,-0.5093,-0.1483,5357.026442742652,0,0
S_213,2026-01-01,51.0,16.99,0.3486,-0.4869,-0.2236,5357.026442742652,0,0
S_213,2026-02-01,51.0,16.99,0.2955,-0.4054,-0.2559,5357.026442742652,0,0
S_213,2026-03-01,51.0,16.99,0.3193,-0.431,-0.2559,5357.026442742652,0,0
S_215,2023-06-01,51.04,16.99,0.6403,-0.5946,0.2636,1331.156605452766,0,0
S_215,2023-07-01,51.04,16.99,0.5351,-0.5389,0.1465,1331.156605452766,0,0
S_215,2023-08-01,51.04,16.99,0.5602,-0.5343,0.1007,1331.156605452766,0,0
S_215,2023-09-01,51.04,16.99,0.6022,-0.5729,0.1505,1331.156605452766,0,0
S_215,2023-10-01,51.04,16.99,0.5603,-0.5388,0.0961,1331.156605452766,0,0
S_215,2023-11-01,51.04,16.99,0.7371,-0.6332,0.3394,1331.156605452766,0,0
S_215,2023-12-01,51.04,16.99,0.4318,-0.4426,0.0123,1331.156605452766,0,0
S_215,2024-01-01,51.04,16.99,0.1726,-0.1955,0.5157,1331.156605452766,0,0
S_215,2024-02-01,51.04,16.99,0.3207,-0.4242,-0.1299,1331.156605452766,0,0
S_215,2024-03-01,51.04,16.99,0.4379,-0.4382,0.0386,1331.156605452766,0,0
S_215,2024-04-01,51.04,16.99,0.5102,-0.488,0.1061,1331.156605452766,0,0
S_215,2024-05-01,51.04,16.99,0.5583,-0.5362,0.1391,1331.156605452766,0,0
S_215,2024-06-01,51.04,16.99,0.6054,-0.5611,0.1759,1331.156605452766,0,0
S_215,2024-07-01,51.04,16.99,0.6176,-0.5816,0.161,1331.156605452766,0,0
S_215,2024-08-01,51.04,16.99,0.6486,-0.5973,0.1954,1331.156605452766,0,0
S_215,2024-09-01,51.04,16.99,0.5485,-0.5535,0.0789,1331.156605452766,0,0
S_215,2024-10-01,51.04,16.99,0.5039,-0.5233,0.0138,1331.156605452766,0,0
S_215,2024-11-01,51.04,16.99,0.4747,-0.4952,0.036,1331.156605452766,0,0
S_215,2024-12-01,51.04,16.99,0.3364,-0.3396,0.0694,1331.156605452766,0,0
S_215,2025-01-01,51.04,16.99,0.4035,-0.4652,0.0092,1331.156605452766,0,0
S_215,2025-02-01,51.04,16.99,0.3769,-0.435,-0.0348,1331.156605452766,0,0
S_215,2025-03-01,51.04,16.99,0.3888,-0.435,-0.0397,1331.156605452766,0,0
S_215,2025-04-01,51.04,16.99,0.5898,-0.5548,0.1761,1331.156605452766,0,0
S_215,2025-05-01,51.04,16.99,0.6006,-0.5586,0.2239,1331.156605452766,0,0
S_215,2025-06-01,51.04,16.99,0.6457,-0.6212,0.2709,1331.156605452766,0,0
S_215,2025-07-01,51.04,16.99,0.5941,-0.5747,0.2194,1331.156605452766,0,0
S_215,2025-08-01,51.04,16.99,0.5534,-0.5334,0.1322,1331.156605452766,0,0
S_215,2025-09-01,51.04,16.99,0.5694,-0.5538,0.1188,1331.156605452766,0,0
S_215,2025-10-01,51.04,16.99,0.5323,-0.5379,0.0814,1331.156605452766,0,0
S_215,2025-11-01,51.04,16.99,0.4952,-0.5221,0.0439,1331.156605452766,0,0
S_215,2025-12-01,51.04,16.99,0.4593,-0.538,0.0138,1331.156605452766,0,0
S_215,2026-01-01,51.04,16.99,0.3792,-0.4624,-0.0194,1331.156605452766,0,0
S_215,2026-02-01,51.04,16.99,0.3362,-0.4154,-0.1035,1331.156605452766,0,0
S_215,2026-03-01,51.04,16.99,0.3593,-0.4404,-0.0851,1331.156605452766,0,0
S_218,2023-06-01,51.1,16.99,0.4642,-0.4482,0.1417,95.92616121470772,365,0
S_218,2023-07-01,51.1,16.99,0.4472,-0.436,0.1049,95.92616121470772,365,0
S_218,2023-08-01,51.1,16.99,0.455,-0.4322,0.0939,95.92616121470772,365,0
S_218,2023-09-01,51.1,16.99,0.4787,-0.4586,0.1279,95.92616121470772,365,0
S_218,2023-10-01,51.1,16.99,0.4397,-0.4251,0.086,95.92616121470772,365,0
S_218,2023-11-01,51.1,16.99,0.3006,-0.2883,0.0358,95.92616121470772,365,0
S_218,2023-12-01,51.1,16.99,0.2746,-0.2924,-0.0477,95.92616121470772,365,0
S_218,2024-01-01,51.1,16.99,0.1288,-0.1445,0.4286,95.92616121470772,365,0
S_218,2024-02-01,51.1,16.99,0.2573,-0.3055,-0.0817,95.92616121470772,365,0
S_218,2024-03-01,51.1,16.99,0.346,-0.3427,0.0223,95.92616121470772,365,0
S_218,2024-04-01,51.1,16.99,0.4665,-0.4363,0.1294,95.92616121470772,365,0
S_218,2024-05-01,51.1,16.99,0.4466,-0.4336,0.1069,95.92616121470772,365,0
S_218,2024-06-01,51.1,16.99,0.4938,-0.4652,0.1414,95.92616121470772,365,0
S_218,2024-07-01,51.1,16.99,0.4641,-0.4459,0.1079,95.92616121470772,365,0
S_218,2024-08-01,51.1,16.99,0.4697,-0.4468,0.1156,95.92616121470772,365,0
S_218,2024-09-01,51.1,16.99,0.4754,-0.4649,0.1178,95.92616121470772,365,0
S_218,2024-10-01,51.1,16.99,0.3948,-0.407,0.0413,95.92616121470772,365,0
S_218,2024-11-01,51.1,16.99,0.3053,-0.3238,-0.013,95.92616121470772,365,0
S_218,2024-12-01,51.1,16.99,0.2374,-0.2554,-0.0084,95.92616121470772,365,0
S_218,2025-01-01,51.1,16.99,0.2808,-0.3427,-0.0411,95.92616121470772,365,0
S_218,2025-02-01,51.1,16.99,0.2626,-0.3203,-0.0568,95.92616121470772,365,0
S_218,2025-03-01,51.1,16.99,0.2669,-0.3174,-0.0593,95.92616121470772,365,0
S_218,2025-04-01,51.1,16.99,0.4652,-0.437,0.1234,95.92616121470772,365,0
S_218,2025-05-01,51.1,16.99,0.4391,-0.4067,0.1209,95.92616121470772,365,0
S_218,2025-06-01,51.1,16.99,0.4821,-0.4703,0.1391,95.92616121470772,365,0
S_218,2025-07-01,51.1,16.99,0.4569,-0.4457,0.1207,95.92616121470772,365,0
S_218,2025-08-01,51.1,16.99,0.46,-0.4398,0.1095,95.92616121470772,365,0
S_218,2025-09-01,51.1,16.99,0.4588,-0.4406,0.1076,95.92616121470772,365,0
S_218,2025-10-01,51.1,16.99,0.3314,-0.2951,0.1376,95.92616121470772,365,0
S_218,2025-11-01,51.1,16.99,0.3654,-0.3926,0.0128,95.92616121470772,365,0
S_218,2025-12-01,51.1,16.99,0.3393,-0.3899,-0.0222,95.92616121470772,365,0
S_218,2026-01-01,51.1,16.99,0.2928,-0.3688,-0.046,95.92616121470772,365,0
S_218,2026-02-01,51.1,16.99,0.247,-0.3163,-0.1034,95.92616121470772,365,0
S_218,2026-03-01,51.1,16.99,0.2597,-0.3346,-0.0945,95.92616121470772,365,0
S_22,2023-06-01,51.08,16.73,0.7713,-0.6913,0.4774,8506.568173937441,0,0
S_22,2023-07-01,51.08,16.73,0.3712,-0.4695,0.0397,8506.568173937441,0,0
S_22,2023-08-01,51.08,16.73,0.4119,-0.4251,0.0413,8506.568173937441,0,0
S_22,2023-09-01,51.08,16.73,0.5417,-0.5285,0.1091,8506.568173937441,0,0
S_22,2023-10-01,51.08,16.73,0.4936,-0.506,0.0503,8506.568173937441,0,0
S_22,2023-11-01,51.08,16.73,0.6191,-0.6201,0.1952,8506.568173937441,0,0
S_22,2023-12-01,51.08,16.73,0.5281,-0.5581,0.2011,8506.568173937441,0,0
S_22,2024-01-01,51.08,16.73,0.2899,-0.3102,0.5348,8506.568173937441,0,0
S_22,2024-02-01,51.08,16.73,0.5287,-0.5764,0.116,8506.568173937441,0,0
S_22,2024-03-01,51.08,16.73,0.578,-0.5908,0.1974,8506.568173937441,0,0
S_22,2024-04-01,51.08,16.73,0.6274,-0.6052,0.2788,8506.568173937441,0,0
S_22,2024-05-01,51.08,16.73,0.6831,-0.6379,0.3428,8506.568173937441,0,0
S_22,2024-06-01,51.08,16.73,0.639,-0.5781,0.2893,8506.568173937441,0,0
S_22,2024-07-01,51.08,16.73,0.4069,-0.4424,-0.0079,8506.568173937441,0,0
S_22,2024-08-01,51.08,16.73,0.4014,-0.4562,-0.0454,8506.568173937441,0,0
S_22,2024-09-01,51.08,16.73,0.4335,-0.4675,-0.0116,8506.568173937441,0,0
S_22,2024-10-01,51.08,16.73,0.4941,-0.5018,0.0712,8506.568173937441,0,0
S_22,2024-11-01,51.08,16.73,0.5547,-0.536,0.1541,8506.568173937441,0,0
S_22,2024-12-01,51.08,16.73,0.3391,-0.4229,0.1571,8506.568173937441,0,0
S_22,2025-01-01,51.08,16.73,0.576,-0.569,0.2533,8506.568173937441,0,0
S_22,2025-02-01,51.08,16.73,0.2661,-0.2851,0.5444,8506.568173937441,0,0
S_22,2025-03-01,51.08,16.73,0.5887,-0.5662,0.1903,8506.568173937441,0,0
S_22,2025-04-01,51.08,16.73,0.7071,-0.6581,0.2993,8506.568173937441,0,0
S_22,2025-05-01,51.08,16.73,0.7543,-0.6876,0.4657,8506.568173937441,0,0
S_22,2025-06-01,51.08,16.73,0.533,-0.569,0.2484,8506.568173937441,0,0
S_22,2025-07-01,51.08,16.73,0.2759,-0.3163,0.003,8506.568173937441,0,0
S_22,2025-08-01,51.08,16.73,0.445,-0.4841,-0.0032,8506.568173937441,0,0
S_22,2025-09-01,51.08,16.73,0.4713,-0.5122,0.0301,8506.568173937441,0,0
S_22,2025-10-01,51.08,16.73,0.4651,-0.5196,0.0186,8506.568173937441,0,0
S_22,2025-11-01,51.08,16.73,0.4589,-0.5271,0.0071,8506.568173937441,0,0
S_22,2025-12-01,51.08,16.73,0.4177,-0.4855,0.0677,8506.568173937441,0,0
S_22,2026-01-01,51.08,16.73,0.2412,-0.2738,0.3004,8506.568173937441,0,0
S_22,2026-02-01,51.08,16.73,0.3034,-0.4043,-0.074,8506.568173937441,0,0
S_22,2026-03-01,51.08,16.73,0.3067,-0.3943,-0.0747,8506.568173937441,0,0
S_220,2023-06-01,51.14,16.99,0.4664,-0.4139,0.1949,268.2790269957991,83,0
S_220,2023-07-01,51.14,16.99,0.4368,-0.3899,0.1286,268.2790269957991,83,0
S_220,2023-08-01,51.14,16.99,0.5117,-0.4434,0.1382,268.2790269957991,83,0
S_220,2023-09-01,51.14,16.99,0.5041,-0.4507,0.1837,268.2790269957991,83,0
S_220,2023-10-01,51.14,16.99,0.48,-0.4293,0.1263,268.2790269957991,83,0
S_220,2023-11-01,51.14,16.99,0.1266,-0.1157,0.0102,268.2790269957991,83,0
S_220,2023-12-01,51.14,16.99,0.2086,-0.24,0.0277,268.2790269957991,83,0
S_220,2024-01-01,51.14,16.99,0.1176,-0.1452,0.2923,268.2790269957991,83,0
S_220,2024-02-01,51.14,16.99,0.1747,-0.2357,-0.0652,268.2790269957991,83,0
S_220,2024-03-01,51.14,16.99,0.2205,-0.2242,-0.0592,268.2790269957991,83,0
S_220,2024-04-01,51.14,16.99,0.4518,-0.4284,0.1166,268.2790269957991,83,0
S_220,2024-05-01,51.14,16.99,0.4629,-0.4069,0.1469,268.2790269957991,83,0
S_220,2024-06-01,51.14,16.99,0.3557,-0.3477,0.0701,268.2790269957991,83,0
S_220,2024-07-01,51.14,16.99,0.4718,-0.4121,0.1355,268.2790269957991,83,0
S_220,2024-08-01,51.14,16.99,0.4867,-0.4212,0.1871,268.2790269957991,83,0
S_220,2024-09-01,51.14,16.99,0.4368,-0.4257,0.3368,268.2790269957991,83,0
S_220,2024-10-01,51.14,16.99,0.3555,-0.3445,0.0703,268.2790269957991,83,0
S_220,2024-11-01,51.14,16.99,0.261,-0.2734,-0.013,268.2790269957991,83,0
S_220,2024-12-01,51.14,16.99,0.1842,-0.1899,0.0259,268.2790269957991,83,0
S_220,2025-01-01,51.14,16.99,0.2002,-0.2514,0.0104,268.2790269957991,83,0
S_220,2025-02-01,51.14,16.99,0.1914,-0.2331,-0.0473,268.2790269957991,83,0
S_220,2025-03-01,51.14,16.99,0.2107,-0.2417,-0.0227,268.2790269957991,83,0
S_220,2025-04-01,51.14,16.99,0.4996,-0.408,0.1817,268.2790269957991,83,0
S_220,2025-05-01,51.14,16.99,0.5044,-0.4145,0.2014,268.2790269957991,83,0
S_220,2025-06-01,51.14,16.99,0.476,-0.4394,0.1569,268.2790269957991,83,0
S_220,2025-07-01,51.14,16.99,0.6846,-0.6312,0.2514,268.2790269957991,83,0
S_220,2025-08-01,51.14,16.99,0.49,-0.4267,0.1687,268.2790269957991,83,0
S_220,2025-09-01,51.14,16.99,0.464,-0.4071,0.173,268.2790269957991,83,0
S_220,2025-10-01,51.14,16.99,0.3852,-0.3647,0.0861,268.2790269957991,83,0
S_220,2025-11-01,51.14,16.99,0.3065,-0.3223,-0.0008,268.2790269957991,83,0
S_220,2025-12-01,51.14,16.99,0.2467,-0.2919,-0.0311,268.2790269957991,83,0
S_220,2026-01-01,51.14,16.99,0.2349,-0.289,-0.0126,268.2790269957991,83,0
S_220,2026-02-01,51.14,16.99,0.1774,-0.249,-0.0337,268.2790269957991,83,0
S_220,2026-03-01,51.14,16.99,0.1794,-0.2505,-0.0437,268.2790269957991,83,0
S_222,2023-06-01,51.18,16.99,0.7059,-0.6478,0.3115,123.6884542477482,11,0
S_222,2023-07-01,51.18,16.99,0.543,-0.5502,0.0979,123.6884542477482,11,0
S_222,2023-08-01,51.18,16.99,0.5217,-0.5133,0.0158,123.6884542477482,11,0
S_222,2023-09-01,51.18,16.99,0.5733,-0.5511,0.0938,123.6884542477482,11,0
S_222,2023-10-01,51.18,16.99,0.5246,-0.509,0.0564,123.6884542477482,11,0
S_222,2023-11-01,51.18,16.99,0.5369,-0.5389,0.0486,123.6884542477482,11,0
S_222,2023-12-01,51.18,16.99,0.4384,-0.4646,0.0214,123.6884542477482,11,0
S_222,2024-01-01,51.18,16.99,0.301,-0.3578,0.2199,123.6884542477482,11,0
S_222,2024-02-01,51.18,16.99,0.3459,-0.4051,-0.044,123.6884542477482,11,0
S_222,2024-03-01,51.18,16.99,0.4984,-0.5038,0.0305,123.6884542477482,11,0
S_222,2024-04-01,51.18,16.99,0.6188,-0.571,0.1838,123.6884542477482,11,0
S_222,2024-05-01,51.18,16.99,0.6591,-0.6076,0.2189,123.6884542477482,11,0
S_222,2024-06-01,51.18,16.99,0.6873,-0.6168,0.2277,123.6884542477482,11,0
S_222,2024-07-01,51.18,16.99,0.5393,-0.529,0.0579,123.6884542477482,11,0
S_222,2024-08-01,51.18,16.99,0.5597,-0.5407,0.0895,123.6884542477482,11,0
S_222,2024-09-01,51.18,16.99,0.6189,-0.5834,0.1239,123.6884542477482,11,0
S_222,2024-10-01,51.18,16.99,0.5634,-0.5578,0.0692,123.6884542477482,11,0
S_222,2024-11-01,51.18,16.99,0.4092,-0.4608,0.0093,123.6884542477482,11,0
S_222,2024-12-01,51.18,16.99,0.3208,-0.3712,0.0189,123.6884542477482,11,0
S_222,2025-01-01,51.18,16.99,0.3509,-0.4441,-0.0313,123.6884542477482,11,0
S_222,2025-02-01,51.18,16.99,0.3072,-0.4011,-0.0827,123.6884542477482,11,0
S_222,2025-03-01,51.18,16.99,0.3111,-0.3929,-0.0983,123.6884542477482,11,0
S_222,2025-04-01,51.18,16.99,0.5793,-0.5465,0.1448,123.6884542477482,11,0
S_222,2025-05-01,51.18,16.99,0.535,-0.5043,0.1457,123.6884542477482,11,0
S_222,2025-06-01,51.18,16.99,0.6022,-0.5802,0.1533,123.6884542477482,11,0
S_222,2025-07-01,51.18,16.99,0.5651,-0.5409,0.1328,123.6884542477482,11,0
S_222,2025-08-01,51.18,16.99,0.6489,-0.601,0.181,123.6884542477482,11,0
S_222,2025-09-01,51.18,16.99,0.6377,-0.5976,0.1614,123.6884542477482,11,0
S_222,2025-10-01,51.18,16.99,0.3668,-0.326,0.1344,123.6884542477482,11,0
S_222,2025-11-01,51.18,16.99,0.4575,-0.513,-0.001,123.6884542477482,11,0
S_222,2025-12-01,51.18,16.99,0.38,-0.4671,0.0277,123.6884542477482,11,0
S_222,2026-01-01,51.18,16.99,0.3389,-0.4585,-0.0535,123.6884542477482,11,0
S_222,2026-02-01,51.18,16.99,0.2904,-0.3977,-0.1348,123.6884542477482,11,0
S_222,2026-03-01,51.18,16.99,0.3062,-0.424,-0.0926,123.6884542477482,11,0
S_224,2023-06-01,51.22,16.99,0.5955,-0.5844,0.2468,1746.1197465715757,0,0
S_224,2023-07-01,51.22,16.99,0.5156,-0.5504,0.1201,1746.1197465715757,0,0
S_224,2023-08-01,51.22,16.99,0.4949,-0.5112,0.0389,1746.1197465715757,0,0
S_224,2023-09-01,51.22,16.99,0.5436,-0.5395,0.0947,1746.1197465715757,0,0
S_224,2023-10-01,51.22,16.99,0.4459,-0.4591,0.0268,1746.1197465715757,0,0
S_224,2023-11-01,51.22,16.99,0.4345,-0.4733,0.0112,1746.1197465715757,0,0
S_224,2023-12-01,51.22,16.99,0.3985,-0.425,0.0373,1746.1197465715757,0,0
S_224,2024-01-01,51.22,16.99,0.3052,-0.3711,0.1003,1746.1197465715757,0,0
S_224,2024-02-01,51.22,16.99,0.3667,-0.4121,-0.0148,1746.1197465715757,0,0
S_224,2024-03-01,51.22,16.99,0.4075,-0.4193,-0.001,1746.1197465715757,0,0
S_224,2024-04-01,51.22,16.99,0.5217,-0.4937,0.1482,1746.1197465715757,0,0
S_224,2024-05-01,51.22,16.99,0.5326,-0.529,0.1629,1746.1197465715757,0,0
S_224,2024-06-01,51.22,16.99,0.5738,-0.5358,0.1638,1746.1197465715757,0,0
S_224,2024-07-01,51.22,16.99,0.5428,-0.5483,0.064,1746.1197465715757,0,0
S_224,2024-08-01,51.22,16.99,0.5527,-0.5452,0.1113,1746.1197465715757,0,0
S_224,2024-09-01,51.22,16.99,0.4591,-0.4986,0.0179,1746.1197465715757,0,0
S_224,2024-10-01,51.22,16.99,0.3814,-0.4445,-0.0434,1746.1197465715757,0,0
S_224,2024-11-01,51.22,16.99,0.3704,-0.3546,0.1314,1746.1197465715757,0,0
S_224,2024-12-01,51.22,16.99,0.3865,-0.3992,0.097,1746.1197465715757,0,0
S_224,2025-01-01,51.22,16.99,0.4217,-0.4684,0.0643,1746.1197465715757,0,0
S_224,2025-02-01,51.22,16.99,0.3632,-0.4134,0.0784,1746.1197465715757,0,0
S_224,2025-03-01,51.22,16.99,0.3926,-0.4326,0.0021,1746.1197465715757,0,0
S_224,2025-04-01,51.22,16.99,0.5836,-0.5638,0.2073,1746.1197465715757,0,0
S_224,2025-05-01,51.22,16.99,0.5772,-0.5535,0.2137,1746.1197465715757,0,0
S_224,2025-06-01,51.22,16.99,0.5957,-0.5944,0.2072,1746.1197465715757,0,0
S_224,2025-07-01,51.22,16.99,0.4678,-0.5155,0.1358,1746.1197465715757,0,0
S_224,2025-08-01,51.22,16.99,0.5361,-0.5498,0.0918,1746.1197465715757,0,0
S_224,2025-09-01,51.22,16.99,0.5095,-0.5175,0.0752,1746.1197465715757,0,0
S_224,2025-10-01,51.22,16.99,0.2947,-0.2998,0.0571,1746.1197465715757,0,0
S_224,2025-11-01,51.22,16.99,0.3921,-0.4617,-0.0066,1746.1197465715757,0,0
S_224,2025-12-01,51.22,16.99,0.3719,-0.428,0.058,1746.1197465715757,0,0
S_224,2026-01-01,51.22,16.99,0.3234,-0.4219,-0.0243,1746.1197465715757,0,0
S_224,2026-02-01,51.22,16.99,0.2943,-0.388,-0.0822,1746.1197465715757,0,0
S_224,2026-03-01,51.22,16.99,0.3106,-0.4077,-0.0749,1746.1197465715757,0,0
S_225,2023-06-01,51.24,16.99,0.6381,-0.6162,0.2911,3909.727010031838,0,0
S_225,2023-07-01,51.24,16.99,0.4669,-0.5209,0.0795,3909.727010031838,0,0
S_225,2023-08-01,51.24,16.99,0.3832,-0.4318,-0.0663,3909.727010031838,0,0
S_225,2023-09-01,51.24,16.99,0.5198,-0.5146,0.0552,3909.727010031838,0,0
S_225,2023-10-01,51.24,16.99,0.4119,-0.4391,-0.0114,3909.727010031838,0,0
S_225,2023-11-01,51.24,16.99,0.5035,-0.5063,0.081,3909.727010031838,0,0
S_225,2023-12-01,51.24,16.99,0.4435,-0.4399,0.0961,3909.727010031838,0,0
S_225,2024-01-01,51.24,16.99,0.3317,-0.387,0.1147,3909.727010031838,0,0
S_225,2024-02-01,51.24,16.99,0.3726,-0.411,-0.0094,3909.727010031838,0,0
S_225,2024-03-01,51.24,16.99,0.3443,-0.3675,-0.1,3909.727010031838,0,0
S_225,2024-04-01,51.24,16.99,0.4959,-0.4839,0.1135,3909.727010031838,0,0
S_225,2024-05-01,51.24,16.99,0.5322,-0.5253,0.1691,3909.727010031838,0,0
S_225,2024-06-01,51.24,16.99,0.5625,-0.5246,0.1798,3909.727010031838,0,0
S_225,2024-07-01,51.24,16.99,0.4486,-0.4732,0.0034,3909.727010031838,0,0
S_225,2024-08-01,51.24,16.99,0.4528,-0.4752,0.0091,3909.727010031838,0,0
S_225,2024-09-01,51.24,16.99,0.4872,-0.5014,0.0476,3909.727010031838,0,0
S_225,2024-10-01,51.24,16.99,0.4234,-0.4606,-0.0086,3909.727010031838,0,0
S_225,2024-11-01,51.24,16.99,0.4032,-0.4031,0.031,3909.727010031838,0,0
S_225,2024-12-01,51.24,16.99,0.4238,-0.4148,0.1253,3909.727010031838,0,0
S_225,2025-01-01,51.24,16.99,0.4531,-0.488,0.0897,3909.727010031838,0,0
S_225,2025-02-01,51.24,16.99,0.3691,-0.413,0.0831,3909.727010031838,0,0
S_225,2025-03-01,51.24,16.99,0.3929,-0.426,-0.0028,3909.727010031838,0,0
S_225,2025-04-01,51.24,16.99,0.6104,-0.5742,0.2336,3909.727010031838,0,0
S_225,2025-05-01,51.24,16.99,0.6015,-0.564,0.2298,3909.727010031838,0,0
S_225,2025-06-01,51.24,16.99,0.605,-0.59,0.2199,3909.727010031838,0,0
S_225,2025-07-01,51.24,16.99,0.5192,-0.5414,0.1817,3909.727010031838,0,0
S_225,2025-08-01,51.24,16.99,0.484,-0.5137,0.0218,3909.727010031838,0,0
S_225,2025-09-01,51.24,16.99,0.4644,-0.4823,0.028,3909.727010031838,0,0
S_225,2025-10-01,51.24,16.99,0.3671,-0.3678,0.0814,3909.727010031838,0,0
S_225,2025-11-01,51.24,16.99,0.4513,-0.4841,0.0458,3909.727010031838,0,0
S_225,2025-12-01,51.24,16.99,0.4094,-0.4479,0.111,3909.727010031838,0,0
S_225,2026-01-01,51.24,16.99,0.2871,-0.3551,0.1621,3909.727010031838,0,0
S_225,2026-02-01,51.24,16.99,0.2974,-0.3786,-0.064,3909.727010031838,0,0
S_225,2026-03-01,51.24,16.99,0.3139,-0.3997,-0.057,3909.727010031838,0,0
S_227,2023-06-01,50.98,17.01,0.6515,-0.6221,0.2529,7107.333504160153,0,0
S_227,2023-07-01,50.98,17.01,0.6341,-0.6045,0.2645,7107.333504160153,0,0
S_227,2023-08-01,50.98,17.01,0.5867,-0.5755,0.1085,7107.333504160153,0,0
S_227,2023-09-01,50.98,17.01,0.6035,-0.5944,0.1324,7107.333504160153,0,0
S_227,2023-10-01,50.98,17.01,0.5934,-0.5756,0.0842,7107.333504160153,0,0
S_227,2023-11-01,50.98,17.01,0.5725,-0.5385,0.2292,7107.333504160153,0,0
S_227,2023-12-01,50.98,17.01,0.4866,-0.4986,0.0994,7107.333504160153,0,0
S_227,2024-01-01,50.98,17.01,0.1769,-0.1984,0.6112,7107.333504160153,0,0
S_227,2024-02-01,50.98,17.01,0.4595,-0.5816,-0.0141,7107.333504160153,0,0
S_227,2024-03-01,50.98,17.01,0.5674,-0.5413,0.1739,7107.333504160153,0,0
S_227,2024-04-01,50.98,17.01,0.4032,-0.421,0.0389,7107.333504160153,0,0
S_227,2024-05-01,50.98,17.01,0.5676,-0.5557,0.1447,7107.333504160153,0,0
S_227,2024-06-01,50.98,17.01,0.6634,-0.6044,0.2117,7107.333504160153,0,0
S_227,2024-07-01,50.98,17.01,0.6182,-0.6043,0.1422,7107.333504160153,0,0
S_227,2024-08-01,50.98,17.01,0.6471,-0.6086,0.1672,7107.333504160153,0,0
S_227,2024-09-01,50.98,17.01,0.4491,-0.4874,-0.0,7107.333504160153,0,0
S_227,2024-10-01,50.98,17.01,0.399,-0.4726,-0.1181,7107.333504160153,0,0
S_227,2024-11-01,50.98,17.01,0.4422,-0.4942,-0.0808,7107.333504160153,0,0
S_227,2024-12-01,50.98,17.01,0.3618,-0.3777,0.0085,7107.333504160153,0,0
S_227,2025-01-01,50.98,17.01,0.4322,-0.5099,-0.048,7107.333504160153,0,0
S_227,2025-02-01,50.98,17.01,0.4146,-0.4788,-0.0914,7107.333504160153,0,0
S_227,2025-03-01,50.98,17.01,0.4318,-0.4743,-0.0782,7107.333504160153,0,0
S_227,2025-04-01,50.98,17.01,0.6195,-0.5996,0.1612,7107.333504160153,0,0
S_227,2025-05-01,50.98,17.01,0.6095,-0.5856,0.1648,7107.333504160153,0,0
S_227,2025-06-01,50.98,17.01,0.75,-0.6934,0.3559,7107.333504160153,0,0
S_227,2025-07-01,50.98,17.01,0.6783,-0.638,0.3182,7107.333504160153,0,0
S_227,2025-08-01,50.98,17.01,0.5657,-0.5712,0.1319,7107.333504160153,0,0
S_227,2025-09-01,50.98,17.01,0.5578,-0.5549,0.0561,7107.333504160153,0,0
S_227,2025-10-01,50.98,17.01,0.5435,-0.55,0.064,7107.333504160153,0,0
S_227,2025-11-01,50.98,17.01,0.5292,-0.5452,0.0719,7107.333504160153,0,0
S_227,2025-12-01,50.98,17.01,0.4953,-0.5739,0.0483,7107.333504160153,0,0
S_227,2026-01-01,50.98,17.01,0.3896,-0.4928,-0.0864,7107.333504160153,0,0
S_227,2026-02-01,50.98,17.01,0.3121,-0.4252,-0.1953,7107.333504160153,0,0
S_227,2026-03-01,50.98,17.01,0.3305,-0.4461,-0.1771,7107.333504160153,0,0
S_229,2023-06-01,51.02,17.01,0.5607,-0.55,0.1139,2861.553217630114,0,0
S_229,2023-07-01,51.02,17.01,0.6333,-0.6175,0.2455,2861.553217630114,0,0
S_229,2023-08-01,51.02,17.01,0.6473,-0.6055,0.1791,2861.553217630114,0,0
S_229,2023-09-01,51.02,17.01,0.6518,-0.6201,0.188,2861.553217630114,0,0
S_229,2023-10-01,51.02,17.01,0.5294,-0.538,0.0208,2861.553217630114,0,0
S_229,2023-11-01,51.02,17.01,0.5497,-0.5444,0.1236,2861.553217630114,0,0
S_229,2023-12-01,51.02,17.01,0.3478,-0.4127,-0.0812,2861.553217630114,0,0
S_229,2024-01-01,51.02,17.01,0.1251,-0.1645,0.4979,2861.553217630114,0,0
S_229,2024-02-01,51.02,17.01,0.3724,-0.5826,-0.2094,2861.553217630114,0,0
S_229,2024-03-01,51.02,17.01,0.4172,-0.423,-0.0343,2861.553217630114,0,0
S_229,2024-04-01,51.02,17.01,0.4451,-0.457,-0.0046,2861.553217630114,0,0
S_229,2024-05-01,51.02,17.01,0.5604,-0.5524,0.1002,2861.553217630114,0,0
S_229,2024-06-01,51.02,17.01,0.6586,-0.6023,0.2157,2861.553217630114,0,0
S_229,2024-07-01,51.02,17.01,0.5575,-0.5545,0.1117,2861.553217630114,0,0
S_229,2024-08-01,51.02,17.01,0.5668,-0.5546,0.103,2861.553217630114,0,0
S_229,2024-09-01,51.02,17.01,0.5471,-0.5487,0.0502,2861.553217630114,0,0
S_229,2024-10-01,51.02,17.01,0.4739,-0.5193,-0.0534,2861.553217630114,0,0
S_229,2024-11-01,51.02,17.01,0.4014,-0.4538,-0.1263,2861.553217630114,0,0
S_229,2024-12-01,51.02,17.01,0.3164,-0.3251,-0.0213,2861.553217630114,0,0
S_229,2025-01-01,51.02,17.01,0.3882,-0.4624,-0.0882,2861.553217630114,0,0
S_229,2025-02-01,51.02,17.01,0.3843,-0.4524,-0.1284,2861.553217630114,0,0
S_229,2025-03-01,51.02,17.01,0.4194,-0.4653,-0.1077,2861.553217630114,0,0
S_229,2025-04-01,51.02,17.01,0.648,-0.6161,0.1993,2861.553217630114,0,0
S_229,2025-05-01,51.02,17.01,0.6197,-0.5893,0.1861,2861.553217630114,0,0
S_229,2025-06-01,51.02,17.01,0.6949,-0.6508,0.321,2861.553217630114,0,0
S_229,2025-07-01,51.02,17.01,0.6023,-0.5826,0.2698,2861.553217630114,0,0
S_229,2025-08-01,51.02,17.01,0.4723,-0.5055,0.0414,2861.553217630114,0,0
S_229,2025-09-01,51.02,17.01,0.4852,-0.5038,-0.0242,2861.553217630114,0,0
S_229,2025-10-01,51.02,17.01,0.4825,-0.5066,-0.0152,2861.553217630114,0,0
S_229,2025-11-01,51.02,17.01,0.4798,-0.5095,-0.0063,2861.553217630114,0,0
S_229,2025-12-01,51.02,17.01,0.4716,-0.5466,-0.0027,2861.553217630114,0,0
S_229,2026-01-01,51.02,17.01,0.388,-0.496,-0.1284,2861.553217630114,0,0
S_229,2026-02-01,51.02,17.01,0.3196,-0.4176,-0.193,2861.553217630114,0,0
S_229,2026-03-01,51.02,17.01,0.3409,-0.4427,-0.1829,2861.553217630114,0,0
S_23,2023-06-01,51.1,16.73,0.7629,-0.7025,0.4493,6936.109378879808,0,0
S_23,2023-07-01,51.1,16.73,0.4784,-0.5238,0.1055,6936.109378879808,0,0
S_23,2023-08-01,51.1,16.73,0.4211,-0.4302,0.0325,6936.109378879808,0,0
S_23,2023-09-01,51.1,16.73,0.5325,-0.5344,0.0672,6936.109378879808,0,0
S_23,2023-10-01,51.1,16.73,0.4167,-0.4601,-0.0217,6936.109378879808,0,0
S_23,2023-11-01,51.1,16.73,0.5767,-0.5844,0.1331,6936.109378879808,0,0
S_23,2023-12-01,51.1,16.73,0.4327,-0.4457,0.1823,6936.109378879808,0,0
S_23,2024-01-01,51.1,16.73,0.3047,-0.3282,0.4074,6936.109378879808,0,0
S_23,2024-02-01,51.1,16.73,0.5224,-0.5687,0.0857,6936.109378879808,0,0
S_23,2024-03-01,51.1,16.73,0.6033,-0.6042,0.1838,6936.109378879808,0,0
S_23,2024-04-01,51.1,16.73,0.6841,-0.6398,0.2819,6936.109378879808,0,0
S_23,2024-05-01,51.1,16.73,0.6862,-0.6417,0.3256,6936.109378879808,0,0
S_23,2024-06-01,51.1,16.73,0.6381,-0.5976,0.2099,6936.109378879808,0,0
S_23,2024-07-01,51.1,16.73,0.4358,-0.4604,-0.0175,6936.109378879808,0,0
S_23,2024-08-01,51.1,16.73,0.4856,-0.5135,0.0209,6936.109378879808,0,0
S_23,2024-09-01,51.1,16.73,0.4642,-0.4934,0.0374,6936.109378879808,0,0
S_23,2024-10-01,51.1,16.73,0.4276,-0.4769,-0.0116,6936.109378879808,0,0
S_23,2024-11-01,51.1,16.73,0.4768,-0.5045,0.0658,6936.109378879808,0,0
S_23,2024-12-01,51.1,16.73,0.3832,-0.371,0.1418,6936.109378879808,0,0
S_23,2025-01-01,51.1,16.73,0.5018,-0.5355,0.1315,6936.109378879808,0,0
S_23,2025-02-01,51.1,16.73,0.1423,-0.1716,0.6853,6936.109378879808,0,0
S_23,2025-03-01,51.1,16.73,0.5449,-0.536,0.1214,6936.109378879808,0,0
S_23,2025-04-01,51.1,16.73,0.6539,-0.6152,0.2158,6936.109378879808,0,0
S_23,2025-05-01,51.1,16.73,0.7817,-0.7103,0.4556,6936.109378879808,0,0
S_23,2025-06-01,51.1,16.73,0.5946,-0.5993,0.2543,6936.109378879808,0,0
S_23,2025-07-01,51.1,16.73,0.5064,-0.5013,0.1164,6936.109378879808,0,0
S_23,2025-08-01,51.1,16.73,0.4484,-0.498,-0.0219,6936.109378879808,0,0
S_23,2025-09-01,51.1,16.73,0.4488,-0.4779,0.0131,6936.109378879808,0,0
S_23,2025-10-01,51.1,16.73,0.4702,-0.5109,0.0274,6936.109378879808,0,0
S_23,2025-11-01,51.1,16.73,0.4916,-0.5439,0.0417,6936.109378879808,0,0
S_23,2025-12-01,51.1,16.73,0.4979,-0.5343,0.1114,6936.109378879808,0,0
S_23,2026-01-01,51.1,16.73,0.1222,-0.1348,0.616,6936.109378879808,0,0
S_23,2026-02-01,51.1,16.73,0.3537,-0.4391,-0.0719,6936.109378879808,0,0
S_23,2026-03-01,51.1,16.73,0.3581,-0.4291,-0.0627,6936.109378879808,0,0
S_231,2023-06-01,51.06,17.01,0.5197,-0.5054,0.1615,185.8425725294435,221,0
S_231,2023-07-01,51.06,17.01,0.493,-0.4867,0.1105,185.8425725294435,221,0
S_231,2023-08-01,51.06,17.01,0.5166,-0.4946,0.1148,185.8425725294435,221,0
S_231,2023-09-01,51.06,17.01,0.544,-0.5242,0.1573,185.8425725294435,221,0
S_231,2023-10-01,51.06,17.01,0.5005,-0.4886,0.108,185.8425725294435,221,0
S_231,2023-11-01,51.06,17.01,0.3395,-0.3348,0.0851,185.8425725294435,221,0
S_231,2023-12-01,51.06,17.01,0.3742,-0.3943,0.0269,185.8425725294435,221,0
S_231,2024-01-01,51.06,17.01,0.1806,-0.1967,0.4408,185.8425725294435,221,0
S_231,2024-02-01,51.06,17.01,0.3629,-0.4236,-0.0592,185.8425725294435,221,0
S_231,2024-03-01,51.06,17.01,0.4444,-0.4392,0.1075,185.8425725294435,221,0
S_231,2024-04-01,51.06,17.01,0.4853,-0.4611,0.1287,185.8425725294435,221,0
S_231,2024-05-01,51.06,17.01,0.4981,-0.4866,0.1255,185.8425725294435,221,0
S_231,2024-06-01,51.06,17.01,0.502,-0.485,0.1201,185.8425725294435,221,0
S_231,2024-07-01,51.06,17.01,0.5059,-0.4926,0.1129,185.8425725294435,221,0
S_231,2024-08-01,51.06,17.01,0.5166,-0.498,0.1285,185.8425725294435,221,0
S_231,2024-09-01,51.06,17.01,0.5272,-0.5204,0.1399,185.8425725294435,221,0
S_231,2024-10-01,51.06,17.01,0.4758,-0.493,0.0857,185.8425725294435,221,0
S_231,2024-11-01,51.06,17.01,0.3931,-0.4146,0.0667,185.8425725294435,221,0
S_231,2024-12-01,51.06,17.01,0.321,-0.3359,0.0743,185.8425725294435,221,0
S_231,2025-01-01,51.06,17.01,0.3708,-0.4351,0.034,185.8425725294435,221,0
S_231,2025-02-01,51.06,17.01,0.3365,-0.3968,0.0001,185.8425725294435,221,0
S_231,2025-03-01,51.06,17.01,0.3352,-0.3903,-0.0181,185.8425725294435,221,0
S_231,2025-04-01,51.06,17.01,0.5188,-0.4939,0.1533,185.8425725294435,221,0
S_231,2025-05-01,51.06,17.01,0.4954,-0.4689,0.1601,185.8425725294435,221,0
S_231,2025-06-01,51.06,17.01,0.5311,-0.5194,0.1567,185.8425725294435,221,0
S_231,2025-07-01,51.06,17.01,0.5027,-0.4933,0.1336,185.8425725294435,221,0
S_231,2025-08-01,51.06,17.01,0.5112,-0.4922,0.131,185.8425725294435,221,0
S_231,2025-09-01,51.06,17.01,0.517,-0.5026,0.1376,185.8425725294435,221,0
S_231,2025-10-01,51.06,17.01,0.4838,-0.4932,0.1084,185.8425725294435,221,0
S_231,2025-11-01,51.06,17.01,0.4506,-0.4838,0.0792,185.8425725294435,221,0
S_231,2025-12-01,51.06,17.01,0.4258,-0.4898,0.0407,185.8425725294435,221,0
S_231,2026-01-01,51.06,17.01,0.3531,-0.4308,0.0151,185.8425725294435,221,0
S_231,2026-02-01,51.06,17.01,0.3108,-0.3873,-0.0592,185.8425725294435,221,0
S_231,2026-03-01,51.06,17.01,0.3289,-0.4078,-0.0396,185.8425725294435,221,0
S_233,2023-06-01,51.1,17.01,0.438,-0.4318,0.1296,739.3658417430682,357,0
S_233,2023-07-01,51.1,17.01,0.4122,-0.4156,0.0841,739.3658417430682,357,0
S_233,2023-08-01,51.1,17.01,0.4134,-0.4057,0.0717,739.3658417430682,357,0
S_233,2023-09-01,51.1,17.01,0.4427,-0.4334,0.1081,739.3658417430682,357,0
S_233,2023-10-01,51.1,17.01,0.4057,-0.4037,0.0664,739.3658417430682,357,0
S_233,2023-11-01,51.1,17.01,0.257,-0.2573,-0.0012,739.3658417430682,357,0
S_233,2023-12-01,51.1,17.01,0.2082,-0.2164,-0.0856,739.3658417430682,357,0
S_233,2024-01-01,51.1,17.01,0.0988,-0.1138,0.3504,739.3658417430682,357,0
S_233,2024-02-01,51.1,17.01,0.2001,-0.2365,-0.0815,739.3658417430682,357,0
S_233,2024-03-01,51.1,17.01,0.2864,-0.2907,0.0202,739.3658417430682,357,0
S_233,2024-04-01,51.1,17.01,0.4135,-0.3748,0.1192,739.3658417430682,357,0
S_233,2024-05-01,51.1,17.01,0.4216,-0.4173,0.103,739.3658417430682,357,0
S_233,2024-06-01,51.1,17.01,0.4109,-0.3967,0.1082,739.3658417430682,357,0
S_233,2024-07-01,51.1,17.01,0.4264,-0.4208,0.0936,739.3658417430682,357,0
S_233,2024-08-01,51.1,17.01,0.4335,-0.4222,0.0998,739.3658417430682,357,0
S_233,2024-09-01,51.1,17.01,0.4356,-0.4376,0.0923,739.3658417430682,357,0
S_233,2024-10-01,51.1,17.01,0.3501,-0.3715,0.0173,739.3658417430682,357,0
S_233,2024-11-01,51.1,17.01,0.24,-0.2548,-0.0119,739.3658417430682,357,0
S_233,2024-12-01,51.1,17.01,0.1693,-0.1764,-0.043,739.3658417430682,357,0
S_233,2025-01-01,51.1,17.01,0.2269,-0.2838,-0.0702,739.3658417430682,357,0
S_233,2025-02-01,51.1,17.01,0.2147,-0.2677,-0.0728,739.3658417430682,357,0
S_233,2025-03-01,51.1,17.01,0.2347,-0.281,-0.057,739.3658417430682,357,0
S_233,2025-04-01,51.1,17.01,0.4413,-0.4184,0.1174,739.3658417430682,357,0
S_233,2025-05-01,51.1,17.01,0.4119,-0.3865,0.1275,739.3658417430682,357,0
S_233,2025-06-01,51.1,17.01,0.4495,-0.4496,0.1224,739.3658417430682,357,0
S_233,2025-07-01,51.1,17.01,0.4242,-0.4253,0.1055,739.3658417430682,357,0
S_233,2025-08-01,51.1,17.01,0.423,-0.4171,0.0854,739.3658417430682,357,0
S_233,2025-09-01,51.1,17.01,0.4258,-0.4195,0.0912,739.3658417430682,357,0
S_233,2025-10-01,51.1,17.01,0.2975,-0.2648,0.1066,739.3658417430682,357,0
S_233,2025-11-01,51.1,17.01,0.3093,-0.3451,-0.032,739.3658417430682,357,0
S_233,2025-12-01,51.1,17.01,0.2829,-0.3366,-0.081,739.3658417430682,357,0
S_233,2026-01-01,51.1,17.01,0.2392,-0.3145,-0.088,739.3658417430682,357,0
S_233,2026-02-01,51.1,17.01,0.2054,-0.2736,-0.1169,739.3658417430682,357,0
S_233,2026-03-01,51.1,17.01,0.2165,-0.2912,-0.1095,739.3658417430682,357,0
S_236,2023-06-01,51.16,17.01,0.6316,-0.5858,0.2459,47.96600225330634,194,0
S_236,2023-07-01,51.16,17.01,0.6092,-0.5708,0.1782,47.96600225330634,194,0
S_236,2023-08-01,51.16,17.01,0.6073,-0.5545,0.1487,47.96600225330634,194,0
S_236,2023-09-01,51.16,17.01,0.6398,-0.5896,0.195,47.96600225330634,194,0
S_236,2023-10-01,51.16,17.01,0.5882,-0.5476,0.1481,47.96600225330634,194,0
S_236,2023-11-01,51.16,17.01,0.4695,-0.4869,0.0564,47.96600225330634,194,0
S_236,2023-12-01,51.16,17.01,0.3851,-0.4196,-0.0146,47.96600225330634,194,0
S_236,2024-01-01,51.16,17.01,0.2661,-0.3175,0.2155,47.96600225330634,194,0
S_236,2024-02-01,51.16,17.01,0.3155,-0.3894,-0.0594,47.96600225330634,194,0
S_236,2024-03-01,51.16,17.01,0.3949,-0.3912,0.0286,47.96600225330634,194,0
S_236,2024-04-01,51.16,17.01,0.2142,-0.1988,0.0483,47.96600225330634,194,0
S_236,2024-05-01,51.16,17.01,0.599,-0.5505,0.1799,47.96600225330634,194,0
S_236,2024-06-01,51.16,17.01,0.6166,-0.5524,0.2205,47.96600225330634,194,0
S_236,2024-07-01,51.16,17.01,0.6084,-0.5599,0.1452,47.96600225330634,194,0
S_236,2024-08-01,51.16,17.01,0.6105,-0.5606,0.1513,47.96600225330634,194,0
S_236,2024-09-01,51.16,17.01,0.6272,-0.5869,0.1602,47.96600225330634,194,0
S_236,2024-10-01,51.16,17.01,0.5171,-0.529,0.0598,47.96600225330634,194,0
S_236,2024-11-01,51.16,17.01,0.4357,-0.4713,0.0013,47.96600225330634,194,0
S_236,2024-12-01,51.16,17.01,0.3379,-0.3661,0.0182,47.96600225330634,194,0
S_236,2025-01-01,51.16,17.01,0.3723,-0.454,-0.0371,47.96600225330634,194,0
S_236,2025-02-01,51.16,17.01,0.3214,-0.398,-0.0638,47.96600225330634,194,0
S_236,2025-03-01,51.16,17.01,0.3178,-0.3882,-0.0915,47.96600225330634,194,0
S_236,2025-04-01,51.16,17.01,0.6175,-0.5515,0.1885,47.96600225330634,194,0
S_236,2025-05-01,51.16,17.01,0.61,-0.5393,0.2048,47.96600225330634,194,0
S_236,2025-06-01,51.16,17.01,0.6131,-0.5811,0.192,47.96600225330634,194,0
S_236,2025-07-01,51.16,17.01,-0.0013,0.0159,-0.1098,47.96600225330634,194,0
S_236,2025-08-01,51.16,17.01,0.6198,-0.5679,0.1801,47.96600225330634,194,0
S_236,2025-09-01,51.16,17.01,0.6189,-0.5736,0.173,47.96600225330634,194,0
S_236,2025-10-01,51.16,17.01,0.3977,-0.3549,0.136,47.96600225330634,194,0
S_236,2025-11-01,51.16,17.01,0.4729,-0.5152,0.0471,47.96600225330634,194,0
S_236,2025-12-01,51.16,17.01,0.4188,-0.4955,0.0166,47.96600225330634,194,0
S_236,2026-01-01,51.16,17.01,0.3635,-0.4623,-0.038,47.96600225330634,194,0
S_236,2026-02-01,51.16,17.01,0.3004,-0.3985,-0.1328,47.96600225330634,194,0
S_236,2026-03-01,51.16,17.01,0.3221,-0.4262,-0.0956,47.96600225330634,194,0
S_238,2023-06-01,51.2,17.01,0.5892,-0.5718,0.2241,522.3469551576198,0,0
S_238,2023-07-01,51.2,17.01,0.5721,-0.5753,0.1592,522.3469551576198,0,0
S_238,2023-08-01,51.2,17.01,0.5361,-0.5242,0.0807,522.3469551576198,0,0
S_238,2023-09-01,51.2,17.01,0.5521,-0.5358,0.1112,522.3469551576198,0,0
S_238,2023-10-01,51.2,17.01,0.5089,-0.5061,0.0607,522.3469551576198,0,0
S_238,2023-11-01,51.2,17.01,0.5182,-0.5386,0.0859,522.3469551576198,0,0
S_238,2023-12-01,51.2,17.01,0.4501,-0.465,0.0948,522.3469551576198,0,0
S_238,2024-01-01,51.2,17.01,0.3332,-0.3812,0.2106,522.3469551576198,0,0
S_238,2024-02-01,51.2,17.01,0.3895,-0.4273,0.0258,522.3469551576198,0,0
S_238,2024-03-01,51.2,17.01,0.4576,-0.4608,0.0636,522.3469551576198,0,0
S_238,2024-04-01,51.2,17.01,0.5632,-0.5328,0.176,522.3469551576198,0,0
S_238,2024-05-01,51.2,17.01,0.571,-0.5513,0.1914,522.3469551576198,0,0
S_238,2024-06-01,51.2,17.01,0.5774,-0.5298,0.1827,522.3469551576198,0,0
S_238,2024-07-01,51.2,17.01,0.5563,-0.5443,0.0847,522.3469551576198,0,0
S_238,2024-08-01,51.2,17.01,0.5681,-0.5463,0.1157,522.3469551576198,0,0
S_238,2024-09-01,51.2,17.01,0.5065,-0.5221,0.0452,522.3469551576198,0,0
S_238,2024-10-01,51.2,17.01,0.4323,-0.4774,-0.0104,522.3469551576198,0,0
S_238,2024-11-01,51.2,17.01,0.3834,-0.4153,0.0243,522.3469551576198,0,0
S_238,2024-12-01,51.2,17.01,0.3617,-0.3762,0.0782,522.3469551576198,0,0
S_238,2025-01-01,51.2,17.01,0.4048,-0.4609,0.0332,522.3469551576198,0,0
S_238,2025-02-01,51.2,17.01,0.3594,-0.4208,-0.0025,522.3469551576198,0,0
S_238,2025-03-01,51.2,17.01,0.3844,-0.4324,-0.0337,522.3469551576198,0,0
S_238,2025-04-01,51.2,17.01,0.5952,-0.575,0.1981,522.3469551576198,0,0
S_238,2025-05-01,51.2,17.01,0.5857,-0.5619,0.2029,522.3469551576198,0,0
S_238,2025-06-01,51.2,17.01,0.627,-0.6057,0.2196,522.3469551576198,0,0
S_238,2025-07-01,51.2,17.01,0.58,-0.5736,0.1545,522.3469551576198,0,0
S_238,2025-08-01,51.2,17.01,0.533,-0.5415,0.0894,522.3469551576198,0,0
S_238,2025-09-01,51.2,17.01,0.5608,-0.5465,0.1075,522.3469551576198,0,0
S_238,2025-10-01,51.2,17.01,0.3778,-0.3648,0.1259,522.3469551576198,0,0
S_238,2025-11-01,51.2,17.01,0.4812,-0.5188,0.038,522.3469551576198,0,0
S_238,2025-12-01,51.2,17.01,0.432,-0.4912,0.0978,522.3469551576198,0,0
S_238,2026-01-01,51.2,17.01,0.3765,-0.4726,-0.0068,522.3469551576198,0,0
S_238,2026-02-01,51.2,17.01,0.3137,-0.4077,-0.0995,522.3469551576198,0,0
S_238,2026-03-01,51.2,17.01,0.3267,-0.4286,-0.0794,522.3469551576198,0,0
S_24,2023-06-01,51.12,16.73,0.7759,-0.7185,0.4749,5810.251733180315,0,0
S_24,2023-07-01,51.12,16.73,0.4371,-0.5052,0.0894,5810.251733180315,0,0
S_24,2023-08-01,51.12,16.73,0.4472,-0.4746,0.0014,5810.251733180315,0,0
S_24,2023-09-01,51.12,16.73,0.4732,-0.4991,0.0554,5810.251733180315,0,0
S_24,2023-10-01,51.12,16.73,0.4823,-0.5029,0.0405,5810.251733180315,0,0
S_24,2023-11-01,51.12,16.73,0.603,-0.6081,0.2169,5810.251733180315,0,0
S_24,2023-12-01,51.12,16.73,0.4217,-0.4083,0.2349,5810.251733180315,0,0
S_24,2024-01-01,51.12,16.73,0.3452,-0.3801,0.3241,5810.251733180315,0,0
S_24,2024-02-01,51.12,16.73,0.5271,-0.5728,0.1617,5810.251733180315,0,0
S_24,2024-03-01,51.12,16.73,0.5997,-0.597,0.2547,5810.251733180315,0,0
S_24,2024-04-01,51.12,16.73,0.6723,-0.6212,0.3477,5810.251733180315,0,0
S_24,2024-05-01,51.12,16.73,0.6832,-0.6269,0.3807,5810.251733180315,0,0
S_24,2024-06-01,51.12,16.73,0.6378,-0.5671,0.2767,5810.251733180315,0,0
S_24,2024-07-01,51.12,16.73,0.4156,-0.4348,-0.0099,5810.251733180315,0,0
S_24,2024-08-01,51.12,16.73,0.5866,-0.5485,0.1774,5810.251733180315,0,0
S_24,2024-09-01,51.12,16.73,0.5277,-0.5199,0.0736,5810.251733180315,0,0
S_24,2024-10-01,51.12,16.73,0.5439,-0.5374,0.1081,5810.251733180315,0,0
S_24,2024-11-01,51.12,16.73,0.6272,-0.5807,0.2138,5810.251733180315,0,0
S_24,2024-12-01,51.12,16.73,0.552,-0.4997,0.2608,5810.251733180315,0,0
S_24,2025-01-01,51.12,16.73,0.6302,-0.6117,0.2527,5810.251733180315,0,0
S_24,2025-02-01,51.12,16.73,0.2701,-0.2816,0.6042,5810.251733180315,0,0
S_24,2025-03-01,51.12,16.73,0.6197,-0.5962,0.2144,5810.251733180315,0,0
S_24,2025-04-01,51.12,16.73,0.6899,-0.6519,0.2871,5810.251733180315,0,0
S_24,2025-05-01,51.12,16.73,0.7196,-0.6632,0.4257,5810.251733180315,0,0
S_24,2025-06-01,51.12,16.73,0.5527,-0.5769,0.2361,5810.251733180315,0,0
S_24,2025-07-01,51.12,16.73,0.4293,-0.4709,0.0276,5810.251733180315,0,0
S_24,2025-08-01,51.12,16.73,0.4933,-0.5073,0.0171,5810.251733180315,0,0
S_24,2025-09-01,51.12,16.73,0.4069,-0.4691,-0.026,5810.251733180315,0,0
S_24,2025-10-01,51.12,16.73,0.4529,-0.5029,0.0057,5810.251733180315,0,0
S_24,2025-11-01,51.12,16.73,0.4989,-0.5367,0.0374,5810.251733180315,0,0
S_24,2025-12-01,51.12,16.73,0.5183,-0.5381,0.1295,5810.251733180315,0,0
S_24,2026-01-01,51.12,16.73,0.1195,-0.115,0.5979,5810.251733180315,0,0
S_24,2026-02-01,51.12,16.73,0.3685,-0.4441,-0.0481,5810.251733180315,0,0
S_24,2026-03-01,51.12,16.73,0.3726,-0.4385,-0.0479,5810.251733180315,0,0
S_240,2023-06-01,51.24,17.01,0.6359,-0.6125,0.2883,4320.154486873881,0,0
S_240,2023-07-01,51.24,17.01,0.4774,-0.5269,0.0869,4320.154486873881,0,0
S_240,2023-08-01,51.24,17.01,0.4405,-0.471,-0.0148,4320.154486873881,0,0
S_240,2023-09-01,51.24,17.01,0.5398,-0.5309,0.0698,4320.154486873881,0,0
S_240,2023-10-01,51.24,17.01,0.455,-0.4551,0.0369,4320.154486873881,0,0
S_240,2023-11-01,51.24,17.01,0.5437,-0.5342,0.0984,4320.154486873881,0,0
S_240,2023-12-01,51.24,17.01,0.4681,-0.4591,0.0842,4320.154486873881,0,0
S_240,2024-01-01,51.24,17.01,0.342,-0.3949,0.1186,4320.154486873881,0,0
S_240,2024-02-01,51.24,17.01,0.3677,-0.4054,-0.0172,4320.154486873881,0,0
S_240,2024-03-01,51.24,17.01,0.4384,-0.4512,0.0406,4320.154486873881,0,0
S_240,2024-04-01,51.24,17.01,0.5091,-0.4971,0.0985,4320.154486873881,0,0
S_240,2024-05-01,51.24,17.01,0.546,-0.5413,0.1469,4320.154486873881,0,0
S_240,2024-06-01,51.24,17.01,0.5981,-0.5411,0.2372,4320.154486873881,0,0
S_240,2024-07-01,51.24,17.01,0.521,-0.5272,0.0773,4320.154486873881,0,0
S_240,2024-08-01,51.24,17.01,0.5427,-0.538,0.1039,4320.154486873881,0,0
S_240,2024-09-01,51.24,17.01,0.5376,-0.5401,0.0823,4320.154486873881,0,0
S_240,2024-10-01,51.24,17.01,0.4442,-0.4855,-0.0233,4320.154486873881,0,0
S_240,2024-11-01,51.24,17.01,0.4128,-0.4252,0.0265,4320.154486873881,0,0
S_240,2024-12-01,51.24,17.01,0.3759,-0.3861,0.0455,4320.154486873881,0,0
S_240,2025-01-01,51.24,17.01,0.4082,-0.4622,0.0217,4320.154486873881,0,0
S_240,2025-02-01,51.24,17.01,0.3608,-0.4292,-0.035,4320.154486873881,0,0
S_240,2025-03-01,51.24,17.01,0.3404,-0.3987,-0.0764,4320.154486873881,0,0
S_240,2025-04-01,51.24,17.01,0.5534,-0.5449,0.1463,4320.154486873881,0,0
S_240,2025-05-01,51.24,17.01,0.5465,-0.5315,0.157,4320.154486873881,0,0
S_240,2025-06-01,51.24,17.01,0.6403,-0.6164,0.2352,4320.154486873881,0,0
S_240,2025-07-01,51.24,17.01,0.5506,-0.554,0.183,4320.154486873881,0,0
S_240,2025-08-01,51.24,17.01,0.5067,-0.531,0.0653,4320.154486873881,0,0
S_240,2025-09-01,51.24,17.01,0.4564,-0.4872,0.0064,4320.154486873881,0,0
S_240,2025-10-01,51.24,17.01,0.3217,-0.3321,0.0471,4320.154486873881,0,0
S_240,2025-11-01,51.24,17.01,0.4424,-0.4851,0.0043,4320.154486873881,0,0
S_240,2025-12-01,51.24,17.01,0.4377,-0.4674,0.0753,4320.154486873881,0,0
S_240,2026-01-01,51.24,17.01,0.3613,-0.4424,0.0042,4320.154486873881,0,0
S_240,2026-02-01,51.24,17.01,0.3348,-0.4128,-0.0812,4320.154486873881,0,0
S_240,2026-03-01,51.24,17.01,0.3548,-0.4368,-0.0731,4320.154486873881,0,0
S_242,2023-06-01,50.98,17.03,0.5664,-0.5543,0.1209,6980.9290012326765,0,0
S_242,2023-07-01,50.98,17.03,0.672,-0.6223,0.2838,6980.9290012326765,0,0
S_242,2023-08-01,50.98,17.03,0.6804,-0.6368,0.2456,6980.9290012326765,0,0
S_242,2023-09-01,50.98,17.03,0.7,-0.6567,0.2757,6980.9290012326765,0,0
S_242,2023-10-01,50.98,17.03,0.6703,-0.6274,0.1672,6980.9290012326765,0,0
S_242,2023-11-01,50.98,17.03,0.541,-0.5214,0.1468,6980.9290012326765,0,0
S_242,2023-12-01,50.98,17.03,0.4017,-0.4474,-0.009,6980.9290012326765,0,0
S_242,2024-01-01,50.98,17.03,0.146,-0.1723,0.5481,6980.9290012326765,0,0
S_242,2024-02-01,50.98,17.03,0.4123,-0.6558,-0.1522,6980.9290012326765,0,0
S_242,2024-03-01,50.98,17.03,0.3925,-0.4137,-0.0475,6980.9290012326765,0,0
S_242,2024-04-01,50.98,17.03,0.3414,-0.4007,-0.142,6980.9290012326765,0,0
S_242,2024-05-01,50.98,17.03,0.4581,-0.4831,-0.0126,6980.9290012326765,0,0
S_242,2024-06-01,50.98,17.03,0.6188,-0.5823,0.108,6980.9290012326765,0,0
S_242,2024-07-01,50.98,17.03,0.6783,-0.6472,0.2189,6980.9290012326765,0,0
S_242,2024-08-01,50.98,17.03,0.6856,-0.644,0.2221,6980.9290012326765,0,0
S_242,2024-09-01,50.98,17.03,0.4402,-0.508,-0.0434,6980.9290012326765,0,0
S_242,2024-10-01,50.98,17.03,0.3437,-0.4404,-0.1787,6980.9290012326765,0,0
S_242,2024-11-01,50.98,17.03,0.4527,-0.4911,-0.0833,6980.9290012326765,0,0
S_242,2024-12-01,50.98,17.03,0.3902,-0.3869,0.0314,6980.9290012326765,0,0
S_242,2025-01-01,50.98,17.03,0.4683,-0.5181,-0.0067,6980.9290012326765,0,0
S_242,2025-02-01,50.98,17.03,0.4616,-0.5105,-0.0539,6980.9290012326765,0,0
S_242,2025-03-01,50.98,17.03,0.4945,-0.5119,-0.0184,6980.9290012326765,0,0
S_242,2025-04-01,50.98,17.03,0.6958,-0.6566,0.2668,6980.9290012326765,0,0
S_242,2025-05-01,50.98,17.03,0.6862,-0.6447,0.2712,6980.9290012326765,0,0
S_242,2025-06-01,50.98,17.03,0.7251,-0.6749,0.402,6980.9290012326765,0,0
S_242,2025-07-01,50.98,17.03,0.6253,-0.5943,0.3403,6980.9290012326765,0,0
S_242,2025-08-01,50.98,17.03,0.4368,-0.4833,0.0251,6980.9290012326765,0,0
S_242,2025-09-01,50.98,17.03,0.5239,-0.5198,0.0001,6980.9290012326765,0,0
S_242,2025-10-01,50.98,17.03,0.6062,-0.5684,0.1058,6980.9290012326765,0,0
S_242,2025-11-01,50.98,17.03,0.6884,-0.6171,0.2114,6980.9290012326765,0,0
S_242,2025-12-01,50.98,17.03,0.6142,-0.6092,0.1684,6980.9290012326765,0,0
S_242,2026-01-01,50.98,17.03,0.4441,-0.5309,-0.0732,6980.9290012326765,0,0
S_242,2026-02-01,50.98,17.03,0.3252,-0.4365,-0.2214,6980.9290012326765,0,0
S_242,2026-03-01,50.98,17.03,0.342,-0.4556,-0.2075,6980.9290012326765,0,0
S_243,2023-06-01,51.0,17.03,0.4742,-0.4975,-0.0306,4756.164058545855,0,0
S_243,2023-07-01,51.0,17.03,0.6919,-0.6708,0.2753,4756.164058545855,0,0
S_243,2023-08-01,51.0,17.03,0.6976,-0.6549,0.2291,4756.164058545855,0,0
S_243,2023-09-01,51.0,17.03,0.6999,-0.6623,0.2341,4756.164058545855,0,0
S_243,2023-10-01,51.0,17.03,0.5321,-0.5466,-0.0013,4756.164058545855,0,0
S_243,2023-11-01,51.0,17.03,0.2299,-0.3188,-0.1206,4756.164058545855,0,0
S_243,2023-12-01,51.0,17.03,0.2931,-0.3595,-0.1644,4756.164058545855,0,0
S_243,2024-01-01,51.0,17.03,0.0905,-0.1246,0.5528,4756.164058545855,0,0
S_243,2024-02-01,51.0,17.03,0.4178,-0.742,-0.2331,4756.164058545855,0,0
S_243,2024-03-01,51.0,17.03,0.3541,-0.372,-0.1535,4756.164058545855,0,0
S_243,2024-04-01,51.0,17.03,0.443,-0.4697,-0.0389,4756.164058545855,0,0
S_243,2024-05-01,51.0,17.03,0.418,-0.4611,-0.1017,4756.164058545855,0,0
S_243,2024-06-01,51.0,17.03,0.657,-0.5975,0.1716,4756.164058545855,0,0
S_243,2024-07-01,51.0,17.03,0.7095,-0.6562,0.2959,4756.164058545855,0,0
S_243,2024-08-01,51.0,17.03,0.7153,-0.653,0.3054,4756.164058545855,0,0
S_243,2024-09-01,51.0,17.03,0.5461,-0.5509,0.0744,4756.164058545855,0,0
S_243,2024-10-01,51.0,17.03,0.4826,-0.5272,-0.0422,4756.164058545855,0,0
S_243,2024-11-01,51.0,17.03,0.3899,-0.4564,-0.1567,4756.164058545855,0,0
S_243,2024-12-01,51.0,17.03,0.317,-0.3254,-0.0285,4756.164058545855,0,0
S_243,2025-01-01,51.0,17.03,0.4088,-0.4819,-0.0741,4756.164058545855,0,0
S_243,2025-02-01,51.0,17.03,0.4191,-0.4789,-0.1325,4756.164058545855,0,0
S_243,2025-03-01,51.0,17.03,0.4821,-0.5009,-0.0644,4756.164058545855,0,0
S_243,2025-04-01,51.0,17.03,0.7418,-0.6891,0.3565,4756.164058545855,0,0
S_243,2025-05-01,51.0,17.03,0.7245,-0.6731,0.3556,4756.164058545855,0,0
S_243,2025-06-01,51.0,17.03,0.7029,-0.6562,0.393,4756.164058545855,0,0
S_243,2025-07-01,51.0,17.03,0.5501,-0.5509,0.3032,4756.164058545855,0,0
S_243,2025-08-01,51.0,17.03,0.3695,-0.4419,-0.0471,4756.164058545855,0,0
S_243,2025-09-01,51.0,17.03,0.4332,-0.4599,-0.1047,4756.164058545855,0,0
S_243,2025-10-01,51.0,17.03,0.5132,-0.5082,-0.0079,4756.164058545855,0,0
S_243,2025-11-01,51.0,17.03,0.5933,-0.5565,0.0888,4756.164058545855,0,0
S_243,2025-12-01,51.0,17.03,0.5684,-0.5713,0.1272,4756.164058545855,0,0
S_243,2026-01-01,51.0,17.03,0.3809,-0.5035,-0.1177,4756.164058545855,0,0
S_243,2026-02-01,51.0,17.03,0.2809,-0.4073,-0.2346,4756.164058545855,0,0
S_243,2026-03-01,51.0,17.03,0.2976,-0.4265,-0.2218,4756.164058545855,0,0
S_246,2023-06-01,51.06,17.03,0.5467,-0.526,0.17,168.58167701773638,168,0
S_246,2023-07-01,51.06,17.03,0.5342,-0.5168,0.1396,168.58167701773638,168,0
S_246,2023-08-01,51.06,17.03,0.5418,-0.5138,0.1276,168.58167701773638,168,0
S_246,2023-09-01,51.06,17.03,0.5706,-0.5466,0.1707,168.58167701773638,168,0
S_246,2023-10-01,51.06,17.03,0.53,-0.5148,0.1192,168.58167701773638,168,0
S_246,2023-11-01,51.06,17.03,0.4139,-0.4048,0.1154,168.58167701773638,168,0
S_246,2023-12-01,51.06,17.03,0.3886,-0.4148,0.0282,168.58167701773638,168,0
S_246,2024-01-01,51.06,17.03,0.1838,-0.2004,0.4606,168.58167701773638,168,0
S_246,2024-02-01,51.06,17.03,0.3735,-0.46,-0.0717,168.58167701773638,168,0
S_246,2024-03-01,51.06,17.03,0.3952,-0.404,0.048,168.58167701773638,168,0
S_246,2024-04-01,51.06,17.03,0.5796,-0.5304,0.1729,168.58167701773638,168,0
S_246,2024-05-01,51.06,17.03,0.5225,-0.5062,0.1309,168.58167701773638,168,0
S_246,2024-06-01,51.06,17.03,0.5346,-0.51,0.1371,168.58167701773638,168,0
S_246,2024-07-01,51.06,17.03,0.5454,-0.5215,0.1389,168.58167701773638,168,0
S_246,2024-08-01,51.06,17.03,0.5516,-0.5242,0.1488,168.58167701773638,168,0
S_246,2024-09-01,51.06,17.03,0.56,-0.5469,0.1565,168.58167701773638,168,0
S_246,2024-10-01,51.06,17.03,0.4875,-0.5107,0.0755,168.58167701773638,168,0
S_246,2024-11-01,51.06,17.03,0.3671,-0.3865,0.0768,168.58167701773638,168,0
S_246,2024-12-01,51.06,17.03,0.3369,-0.3473,0.0838,168.58167701773638,168,0
S_246,2025-01-01,51.06,17.03,0.3841,-0.4445,0.0423,168.58167701773638,168,0
S_246,2025-02-01,51.06,17.03,0.3618,-0.4201,0.0065,168.58167701773638,168,0
S_246,2025-03-01,51.06,17.03,0.3517,-0.4065,-0.0225,168.58167701773638,168,0
S_246,2025-04-01,51.06,17.03,0.5363,-0.51,0.1467,168.58167701773638,168,0
S_246,2025-05-01,51.06,17.03,0.4732,-0.453,0.1376,168.58167701773638,168,0
S_246,2025-06-01,51.06,17.03,0.5708,-0.5481,0.1851,168.58167701773638,168,0
S_246,2025-07-01,51.06,17.03,0.5423,-0.5208,0.1612,168.58167701773638,168,0
S_246,2025-08-01,51.06,17.03,0.5405,-0.5146,0.1487,168.58167701773638,168,0
S_246,2025-09-01,51.06,17.03,0.5454,-0.5255,0.1521,168.58167701773638,168,0
S_246,2025-10-01,51.06,17.03,0.5088,-0.5162,0.118,168.58167701773638,168,0
S_246,2025-11-01,51.06,17.03,0.4721,-0.5068,0.0839,168.58167701773638,168,0
S_246,2025-12-01,51.06,17.03,0.4569,-0.52,0.0607,168.58167701773638,168,0
S_246,2026-01-01,51.06,17.03,0.3767,-0.448,0.0473,168.58167701773638,168,0
S_246,2026-02-01,51.06,17.03,0.3367,-0.4101,-0.0519,168.58167701773638,168,0
S_246,2026-03-01,51.06,17.03,0.3567,-0.4327,-0.0332,168.58167701773638,168,0
S_248,2023-06-01,51.1,17.03,0.32,-0.3316,0.0654,1524.3718245292073,326,0
S_248,2023-07-01,51.1,17.03,0.3002,-0.3177,0.0352,1524.3718245292073,326,0
S_248,2023-08-01,51.1,17.03,0.2929,-0.3052,0.0153,1524.3718245292073,326,0
S_248,2023-09-01,51.1,17.03,0.3137,-0.3245,0.0416,1524.3718245292073,326,0
S_248,2023-10-01,51.1,17.03,0.2853,-0.3019,0.0012,1524.3718245292073,326,0
S_248,2023-11-01,51.1,17.03,0.1674,-0.1763,-0.0206,1524.3718245292073,326,0
S_248,2023-12-01,51.1,17.03,0.1105,-0.1113,-0.1236,1524.3718245292073,326,0
S_248,2024-01-01,51.1,17.03,0.0483,-0.0654,0.2894,1524.3718245292073,326,0
S_248,2024-02-01,51.1,17.03,0.1386,-0.175,-0.0708,1524.3718245292073,326,0
S_248,2024-03-01,51.1,17.03,0.1532,-0.1688,-0.0276,1524.3718245292073,326,0
S_248,2024-04-01,51.1,17.03,0.3804,-0.349,0.085,1524.3718245292073,326,0
S_248,2024-05-01,51.1,17.03,0.3077,-0.3197,0.0524,1524.3718245292073,326,0
S_248,2024-06-01,51.1,17.03,0.2968,-0.3026,0.0426,1524.3718245292073,326,0
S_248,2024-07-01,51.1,17.03,0.3044,-0.3193,0.0399,1524.3718245292073,326,0
S_248,2024-08-01,51.1,17.03,0.3054,-0.3167,0.0399,1524.3718245292073,326,0
S_248,2024-09-01,51.1,17.03,0.3019,-0.3221,0.0261,1524.3718245292073,326,0
S_248,2024-10-01,51.1,17.03,0.2168,-0.2516,-0.0487,1524.3718245292073,326,0
S_248,2024-11-01,51.1,17.03,0.1315,-0.1593,-0.0392,1524.3718245292073,326,0
S_248,2024-12-01,51.1,17.03,0.0736,-0.0799,-0.0681,1524.3718245292073,326,0
S_248,2025-01-01,51.1,17.03,0.1251,-0.1789,-0.094,1524.3718245292073,326,0
S_248,2025-02-01,51.1,17.03,0.1363,-0.183,-0.0743,1524.3718245292073,326,0
S_248,2025-03-01,51.1,17.03,0.155,-0.1965,-0.0625,1524.3718245292073,326,0
S_248,2025-04-01,51.1,17.03,0.3165,-0.3195,0.0632,1524.3718245292073,326,0
S_248,2025-05-01,51.1,17.03,0.3027,-0.2993,0.063,1524.3718245292073,326,0
S_248,2025-06-01,51.1,17.03,0.3191,-0.3395,0.0579,1524.3718245292073,326,0
S_248,2025-07-01,51.1,17.03,0.3066,-0.3254,0.0506,1524.3718245292073,326,0
S_248,2025-08-01,51.1,17.03,0.3013,-0.3158,0.0305,1524.3718245292073,326,0
S_248,2025-09-01,51.1,17.03,0.2932,-0.3035,0.0223,1524.3718245292073,326,0
S_248,2025-10-01,51.1,17.03,0.1977,-0.1773,0.0347,1524.3718245292073,326,0
S_248,2025-11-01,51.1,17.03,0.194,-0.2408,-0.0928,1524.3718245292073,326,0
S_248,2025-12-01,51.1,17.03,0.1797,-0.2209,-0.1126,1524.3718245292073,326,0
S_248,2026-01-01,51.1,17.03,0.1688,-0.2408,-0.1004,1524.3718245292073,326,0
S_248,2026-02-01,51.1,17.03,0.1247,-0.1863,-0.124,1524.3718245292073,326,0
S_248,2026-03-01,51.1,17.03,0.1398,-0.2078,-0.1215,1524.3718245292073,326,0
S_25,2023-06-01,51.14,16.73,0.6767,-0.6261,0.361,5412.525413426852,0,0
S_25,2023-07-01,51.14,16.73,0.5434,-0.566,0.1591,5412.525413426852,0,0
S_25,2023-08-01,51.14,16.73,0.5489,-0.5007,0.152,5412.525413426852,0,0
S_25,2023-09-01,51.14,16.73,0.5792,-0.5739,0.1116,5412.525413426852,0,0
S_25,2023-10-01,51.14,16.73,0.536,-0.5295,0.0631,5412.525413426852,0,0
S_25,2023-11-01,51.14,16.73,0.5379,-0.5724,0.0921,5412.525413426852,0,0
S_25,2023-12-01,51.14,16.73,0.3407,-0.3615,0.1398,5412.525413426852,0,0
S_25,2024-01-01,51.14,16.73,0.3597,-0.4112,0.2136,5412.525413426852,0,0
S_25,2024-02-01,51.14,16.73,0.4941,-0.5489,0.0801,5412.525413426852,0,0
S_25,2024-03-01,51.14,16.73,0.5661,-0.5798,0.1718,5412.525413426852,0,0
S_25,2024-04-01,51.14,16.73,0.6382,-0.6106,0.2634,5412.525413426852,0,0
S_25,2024-05-01,51.14,16.73,0.6387,-0.6135,0.291,5412.525413426852,0,0
S_25,2024-06-01,51.14,16.73,0.6111,-0.5606,0.226,5412.525413426852,0,0
S_25,2024-07-01,51.14,16.73,0.4956,-0.4902,0.0606,5412.525413426852,0,0
S_25,2024-08-01,51.14,16.73,0.5252,-0.5402,0.0224,5412.525413426852,0,0
S_25,2024-09-01,51.14,16.73,0.4692,-0.5013,0.0221,5412.525413426852,0,0
S_25,2024-10-01,51.14,16.73,0.4727,-0.5065,0.0099,5412.525413426852,0,0
S_25,2024-11-01,51.14,16.73,0.3808,-0.4332,0.0025,5412.525413426852,0,0
S_25,2024-12-01,51.14,16.73,0.3971,-0.4057,0.1182,5412.525413426852,0,0
S_25,2025-01-01,51.14,16.73,0.4801,-0.5343,0.1216,5412.525413426852,0,0
S_25,2025-02-01,51.14,16.73,0.2124,-0.2585,0.5132,5412.525413426852,0,0
S_25,2025-03-01,51.14,16.73,0.4672,-0.49,0.0757,5412.525413426852,0,0
S_25,2025-04-01,51.14,16.73,0.5386,-0.5468,0.1536,5412.525413426852,0,0
S_25,2025-05-01,51.14,16.73,0.5726,-0.5462,0.3062,5412.525413426852,0,0
S_25,2025-06-01,51.14,16.73,0.674,-0.6378,0.3091,5412.525413426852,0,0
S_25,2025-07-01,51.14,16.73,0.5029,-0.5015,0.0915,5412.525413426852,0,0
S_25,2025-08-01,51.14,16.73,0.5404,-0.5442,0.0981,5412.525413426852,0,0
S_25,2025-09-01,51.14,16.73,0.4645,-0.5024,0.0073,5412.525413426852,0,0
S_25,2025-10-01,51.14,16.73,0.4759,-0.5219,0.0232,5412.525413426852,0,0
S_25,2025-11-01,51.14,16.73,0.4873,-0.5415,0.039,5412.525413426852,0,0
S_25,2025-12-01,51.14,16.73,0.414,-0.4746,0.0723,5412.525413426852,0,0
S_25,2026-01-01,51.14,16.73,0.1589,-0.1677,0.6029,5412.525413426852,0,0
S_25,2026-02-01,51.14,16.73,0.3876,-0.4537,-0.0332,5412.525413426852,0,0
S_25,2026-03-01,51.14,16.73,0.3995,-0.4557,-0.0255,5412.525413426852,0,0
S_250,2023-06-01,51.14,17.03,0.3982,-0.3838,0.1168,587.7412940066755,456,0
S_250,2023-07-01,51.14,17.03,0.3773,-0.3688,0.0697,587.7412940066755,456,0
S_250,2023-08-01,51.14,17.03,0.3995,-0.3725,0.0742,587.7412940066755,456,0
S_250,2023-09-01,51.14,17.03,0.4123,-0.3914,0.1063,587.7412940066755,456,0
S_250,2023-10-01,51.14,17.03,0.3812,-0.366,0.0807,587.7412940066755,456,0
S_250,2023-11-01,51.14,17.03,0.3289,-0.3259,0.0738,587.7412940066755,456,0
S_250,2023-12-01,51.14,17.03,0.2146,-0.2141,-0.0156,587.7412940066755,456,0
S_250,2024-01-01,51.14,17.03,0.1186,-0.1443,0.2873,587.7412940066755,456,0
S_250,2024-02-01,51.14,17.03,0.2022,-0.2426,-0.0274,587.7412940066755,456,0
S_250,2024-03-01,51.14,17.03,0.3996,-0.4512,0.0793,587.7412940066755,456,0
S_250,2024-04-01,51.14,17.03,0.407,-0.3809,0.1194,587.7412940066755,456,0
S_250,2024-05-01,51.14,17.03,0.3713,-0.3578,0.0698,587.7412940066755,456,0
S_250,2024-06-01,51.14,17.03,0.3691,-0.3454,0.1144,587.7412940066755,456,0
S_250,2024-07-01,51.14,17.03,0.386,-0.3682,0.064,587.7412940066755,456,0
S_250,2024-08-01,51.14,17.03,0.4039,-0.3765,0.0962,587.7412940066755,456,0
S_250,2024-09-01,51.14,17.03,0.3756,-0.3827,0.1502,587.7412940066755,456,0
S_250,2024-10-01,51.14,17.03,0.3197,-0.3265,0.0207,587.7412940066755,456,0
S_250,2024-11-01,51.14,17.03,0.2562,-0.2506,0.0094,587.7412940066755,456,0
S_250,2024-12-01,51.14,17.03,0.1681,-0.1669,0.0106,587.7412940066755,456,0
S_250,2025-01-01,51.14,17.03,0.2031,-0.2453,-0.0229,587.7412940066755,456,0
S_250,2025-02-01,51.14,17.03,0.1938,-0.232,-0.0233,587.7412940066755,456,0
S_250,2025-03-01,51.14,17.03,0.21,-0.243,-0.0225,587.7412940066755,456,0
S_250,2025-04-01,51.14,17.03,0.3904,-0.3629,0.0974,587.7412940066755,456,0
S_250,2025-05-01,51.14,17.03,0.4184,-0.3882,0.1314,587.7412940066755,456,0
S_250,2025-06-01,51.14,17.03,0.3732,-0.3763,0.0712,587.7412940066755,456,0
S_250,2025-07-01,51.14,17.03,0.3698,-0.3711,0.0632,587.7412940066755,456,0
S_250,2025-08-01,51.14,17.03,0.3903,-0.3704,0.0798,587.7412940066755,456,0
S_250,2025-09-01,51.14,17.03,0.3743,-0.3557,0.0765,587.7412940066755,456,0
S_250,2025-10-01,51.14,17.03,0.2627,-0.24,0.0662,587.7412940066755,456,0
S_250,2025-11-01,51.14,17.03,0.2981,-0.3162,-0.013,587.7412940066755,456,0
S_250,2025-12-01,51.14,17.03,0.2688,-0.2871,-0.0281,587.7412940066755,456,0
S_250,2026-01-01,51.14,17.03,0.2214,-0.2831,-0.035,587.7412940066755,456,0
S_250,2026-02-01,51.14,17.03,0.1729,-0.2347,-0.0699,587.7412940066755,456,0
S_250,2026-03-01,51.14,17.03,0.1813,-0.2404,-0.0808,587.7412940066755,456,0
S_252,2023-06-01,51.18,17.03,0.6314,-0.5928,0.2676,253.34953180821336,6,0
S_252,2023-07-01,51.18,17.03,0.5625,-0.5565,0.1536,253.34953180821336,6,0
S_252,2023-08-01,51.18,17.03,0.5513,-0.5295,0.0963,253.34953180821336,6,0
S_252,2023-09-01,51.18,17.03,0.5897,-0.5628,0.1498,253.34953180821336,6,0
S_252,2023-10-01,51.18,17.03,0.5198,-0.5083,0.0852,253.34953180821336,6,0
S_252,2023-11-01,51.18,17.03,0.5105,-0.5182,0.0728,253.34953180821336,6,0
S_252,2023-12-01,51.18,17.03,0.4197,-0.4371,0.0353,253.34953180821336,6,0
S_252,2024-01-01,51.18,17.03,0.2975,-0.3455,0.2107,253.34953180821336,6,0
S_252,2024-02-01,51.18,17.03,0.3634,-0.4196,-0.0214,253.34953180821336,6,0
S_252,2024-03-01,51.18,17.03,0.4104,-0.4196,0.051,253.34953180821336,6,0
S_252,2024-04-01,51.18,17.03,0.4574,-0.4195,0.1234,253.34953180821336,6,0
S_252,2024-05-01,51.18,17.03,0.557,-0.5357,0.1561,253.34953180821336,6,0
S_252,2024-06-01,51.18,17.03,0.2393,-0.2793,0.0991,253.34953180821336,6,0
S_252,2024-07-01,51.18,17.03,0.5765,-0.5557,0.1257,253.34953180821336,6,0
S_252,2024-08-01,51.18,17.03,0.589,-0.5602,0.1415,253.34953180821336,6,0
S_252,2024-09-01,51.18,17.03,0.5756,-0.5675,0.1234,253.34953180821336,6,0
S_252,2024-10-01,51.18,17.03,0.4875,-0.5124,0.0357,253.34953180821336,6,0
S_252,2024-11-01,51.18,17.03,0.4202,-0.4592,0.0231,253.34953180821336,6,0
S_252,2024-12-01,51.18,17.03,0.3279,-0.3521,0.0508,253.34953180821336,6,0
S_252,2025-01-01,51.18,17.03,0.3726,-0.4493,-0.0027,253.34953180821336,6,0
S_252,2025-02-01,51.18,17.03,0.3261,-0.3904,-0.018,253.34953180821336,6,0
S_252,2025-03-01,51.18,17.03,0.3361,-0.4007,-0.0599,253.34953180821336,6,0
S_252,2025-04-01,51.18,17.03,0.5835,-0.548,0.1709,253.34953180821336,6,0
S_252,2025-05-01,51.18,17.03,0.5601,-0.5233,0.1684,253.34953180821336,6,0
S_252,2025-06-01,51.18,17.03,0.6233,-0.5923,0.2132,253.34953180821336,6,0
S_252,2025-07-01,51.18,17.03,0.6021,-0.5747,0.1794,253.34953180821336,6,0
S_252,2025-08-01,51.18,17.03,0.5809,-0.5571,0.1456,253.34953180821336,6,0
S_252,2025-09-01,51.18,17.03,0.594,-0.5644,0.1544,253.34953180821336,6,0
S_252,2025-10-01,51.18,17.03,0.4438,-0.4166,0.1404,253.34953180821336,6,0
S_252,2025-11-01,51.18,17.03,0.4885,-0.5245,0.052,253.34953180821336,6,0
S_252,2025-12-01,51.18,17.03,0.4294,-0.49,0.0712,253.34953180821336,6,0
S_252,2026-01-01,51.18,17.03,0.3739,-0.4597,0.0118,253.34953180821336,6,0
S_252,2026-02-01,51.18,17.03,0.3194,-0.4075,-0.093,253.34953180821336,6,0
S_252,2026-03-01,51.18,17.03,0.3345,-0.4267,-0.06,253.34953180821336,6,0
S_254,2023-06-01,51.22,17.03,0.5932,-0.5689,0.2497,3149.442431326004,0,0
S_254,2023-07-01,51.22,17.03,0.5314,-0.5534,0.1359,3149.442431326004,0,0
S_254,2023-08-01,51.22,17.03,0.5387,-0.5294,0.0964,3149.442431326004,0,0
S_254,2023-09-01,51.22,17.03,0.5965,-0.5701,0.1503,3149.442431326004,0,0
S_254,2023-10-01,51.22,17.03,0.4965,-0.4875,0.0824,3149.442431326004,0,0
S_254,2023-11-01,51.22,17.03,0.5131,-0.5288,0.0682,3149.442431326004,0,0
S_254,2023-12-01,51.22,17.03,0.4268,-0.4416,0.0725,3149.442431326004,0,0
S_254,2024-01-01,51.22,17.03,0.3146,-0.3734,0.1257,3149.442431326004,0,0
S_254,2024-02-01,51.22,17.03,0.4025,-0.432,0.0076,3149.442431326004,0,0
S_254,2024-03-01,51.22,17.03,0.4164,-0.4156,0.0323,3149.442431326004,0,0
S_254,2024-04-01,51.22,17.03,0.4989,-0.4861,0.1095,3149.442431326004,0,0
S_254,2024-05-01,51.22,17.03,0.5705,-0.5524,0.1871,3149.442431326004,0,0
S_254,2024-06-01,51.22,17.03,0.5943,-0.5514,0.1894,3149.442431326004,0,0
S_254,2024-07-01,51.22,17.03,0.5086,-0.5183,0.0492,3149.442431326004,0,0
S_254,2024-08-01,51.22,17.03,0.5191,-0.5197,0.0676,3149.442431326004,0,0
S_254,2024-09-01,51.22,17.03,0.4967,-0.5193,0.0518,3149.442431326004,0,0
S_254,2024-10-01,51.22,17.03,0.416,-0.4634,-0.0303,3149.442431326004,0,0
S_254,2024-11-01,51.22,17.03,0.4409,-0.4655,0.0369,3149.442431326004,0,0
S_254,2024-12-01,51.22,17.03,0.4066,-0.4126,0.0871,3149.442431326004,0,0
S_254,2025-01-01,51.22,17.03,0.4343,-0.4814,0.0556,3149.442431326004,0,0
S_254,2025-02-01,51.22,17.03,0.3876,-0.4436,0.0065,3149.442431326004,0,0
S_254,2025-03-01,51.22,17.03,0.4192,-0.4529,0.0017,3149.442431326004,0,0
S_254,2025-04-01,51.22,17.03,0.6643,-0.6238,0.2659,3149.442431326004,0,0
S_254,2025-05-01,51.22,17.03,0.6523,-0.61,0.2729,3149.442431326004,0,0
S_254,2025-06-01,51.22,17.03,0.6379,-0.6167,0.2526,3149.442431326004,0,0
S_254,2025-07-01,51.22,17.03,0.5203,-0.5411,0.1955,3149.442431326004,0,0
S_254,2025-08-01,51.22,17.03,0.4823,-0.5103,0.0436,3149.442431326004,0,0
S_254,2025-09-01,51.22,17.03,0.5032,-0.5153,0.048,3149.442431326004,0,0
S_254,2025-10-01,51.22,17.03,0.2377,-0.2561,0.0165,3149.442431326004,0,0
S_254,2025-11-01,51.22,17.03,0.476,-0.5138,0.0601,3149.442431326004,0,0
S_254,2025-12-01,51.22,17.03,0.4535,-0.4998,0.1099,3149.442431326004,0,0
S_254,2026-01-01,51.22,17.03,0.3667,-0.4483,0.0105,3149.442431326004,0,0
S_254,2026-02-01,51.22,17.03,0.3182,-0.4042,-0.0844,3149.442431326004,0,0
S_254,2026-03-01,51.22,17.03,0.3338,-0.4229,-0.0684,3149.442431326004,0,0
S_256,2023-06-01,50.96,17.05,0.4428,-0.4909,-0.0319,9322.345445162837,0,0
S_256,2023-07-01,50.96,17.05,0.781,-0.7256,0.3874,9322.345445162837,0,0
S_256,2023-08-01,50.96,17.05,0.7106,-0.6777,0.2505,9322.345445162837,0,0
S_256,2023-09-01,50.96,17.05,0.7178,-0.6849,0.2628,9322.345445162837,0,0
S_256,2023-10-01,50.96,17.05,0.5911,-0.5974,0.0834,9322.345445162837,0,0
S_256,2023-11-01,50.96,17.05,0.6589,-0.6031,0.352,9322.345445162837,0,0
S_256,2023-12-01,50.96,17.05,0.3084,-0.3535,-0.1237,9322.345445162837,0,0
S_256,2024-01-01,50.96,17.05,0.1277,-0.1512,0.4414,9322.345445162837,0,0
S_256,2024-02-01,50.96,17.05,0.3382,-0.3468,0.3058,9322.345445162837,0,0
S_256,2024-03-01,50.96,17.05,0.5488,-0.5425,0.1702,9322.345445162837,0,0
S_256,2024-04-01,50.96,17.05,0.4437,-0.4736,0.0248,9322.345445162837,0,0
S_256,2024-05-01,50.96,17.05,0.4802,-0.5081,0.0596,9322.345445162837,0,0
S_256,2024-06-01,50.96,17.05,0.6223,-0.6,0.1598,9322.345445162837,0,0
S_256,2024-07-01,50.96,17.05,0.5963,-0.6078,0.1374,9322.345445162837,0,0
S_256,2024-08-01,50.96,17.05,0.6059,-0.598,0.1044,9322.345445162837,0,0
S_256,2024-09-01,50.96,17.05,0.4371,-0.503,-0.0659,9322.345445162837,0,0
S_256,2024-10-01,50.96,17.05,0.3634,-0.4657,-0.1236,9322.345445162837,0,0
S_256,2024-11-01,50.96,17.05,0.4578,-0.5089,-0.0163,9322.345445162837,0,0
S_256,2024-12-01,50.96,17.05,0.4344,-0.4358,0.0872,9322.345445162837,0,0
S_256,2025-01-01,50.96,17.05,0.5053,-0.5604,0.0678,9322.345445162837,0,0
S_256,2025-02-01,50.96,17.05,0.48,-0.5325,-0.0062,9322.345445162837,0,0
S_256,2025-03-01,50.96,17.05,0.5154,-0.5431,0.0024,9322.345445162837,0,0
S_256,2025-04-01,50.96,17.05,0.7398,-0.6998,0.3924,9322.345445162837,0,0
S_256,2025-05-01,50.96,17.05,0.7215,-0.6804,0.3917,9322.345445162837,0,0
S_256,2025-06-01,50.96,17.05,0.7045,-0.6656,0.4506,9322.345445162837,0,0
S_256,2025-07-01,50.96,17.05,0.5496,-0.5725,0.3166,9322.345445162837,0,0
S_256,2025-08-01,50.96,17.05,0.3484,-0.4248,-0.0631,9322.345445162837,0,0
S_256,2025-09-01,50.96,17.05,0.3341,-0.4106,-0.1798,9322.345445162837,0,0
S_256,2025-10-01,50.96,17.05,0.3729,-0.4482,-0.1665,9322.345445162837,0,0
S_256,2025-11-01,50.96,17.05,0.4117,-0.4857,-0.1532,9322.345445162837,0,0
S_256,2025-12-01,50.96,17.05,0.3905,-0.5269,-0.201,9322.345445162837,0,0
S_256,2026-01-01,50.96,17.05,0.3355,-0.4791,-0.2361,9322.345445162837,0,0
S_256,2026-02-01,50.96,17.05,0.2779,-0.3996,-0.2739,9322.345445162837,0,0
S_256,2026-03-01,50.96,17.05,0.2983,-0.4167,-0.2742,9322.345445162837,0,0
S_259,2023-06-01,51.02,17.05,0.6386,-0.6081,0.203,2910.9997256157144,0,0
S_259,2023-07-01,51.02,17.05,0.6562,-0.6284,0.2834,2910.9997256157144,0,0
S_259,2023-08-01,51.02,17.05,0.6135,-0.5835,0.1581,2910.9997256157144,0,0
S_259,2023-09-01,51.02,17.05,0.6337,-0.6066,0.1744,2910.9997256157144,0,0
S_259,2023-10-01,51.02,17.05,0.6097,-0.5736,0.1626,2910.9997256157144,0,0
S_259,2023-11-01,51.02,17.05,0.3726,-0.3978,-0.0199,2910.9997256157144,0,0
S_259,2023-12-01,51.02,17.05,0.3473,-0.3884,-0.1329,2910.9997256157144,0,0
S_259,2024-01-01,51.02,17.05,0.1109,-0.1385,0.5926,2910.9997256157144,0,0
S_259,2024-02-01,51.02,17.05,0.4385,-0.6881,-0.2242,2910.9997256157144,0,0
S_259,2024-03-01,51.02,17.05,0.4868,-0.4604,-0.0341,2910.9997256157144,0,0
S_259,2024-04-01,51.02,17.05,0.5282,-0.5243,0.0582,2910.9997256157144,0,0
S_259,2024-05-01,51.02,17.05,0.5856,-0.5702,0.1176,2910.9997256157144,0,0
S_259,2024-06-01,51.02,17.05,0.6593,-0.6099,0.1982,2910.9997256157144,0,0
S_259,2024-07-01,51.02,17.05,0.5752,-0.5676,0.1144,2910.9997256157144,0,0
S_259,2024-08-01,51.02,17.05,0.5878,-0.5705,0.0957,2910.9997256157144,0,0
S_259,2024-09-01,51.02,17.05,0.574,-0.5707,0.0762,2910.9997256157144,0,0
S_259,2024-10-01,51.02,17.05,0.5154,-0.5586,0.0376,2910.9997256157144,0,0
S_259,2024-11-01,51.02,17.05,0.4641,-0.505,0.0096,2910.9997256157144,0,0
S_259,2024-12-01,51.02,17.05,0.3678,-0.3754,0.0549,2910.9997256157144,0,0
S_259,2025-01-01,51.02,17.05,0.4176,-0.4832,-0.0083,2910.9997256157144,0,0
S_259,2025-02-01,51.02,17.05,0.4037,-0.4737,-0.0898,2910.9997256157144,0,0
S_259,2025-03-01,51.02,17.05,0.3974,-0.465,-0.1138,2910.9997256157144,0,0
S_259,2025-04-01,51.02,17.05,0.6006,-0.5773,0.1799,2910.9997256157144,0,0
S_259,2025-05-01,51.02,17.05,0.5806,-0.5539,0.1828,2910.9997256157144,0,0
S_259,2025-06-01,51.02,17.05,0.6941,-0.648,0.3268,2910.9997256157144,0,0
S_259,2025-07-01,51.02,17.05,0.6053,-0.5998,0.2549,2910.9997256157144,0,0
S_259,2025-08-01,51.02,17.05,0.5943,-0.5756,0.1623,2910.9997256157144,0,0
S_259,2025-09-01,51.02,17.05,0.4977,-0.5187,-0.0077,2910.9997256157144,0,0
S_259,2025-10-01,51.02,17.05,0.4698,-0.5118,-0.0352,2910.9997256157144,0,0
S_259,2025-11-01,51.02,17.05,0.4418,-0.505,-0.0627,2910.9997256157144,0,0
S_259,2025-12-01,51.02,17.05,0.4817,-0.5576,-0.0052,2910.9997256157144,0,0
S_259,2026-01-01,51.02,17.05,0.414,-0.5071,-0.1089,2910.9997256157144,0,0
S_259,2026-02-01,51.02,17.05,0.3495,-0.4337,-0.1785,2910.9997256157144,0,0
S_259,2026-03-01,51.02,17.05,0.3717,-0.4566,-0.1666,2910.9997256157144,0,0
S_26,2023-06-01,51.16,16.73,0.6365,-0.6052,0.3359,5863.717409588568,0,0
S_26,2023-07-01,51.16,16.73,0.3984,-0.4615,0.0561,5863.717409588568,0,0
S_26,2023-08-01,51.16,16.73,0.3065,-0.3017,0.0388,5863.717409588568,0,0
S_26,2023-09-01,51.16,16.73,0.4515,-0.4598,0.0447,5863.717409588568,0,0
S_26,2023-10-01,51.16,16.73,0.4607,-0.4681,0.0445,5863.717409588568,0,0
S_26,2023-11-01,51.16,16.73,0.599,-0.5889,0.1816,5863.717409588568,0,0
S_26,2023-12-01,51.16,16.73,0.3584,-0.3676,0.1387,5863.717409588568,0,0
S_26,2024-01-01,51.16,16.73,0.3636,-0.4035,0.2576,5863.717409588568,0,0
S_26,2024-02-01,51.16,16.73,0.5121,-0.5412,0.125,5863.717409588568,0,0
S_26,2024-03-01,51.16,16.73,0.5438,-0.5499,0.1789,5863.717409588568,0,0
S_26,2024-04-01,51.16,16.73,0.5755,-0.5587,0.2328,5863.717409588568,0,0
S_26,2024-05-01,51.16,16.73,0.5734,-0.5529,0.2539,5863.717409588568,0,0
S_26,2024-06-01,51.16,16.73,0.5736,-0.5278,0.1956,5863.717409588568,0,0
S_26,2024-07-01,51.16,16.73,0.3915,-0.4186,-0.0062,5863.717409588568,0,0
S_26,2024-08-01,51.16,16.73,0.458,-0.4695,0.0299,5863.717409588568,0,0
S_26,2024-09-01,51.16,16.73,0.4677,-0.4796,0.0517,5863.717409588568,0,0
S_26,2024-10-01,51.16,16.73,0.4711,-0.4964,0.0469,5863.717409588568,0,0
S_26,2024-11-01,51.16,16.73,0.4972,-0.4934,0.1346,5863.717409588568,0,0
S_26,2024-12-01,51.16,16.73,0.3904,-0.3869,0.1192,5863.717409588568,0,0
S_26,2025-01-01,51.16,16.73,0.4711,-0.507,0.126,5863.717409588568,0,0
S_26,2025-02-01,51.16,16.73,0.2624,-0.3011,0.386,5863.717409588568,0,0
S_26,2025-03-01,51.16,16.73,0.4516,-0.4723,0.0887,5863.717409588568,0,0
S_26,2025-04-01,51.16,16.73,0.523,-0.5257,0.1582,5863.717409588568,0,0
S_26,2025-05-01,51.16,16.73,0.6315,-0.5882,0.3563,5863.717409588568,0,0
S_26,2025-06-01,51.16,16.73,0.5144,-0.5151,0.2013,5863.717409588568,0,0
S_26,2025-07-01,51.16,16.73,0.4769,-0.4845,0.12,5863.717409588568,0,0
S_26,2025-08-01,51.16,16.73,0.4394,-0.4539,0.0386,5863.717409588568,0,0
S_26,2025-09-01,51.16,16.73,0.3727,-0.42,-0.022,5863.717409588568,0,0
S_26,2025-10-01,51.16,16.73,0.437,-0.4722,0.0312,5863.717409588568,0,0
S_26,2025-11-01,51.16,16.73,0.5013,-0.5244,0.0843,5863.717409588568,0,0
S_26,2025-12-01,51.16,16.73,0.3969,-0.4303,0.0875,5863.717409588568,0,0
S_26,2026-01-01,51.16,16.73,0.1226,-0.1379,0.6011,5863.717409588568,0,0
S_26,2026-02-01,51.16,16.73,0.3291,-0.4004,-0.0373,5863.717409588568,0,0
S_26,2026-03-01,51.16,16.73,0.3224,-0.3897,-0.0453,5863.717409588568,0,0
S_261,2023-06-01,51.06,17.05,0.5706,-0.5434,0.2087,26.754012374311475,241,0
S_261,2023-07-01,51.06,17.05,0.4804,-0.4894,0.1135,26.754012374311475,241,0
S_261,2023-08-01,51.06,17.05,0.485,-0.4655,0.0689,26.754012374311475,241,0
S_261,2023-09-01,51.06,17.05,0.5165,-0.4999,0.1088,26.754012374311475,241,0
S_261,2023-10-01,51.06,17.05,0.4894,-0.48,0.057,26.754012374311475,241,0
S_261,2023-11-01,51.06,17.05,0.3763,-0.3671,0.0106,26.754012374311475,241,0
S_261,2023-12-01,51.06,17.05,0.3749,-0.4008,0.0059,26.754012374311475,241,0
S_261,2024-01-01,51.06,17.05,0.1588,-0.1871,0.4932,26.754012374311475,241,0
S_261,2024-02-01,51.06,17.05,0.3462,-0.5552,-0.2077,26.754012374311475,241,0
S_261,2024-03-01,51.06,17.05,0.3616,-0.4009,-0.0454,26.754012374311475,241,0
S_261,2024-04-01,51.06,17.05,0.4858,-0.4677,0.127,26.754012374311475,241,0
S_261,2024-05-01,51.06,17.05,0.5102,-0.4925,0.139,26.754012374311475,241,0
S_261,2024-06-01,51.06,17.05,0.4711,-0.4474,0.118,26.754012374311475,241,0
S_261,2024-07-01,51.06,17.05,0.5343,-0.5001,0.1356,26.754012374311475,241,0
S_261,2024-08-01,51.06,17.05,0.5435,-0.5039,0.1528,26.754012374311475,241,0
S_261,2024-09-01,51.06,17.05,0.5279,-0.5157,0.1193,26.754012374311475,241,0
S_261,2024-10-01,51.06,17.05,0.421,-0.4656,-0.0158,26.754012374311475,241,0
S_261,2024-11-01,51.06,17.05,0.3436,-0.391,-0.0246,26.754012374311475,241,0
S_261,2024-12-01,51.06,17.05,0.2986,-0.3259,0.0467,26.754012374311475,241,0
S_261,2025-01-01,51.06,17.05,0.3377,-0.411,-0.0049,26.754012374311475,241,0
S_261,2025-02-01,51.06,17.05,0.3218,-0.3956,-0.0572,26.754012374311475,241,0
S_261,2025-03-01,51.06,17.05,0.3233,-0.387,-0.0716,26.754012374311475,241,0
S_261,2025-04-01,51.06,17.05,0.5153,-0.4968,0.1311,26.754012374311475,241,0
S_261,2025-05-01,51.06,17.05,0.4652,-0.4442,0.1144,26.754012374311475,241,0
S_261,2025-06-01,51.06,17.05,0.5658,-0.5417,0.2066,26.754012374311475,241,0
S_261,2025-07-01,51.06,17.05,0.5229,-0.5098,0.1688,26.754012374311475,241,0
S_261,2025-08-01,51.06,17.05,0.5259,-0.4978,0.1336,26.754012374311475,241,0
S_261,2025-09-01,51.06,17.05,0.5102,-0.495,0.1054,26.754012374311475,241,0
S_261,2025-10-01,51.06,17.05,0.457,-0.478,0.0594,26.754012374311475,241,0
S_261,2025-11-01,51.06,17.05,0.4037,-0.4609,0.0134,26.754012374311475,241,0
S_261,2025-12-01,51.06,17.05,0.3727,-0.4708,-0.0304,26.754012374311475,241,0
S_261,2026-01-01,51.06,17.05,0.3145,-0.4164,-0.0503,26.754012374311475,241,0
S_261,2026-02-01,51.06,17.05,0.2731,-0.3667,-0.1248,26.754012374311475,241,0
S_261,2026-03-01,51.06,17.05,0.2883,-0.3868,-0.1093,26.754012374311475,241,0
S_263,2023-06-01,51.1,17.05,0.3492,-0.3556,0.0839,905.3365178959564,428,0
S_263,2023-07-01,51.1,17.05,0.3191,-0.3327,0.0394,905.3365178959564,428,0
S_263,2023-08-01,51.1,17.05,0.3407,-0.3387,0.0416,905.3365178959564,428,0
S_263,2023-09-01,51.1,17.05,0.3606,-0.3591,0.0766,905.3365178959564,428,0
S_263,2023-10-01,51.1,17.05,0.312,-0.322,0.0287,905.3365178959564,428,0
S_263,2023-11-01,51.1,17.05,0.2035,-0.2001,0.0299,905.3365178959564,428,0
S_263,2023-12-01,51.1,17.05,0.167,-0.1761,-0.0771,905.3365178959564,428,0
S_263,2024-01-01,51.1,17.05,0.0748,-0.0927,0.366,905.3365178959564,428,0
S_263,2024-02-01,51.1,17.05,0.179,-0.2118,-0.0375,905.3365178959564,428,0
S_263,2024-03-01,51.1,17.05,0.2302,-0.2483,-0.0148,905.3365178959564,428,0
S_263,2024-04-01,51.1,17.05,0.342,-0.3358,0.0485,905.3365178959564,428,0
S_263,2024-05-01,51.1,17.05,0.3362,-0.342,0.0624,905.3365178959564,428,0
S_263,2024-06-01,51.1,17.05,0.3213,-0.3238,0.0551,905.3365178959564,428,0
S_263,2024-07-01,51.1,17.05,0.3413,-0.3445,0.0513,905.3365178959564,428,0
S_263,2024-08-01,51.1,17.05,0.349,-0.3472,0.0633,905.3365178959564,428,0
S_263,2024-09-01,51.1,17.05,0.3498,-0.3629,0.085,905.3365178959564,428,0
S_263,2024-10-01,51.1,17.05,0.2905,-0.3111,-0.0035,905.3365178959564,428,0
S_263,2024-11-01,51.1,17.05,0.19,-0.1913,0.0384,905.3365178959564,428,0
S_263,2024-12-01,51.1,17.05,0.1385,-0.1449,-0.0182,905.3365178959564,428,0
S_263,2025-01-01,51.1,17.05,0.1764,-0.2293,-0.0497,905.3365178959564,428,0
S_263,2025-02-01,51.1,17.05,0.1731,-0.2241,-0.0571,905.3365178959564,428,0
S_263,2025-03-01,51.1,17.05,0.187,-0.2308,-0.0516,905.3365178959564,428,0
S_263,2025-04-01,51.1,17.05,0.3576,-0.3492,0.0798,905.3365178959564,428,0
S_263,2025-05-01,51.1,17.05,0.3587,-0.3427,0.1048,905.3365178959564,428,0
S_263,2025-06-01,51.1,17.05,0.3553,-0.3701,0.0714,905.3365178959564,428,0
S_263,2025-07-01,51.1,17.05,0.3368,-0.3509,0.0574,905.3365178959564,428,0
S_263,2025-08-01,51.1,17.05,0.3514,-0.3517,0.0553,905.3365178959564,428,0
S_263,2025-09-01,51.1,17.05,0.349,-0.3469,0.0568,905.3365178959564,428,0
S_263,2025-10-01,51.1,17.05,0.3127,-0.3263,0.013,905.3365178959564,428,0
S_263,2025-11-01,51.1,17.05,0.2764,-0.3057,-0.0309,905.3365178959564,428,0
S_263,2025-12-01,51.1,17.05,0.2285,-0.2721,-0.056,905.3365178959564,428,0
S_263,2026-01-01,51.1,17.05,0.2017,-0.2739,-0.0602,905.3365178959564,428,0
S_263,2026-02-01,51.1,17.05,0.1698,-0.2359,-0.1003,905.3365178959564,428,0
S_263,2026-03-01,51.1,17.05,0.1806,-0.2521,-0.1002,905.3365178959564,428,0
S_265,2023-06-01,51.14,17.05,0.5183,-0.4891,0.1708,1096.9398205322211,166,0
S_265,2023-07-01,51.14,17.05,0.5091,-0.4841,0.1261,1096.9398205322211,166,0
S_265,2023-08-01,51.14,17.05,0.5342,-0.4905,0.129,1096.9398205322211,166,0
S_265,2023-09-01,51.14,17.05,0.5353,-0.5014,0.1538,1096.9398205322211,166,0
S_265,2023-10-01,51.14,17.05,0.5159,-0.4868,0.1266,1096.9398205322211,166,0
S_265,2023-11-01,51.14,17.05,0.467,-0.4674,0.1035,1096.9398205322211,166,0
S_265,2023-12-01,51.14,17.05,0.3376,-0.3468,0.0148,1096.9398205322211,166,0
S_265,2024-01-01,51.14,17.05,0.1896,-0.2141,0.3439,1096.9398205322211,166,0
S_265,2024-02-01,51.14,17.05,0.3144,-0.3556,-0.0123,1096.9398205322211,166,0
S_265,2024-03-01,51.14,17.05,0.3704,-0.3831,0.0509,1096.9398205322211,166,0
S_265,2024-04-01,51.14,17.05,0.4911,-0.4311,0.1486,1096.9398205322211,166,0
S_265,2024-05-01,51.14,17.05,0.4876,-0.4602,0.1112,1096.9398205322211,166,0
S_265,2024-06-01,51.14,17.05,0.4475,-0.4106,0.1602,1096.9398205322211,166,0
S_265,2024-07-01,51.14,17.05,0.5067,-0.4724,0.1001,1096.9398205322211,166,0
S_265,2024-08-01,51.14,17.05,0.5187,-0.4782,0.1283,1096.9398205322211,166,0
S_265,2024-09-01,51.14,17.05,0.5076,-0.4978,0.199,1096.9398205322211,166,0
S_265,2024-10-01,51.14,17.05,0.4618,-0.4641,0.076,1096.9398205322211,166,0
S_265,2024-11-01,51.14,17.05,0.3646,-0.3531,0.0627,1096.9398205322211,166,0
S_265,2024-12-01,51.14,17.05,0.2894,-0.2878,0.0452,1096.9398205322211,166,0
S_265,2025-01-01,51.14,17.05,0.3211,-0.375,0.0047,1096.9398205322211,166,0
S_265,2025-02-01,51.14,17.05,0.2863,-0.3281,0.0039,1096.9398205322211,166,0
S_265,2025-03-01,51.14,17.05,0.2989,-0.3373,-0.0199,1096.9398205322211,166,0
S_265,2025-04-01,51.14,17.05,0.5217,-0.4693,0.1532,1096.9398205322211,166,0
S_265,2025-05-01,51.14,17.05,0.5075,-0.4539,0.1644,1096.9398205322211,166,0
S_265,2025-06-01,51.14,17.05,0.5143,-0.4962,0.1389,1096.9398205322211,166,0
S_265,2025-07-01,51.14,17.05,0.4858,-0.4671,0.1165,1096.9398205322211,166,0
S_265,2025-08-01,51.14,17.05,0.5146,-0.4772,0.1334,1096.9398205322211,166,0
S_265,2025-09-01,51.14,17.05,0.5038,-0.4724,0.1345,1096.9398205322211,166,0
S_265,2025-10-01,51.14,17.05,0.5231,-0.4869,0.1759,1096.9398205322211,166,0
S_265,2025-11-01,51.14,17.05,0.4144,-0.4427,0.0377,1096.9398205322211,166,0
S_265,2025-12-01,51.14,17.05,0.3699,-0.4116,0.0124,1096.9398205322211,166,0
S_265,2026-01-01,51.14,17.05,0.3154,-0.3861,-0.0166,1096.9398205322211,166,0
S_265,2026-02-01,51.14,17.05,0.2695,-0.3431,-0.0663,1096.9398205322211,166,0
S_265,2026-03-01,51.14,17.05,0.2847,-0.3599,-0.0635,1096.9398205322211,166,0
S_267,2023-06-01,51.18,17.05,0.6256,-0.5919,0.2455,781.3390905233456,0,0
S_267,2023-07-01,51.18,17.05,0.5887,-0.582,0.1522,781.3390905233456,0,0
S_267,2023-08-01,51.18,17.05,0.5705,-0.5426,0.0971,781.3390905233456,0,0
S_267,2023-09-01,51.18,17.05,0.6235,-0.5793,0.1606,781.3390905233456,0,0
S_267,2023-10-01,51.18,17.05,0.5683,-0.5343,0.1273,781.3390905233456,0,0
S_267,2023-11-01,51.18,17.05,0.5532,-0.5577,0.1022,781.3390905233456,0,0
S_267,2023-12-01,51.18,17.05,0.4674,-0.4786,0.0811,781.3390905233456,0,0
S_267,2024-01-01,51.18,17.05,0.3106,-0.3581,0.2686,781.3390905233456,0,0
S_267,2024-02-01,51.18,17.05,0.3662,-0.4115,-0.0025,781.3390905233456,0,0
S_267,2024-03-01,51.18,17.05,0.1409,-0.0998,0.1419,781.3390905233456,0,0
S_267,2024-04-01,51.18,17.05,0.729,-0.6362,0.2985,781.3390905233456,0,0
S_267,2024-05-01,51.18,17.05,0.5971,-0.56,0.1962,781.3390905233456,0,0
S_267,2024-06-01,51.18,17.05,0.531,-0.4545,0.2856,781.3390905233456,0,0
S_267,2024-07-01,51.18,17.05,0.6023,-0.5692,0.1245,781.3390905233456,0,0
S_267,2024-08-01,51.18,17.05,0.6252,-0.5772,0.1664,781.3390905233456,0,0
S_267,2024-09-01,51.18,17.05,0.5866,-0.5712,0.1083,781.3390905233456,0,0
S_267,2024-10-01,51.18,17.05,0.5203,-0.5354,0.0356,781.3390905233456,0,0
S_267,2024-11-01,51.18,17.05,0.4909,-0.5101,0.0582,781.3390905233456,0,0
S_267,2024-12-01,51.18,17.05,0.3958,-0.4097,0.0828,781.3390905233456,0,0
S_267,2025-01-01,51.18,17.05,0.4296,-0.4876,0.0318,781.3390905233456,0,0
S_267,2025-02-01,51.18,17.05,0.377,-0.4331,0.0095,781.3390905233456,0,0
S_267,2025-03-01,51.18,17.05,0.386,-0.4402,-0.0339,781.3390905233456,0,0
S_267,2025-04-01,51.18,17.05,0.6097,-0.5746,0.1929,781.3390905233456,0,0
S_267,2025-05-01,51.18,17.05,0.598,-0.5578,0.199,781.3390905233456,0,0
S_267,2025-06-01,51.18,17.05,0.6452,-0.6122,0.2208,781.3390905233456,0,0
S_267,2025-07-01,51.18,17.05,0.6035,-0.5914,0.2433,781.3390905233456,0,0
S_267,2025-08-01,51.18,17.05,0.6026,-0.5752,0.1497,781.3390905233456,0,0
S_267,2025-09-01,51.18,17.05,0.6436,-0.5926,0.1839,781.3390905233456,0,0
S_267,2025-10-01,51.18,17.05,0.5772,-0.5668,0.1294,781.3390905233456,0,0
S_267,2025-11-01,51.18,17.05,0.5107,-0.541,0.0749,781.3390905233456,0,0
S_267,2025-12-01,51.18,17.05,0.433,-0.5025,0.0649,781.3390905233456,0,0
S_267,2026-01-01,51.18,17.05,0.3667,-0.4682,-0.0132,781.3390905233456,0,0
S_267,2026-02-01,51.18,17.05,0.3132,-0.4105,-0.1058,781.3390905233456,0,0
S_267,2026-03-01,51.18,17.05,0.3251,-0.4232,-0.0732,781.3390905233456,0,0
S_27,2023-06-01,51.18,16.73,0.677,-0.6247,0.245,6493.224785585582,0,0
S_27,2023-07-01,51.18,16.73,0.6424,-0.6024,0.1912,6493.224785585582,0,0
S_27,2023-08-01,51.18,16.73,0.4237,-0.3916,0.1335,6493.224785585582,0,0
S_27,2023-09-01,51.18,16.73,0.6753,-0.6258,0.2284,6493.224785585582,0,0
S_27,2023-10-01,51.18,16.73,0.6626,-0.6223,0.1908,6493.224785585582,0,0
S_27,2023-11-01,51.18,16.73,0.5924,-0.6183,0.1631,6493.224785585582,0,0
S_27,2023-12-01,51.18,16.73,0.2769,-0.2965,0.1289,6493.224785585582,0,0
S_27,2024-01-01,51.18,16.73,0.4419,-0.4747,0.2757,6493.224785585582,0,0
S_27,2024-02-01,51.18,16.73,0.5256,-0.585,0.0981,6493.224785585582,0,0
S_27,2024-03-01,51.18,16.73,0.551,-0.5686,0.1194,6493.224785585582,0,0
S_27,2024-04-01,51.18,16.73,0.5764,-0.5522,0.1406,6493.224785585582,0,0
S_27,2024-05-01,51.18,16.73,0.6236,-0.5843,0.1978,6493.224785585582,0,0
S_27,2024-06-01,51.18,16.73,0.6677,-0.6071,0.2066,6493.224785585582,0,0
S_27,2024-07-01,51.18,16.73,0.64,-0.585,0.2092,6493.224785585582,0,0
S_27,2024-08-01,51.18,16.73,0.7057,-0.6477,0.2347,6493.224785585582,0,0
S_27,2024-09-01,51.18,16.73,0.6971,-0.6514,0.2368,6493.224785585582,0,0
S_27,2024-10-01,51.18,16.73,0.6136,-0.6225,0.1313,6493.224785585582,0,0
S_27,2024-11-01,51.18,16.73,0.6303,-0.6024,0.257,6493.224785585582,0,0
S_27,2024-12-01,51.18,16.73,0.361,-0.3584,0.1456,6493.224785585582,0,0
S_27,2025-01-01,51.18,16.73,0.5144,-0.5661,0.1216,6493.224785585582,0,0
S_27,2025-02-01,51.18,16.73,0.4206,-0.456,0.2336,6493.224785585582,0,0
S_27,2025-03-01,51.18,16.73,0.4223,-0.4667,-0.0081,6493.224785585582,0,0
S_27,2025-04-01,51.18,16.73,0.4512,-0.4866,-0.0165,6493.224785585582,0,0
S_27,2025-05-01,51.18,16.73,0.6258,-0.5717,0.1927,6493.224785585582,0,0
S_27,2025-06-01,51.18,16.73,0.6846,-0.6359,0.2464,6493.224785585582,0,0
S_27,2025-07-01,51.18,16.73,0.4955,-0.4705,0.109,6493.224785585582,0,0
S_27,2025-08-01,51.18,16.73,0.7044,-0.6433,0.2546,6493.224785585582,0,0
S_27,2025-09-01,51.18,16.73,0.6817,-0.6407,0.2328,6493.224785585582,0,0
S_27,2025-10-01,51.18,16.73,0.6438,-0.6354,0.1922,6493.224785585582,0,0
S_27,2025-11-01,51.18,16.73,0.6059,-0.63,0.1517,6493.224785585582,0,0
S_27,2025-12-01,51.18,16.73,0.636,-0.6065,0.2795,6493.224785585582,0,0
S_27,2026-01-01,51.18,16.73,0.3024,-0.2888,0.4954,6493.224785585582,0,0
S_27,2026-02-01,51.18,16.73,0.4315,-0.4911,-0.0032,6493.224785585582,0,0
S_27,2026-03-01,51.18,16.73,0.409,-0.4662,-0.0146,6493.224785585582,0,0
S_270,2023-06-01,51.24,17.05,0.6653,-0.6223,0.256,5775.605634906718,0,0
S_270,2023-07-01,51.24,17.05,0.6493,-0.6219,0.203,5775.605634906718,0,0
S_270,2023-08-01,51.24,17.05,0.6371,-0.5938,0.1647,5775.605634906718,0,0
S_270,2023-09-01,51.24,17.05,0.6784,-0.632,0.2181,5775.605634906718,0,0
S_270,2023-10-01,51.24,17.05,0.5343,-0.5041,0.1502,5775.605634906718,0,0
S_270,2023-11-01,51.24,17.05,0.609,-0.596,0.1502,5775.605634906718,0,0
S_270,2023-12-01,51.24,17.05,0.4923,-0.4736,0.1131,5775.605634906718,0,0
S_270,2024-01-01,51.24,17.05,0.4293,-0.4582,0.2421,5775.605634906718,0,0
S_270,2024-02-01,51.24,17.05,0.4884,-0.5286,0.0258,5775.605634906718,0,0
S_270,2024-03-01,51.24,17.05,0.4684,-0.4559,0.0972,5775.605634906718,0,0
S_270,2024-04-01,51.24,17.05,0.5947,-0.5415,0.1615,5775.605634906718,0,0
S_270,2024-05-01,51.24,17.05,0.6452,-0.5972,0.2121,5775.605634906718,0,0
S_270,2024-06-01,51.24,17.05,0.6693,-0.6084,0.2369,5775.605634906718,0,0
S_270,2024-07-01,51.24,17.05,0.6385,-0.5993,0.1679,5775.605634906718,0,0
S_270,2024-08-01,51.24,17.05,0.6473,-0.605,0.1841,5775.605634906718,0,0
S_270,2024-09-01,51.24,17.05,0.6798,-0.6427,0.2156,5775.605634906718,0,0
S_270,2024-10-01,51.24,17.05,0.6144,-0.6038,0.1441,5775.605634906718,0,0
S_270,2024-11-01,51.24,17.05,0.5491,-0.544,0.1343,5775.605634906718,0,0
S_270,2024-12-01,51.24,17.05,0.4827,-0.4631,0.1368,5775.605634906718,0,0
S_270,2025-01-01,51.24,17.05,0.5279,-0.5636,0.1159,5775.605634906718,0,0
S_270,2025-02-01,51.24,17.05,0.4486,-0.483,0.0698,5775.605634906718,0,0
S_270,2025-03-01,51.24,17.05,0.4343,-0.4713,0.0006,5775.605634906718,0,0
S_270,2025-04-01,51.24,17.05,0.666,-0.5983,0.2245,5775.605634906718,0,0
S_270,2025-05-01,51.24,17.05,0.6596,-0.5876,0.2411,5775.605634906718,0,0
S_270,2025-06-01,51.24,17.05,0.6856,-0.6426,0.2573,5775.605634906718,0,0
S_270,2025-07-01,51.24,17.05,0.6377,-0.6037,0.2218,5775.605634906718,0,0
S_270,2025-08-01,51.24,17.05,0.6564,-0.61,0.1989,5775.605634906718,0,0
S_270,2025-09-01,51.24,17.05,0.6566,-0.6183,0.2026,5775.605634906718,0,0
S_270,2025-10-01,51.24,17.05,0.3281,-0.3191,0.0814,5775.605634906718,0,0
S_270,2025-11-01,51.24,17.05,0.583,-0.5921,0.137,5775.605634906718,0,0
S_270,2025-12-01,51.24,17.05,0.5168,-0.5314,0.1529,5775.605634906718,0,0
S_270,2026-01-01,51.24,17.05,0.4458,-0.4796,0.1545,5775.605634906718,0,0
S_270,2026-02-01,51.24,17.05,0.4279,-0.4848,-0.013,5775.605634906718,0,0
S_270,2026-03-01,51.24,17.05,0.4554,-0.5128,0.0112,5775.605634906718,0,0
S_272,2023-06-01,50.98,17.07,0.6581,-0.626,0.3204,7285.075000429359,0,0
S_272,2023-07-01,50.98,17.07,0.5532,-0.5501,0.2234,7285.075000429359,0,0
S_272,2023-08-01,50.98,17.07,0.468,-0.4826,0.0161,7285.075000429359,0,0
S_272,2023-09-01,50.98,17.07,0.4781,-0.498,0.0167,7285.075000429359,0,0
S_272,2023-10-01,50.98,17.07,0.3678,-0.4067,-0.0783,7285.075000429359,0,0
S_272,2023-11-01,50.98,17.07,0.3212,-0.3641,-0.1023,7285.075000429359,0,0
S_272,2023-12-01,50.98,17.07,0.361,-0.4029,-0.0665,7285.075000429359,0,0
S_272,2024-01-01,50.98,17.07,0.1369,-0.1707,0.4984,7285.075000429359,0,0
S_272,2024-02-01,50.98,17.07,0.3841,-0.6092,-0.1663,7285.075000429359,0,0
S_272,2024-03-01,50.98,17.07,0.4069,-0.4004,-0.0757,7285.075000429359,0,0
S_272,2024-04-01,50.98,17.07,0.4373,-0.4485,-0.0064,7285.075000429359,0,0
S_272,2024-05-01,50.98,17.07,0.5163,-0.5179,0.0824,7285.075000429359,0,0
S_272,2024-06-01,50.98,17.07,0.5928,-0.5596,0.1536,7285.075000429359,0,0
S_272,2024-07-01,50.98,17.07,0.5325,-0.5362,0.1076,7285.075000429359,0,0
S_272,2024-08-01,50.98,17.07,0.5605,-0.5403,0.1121,7285.075000429359,0,0
S_272,2024-09-01,50.98,17.07,0.5085,-0.5196,0.0389,7285.075000429359,0,0
S_272,2024-10-01,50.98,17.07,0.4329,-0.492,-0.0355,7285.075000429359,0,0
S_272,2024-11-01,50.98,17.07,0.4258,-0.4813,-0.0186,7285.075000429359,0,0
S_272,2024-12-01,50.98,17.07,0.3446,-0.3671,0.0356,7285.075000429359,0,0
S_272,2025-01-01,50.98,17.07,0.3925,-0.4734,-0.0132,7285.075000429359,0,0
S_272,2025-02-01,50.98,17.07,0.3758,-0.4445,-0.0811,7285.075000429359,0,0
S_272,2025-03-01,50.98,17.07,0.3744,-0.4352,-0.0929,7285.075000429359,0,0
S_272,2025-04-01,50.98,17.07,0.5301,-0.5241,0.1281,7285.075000429359,0,0
S_272,2025-05-01,50.98,17.07,0.5305,-0.508,0.1825,7285.075000429359,0,0
S_272,2025-06-01,50.98,17.07,0.6522,-0.6104,0.3032,7285.075000429359,0,0
S_272,2025-07-01,50.98,17.07,0.5854,-0.5647,0.251,7285.075000429359,0,0
S_272,2025-08-01,50.98,17.07,0.5015,-0.5145,0.1016,7285.075000429359,0,0
S_272,2025-09-01,50.98,17.07,0.4898,-0.5003,0.0294,7285.075000429359,0,0
S_272,2025-10-01,50.98,17.07,0.4432,-0.4803,-0.033,7285.075000429359,0,0
S_272,2025-11-01,50.98,17.07,0.3966,-0.4603,-0.0954,7285.075000429359,0,0
S_272,2025-12-01,50.98,17.07,0.3794,-0.4896,-0.0976,7285.075000429359,0,0
S_272,2026-01-01,50.98,17.07,0.3301,-0.4422,-0.1312,7285.075000429359,0,0
S_272,2026-02-01,50.98,17.07,0.2881,-0.3901,-0.2012,7285.075000429359,0,0
S_272,2026-03-01,50.98,17.07,0.3096,-0.4111,-0.1939,7285.075000429359,0,0
S_274,2023-06-01,51.02,17.07,0.8123,-0.7617,0.5062,2878.275441631271,0,0
S_274,2023-07-01,51.02,17.07,0.4674,-0.5109,0.2585,2878.275441631271,0,0
S_274,2023-08-01,51.02,17.07,0.3508,-0.425,-0.144,2878.275441631271,0,0
S_274,2023-09-01,51.02,17.07,0.3665,-0.4399,-0.1222,2878.275441631271,0,0
S_274,2023-10-01,51.02,17.07,0.3832,-0.4436,-0.1089,2878.275441631271,0,0
S_274,2023-11-01,51.02,17.07,0.3351,-0.3608,-0.0866,2878.275441631271,0,0
S_274,2023-12-01,51.02,17.07,0.2923,-0.3376,-0.189,2878.275441631271,0,0
S_274,2024-01-01,51.02,17.07,0.0944,-0.1271,0.5282,2878.275441631271,0,0
S_274,2024-02-01,51.02,17.07,0.3508,-0.6656,-0.2795,2878.275441631271,0,0
S_274,2024-03-01,51.02,17.07,0.2452,-0.2984,-0.3041,2878.275441631271,0,0
S_274,2024-04-01,51.02,17.07,0.3635,-0.4002,-0.1058,2878.275441631271,0,0
S_274,2024-05-01,51.02,17.07,0.4602,-0.4803,-0.0515,2878.275441631271,0,0
S_274,2024-06-01,51.02,17.07,0.7094,-0.6282,0.2619,2878.275441631271,0,0
S_274,2024-07-01,51.02,17.07,0.7187,-0.6509,0.3176,2878.275441631271,0,0
S_274,2024-08-01,51.02,17.07,0.7394,-0.6684,0.3567,2878.275441631271,0,0
S_274,2024-09-01,51.02,17.07,0.7259,-0.6584,0.3018,2878.275441631271,0,0
S_274,2024-10-01,51.02,17.07,0.6608,-0.6394,0.1667,2878.275441631271,0,0
S_274,2024-11-01,51.02,17.07,0.6298,-0.6021,0.185,2878.275441631271,0,0
S_274,2024-12-01,51.02,17.07,0.2798,-0.303,-0.0707,2878.275441631271,0,0
S_274,2025-01-01,51.02,17.07,0.2885,-0.3977,-0.1815,2878.275441631271,0,0
S_274,2025-02-01,51.02,17.07,0.2928,-0.3981,-0.2588,2878.275441631271,0,0
S_274,2025-03-01,51.02,17.07,0.2822,-0.3832,-0.2669,2878.275441631271,0,0
S_274,2025-04-01,51.02,17.07,0.3619,-0.4329,-0.1885,2878.275441631271,0,0
S_274,2025-05-01,51.02,17.07,0.3883,-0.4229,-0.1079,2878.275441631271,0,0
S_274,2025-06-01,51.02,17.07,0.7494,-0.7,0.2387,2878.275441631271,0,0
S_274,2025-07-01,51.02,17.07,0.7533,-0.6945,0.2798,2878.275441631271,0,0
S_274,2025-08-01,51.02,17.07,0.7833,-0.7213,0.3637,2878.275441631271,0,0
S_274,2025-09-01,51.02,17.07,0.5221,-0.5658,0.0545,2878.275441631271,0,0
S_274,2025-10-01,51.02,17.07,0.4152,-0.4977,-0.057,2878.275441631271,0,0
S_274,2025-11-01,51.02,17.07,0.3084,-0.4296,-0.1685,2878.275441631271,0,0
S_274,2025-12-01,51.02,17.07,0.3976,-0.5091,-0.0901,2878.275441631271,0,0
S_274,2026-01-01,51.02,17.07,0.3585,-0.4761,-0.1292,2878.275441631271,0,0
S_274,2026-02-01,51.02,17.07,0.3189,-0.4206,-0.194,2878.275441631271,0,0
S_274,2026-03-01,51.02,17.07,0.343,-0.4409,-0.1849,2878.275441631271,0,0
S_276,2023-06-01,51.06,17.07,0.6436,-0.6017,0.2366,18.403622301136235,17,0
S_276,2023-07-01,51.06,17.07,0.614,-0.5751,0.2002,18.403622301136235,17,0
S_276,2023-08-01,51.06,17.07,0.5803,-0.5461,0.108,18.403622301136235,17,0
S_276,2023-09-01,51.06,17.07,0.605,-0.574,0.1441,18.403622301136235,17,0
S_276,2023-10-01,51.06,17.07,0.5691,-0.5507,0.0848,18.403622301136235,17,0
S_276,2023-11-01,51.06,17.07,0.4886,-0.4767,0.11,18.403622301136235,17,0
S_276,2023-12-01,51.06,17.07,0.4481,-0.4611,0.0298,18.403622301136235,17,0
S_276,2024-01-01,51.06,17.07,0.1929,-0.2132,0.5094,18.403622301136235,17,0
S_276,2024-02-01,51.06,17.07,0.4126,-0.5496,-0.083,18.403622301136235,17,0
S_276,2024-03-01,51.06,17.07,0.4435,-0.4462,0.0336,18.403622301136235,17,0
S_276,2024-04-01,51.06,17.07,0.6186,-0.5714,0.216,18.403622301136235,17,0
S_276,2024-05-01,51.06,17.07,0.6143,-0.5715,0.1911,18.403622301136235,17,0
S_276,2024-06-01,51.06,17.07,0.5926,-0.5425,0.1923,18.403622301136235,17,0
S_276,2024-07-01,51.06,17.07,0.5839,-0.5535,0.1184,18.403622301136235,17,0
S_276,2024-08-01,51.06,17.07,0.6067,-0.5638,0.148,18.403622301136235,17,0
S_276,2024-09-01,51.06,17.07,0.6231,-0.592,0.1639,18.403622301136235,17,0
S_276,2024-10-01,51.06,17.07,0.5032,-0.5344,0.0227,18.403622301136235,17,0
S_276,2024-11-01,51.06,17.07,0.3508,-0.3953,-0.026,18.403622301136235,17,0
S_276,2024-12-01,51.06,17.07,0.3517,-0.371,0.0508,18.403622301136235,17,0
S_276,2025-01-01,51.06,17.07,0.3924,-0.4631,-0.0065,18.403622301136235,17,0
S_276,2025-02-01,51.06,17.07,0.3694,-0.4432,-0.0593,18.403622301136235,17,0
S_276,2025-03-01,51.06,17.07,0.3588,-0.4241,-0.0787,18.403622301136235,17,0
S_276,2025-04-01,51.06,17.07,0.5631,-0.5336,0.1159,18.403622301136235,17,0
S_276,2025-05-01,51.06,17.07,0.5112,-0.4798,0.14,18.403622301136235,17,0
S_276,2025-06-01,51.06,17.07,0.6418,-0.6029,0.2035,18.403622301136235,17,0
S_276,2025-07-01,51.06,17.07,0.6194,-0.5809,0.1836,18.403622301136235,17,0
S_276,2025-08-01,51.06,17.07,0.6355,-0.5866,0.2013,18.403622301136235,17,0
S_276,2025-09-01,51.06,17.07,0.6269,-0.5863,0.1849,18.403622301136235,17,0
S_276,2025-10-01,51.06,17.07,0.5514,-0.5534,0.1064,18.403622301136235,17,0
S_276,2025-11-01,51.06,17.07,0.476,-0.5206,0.0278,18.403622301136235,17,0
S_276,2025-12-01,51.06,17.07,0.4497,-0.5294,0.0058,18.403622301136235,17,0
S_276,2026-01-01,51.06,17.07,0.3709,-0.4557,0.0104,18.403622301136235,17,0
S_276,2026-02-01,51.06,17.07,0.335,-0.4247,-0.1089,18.403622301136235,17,0
S_276,2026-03-01,51.06,17.07,0.355,-0.4461,-0.0816,18.403622301136235,17,0
S_278,2023-06-01,51.1,17.07,0.5402,-0.4936,0.1988,263.626736591189,71,0
S_278,2023-07-01,51.1,17.07,0.5216,-0.4838,0.1469,263.626736591189,71,0
S_278,2023-08-01,51.1,17.07,0.541,-0.4895,0.1316,263.626736591189,71,0
S_278,2023-09-01,51.1,17.07,0.5498,-0.5069,0.1678,263.626736591189,71,0
S_278,2023-10-01,51.1,17.07,0.505,-0.4704,0.1301,263.626736591189,71,0
S_278,2023-11-01,51.1,17.07,0.2838,-0.2758,0.0003,263.626736591189,71,0
S_278,2023-12-01,51.1,17.07,0.2889,-0.298,-0.0623,263.626736591189,71,0
S_278,2024-01-01,51.1,17.07,0.1392,-0.157,0.3344,263.626736591189,71,0
S_278,2024-02-01,51.1,17.07,0.2682,-0.3017,-0.0451,263.626736591189,71,0
S_278,2024-03-01,51.1,17.07,0.4047,-0.4103,-0.0129,263.626736591189,71,0
S_278,2024-04-01,51.1,17.07,0.462,-0.4046,0.1224,263.626736591189,71,0
S_278,2024-05-01,51.1,17.07,0.5118,-0.4632,0.1549,263.626736591189,71,0
S_278,2024-06-01,51.1,17.07,0.5286,-0.487,0.1851,263.626736591189,71,0
S_278,2024-07-01,51.1,17.07,0.5199,-0.4761,0.128,263.626736591189,71,0
S_278,2024-08-01,51.1,17.07,0.5304,-0.4828,0.1495,263.626736591189,71,0
S_278,2024-09-01,51.1,17.07,0.4973,-0.4791,0.2248,263.626736591189,71,0
S_278,2024-10-01,51.1,17.07,0.4265,-0.4212,0.0415,263.626736591189,71,0
S_278,2024-11-01,51.1,17.07,0.317,-0.3025,0.0583,263.626736591189,71,0
S_278,2024-12-01,51.1,17.07,0.243,-0.2411,0.0007,263.626736591189,71,0
S_278,2025-01-01,51.1,17.07,0.2751,-0.3254,-0.0412,263.626736591189,71,0
S_278,2025-02-01,51.1,17.07,0.2652,-0.3123,-0.0521,263.626736591189,71,0
S_278,2025-03-01,51.1,17.07,0.2569,-0.2958,-0.0658,263.626736591189,71,0
S_278,2025-04-01,51.1,17.07,0.5228,-0.4494,0.1601,263.626736591189,71,0
S_278,2025-05-01,51.1,17.07,0.4706,-0.4152,0.1557,263.626736591189,71,0
S_278,2025-06-01,51.1,17.07,0.5428,-0.5101,0.1784,263.626736591189,71,0
S_278,2025-07-01,51.1,17.07,0.5347,-0.4988,0.1632,263.626736591189,71,0
S_278,2025-08-01,51.1,17.07,0.5277,-0.4828,0.1461,263.626736591189,71,0
S_278,2025-09-01,51.1,17.07,0.5338,-0.4902,0.1566,263.626736591189,71,0
S_278,2025-10-01,51.1,17.07,0.469,-0.4511,0.0816,263.626736591189,71,0
S_278,2025-11-01,51.1,17.07,0.4041,-0.412,0.0065,263.626736591189,71,0
S_278,2025-12-01,51.1,17.07,0.3301,-0.3703,-0.0254,263.626736591189,71,0
S_278,2026-01-01,51.1,17.07,0.2846,-0.3454,0.0154,263.626736591189,71,0
S_278,2026-02-01,51.1,17.07,0.2455,-0.3143,-0.1001,263.626736591189,71,0
S_278,2026-03-01,51.1,17.07,0.2599,-0.3281,-0.0983,263.626736591189,71,0
S_28,2023-06-01,51.2,16.73,0.7685,-0.6892,0.3096,7008.001097177331,0,0
S_28,2023-07-01,51.2,16.73,0.7716,-0.697,0.2808,7008.001097177331,0,0
S_28,2023-08-01,51.2,16.73,0.6679,-0.599,0.225,7008.001097177331,0,0
S_28,2023-09-01,51.2,16.73,0.769,-0.7029,0.238,7008.001097177331,0,0
S_28,2023-10-01,51.2,16.73,0.74,-0.6887,0.1711,7008.001097177331,0,0
S_28,2023-11-01,51.2,16.73,0.5851,-0.6417,0.0149,7008.001097177331,0,0
S_28,2023-12-01,51.2,16.73,0.3249,-0.3652,0.1213,7008.001097177331,0,0
S_28,2024-01-01,51.2,16.73,0.3055,-0.3734,0.2242,7008.001097177331,0,0
S_28,2024-02-01,51.2,16.73,0.4239,-0.5529,-0.023,7008.001097177331,0,0
S_28,2024-03-01,51.2,16.73,0.4788,-0.5412,0.0314,7008.001097177331,0,0
S_28,2024-04-01,51.2,16.73,0.5336,-0.5296,0.0858,7008.001097177331,0,0
S_28,2024-05-01,51.2,16.73,0.6426,-0.5965,0.1792,7008.001097177331,0,0
S_28,2024-06-01,51.2,16.73,0.7272,-0.6456,0.2513,7008.001097177331,0,0
S_28,2024-07-01,51.2,16.73,0.7267,-0.6293,0.267,7008.001097177331,0,0
S_28,2024-08-01,51.2,16.73,0.7997,-0.722,0.2782,7008.001097177331,0,0
S_28,2024-09-01,51.2,16.73,0.7652,-0.7089,0.2238,7008.001097177331,0,0
S_28,2024-10-01,51.2,16.73,0.6226,-0.6439,0.0294,7008.001097177331,0,0
S_28,2024-11-01,51.2,16.73,0.5355,-0.5603,0.0306,7008.001097177331,0,0
S_28,2024-12-01,51.2,16.73,0.291,-0.3214,0.0373,7008.001097177331,0,0
S_28,2025-01-01,51.2,16.73,0.4116,-0.5254,-0.0063,7008.001097177331,0,0
S_28,2025-02-01,51.2,16.73,0.3382,-0.4283,0.0869,7008.001097177331,0,0
S_28,2025-03-01,51.2,16.73,0.3446,-0.4342,-0.0913,7008.001097177331,0,0
S_28,2025-04-01,51.2,16.73,0.3764,-0.4564,-0.0949,7008.001097177331,0,0
S_28,2025-05-01,51.2,16.73,0.5695,-0.5418,0.1259,7008.001097177331,0,0
S_28,2025-06-01,51.2,16.73,0.8152,-0.7313,0.3398,7008.001097177331,0,0
S_28,2025-07-01,51.2,16.73,0.7433,-0.658,0.2937,7008.001097177331,0,0
S_28,2025-08-01,51.2,16.73,0.7895,-0.7142,0.2868,7008.001097177331,0,0
S_28,2025-09-01,51.2,16.73,0.738,-0.6947,0.2005,7008.001097177331,0,0
S_28,2025-10-01,51.2,16.73,0.6453,-0.6627,0.0908,7008.001097177331,0,0
S_28,2025-11-01,51.2,16.73,0.5526,-0.6307,-0.0189,7008.001097177331,0,0
S_28,2025-12-01,51.2,16.73,0.4123,-0.5228,0.0311,7008.001097177331,0,0
S_28,2026-01-01,51.2,16.73,0.2416,-0.2824,0.3393,7008.001097177331,0,0
S_28,2026-02-01,51.2,16.73,0.3404,-0.4529,-0.1101,7008.001097177331,0,0
S_28,2026-03-01,51.2,16.73,0.337,-0.4453,-0.104,7008.001097177331,0,0
S_280,2023-06-01,51.14,17.07,0.54,-0.5191,0.1885,5.296732199324818,340,0
S_280,2023-07-01,51.14,17.07,0.5339,-0.5169,0.1582,5.296732199324818,340,0
S_280,2023-08-01,51.14,17.07,0.5374,-0.5081,0.1362,5.296732199324818,340,0
S_280,2023-09-01,51.14,17.07,0.5581,-0.5322,0.1732,5.296732199324818,340,0
S_280,2023-10-01,51.14,17.07,0.5117,-0.4924,0.1246,5.296732199324818,340,0
S_280,2023-11-01,51.14,17.07,0.4307,-0.4466,0.0547,5.296732199324818,340,0
S_280,2023-12-01,51.14,17.07,0.3137,-0.3383,-0.0457,5.296732199324818,340,0
S_280,2024-01-01,51.14,17.07,0.1841,-0.2133,0.3244,5.296732199324818,340,0
S_280,2024-02-01,51.14,17.07,0.2879,-0.3287,-0.0193,5.296732199324818,340,0
S_280,2024-03-01,51.14,17.07,0.1883,-0.1812,0.0687,5.296732199324818,340,0
S_280,2024-04-01,51.14,17.07,0.4812,-0.4418,0.1233,5.296732199324818,340,0
S_280,2024-05-01,51.14,17.07,0.5026,-0.4838,0.1301,5.296732199324818,340,0
S_280,2024-06-01,51.14,17.07,0.514,-0.469,0.1773,5.296732199324818,340,0
S_280,2024-07-01,51.14,17.07,0.5241,-0.4998,0.122,5.296732199324818,340,0
S_280,2024-08-01,51.14,17.07,0.5333,-0.5058,0.1338,5.296732199324818,340,0
S_280,2024-09-01,51.14,17.07,0.5417,-0.5302,0.1343,5.296732199324818,340,0
S_280,2024-10-01,51.14,17.07,0.4582,-0.4747,0.0538,5.296732199324818,340,0
S_280,2024-11-01,51.14,17.07,0.2837,-0.319,-0.0138,5.296732199324818,340,0
S_280,2024-12-01,51.14,17.07,0.277,-0.2904,0.0099,5.296732199324818,340,0
S_280,2025-01-01,51.14,17.07,0.3253,-0.3892,-0.0404,5.296732199324818,340,0
S_280,2025-02-01,51.14,17.07,0.29,-0.3462,-0.0264,5.296732199324818,340,0
S_280,2025-03-01,51.14,17.07,0.2987,-0.3549,-0.058,5.296732199324818,340,0
S_280,2025-04-01,51.14,17.07,0.5312,-0.4925,0.1579,5.296732199324818,340,0
S_280,2025-05-01,51.14,17.07,0.5241,-0.478,0.1722,5.296732199324818,340,0
S_280,2025-06-01,51.14,17.07,0.5394,-0.5268,0.1635,5.296732199324818,340,0
S_280,2025-07-01,51.14,17.07,0.5128,-0.5016,0.1419,5.296732199324818,340,0
S_280,2025-08-01,51.14,17.07,0.5339,-0.5082,0.1469,5.296732199324818,340,0
S_280,2025-09-01,51.14,17.07,0.5386,-0.5146,0.15,5.296732199324818,340,0
S_280,2025-10-01,51.14,17.07,0.5936,-0.5847,0.17,5.296732199324818,340,0
S_280,2025-11-01,51.14,17.07,0.4119,-0.4564,0.0308,5.296732199324818,340,0
S_280,2025-12-01,51.14,17.07,0.3656,-0.426,-0.0135,5.296732199324818,340,0
S_280,2026-01-01,51.14,17.07,0.3324,-0.4175,-0.0408,5.296732199324818,340,0
S_280,2026-02-01,51.14,17.07,0.2808,-0.365,-0.108,5.296732199324818,340,0
S_280,2026-03-01,51.14,17.07,0.2997,-0.3868,-0.0852,5.296732199324818,340,0
S_283,2023-06-01,51.2,17.07,0.71,-0.6575,0.3026,2821.0569727528555,0,0
S_283,2023-07-01,51.2,17.07,0.6357,-0.6146,0.1853,2821.0569727528555,0,0
S_283,2023-08-01,51.2,17.07,0.5914,-0.5635,0.1106,2821.0569727528555,0,0
S_283,2023-09-01,51.2,17.07,0.6514,-0.6046,0.1916,2821.0569727528555,0,0
S_283,2023-10-01,51.2,17.07,0.6642,-0.6056,0.1998,2821.0569727528555,0,0
S_283,2023-11-01,51.2,17.07,0.6451,-0.6175,0.1784,2821.0569727528555,0,0
S_283,2023-12-01,51.2,17.07,0.5497,-0.5297,0.1488,2821.0569727528555,0,0
S_283,2024-01-01,51.2,17.07,0.3887,-0.4228,0.3013,2821.0569727528555,0,0
S_283,2024-02-01,51.2,17.07,0.4659,-0.4871,0.0681,2821.0569727528555,0,0
S_283,2024-03-01,51.2,17.07,0.5651,-0.5342,0.1507,2821.0569727528555,0,0
S_283,2024-04-01,51.2,17.07,0.6643,-0.5814,0.2333,2821.0569727528555,0,0
S_283,2024-05-01,51.2,17.07,0.7114,-0.6401,0.2758,2821.0569727528555,0,0
S_283,2024-06-01,51.2,17.07,0.6456,-0.5576,0.3082,2821.0569727528555,0,0
S_283,2024-07-01,51.2,17.07,0.5982,-0.5732,0.101,2821.0569727528555,0,0
S_283,2024-08-01,51.2,17.07,0.5925,-0.5633,0.1199,2821.0569727528555,0,0
S_283,2024-09-01,51.2,17.07,0.6323,-0.5998,0.1402,2821.0569727528555,0,0
S_283,2024-10-01,51.2,17.07,0.5433,-0.5446,0.0471,2821.0569727528555,0,0
S_283,2024-11-01,51.2,17.07,0.5439,-0.5422,0.0812,2821.0569727528555,0,0
S_283,2024-12-01,51.2,17.07,0.4769,-0.4649,0.1336,2821.0569727528555,0,0
S_283,2025-01-01,51.2,17.07,0.5009,-0.5371,0.079,2821.0569727528555,0,0
S_283,2025-02-01,51.2,17.07,0.4494,-0.497,0.0433,2821.0569727528555,0,0
S_283,2025-03-01,51.2,17.07,0.4442,-0.479,-0.0182,2821.0569727528555,0,0
S_283,2025-04-01,51.2,17.07,0.7384,-0.6587,0.2863,2821.0569727528555,0,0
S_283,2025-05-01,51.2,17.07,0.7208,-0.6337,0.289,2821.0569727528555,0,0
S_283,2025-06-01,51.2,17.07,0.716,-0.6722,0.289,2821.0569727528555,0,0
S_283,2025-07-01,51.2,17.07,0.6446,-0.6258,0.2768,2821.0569727528555,0,0
S_283,2025-08-01,51.2,17.07,0.6202,-0.5937,0.1479,2821.0569727528555,0,0
S_283,2025-09-01,51.2,17.07,0.6377,-0.5999,0.1437,2821.0569727528555,0,0
S_283,2025-10-01,51.2,17.07,0.618,-0.6015,0.1286,2821.0569727528555,0,0
S_283,2025-11-01,51.2,17.07,0.5983,-0.6031,0.1135,2821.0569727528555,0,0
S_283,2025-12-01,51.2,17.07,0.5381,-0.5744,0.121,2821.0569727528555,0,0
S_283,2026-01-01,51.2,17.07,0.4149,-0.476,0.0998,2821.0569727528555,0,0
S_283,2026-02-01,51.2,17.07,0.3811,-0.4634,-0.0879,2821.0569727528555,0,0
S_283,2026-03-01,51.2,17.07,0.3944,-0.4768,-0.0518,2821.0569727528555,0,0
S_285,2023-06-01,51.24,17.07,0.8094,-0.7278,0.3536,6615.739492012172,0,0
S_285,2023-07-01,51.24,17.07,0.8136,-0.7458,0.325,6615.739492012172,0,0
S_285,2023-08-01,51.24,17.07,0.7934,-0.713,0.2808,6615.739492012172,0,0
S_285,2023-09-01,51.24,17.07,0.8038,-0.7326,0.318,6615.739492012172,0,0
S_285,2023-10-01,51.24,17.07,0.7091,-0.6484,0.2547,6615.739492012172,0,0
S_285,2023-11-01,51.24,17.07,0.675,-0.6697,0.1806,6615.739492012172,0,0
S_285,2023-12-01,51.24,17.07,0.559,-0.5266,0.1303,6615.739492012172,0,0
S_285,2024-01-01,51.24,17.07,0.5153,-0.5395,0.2733,6615.739492012172,0,0
S_285,2024-02-01,51.24,17.07,0.5313,-0.5601,0.0388,6615.739492012172,0,0
S_285,2024-03-01,51.24,17.07,0.4762,-0.4761,0.0481,6615.739492012172,0,0
S_285,2024-04-01,51.24,17.07,0.6082,-0.5588,0.1439,6615.739492012172,0,0
S_285,2024-05-01,51.24,17.07,0.7557,-0.6749,0.2458,6615.739492012172,0,0
S_285,2024-06-01,51.24,17.07,0.7738,-0.6876,0.3138,6615.739492012172,0,0
S_285,2024-07-01,51.24,17.07,0.7884,-0.7103,0.267,6615.739492012172,0,0
S_285,2024-08-01,51.24,17.07,0.7999,-0.7199,0.2849,6615.739492012172,0,0
S_285,2024-09-01,51.24,17.07,0.8078,-0.7443,0.2972,6615.739492012172,0,0
S_285,2024-10-01,51.24,17.07,0.6963,-0.6834,0.1837,6615.739492012172,0,0
S_285,2024-11-01,51.24,17.07,0.6179,-0.6113,0.1351,6615.739492012172,0,0
S_285,2024-12-01,51.24,17.07,0.5713,-0.5389,0.1532,6615.739492012172,0,0
S_285,2025-01-01,51.24,17.07,0.6083,-0.6343,0.1425,6615.739492012172,0,0
S_285,2025-02-01,51.24,17.07,0.514,-0.541,0.0877,6615.739492012172,0,0
S_285,2025-03-01,51.24,17.07,0.4869,-0.5249,-0.0226,6615.739492012172,0,0
S_285,2025-04-01,51.24,17.07,0.7862,-0.6695,0.2704,6615.739492012172,0,0
S_285,2025-05-01,51.24,17.07,0.772,-0.655,0.3024,6615.739492012172,0,0
S_285,2025-06-01,51.24,17.07,0.8366,-0.7645,0.3549,6615.739492012172,0,0
S_285,2025-07-01,51.24,17.07,0.7894,-0.7169,0.3234,6615.739492012172,0,0
S_285,2025-08-01,51.24,17.07,0.7924,-0.7159,0.2972,6615.739492012172,0,0
S_285,2025-09-01,51.24,17.07,0.7991,-0.7216,0.3172,6615.739492012172,0,0
S_285,2025-10-01,51.24,17.07,0.3951,-0.3769,0.119,6615.739492012172,0,0
S_285,2025-11-01,51.24,17.07,0.6602,-0.6803,0.1744,6615.739492012172,0,0
S_285,2025-12-01,51.24,17.07,0.6069,-0.6169,0.2019,6615.739492012172,0,0
S_285,2026-01-01,51.24,17.07,0.4929,-0.4973,0.2671,6615.739492012172,0,0
S_285,2026-02-01,51.24,17.07,0.5047,-0.5605,-0.0067,6615.739492012172,0,0
S_285,2026-03-01,51.24,17.07,0.5422,-0.5953,0.0279,6615.739492012172,0,0
S_286,2023-06-01,50.96,17.09,0.7605,-0.7278,0.4292,9505.401786812829,0,0
S_286,2023-07-01,50.96,17.09,0.6572,-0.6416,0.3335,9505.401786812829,0,0
S_286,2023-08-01,50.96,17.09,0.4035,-0.4729,-0.0723,9505.401786812829,0,0
S_286,2023-09-01,50.96,17.09,0.4395,-0.4939,-0.0686,9505.401786812829,0,0
S_286,2023-10-01,50.96,17.09,0.4103,-0.4618,-0.1374,9505.401786812829,0,0
S_286,2023-11-01,50.96,17.09,0.3456,-0.386,-0.0356,9505.401786812829,0,0
S_286,2023-12-01,50.96,17.09,0.4246,-0.4617,-0.0276,9505.401786812829,0,0
S_286,2024-01-01,50.96,17.09,0.149,-0.1742,0.5091,9505.401786812829,0,0
S_286,2024-02-01,50.96,17.09,0.33,-0.3417,0.2755,9505.401786812829,0,0
S_286,2024-03-01,50.96,17.09,0.5111,-0.5092,0.042,9505.401786812829,0,0
S_286,2024-04-01,50.96,17.09,0.555,-0.5436,0.1227,9505.401786812829,0,0
S_286,2024-05-01,50.96,17.09,0.6479,-0.606,0.2808,9505.401786812829,0,0
S_286,2024-06-01,50.96,17.09,0.6755,-0.6134,0.2954,9505.401786812829,0,0
S_286,2024-07-01,50.96,17.09,0.4225,-0.4826,-0.0674,9505.401786812829,0,0
S_286,2024-08-01,50.96,17.09,0.5083,-0.5188,-0.0069,9505.401786812829,0,0
S_286,2024-09-01,50.96,17.09,0.4636,-0.5059,-0.0634,9505.401786812829,0,0
S_286,2024-10-01,50.96,17.09,0.4688,-0.5285,-0.0601,9505.401786812829,0,0
S_286,2024-11-01,50.96,17.09,0.5191,-0.5431,-0.0131,9505.401786812829,0,0
S_286,2024-12-01,50.96,17.09,0.4457,-0.4304,0.0655,9505.401786812829,0,0
S_286,2025-01-01,50.96,17.09,0.5066,-0.5495,0.0311,9505.401786812829,0,0
S_286,2025-02-01,50.96,17.09,0.4857,-0.5274,-0.0317,9505.401786812829,0,0
S_286,2025-03-01,50.96,17.09,0.5042,-0.535,-0.0124,9505.401786812829,0,0
S_286,2025-04-01,50.96,17.09,0.6621,-0.6323,0.2862,9505.401786812829,0,0
S_286,2025-05-01,50.96,17.09,0.6366,-0.6043,0.285,9505.401786812829,0,0
S_286,2025-06-01,50.96,17.09,0.7262,-0.6692,0.4187,9505.401786812829,0,0
S_286,2025-07-01,50.96,17.09,0.6167,-0.5943,0.3315,9505.401786812829,0,0
S_286,2025-08-01,50.96,17.09,0.4449,-0.502,0.0151,9505.401786812829,0,0
S_286,2025-09-01,50.96,17.09,0.4831,-0.5115,-0.0231,9505.401786812829,0,0
S_286,2025-10-01,50.96,17.09,0.4779,-0.5176,-0.0388,9505.401786812829,0,0
S_286,2025-11-01,50.96,17.09,0.4727,-0.5237,-0.0546,9505.401786812829,0,0
S_286,2025-12-01,50.96,17.09,0.4713,-0.5488,-0.0604,9505.401786812829,0,0
S_286,2026-01-01,50.96,17.09,0.3893,-0.489,-0.1125,9505.401786812829,0,0
S_286,2026-02-01,50.96,17.09,0.3549,-0.4539,-0.1962,9505.401786812829,0,0
S_286,2026-03-01,50.96,17.09,0.3736,-0.4704,-0.1839,9505.401786812829,0,0
S_288,2023-06-01,51.0,17.09,0.7154,-0.6635,0.3878,5068.946250743713,0,0
S_288,2023-07-01,51.0,17.09,0.5698,-0.576,0.2479,5068.946250743713,0,0
S_288,2023-08-01,51.0,17.09,0.475,-0.5086,-0.0155,5068.946250743713,0,0
S_288,2023-09-01,51.0,17.09,0.5194,-0.5386,0.0215,5068.946250743713,0,0
S_288,2023-10-01,51.0,17.09,0.3983,-0.459,-0.1556,5068.946250743713,0,0
S_288,2023-11-01,51.0,17.09,0.4554,-0.4776,-0.0502,5068.946250743713,0,0
S_288,2023-12-01,51.0,17.09,0.5125,-0.4963,0.0552,5068.946250743713,0,0
S_288,2024-01-01,51.0,17.09,0.2215,-0.2318,0.6276,5068.946250743713,0,0
S_288,2024-02-01,51.0,17.09,0.4844,-0.6249,-0.04,5068.946250743713,0,0
S_288,2024-03-01,51.0,17.09,0.5871,-0.5596,0.1413,5068.946250743713,0,0
S_288,2024-04-01,51.0,17.09,0.6243,-0.5997,0.2106,5068.946250743713,0,0
S_288,2024-05-01,51.0,17.09,0.6547,-0.6305,0.2388,5068.946250743713,0,0
S_288,2024-06-01,51.0,17.09,0.6341,-0.6075,0.2121,5068.946250743713,0,0
S_288,2024-07-01,51.0,17.09,0.4503,-0.5048,-0.0399,5068.946250743713,0,0
S_288,2024-08-01,51.0,17.09,0.4826,-0.5123,-0.0257,5068.946250743713,0,0
S_288,2024-09-01,51.0,17.09,0.5694,-0.5737,0.066,5068.946250743713,0,0
S_288,2024-10-01,51.0,17.09,0.4383,-0.5115,-0.0838,5068.946250743713,0,0
S_288,2024-11-01,51.0,17.09,0.4554,-0.5021,-0.0639,5068.946250743713,0,0
S_288,2024-12-01,51.0,17.09,0.3713,-0.3787,0.0307,5068.946250743713,0,0
S_288,2025-01-01,51.0,17.09,0.4147,-0.4883,-0.069,5068.946250743713,0,0
S_288,2025-02-01,51.0,17.09,0.4004,-0.4761,-0.1558,5068.946250743713,0,0
S_288,2025-03-01,51.0,17.09,0.3779,-0.4511,-0.1763,5068.946250743713,0,0
S_288,2025-04-01,51.0,17.09,0.5149,-0.5391,0.0157,5068.946250743713,0,0
S_288,2025-05-01,51.0,17.09,0.4725,-0.4995,-0.0101,5068.946250743713,0,0
S_288,2025-06-01,51.0,17.09,0.7679,-0.7102,0.3395,5068.946250743713,0,0
S_288,2025-07-01,51.0,17.09,0.7015,-0.6592,0.3115,5068.946250743713,0,0
S_288,2025-08-01,51.0,17.09,0.6271,-0.6199,0.1933,5068.946250743713,0,0
S_288,2025-09-01,51.0,17.09,0.5311,-0.5512,0.038,5068.946250743713,0,0
S_288,2025-10-01,51.0,17.09,0.4757,-0.5233,-0.0136,5068.946250743713,0,0
S_288,2025-11-01,51.0,17.09,0.4203,-0.4954,-0.0652,5068.946250743713,0,0
S_288,2025-12-01,51.0,17.09,0.4085,-0.5207,-0.1335,5068.946250743713,0,0
S_288,2026-01-01,51.0,17.09,0.3663,-0.4835,-0.186,5068.946250743713,0,0
S_288,2026-02-01,51.0,17.09,0.3121,-0.4212,-0.2481,5068.946250743713,0,0
S_288,2026-03-01,51.0,17.09,0.3338,-0.4417,-0.2461,5068.946250743713,0,0
S_29,2023-06-01,51.22,16.73,0.706,-0.6544,0.2898,7938.677214869078,0,0
S_29,2023-07-01,51.22,16.73,0.6234,-0.6028,0.1574,7938.677214869078,0,0
S_29,2023-08-01,51.22,16.73,0.6569,-0.6085,0.1528,7938.677214869078,0,0
S_29,2023-09-01,51.22,16.73,0.6831,-0.636,0.1822,7938.677214869078,0,0
S_29,2023-10-01,51.22,16.73,0.6569,-0.6178,0.1325,7938.677214869078,0,0
S_29,2023-11-01,51.22,16.73,0.5836,-0.6132,0.1069,7938.677214869078,0,0
S_29,2023-12-01,51.22,16.73,0.4104,-0.462,0.1385,7938.677214869078,0,0
S_29,2024-01-01,51.22,16.73,0.3271,-0.3853,0.2298,7938.677214869078,0,0
S_29,2024-02-01,51.22,16.73,0.4484,-0.534,0.0586,7938.677214869078,0,0
S_29,2024-03-01,51.22,16.73,0.5017,-0.5344,0.0874,7938.677214869078,0,0
S_29,2024-04-01,51.22,16.73,0.555,-0.5347,0.1162,7938.677214869078,0,0
S_29,2024-05-01,51.22,16.73,0.6082,-0.5742,0.1706,7938.677214869078,0,0
S_29,2024-06-01,51.22,16.73,0.6448,-0.5849,0.218,7938.677214869078,0,0
S_29,2024-07-01,51.22,16.73,0.6922,-0.6167,0.2198,7938.677214869078,0,0
S_29,2024-08-01,51.22,16.73,0.7099,-0.6554,0.1938,7938.677214869078,0,0
S_29,2024-09-01,51.22,16.73,0.6625,-0.6304,0.1607,7938.677214869078,0,0
S_29,2024-10-01,51.22,16.73,0.5414,-0.564,0.0289,7938.677214869078,0,0
S_29,2024-11-01,51.22,16.73,0.4954,-0.5144,0.049,7938.677214869078,0,0
S_29,2024-12-01,51.22,16.73,0.1495,-0.1246,0.0716,7938.677214869078,0,0
S_29,2025-01-01,51.22,16.73,0.4156,-0.4924,0.0296,7938.677214869078,0,0
S_29,2025-02-01,51.22,16.73,0.3478,-0.4178,0.1565,7938.677214869078,0,0
S_29,2025-03-01,51.22,16.73,0.3581,-0.4325,-0.0911,7938.677214869078,0,0
S_29,2025-04-01,51.22,16.73,0.4041,-0.4631,-0.0781,7938.677214869078,0,0
S_29,2025-05-01,51.22,16.73,0.5579,-0.5283,0.1444,7938.677214869078,0,0
S_29,2025-06-01,51.22,16.73,0.7174,-0.6728,0.2569,7938.677214869078,0,0
S_29,2025-07-01,51.22,16.73,0.6875,-0.6328,0.211,7938.677214869078,0,0
S_29,2025-08-01,51.22,16.73,0.7536,-0.6871,0.2634,7938.677214869078,0,0
S_29,2025-09-01,51.22,16.73,0.7305,-0.6726,0.2315,7938.677214869078,0,0
S_29,2025-10-01,51.22,16.73,0.6264,-0.6318,0.1211,7938.677214869078,0,0
S_29,2025-11-01,51.22,16.73,0.5222,-0.591,0.0107,7938.677214869078,0,0
S_29,2025-12-01,51.22,16.73,0.4247,-0.503,0.0593,7938.677214869078,0,0
S_29,2026-01-01,51.22,16.73,0.2315,-0.2604,0.4129,7938.677214869078,0,0
S_29,2026-02-01,51.22,16.73,0.3455,-0.4406,-0.105,7938.677214869078,0,0
S_29,2026-03-01,51.22,16.73,0.3432,-0.4355,-0.1054,7938.677214869078,0,0
S_290,2023-06-01,51.04,17.09,0.6136,-0.5959,0.177,627.9980417595431,0,0
S_290,2023-07-01,51.04,17.09,0.6874,-0.6336,0.3009,627.9980417595431,0,0
S_290,2023-08-01,51.04,17.09,0.6346,-0.5974,0.1629,627.9980417595431,0,0
S_290,2023-09-01,51.04,17.09,0.6405,-0.6114,0.1698,627.9980417595431,0,0
S_290,2023-10-01,51.04,17.09,0.5653,-0.5641,0.0536,627.9980417595431,0,0
S_290,2023-11-01,51.04,17.09,0.433,-0.4015,0.051,627.9980417595431,0,0
S_290,2023-12-01,51.04,17.09,0.4316,-0.4516,-0.005,627.9980417595431,0,0
S_290,2024-01-01,51.04,17.09,0.1782,-0.2032,0.5577,627.9980417595431,0,0
S_290,2024-02-01,51.04,17.09,0.4036,-0.573,-0.1149,627.9980417595431,0,0
S_290,2024-03-01,51.04,17.09,0.321,-0.3651,-0.1019,627.9980417595431,0,0
S_290,2024-04-01,51.04,17.09,0.5579,-0.5375,0.1447,627.9980417595431,0,0
S_290,2024-05-01,51.04,17.09,0.6152,-0.5912,0.1812,627.9980417595431,0,0
S_290,2024-06-01,51.04,17.09,0.6274,-0.5861,0.2025,627.9980417595431,0,0
S_290,2024-07-01,51.04,17.09,0.5532,-0.5519,0.0806,627.9980417595431,0,0
S_290,2024-08-01,51.04,17.09,0.56,-0.551,0.0857,627.9980417595431,0,0
S_290,2024-09-01,51.04,17.09,0.5468,-0.5569,0.0346,627.9980417595431,0,0
S_290,2024-10-01,51.04,17.09,0.4051,-0.4846,-0.1277,627.9980417595431,0,0
S_290,2024-11-01,51.04,17.09,0.4269,-0.4657,-0.0861,627.9980417595431,0,0
S_290,2024-12-01,51.04,17.09,0.3436,-0.3481,-0.0102,627.9980417595431,0,0
S_290,2025-01-01,51.04,17.09,0.3911,-0.4554,-0.0578,627.9980417595431,0,0
S_290,2025-02-01,51.04,17.09,0.3807,-0.4545,-0.1347,627.9980417595431,0,0
S_290,2025-03-01,51.04,17.09,0.3369,-0.4201,-0.1732,627.9980417595431,0,0
S_290,2025-04-01,51.04,17.09,0.4778,-0.4966,-0.0228,627.9980417595431,0,0
S_290,2025-05-01,51.04,17.09,0.509,-0.488,0.051,627.9980417595431,0,0
S_290,2025-06-01,51.04,17.09,0.7525,-0.6922,0.2896,627.9980417595431,0,0
S_290,2025-07-01,51.04,17.09,0.722,-0.6645,0.2812,627.9980417595431,0,0
S_290,2025-08-01,51.04,17.09,0.6937,-0.6503,0.2583,627.9980417595431,0,0
S_290,2025-09-01,51.04,17.09,0.5938,-0.5845,0.1199,627.9980417595431,0,0
S_290,2025-10-01,51.04,17.09,0.2121,-0.2457,0.0766,627.9980417595431,0,0
S_290,2025-11-01,51.04,17.09,0.4096,-0.488,-0.0297,627.9980417595431,0,0
S_290,2025-12-01,51.04,17.09,0.391,-0.5132,-0.0819,627.9980417595431,0,0
S_290,2026-01-01,51.04,17.09,0.3532,-0.4721,-0.1081,627.9980417595431,0,0
S_290,2026-02-01,51.04,17.09,0.3145,-0.4196,-0.1851,627.9980417595431,0,0
S_290,2026-03-01,51.04,17.09,0.3363,-0.4402,-0.1704,627.9980417595431,0,0
S_292,2023-06-01,51.08,17.09,0.6474,-0.5967,0.2467,88.13980394258562,107,0
S_292,2023-07-01,51.08,17.09,0.6286,-0.5831,0.189,88.13980394258562,107,0
S_292,2023-08-01,51.08,17.09,0.6387,-0.5819,0.154,88.13980394258562,107,0
S_292,2023-09-01,51.08,17.09,0.6697,-0.6142,0.2077,88.13980394258562,107,0
S_292,2023-10-01,51.08,17.09,0.6134,-0.5724,0.1481,88.13980394258562,107,0
S_292,2023-11-01,51.08,17.09,0.4543,-0.4444,0.0994,88.13980394258562,107,0
S_292,2023-12-01,51.08,17.09,0.4172,-0.4314,-0.0176,88.13980394258562,107,0
S_292,2024-01-01,51.08,17.09,0.2233,-0.2416,0.4001,88.13980394258562,107,0
S_292,2024-02-01,51.08,17.09,0.4301,-0.574,-0.1021,88.13980394258562,107,0
S_292,2024-03-01,51.08,17.09,0.4213,-0.4136,0.0137,88.13980394258562,107,0
S_292,2024-04-01,51.08,17.09,0.6732,-0.5857,0.1968,88.13980394258562,107,0
S_292,2024-05-01,51.08,17.09,0.6156,-0.564,0.1807,88.13980394258562,107,0
S_292,2024-06-01,51.08,17.09,0.6208,-0.5581,0.1906,88.13980394258562,107,0
S_292,2024-07-01,51.08,17.09,0.6104,-0.5641,0.126,88.13980394258562,107,0
S_292,2024-08-01,51.08,17.09,0.6385,-0.5792,0.1563,88.13980394258562,107,0
S_292,2024-09-01,51.08,17.09,0.6108,-0.5694,0.1943,88.13980394258562,107,0
S_292,2024-10-01,51.08,17.09,0.5701,-0.5593,0.0769,88.13980394258562,107,0
S_292,2024-11-01,51.08,17.09,0.2672,-0.2822,-0.0008,88.13980394258562,107,0
S_292,2024-12-01,51.08,17.09,0.3612,-0.3589,0.0481,88.13980394258562,107,0
S_292,2025-01-01,51.08,17.09,0.4094,-0.4618,0.0026,88.13980394258562,107,0
S_292,2025-02-01,51.08,17.09,0.3667,-0.4219,-0.0351,88.13980394258562,107,0
S_292,2025-03-01,51.08,17.09,0.3636,-0.4104,-0.0649,88.13980394258562,107,0
S_292,2025-04-01,51.08,17.09,0.6444,-0.565,0.2166,88.13980394258562,107,0
S_292,2025-05-01,51.08,17.09,0.5879,-0.525,0.2065,88.13980394258562,107,0
S_292,2025-06-01,51.08,17.09,0.6797,-0.6279,0.2557,88.13980394258562,107,0
S_292,2025-07-01,51.08,17.09,0.6488,-0.5965,0.2205,88.13980394258562,107,0
S_292,2025-08-01,51.08,17.09,0.6454,-0.5878,0.1955,88.13980394258562,107,0
S_292,2025-09-01,51.08,17.09,0.6547,-0.6006,0.1995,88.13980394258562,107,0
S_292,2025-10-01,51.08,17.09,0.5942,-0.5742,0.1405,88.13980394258562,107,0
S_292,2025-11-01,51.08,17.09,0.5338,-0.5478,0.0815,88.13980394258562,107,0
S_292,2025-12-01,51.08,17.09,0.4734,-0.5264,0.0304,88.13980394258562,107,0
S_292,2026-01-01,51.08,17.09,0.3453,-0.4081,0.0867,88.13980394258562,107,0
S_292,2026-02-01,51.08,17.09,0.3471,-0.4254,-0.1034,88.13980394258562,107,0
S_292,2026-03-01,51.08,17.09,0.3677,-0.4465,-0.0752,88.13980394258562,107,0
S_294,2023-06-01,51.12,17.09,0.6242,-0.5699,0.2384,450.62107651110034,141,0
S_294,2023-07-01,51.12,17.09,0.6099,-0.564,0.1792,450.62107651110034,141,0
S_294,2023-08-01,51.12,17.09,0.6131,-0.5521,0.1455,450.62107651110034,141,0
S_294,2023-09-01,51.12,17.09,0.629,-0.5749,0.1841,450.62107651110034,141,0
S_294,2023-10-01,51.12,17.09,0.5842,-0.539,0.1447,450.62107651110034,141,0
S_294,2023-11-01,51.12,17.09,0.4898,-0.4772,0.1009,450.62107651110034,141,0
S_294,2023-12-01,51.12,17.09,0.39,-0.408,-0.036,450.62107651110034,141,0
S_294,2024-01-01,51.12,17.09,0.208,-0.2275,0.3506,450.62107651110034,141,0
S_294,2024-02-01,51.12,17.09,0.3915,-0.4664,-0.0411,450.62107651110034,141,0
S_294,2024-03-01,51.12,17.09,0.382,-0.3877,0.0298,450.62107651110034,141,0
S_294,2024-04-01,51.12,17.09,0.6239,-0.5374,0.2102,450.62107651110034,141,0
S_294,2024-05-01,51.12,17.09,0.6147,-0.5557,0.1948,450.62107651110034,141,0
S_294,2024-06-01,51.12,17.09,0.5662,-0.5132,0.1961,450.62107651110034,141,0
S_294,2024-07-01,51.12,17.09,0.5986,-0.549,0.1328,450.62107651110034,141,0
S_294,2024-08-01,51.12,17.09,0.6098,-0.5543,0.1556,450.62107651110034,141,0
S_294,2024-09-01,51.12,17.09,0.5661,-0.5362,0.2156,450.62107651110034,141,0
S_294,2024-10-01,51.12,17.09,0.532,-0.5284,0.0983,450.62107651110034,141,0
S_294,2024-11-01,51.12,17.09,0.3706,-0.4083,-0.0281,450.62107651110034,141,0
S_294,2024-12-01,51.12,17.09,0.3434,-0.3477,0.018,450.62107651110034,141,0
S_294,2025-01-01,51.12,17.09,0.3768,-0.4316,-0.018,450.62107651110034,141,0
S_294,2025-02-01,51.12,17.09,0.3384,-0.3873,-0.0114,450.62107651110034,141,0
S_294,2025-03-01,51.12,17.09,0.3447,-0.3865,-0.0543,450.62107651110034,141,0
S_294,2025-04-01,51.12,17.09,0.6305,-0.5394,0.2201,450.62107651110034,141,0
S_294,2025-05-01,51.12,17.09,0.6475,-0.5659,0.2405,450.62107651110034,141,0
S_294,2025-06-01,51.12,17.09,0.6138,-0.5766,0.2002,450.62107651110034,141,0
S_294,2025-07-01,51.12,17.09,0.5867,-0.5501,0.1696,450.62107651110034,141,0
S_294,2025-08-01,51.12,17.09,0.6038,-0.5484,0.1749,450.62107651110034,141,0
S_294,2025-09-01,51.12,17.09,0.6101,-0.5585,0.1814,450.62107651110034,141,0
S_294,2025-10-01,51.12,17.09,0.547,-0.5372,0.1278,450.62107651110034,141,0
S_294,2025-11-01,51.12,17.09,0.4839,-0.5159,0.0741,450.62107651110034,141,0
S_294,2025-12-01,51.12,17.09,0.4349,-0.4875,0.0138,450.62107651110034,141,0
S_294,2026-01-01,51.12,17.09,0.3837,-0.454,0.0376,450.62107651110034,141,0
S_294,2026-02-01,51.12,17.09,0.3291,-0.4046,-0.0956,450.62107651110034,141,0
S_294,2026-03-01,51.12,17.09,0.352,-0.4263,-0.0757,450.62107651110034,141,0
S_296,2023-06-01,51.16,17.09,0.661,-0.6184,0.2492,60.45637724612981,0,0
S_296,2023-07-01,51.16,17.09,0.7008,-0.6516,0.2413,60.45637724612981,0,0
S_296,2023-08-01,51.16,17.09,0.7181,-0.6547,0.2156,60.45637724612981,0,0
S_296,2023-09-01,51.16,17.09,0.7476,-0.681,0.2602,60.45637724612981,0,0
S_296,2023-10-01,51.16,17.09,0.649,-0.6089,0.1532,60.45637724612981,0,0
S_296,2023-11-01,51.16,17.09,0.5257,-0.5465,0.0247,60.45637724612981,0,0
S_296,2023-12-01,51.16,17.09,0.4069,-0.4488,0.0038,60.45637724612981,0,0
S_296,2024-01-01,51.16,17.09,0.2301,-0.2751,0.3341,60.45637724612981,0,0
S_296,2024-02-01,51.16,17.09,0.3085,-0.36,0.0016,60.45637724612981,0,0
S_296,2024-03-01,51.16,17.09,0.4097,-0.4129,-0.0224,60.45637724612981,0,0
S_296,2024-04-01,51.16,17.09,0.4813,-0.4689,0.126,60.45637724612981,0,0
S_296,2024-05-01,51.16,17.09,0.589,-0.5583,0.154,60.45637724612981,0,0
S_296,2024-06-01,51.16,17.09,0.6614,-0.5735,0.2735,60.45637724612981,0,0
S_296,2024-07-01,51.16,17.09,0.7533,-0.6771,0.2664,60.45637724612981,0,0
S_296,2024-08-01,51.16,17.09,0.7614,-0.6787,0.2893,60.45637724612981,0,0
S_296,2024-09-01,51.16,17.09,0.63,-0.6131,0.1332,60.45637724612981,0,0
S_296,2024-10-01,51.16,17.09,0.495,-0.5303,-0.0069,60.45637724612981,0,0
S_296,2024-11-01,51.16,17.09,0.429,-0.4886,-0.0014,60.45637724612981,0,0
S_296,2024-12-01,51.16,17.09,0.3397,-0.3759,0.0297,60.45637724612981,0,0
S_296,2025-01-01,51.16,17.09,0.3769,-0.4641,-0.0375,60.45637724612981,0,0
S_296,2025-02-01,51.16,17.09,0.3345,-0.4108,-0.0408,60.45637724612981,0,0
S_296,2025-03-01,51.16,17.09,0.3581,-0.4244,-0.0788,60.45637724612981,0,0
S_296,2025-04-01,51.16,17.09,0.673,-0.6205,0.2241,60.45637724612981,0,0
S_296,2025-05-01,51.16,17.09,0.6658,-0.6081,0.2361,60.45637724612981,0,0
S_296,2025-06-01,51.16,17.09,0.7228,-0.6691,0.278,60.45637724612981,0,0
S_296,2025-07-01,51.16,17.09,0.6539,-0.6143,0.2404,60.45637724612981,0,0
S_296,2025-08-01,51.16,17.09,0.6257,-0.5994,0.1514,60.45637724612981,0,0
S_296,2025-09-01,51.16,17.09,0.6563,-0.6115,0.1589,60.45637724612981,0,0
S_296,2025-10-01,51.16,17.09,0.4762,-0.4295,0.1536,60.45637724612981,0,0
S_296,2025-11-01,51.16,17.09,0.5231,-0.5587,0.0353,60.45637724612981,0,0
S_296,2025-12-01,51.16,17.09,0.4489,-0.5244,0.0402,60.45637724612981,0,0
S_296,2026-01-01,51.16,17.09,0.386,-0.4862,-0.0183,60.45637724612981,0,0
S_296,2026-02-01,51.16,17.09,0.3226,-0.4249,-0.1255,60.45637724612981,0,0
S_296,2026-03-01,51.16,17.09,0.3425,-0.4488,-0.0845,60.45637724612981,0,0
S_297,2023-06-01,51.18,17.09,0.7133,-0.6533,0.3055,402.1787713061745,0,0
S_297,2023-07-01,51.18,17.09,0.7276,-0.6736,0.2732,402.1787713061745,0,0
S_297,2023-08-01,51.18,17.09,0.7087,-0.6469,0.2025,402.1787713061745,0,0
S_297,2023-09-01,51.18,17.09,0.7286,-0.6672,0.2353,402.1787713061745,0,0
S_297,2023-10-01,51.18,17.09,0.6058,-0.5774,0.1289,402.1787713061745,0,0
S_297,2023-11-01,51.18,17.09,0.5194,-0.5557,0.0184,402.1787713061745,0,0
S_297,2023-12-01,51.18,17.09,0.4246,-0.4704,-0.0098,402.1787713061745,0,0
S_297,2024-01-01,51.18,17.09,0.2937,-0.3496,0.2354,402.1787713061745,0,0
S_297,2024-02-01,51.18,17.09,0.3673,-0.4325,-0.0308,402.1787713061745,0,0
S_297,2024-03-01,51.18,17.09,0.3206,-0.2834,0.064,402.1787713061745,0,0
S_297,2024-04-01,51.18,17.09,0.5445,-0.4994,0.161,402.1787713061745,0,0
S_297,2024-05-01,51.18,17.09,0.6403,-0.5885,0.1977,402.1787713061745,0,0
S_297,2024-06-01,51.18,17.09,0.6473,-0.5609,0.3362,402.1787713061745,0,0
S_297,2024-07-01,51.18,17.09,0.7521,-0.67,0.2482,402.1787713061745,0,0
S_297,2024-08-01,51.18,17.09,0.7454,-0.6652,0.2532,402.1787713061745,0,0
S_297,2024-09-01,51.18,17.09,0.6309,-0.6101,0.122,402.1787713061745,0,0
S_297,2024-10-01,51.18,17.09,0.498,-0.5345,-0.0304,402.1787713061745,0,0
S_297,2024-11-01,51.18,17.09,0.4908,-0.5201,-0.013,402.1787713061745,0,0
S_297,2024-12-01,51.18,17.09,0.4053,-0.4219,0.0304,402.1787713061745,0,0
S_297,2025-01-01,51.18,17.09,0.4411,-0.5093,-0.02,402.1787713061745,0,0
S_297,2025-02-01,51.18,17.09,0.3936,-0.4577,-0.0501,402.1787713061745,0,0
S_297,2025-03-01,51.18,17.09,0.4067,-0.4578,-0.0732,402.1787713061745,0,0
S_297,2025-04-01,51.18,17.09,0.7568,-0.6688,0.2909,402.1787713061745,0,0
S_297,2025-05-01,51.18,17.09,0.7427,-0.653,0.3109,402.1787713061745,0,0
S_297,2025-06-01,51.18,17.09,0.7678,-0.6962,0.3318,402.1787713061745,0,0
S_297,2025-07-01,51.18,17.09,0.6731,-0.6251,0.2824,402.1787713061745,0,0
S_297,2025-08-01,51.18,17.09,0.6191,-0.5886,0.1298,402.1787713061745,0,0
S_297,2025-09-01,51.18,17.09,0.6695,-0.6139,0.1681,402.1787713061745,0,0
S_297,2025-10-01,51.18,17.09,0.4842,-0.442,0.1533,402.1787713061745,0,0
S_297,2025-11-01,51.18,17.09,0.5731,-0.599,0.0956,402.1787713061745,0,0
S_297,2025-12-01,51.18,17.09,0.5311,-0.5907,0.0902,402.1787713061745,0,0
S_297,2026-01-01,51.18,17.09,0.4364,-0.5147,0.0134,402.1787713061745,0,0
S_297,2026-02-01,51.18,17.09,0.3637,-0.4566,-0.1279,402.1787713061745,0,0
S_297,2026-03-01,51.18,17.09,0.381,-0.4743,-0.0922,402.1787713061745,0,0
S_299,2023-06-01,51.22,17.09,0.791,-0.7138,0.3999,4841.310711102912,0,0
S_299,2023-07-01,51.22,17.09,0.6599,-0.6385,0.2189,4841.310711102912,0,0
S_299,2023-08-01,51.22,17.09,0.6074,-0.5738,0.0942,4841.310711102912,0,0
S_299,2023-09-01,51.22,17.09,0.6245,-0.5901,0.146,4841.310711102912,0,0
S_299,2023-10-01,51.22,17.09,0.655,-0.5878,0.1918,4841.310711102912,0,0
S_299,2023-11-01,51.22,17.09,0.626,-0.6279,0.1304,4841.310711102912,0,0
S_299,2023-12-01,51.22,17.09,0.5121,-0.5176,0.0951,4841.310711102912,0,0
S_299,2024-01-01,51.22,17.09,0.3687,-0.4246,0.1847,4841.310711102912,0,0
S_299,2024-02-01,51.22,17.09,0.3726,-0.4308,-0.0053,4841.310711102912,0,0
S_299,2024-03-01,51.22,17.09,0.5061,-0.5038,0.0912,4841.310711102912,0,0
S_299,2024-04-01,51.22,17.09,0.6396,-0.5768,0.1878,4841.310711102912,0,0
S_299,2024-05-01,51.22,17.09,0.6423,-0.5894,0.2511,4841.310711102912,0,0
S_299,2024-06-01,51.22,17.09,0.6935,-0.6069,0.3127,4841.310711102912,0,0
S_299,2024-07-01,51.22,17.09,0.7199,-0.6492,0.2107,4841.310711102912,0,0
S_299,2024-08-01,51.22,17.09,0.7255,-0.6495,0.232,4841.310711102912,0,0
S_299,2024-09-01,51.22,17.09,0.7058,-0.6564,0.1866,4841.310711102912,0,0
S_299,2024-10-01,51.22,17.09,0.5429,-0.5686,0.0161,4841.310711102912,0,0
S_299,2024-11-01,51.22,17.09,0.4844,-0.5199,0.0316,4841.310711102912,0,0
S_299,2024-12-01,51.22,17.09,0.4344,-0.4503,0.0628,4841.310711102912,0,0
S_299,2025-01-01,51.22,17.09,0.4428,-0.5133,0.0003,4841.310711102912,0,0
S_299,2025-02-01,51.22,17.09,0.3841,-0.4536,-0.071,4841.310711102912,0,0
S_299,2025-03-01,51.22,17.09,0.3698,-0.4351,-0.104,4841.310711102912,0,0
S_299,2025-04-01,51.22,17.09,0.7071,-0.6267,0.2397,4841.310711102912,0,0
S_299,2025-05-01,51.22,17.09,0.6483,-0.5787,0.234,4841.310711102912,0,0
S_299,2025-06-01,51.22,17.09,0.7271,-0.6689,0.2698,4841.310711102912,0,0
S_299,2025-07-01,51.22,17.09,0.6682,-0.6228,0.2378,4841.310711102912,0,0
S_299,2025-08-01,51.22,17.09,0.7076,-0.6516,0.2257,4841.310711102912,0,0
S_299,2025-09-01,51.22,17.09,0.7262,-0.6593,0.2363,4841.310711102912,0,0
S_299,2025-10-01,51.22,17.09,0.3925,-0.3745,0.1373,4841.310711102912,0,0
S_299,2025-11-01,51.22,17.09,0.5297,-0.584,0.0612,4841.310711102912,0,0
S_299,2025-12-01,51.22,17.09,0.4799,-0.5521,0.1033,4841.310711102912,0,0
S_299,2026-01-01,51.22,17.09,0.3784,-0.4576,0.0794,4841.310711102912,0,0
S_299,2026-02-01,51.22,17.09,0.3455,-0.4441,-0.1067,4841.310711102912,0,0
S_299,2026-03-01,51.22,17.09,0.3638,-0.4628,-0.08,4841.310711102912,0,0
S_3,2023-06-01,51.0,16.71,0.6924,-0.6659,0.4228,15460.167737524162,0,0
S_3,2023-07-01,51.0,16.71,0.4483,-0.5149,0.1395,15460.167737524162,0,0
S_3,2023-08-01,51.0,16.71,0.3747,-0.4408,-0.0337,15460.167737524162,0,0
S_3,2023-09-01,51.0,16.71,0.4216,-0.465,0.0065,15460.167737524162,0,0
S_3,2023-10-01,51.0,16.71,0.4409,-0.4721,0.008,15460.167737524162,0,0
S_3,2023-11-01,51.0,16.71,0.5158,-0.5472,0.1909,15460.167737524162,0,0
S_3,2023-12-01,51.0,16.71,0.4194,-0.4291,0.2096,15460.167737524162,0,0
S_3,2024-01-01,51.0,16.71,0.1695,-0.186,0.7029,15460.167737524162,0,0
S_3,2024-02-01,51.0,16.71,0.4721,-0.5099,0.1664,15460.167737524162,0,0
S_3,2024-03-01,51.0,16.71,0.5398,-0.5462,0.2475,15460.167737524162,0,0
S_3,2024-04-01,51.0,16.71,0.6074,-0.5826,0.3286,15460.167737524162,0,0
S_3,2024-05-01,51.0,16.71,0.6039,-0.5873,0.3435,15460.167737524162,0,0
S_3,2024-06-01,51.0,16.71,0.4825,-0.4463,0.2488,15460.167737524162,0,0
S_3,2024-07-01,51.0,16.71,0.3738,-0.4037,-0.0048,15460.167737524162,0,0
S_3,2024-08-01,51.0,16.71,0.4973,-0.501,0.091,15460.167737524162,0,0
S_3,2024-09-01,51.0,16.71,0.3485,-0.4222,-0.026,15460.167737524162,0,0
S_3,2024-10-01,51.0,16.71,0.3022,-0.3835,-0.0425,15460.167737524162,0,0
S_3,2024-11-01,51.0,16.71,0.365,-0.4331,0.0251,15460.167737524162,0,0
S_3,2024-12-01,51.0,16.71,0.4242,-0.4777,0.1082,15460.167737524162,0,0
S_3,2025-01-01,51.0,16.71,0.4835,-0.5223,0.1914,15460.167737524162,0,0
S_3,2025-02-01,51.0,16.71,0.2406,-0.252,0.5844,15460.167737524162,0,0
S_3,2025-03-01,51.0,16.71,0.5731,-0.5568,0.2005,15460.167737524162,0,0
S_3,2025-04-01,51.0,16.71,0.6739,-0.6334,0.2915,15460.167737524162,0,0
S_3,2025-05-01,51.0,16.71,0.739,-0.6944,0.4533,15460.167737524162,0,0
S_3,2025-06-01,51.0,16.71,0.614,-0.6054,0.3336,15460.167737524162,0,0
S_3,2025-07-01,51.0,16.71,0.4496,-0.497,0.1222,15460.167737524162,0,0
S_3,2025-08-01,51.0,16.71,0.2851,-0.3885,-0.0893,15460.167737524162,0,0
S_3,2025-09-01,51.0,16.71,0.3174,-0.386,-0.0452,15460.167737524162,0,0
S_3,2025-10-01,51.0,16.71,0.3538,-0.428,-0.0095,15460.167737524162,0,0
S_3,2025-11-01,51.0,16.71,0.3902,-0.4701,0.0262,15460.167737524162,0,0
S_3,2025-12-01,51.0,16.71,0.4186,-0.4768,0.1349,15460.167737524162,0,0
S_3,2026-01-01,51.0,16.71,0.3628,-0.4374,0.0656,15460.167737524162,0,0
S_3,2026-02-01,51.0,16.71,0.3069,-0.398,-0.0036,15460.167737524162,0,0
S_3,2026-03-01,51.0,16.71,0.331,-0.4016,0.0046,15460.167737524162,0,0
S_30,2023-06-01,51.24,16.73,0.6605,-0.6275,0.2927,9275.33000166609,0,0
S_30,2023-07-01,51.24,16.73,0.5469,-0.5678,0.112,9275.33000166609,0,0
S_30,2023-08-01,51.24,16.73,0.6142,-0.5865,0.1137,9275.33000166609,0,0
S_30,2023-09-01,51.24,16.73,0.6285,-0.6034,0.1466,9275.33000166609,0,0
S_30,2023-10-01,51.24,16.73,0.5319,-0.5389,0.0513,9275.33000166609,0,0
S_30,2023-11-01,51.24,16.73,0.4991,-0.5571,0.051,9275.33000166609,0,0
S_30,2023-12-01,51.24,16.73,0.385,-0.4211,0.1401,9275.33000166609,0,0
S_30,2024-01-01,51.24,16.73,0.2876,-0.3628,0.1712,9275.33000166609,0,0
S_30,2024-02-01,51.24,16.73,0.4217,-0.5155,0.0175,9275.33000166609,0,0
S_30,2024-03-01,51.24,16.73,0.4773,-0.5225,0.0746,9275.33000166609,0,0
S_30,2024-04-01,51.24,16.73,0.5328,-0.5295,0.1316,9275.33000166609,0,0
S_30,2024-05-01,51.24,16.73,0.6138,-0.585,0.2031,9275.33000166609,0,0
S_30,2024-06-01,51.24,16.73,0.6392,-0.5926,0.2186,9275.33000166609,0,0
S_30,2024-07-01,51.24,16.73,0.5373,-0.5199,0.1044,9275.33000166609,0,0
S_30,2024-08-01,51.24,16.73,0.5924,-0.5833,0.1066,9275.33000166609,0,0
S_30,2024-09-01,51.24,16.73,0.6082,-0.5939,0.1099,9275.33000166609,0,0
S_30,2024-10-01,51.24,16.73,0.4661,-0.5226,-0.0057,9275.33000166609,0,0
S_30,2024-11-01,51.24,16.73,0.4197,-0.4693,0.0078,9275.33000166609,0,0
S_30,2024-12-01,51.24,16.73,0.4064,-0.476,0.0037,9275.33000166609,0,0
S_30,2025-01-01,51.24,16.73,0.3932,-0.4826,-0.0004,9275.33000166609,0,0
S_30,2025-02-01,51.24,16.73,0.2605,-0.3255,0.2828,9275.33000166609,0,0
S_30,2025-03-01,51.24,16.73,0.347,-0.4247,-0.0837,9275.33000166609,0,0
S_30,2025-04-01,51.24,16.73,0.4099,-0.4662,-0.0433,9275.33000166609,0,0
S_30,2025-05-01,51.24,16.73,0.6246,-0.5869,0.2107,9275.33000166609,0,0
S_30,2025-06-01,51.24,16.73,0.6435,-0.6282,0.2355,9275.33000166609,0,0
S_30,2025-07-01,51.24,16.73,0.5237,-0.5274,0.0539,9275.33000166609,0,0
S_30,2025-08-01,51.24,16.73,0.5614,-0.571,0.0738,9275.33000166609,0,0
S_30,2025-09-01,51.24,16.73,0.5386,-0.5536,0.0735,9275.33000166609,0,0
S_30,2025-10-01,51.24,16.73,0.509,-0.5546,0.0398,9275.33000166609,0,0
S_30,2025-11-01,51.24,16.73,0.4795,-0.5556,0.006,9275.33000166609,0,0
S_30,2025-12-01,51.24,16.73,0.4525,-0.5047,0.126,9275.33000166609,0,0
S_30,2026-01-01,51.24,16.73,0.1793,-0.2008,0.5274,9275.33000166609,0,0
S_30,2026-02-01,51.24,16.73,0.3542,-0.442,-0.0845,9275.33000166609,0,0
S_30,2026-03-01,51.24,16.73,0.351,-0.4394,-0.0851,9275.33000166609,0,0
S_301,2023-06-01,50.96,17.11,0.5215,-0.5478,0.0792,9502.278649368596,0,0
S_301,2023-07-01,50.96,17.11,0.7107,-0.6941,0.2977,9502.278649368596,0,0
S_301,2023-08-01,50.96,17.11,0.7002,-0.6721,0.2205,9502.278649368596,0,0
S_301,2023-09-01,50.96,17.11,0.7112,-0.6803,0.2422,9502.278649368596,0,0
S_301,2023-10-01,50.96,17.11,0.5114,-0.5366,-0.0641,9502.278649368596,0,0
S_301,2023-11-01,50.96,17.11,0.2244,-0.2923,-0.1718,9502.278649368596,0,0
S_301,2023-12-01,50.96,17.11,0.2969,-0.4048,-0.098,9502.278649368596,0,0
S_301,2024-01-01,50.96,17.11,0.1179,-0.1603,0.4508,9502.278649368596,0,0
S_301,2024-02-01,50.96,17.11,0.221,-0.2868,0.1608,9502.278649368596,0,0
S_301,2024-03-01,50.96,17.11,0.3241,-0.4132,-0.1293,9502.278649368596,0,0
S_301,2024-04-01,50.96,17.11,0.347,-0.4199,-0.1214,9502.278649368596,0,0
S_301,2024-05-01,50.96,17.11,0.4163,-0.4775,-0.0562,9502.278649368596,0,0
S_301,2024-06-01,50.96,17.11,0.5064,-0.5297,-0.0098,9502.278649368596,0,0
S_301,2024-07-01,50.96,17.11,0.7066,-0.6797,0.2267,9502.278649368596,0,0
S_301,2024-08-01,50.96,17.11,0.7205,-0.6827,0.2334,9502.278649368596,0,0
S_301,2024-09-01,50.96,17.11,0.4839,-0.5506,0.0041,9502.278649368596,0,0
S_301,2024-10-01,50.96,17.11,0.3761,-0.4797,-0.1297,9502.278649368596,0,0
S_301,2024-11-01,50.96,17.11,0.4409,-0.497,-0.0724,9502.278649368596,0,0
S_301,2024-12-01,50.96,17.11,0.3966,-0.3948,0.0367,9502.278649368596,0,0
S_301,2025-01-01,50.96,17.11,0.4497,-0.5162,-0.0204,9502.278649368596,0,0
S_301,2025-02-01,50.96,17.11,0.4301,-0.4817,-0.071,9502.278649368596,0,0
S_301,2025-03-01,50.96,17.11,0.4592,-0.5005,-0.0655,9502.278649368596,0,0
S_301,2025-04-01,50.96,17.11,0.6433,-0.6214,0.2368,9502.278649368596,0,0
S_301,2025-05-01,50.96,17.11,0.6199,-0.5946,0.2392,9502.278649368596,0,0
S_301,2025-06-01,50.96,17.11,0.6765,-0.6658,0.3601,9502.278649368596,0,0
S_301,2025-07-01,50.96,17.11,0.584,-0.5969,0.2866,9502.278649368596,0,0
S_301,2025-08-01,50.96,17.11,0.4699,-0.519,0.043,9502.278649368596,0,0
S_301,2025-09-01,50.96,17.11,0.4833,-0.5193,-0.0171,9502.278649368596,0,0
S_301,2025-10-01,50.96,17.11,0.4812,-0.525,-0.0315,9502.278649368596,0,0
S_301,2025-11-01,50.96,17.11,0.479,-0.5308,-0.0459,9502.278649368596,0,0
S_301,2025-12-01,50.96,17.11,0.4441,-0.5445,-0.0774,9502.278649368596,0,0
S_301,2026-01-01,50.96,17.11,0.3676,-0.4803,-0.1093,9502.278649368596,0,0
S_301,2026-02-01,50.96,17.11,0.3392,-0.4488,-0.2132,9502.278649368596,0,0
S_301,2026-03-01,50.96,17.11,0.3565,-0.4657,-0.2038,9502.278649368596,0,0
S_303,2023-06-01,51.0,17.11,0.7283,-0.6656,0.419,5062.534830177265,0,0
S_303,2023-07-01,51.0,17.11,0.5206,-0.5526,0.188,5062.534830177265,0,0
S_303,2023-08-01,51.0,17.11,0.4484,-0.4922,-0.0416,5062.534830177265,0,0
S_303,2023-09-01,51.0,17.11,0.4915,-0.5174,-0.0178,5062.534830177265,0,0
S_303,2023-10-01,51.0,17.11,0.3783,-0.4494,-0.1486,5062.534830177265,0,0
S_303,2023-11-01,51.0,17.11,0.3899,-0.3866,-0.0801,5062.534830177265,0,0
S_303,2023-12-01,51.0,17.11,0.5189,-0.4997,0.0474,5062.534830177265,0,0
S_303,2024-01-01,51.0,17.11,0.2238,-0.2323,0.6179,5062.534830177265,0,0
S_303,2024-02-01,51.0,17.11,0.5345,-0.6025,0.018,5062.534830177265,0,0
S_303,2024-03-01,51.0,17.11,0.5666,-0.5412,0.0772,5062.534830177265,0,0
S_303,2024-04-01,51.0,17.11,0.6616,-0.6297,0.2384,5062.534830177265,0,0
S_303,2024-05-01,51.0,17.11,0.6966,-0.6597,0.2957,5062.534830177265,0,0
S_303,2024-06-01,51.0,17.11,0.6332,-0.6021,0.2054,5062.534830177265,0,0
S_303,2024-07-01,51.0,17.11,0.3883,-0.4604,-0.1077,5062.534830177265,0,0
S_303,2024-08-01,51.0,17.11,0.4316,-0.4781,-0.0952,5062.534830177265,0,0
S_303,2024-09-01,51.0,17.11,0.5201,-0.5378,0.0054,5062.534830177265,0,0
S_303,2024-10-01,51.0,17.11,0.4484,-0.505,-0.0833,5062.534830177265,0,0
S_303,2024-11-01,51.0,17.11,0.4922,-0.5172,-0.0179,5062.534830177265,0,0
S_303,2024-12-01,51.0,17.11,0.4056,-0.3931,0.0718,5062.534830177265,0,0
S_303,2025-01-01,51.0,17.11,0.4675,-0.5145,0.0002,5062.534830177265,0,0
S_303,2025-02-01,51.0,17.11,0.4407,-0.5025,-0.099,5062.534830177265,0,0
S_303,2025-03-01,51.0,17.11,0.4001,-0.466,-0.1352,5062.534830177265,0,0
S_303,2025-04-01,51.0,17.11,0.4862,-0.5169,0.0161,5062.534830177265,0,0
S_303,2025-05-01,51.0,17.11,0.4715,-0.4963,0.0154,5062.534830177265,0,0
S_303,2025-06-01,51.0,17.11,0.7334,-0.6886,0.3248,5062.534830177265,0,0
S_303,2025-07-01,51.0,17.11,0.6643,-0.6458,0.2883,5062.534830177265,0,0
S_303,2025-08-01,51.0,17.11,0.6124,-0.6066,0.1761,5062.534830177265,0,0
S_303,2025-09-01,51.0,17.11,0.5039,-0.5312,0.0016,5062.534830177265,0,0
S_303,2025-10-01,51.0,17.11,0.2467,-0.2187,0.1269,5062.534830177265,0,0
S_303,2025-11-01,51.0,17.11,0.4139,-0.4841,-0.0721,5062.534830177265,0,0
S_303,2025-12-01,51.0,17.11,0.4473,-0.5294,-0.0837,5062.534830177265,0,0
S_303,2026-01-01,51.0,17.11,0.3878,-0.4838,-0.1396,5062.534830177265,0,0
S_303,2026-02-01,51.0,17.11,0.3421,-0.4338,-0.2252,5062.534830177265,0,0
S_303,2026-03-01,51.0,17.11,0.365,-0.456,-0.2202,5062.534830177265,0,0
S_305,2023-06-01,51.04,17.11,0.6183,-0.5905,0.2281,752.6021058611249,0,0
S_305,2023-07-01,51.04,17.11,0.5688,-0.5579,0.1712,752.6021058611249,0,0
S_305,2023-08-01,51.04,17.11,0.5489,-0.5341,0.0797,752.6021058611249,0,0
S_305,2023-09-01,51.04,17.11,0.5585,-0.5528,0.0989,752.6021058611249,0,0
S_305,2023-10-01,51.04,17.11,0.5036,-0.5228,0.0172,752.6021058611249,0,0
S_305,2023-11-01,51.04,17.11,0.3899,-0.3923,0.0188,752.6021058611249,0,0
S_305,2023-12-01,51.04,17.11,0.425,-0.4433,0.0158,752.6021058611249,0,0
S_305,2024-01-01,51.04,17.11,0.1774,-0.2022,0.5259,752.6021058611249,0,0
S_305,2024-02-01,51.04,17.11,0.3512,-0.5423,-0.1182,752.6021058611249,0,0
S_305,2024-03-01,51.04,17.11,0.4189,-0.4304,0.0084,752.6021058611249,0,0
S_305,2024-04-01,51.04,17.11,0.5271,-0.5027,0.1269,752.6021058611249,0,0
S_305,2024-05-01,51.04,17.11,0.5379,-0.5287,0.1136,752.6021058611249,0,0
S_305,2024-06-01,51.04,17.11,0.5391,-0.5177,0.1103,752.6021058611249,0,0
S_305,2024-07-01,51.04,17.11,0.5851,-0.5657,0.1217,752.6021058611249,0,0
S_305,2024-08-01,51.04,17.11,0.5865,-0.5615,0.1308,752.6021058611249,0,0
S_305,2024-09-01,51.04,17.11,0.573,-0.568,0.1057,752.6021058611249,0,0
S_305,2024-10-01,51.04,17.11,0.4556,-0.5071,-0.0299,752.6021058611249,0,0
S_305,2024-11-01,51.04,17.11,0.4148,-0.4687,-0.0329,752.6021058611249,0,0
S_305,2024-12-01,51.04,17.11,0.3227,-0.3539,0.0156,752.6021058611249,0,0
S_305,2025-01-01,51.04,17.11,0.3693,-0.4547,-0.0404,752.6021058611249,0,0
S_305,2025-02-01,51.04,17.11,0.3513,-0.4345,-0.0915,752.6021058611249,0,0
S_305,2025-03-01,51.04,17.11,0.3334,-0.4137,-0.1133,752.6021058611249,0,0
S_305,2025-04-01,51.04,17.11,0.5089,-0.5085,0.0689,752.6021058611249,0,0
S_305,2025-05-01,51.04,17.11,0.4868,-0.4791,0.0739,752.6021058611249,0,0
S_305,2025-06-01,51.04,17.11,0.6616,-0.6252,0.2312,752.6021058611249,0,0
S_305,2025-07-01,51.04,17.11,0.6343,-0.6004,0.2151,752.6021058611249,0,0
S_305,2025-08-01,51.04,17.11,0.6255,-0.5907,0.1938,752.6021058611249,0,0
S_305,2025-09-01,51.04,17.11,0.5852,-0.569,0.1345,752.6021058611249,0,0
S_305,2025-10-01,51.04,17.11,0.509,-0.5326,0.0675,752.6021058611249,0,0
S_305,2025-11-01,51.04,17.11,0.4329,-0.4961,0.0004,752.6021058611249,0,0
S_305,2025-12-01,51.04,17.11,0.4014,-0.502,-0.0421,752.6021058611249,0,0
S_305,2026-01-01,51.04,17.11,0.3365,-0.4378,-0.0355,752.6021058611249,0,0
S_305,2026-02-01,51.04,17.11,0.3049,-0.4071,-0.1441,752.6021058611249,0,0
S_305,2026-03-01,51.04,17.11,0.3225,-0.4267,-0.1282,752.6021058611249,0,0
S_306,2023-06-01,51.06,17.11,0.6813,-0.6272,0.2538,404.7006786032911,0,0
S_306,2023-07-01,51.06,17.11,0.6245,-0.5818,0.1411,404.7006786032911,0,0
S_306,2023-08-01,51.06,17.11,0.6379,-0.5798,0.102,404.7006786032911,0,0
S_306,2023-09-01,51.06,17.11,0.6592,-0.6072,0.1425,404.7006786032911,0,0
S_306,2023-10-01,51.06,17.11,0.615,-0.5823,0.0787,404.7006786032911,0,0
S_306,2023-11-01,51.06,17.11,0.4018,-0.3861,0.0736,404.7006786032911,0,0
S_306,2023-12-01,51.06,17.11,0.416,-0.4618,-0.034,404.7006786032911,0,0
S_306,2024-01-01,51.06,17.11,0.1866,-0.2234,0.4517,404.7006786032911,0,0
S_306,2024-02-01,51.06,17.11,0.3758,-0.543,-0.0929,404.7006786032911,0,0
S_306,2024-03-01,51.06,17.11,0.4982,-0.5539,0.0294,404.7006786032911,0,0
S_306,2024-04-01,51.06,17.11,0.6206,-0.5648,0.1518,404.7006786032911,0,0
S_306,2024-05-01,51.06,17.11,0.6183,-0.5753,0.1533,404.7006786032911,0,0
S_306,2024-06-01,51.06,17.11,0.6169,-0.5678,0.1306,404.7006786032911,0,0
S_306,2024-07-01,51.06,17.11,0.6233,-0.5754,0.0961,404.7006786032911,0,0
S_306,2024-08-01,51.06,17.11,0.6389,-0.5812,0.1203,404.7006786032911,0,0
S_306,2024-09-01,51.06,17.11,0.5289,-0.4921,0.176,404.7006786032911,0,0
S_306,2024-10-01,51.06,17.11,0.5756,-0.5734,0.0384,404.7006786032911,0,0
S_306,2024-11-01,51.06,17.11,0.4275,-0.4573,0.0013,404.7006786032911,0,0
S_306,2024-12-01,51.06,17.11,0.3823,-0.4078,0.039,404.7006786032911,0,0
S_306,2025-01-01,51.06,17.11,0.4129,-0.494,-0.0286,404.7006786032911,0,0
S_306,2025-02-01,51.06,17.11,0.3599,-0.4397,-0.0689,404.7006786032911,0,0
S_306,2025-03-01,51.06,17.11,0.3527,-0.4273,-0.0996,404.7006786032911,0,0
S_306,2025-04-01,51.06,17.11,0.6621,-0.5939,0.1949,404.7006786032911,0,0
S_306,2025-05-01,51.06,17.11,0.6233,-0.5593,0.1983,404.7006786032911,0,0
S_306,2025-06-01,51.06,17.11,0.6868,-0.633,0.2325,404.7006786032911,0,0
S_306,2025-07-01,51.06,17.11,0.6522,-0.6025,0.1957,404.7006786032911,0,0
S_306,2025-08-01,51.06,17.11,0.6463,-0.5905,0.1611,404.7006786032911,0,0
S_306,2025-09-01,51.06,17.11,0.6317,-0.5905,0.1277,404.7006786032911,0,0
S_306,2025-10-01,51.06,17.11,0.5742,-0.5758,0.0892,404.7006786032911,0,0
S_306,2025-11-01,51.06,17.11,0.5167,-0.5611,0.0507,404.7006786032911,0,0
S_306,2025-12-01,51.06,17.11,0.4567,-0.5439,0.0077,404.7006786032911,0,0
S_306,2026-01-01,51.06,17.11,0.3611,-0.4572,0.0177,404.7006786032911,0,0
S_306,2026-02-01,51.06,17.11,0.3202,-0.4264,-0.1328,404.7006786032911,0,0
S_306,2026-03-01,51.06,17.11,0.3365,-0.4454,-0.0983,404.7006786032911,0,0
S_308,2023-06-01,51.1,17.11,0.629,-0.5773,0.2506,626.639890995596,124,0
S_308,2023-07-01,51.1,17.11,0.5969,-0.5586,0.1787,626.639890995596,124,0
S_308,2023-08-01,51.1,17.11,0.6065,-0.5508,0.1459,626.639890995596,124,0
S_308,2023-09-01,51.1,17.11,0.6071,-0.5666,0.1733,626.639890995596,124,0
S_308,2023-10-01,51.1,17.11,0.5627,-0.5331,0.126,626.639890995596,124,0
S_308,2023-11-01,51.1,17.11,0.3785,-0.3942,0.111,626.639890995596,124,0
S_308,2023-12-01,51.1,17.11,0.3676,-0.4001,-0.0315,626.639890995596,124,0
S_308,2024-01-01,51.1,17.11,0.1999,-0.2285,0.3354,626.639890995596,124,0
S_308,2024-02-01,51.1,17.11,0.3948,-0.5394,-0.0757,626.639890995596,124,0
S_308,2024-03-01,51.1,17.11,0.4666,-0.5196,0.0452,626.639890995596,124,0
S_308,2024-04-01,51.1,17.11,0.5384,-0.4997,0.1661,626.639890995596,124,0
S_308,2024-05-01,51.1,17.11,0.5968,-0.5505,0.1803,626.639890995596,124,0
S_308,2024-06-01,51.1,17.11,0.6274,-0.5649,0.2252,626.639890995596,124,0
S_308,2024-07-01,51.1,17.11,0.5717,-0.536,0.1101,626.639890995596,124,0
S_308,2024-08-01,51.1,17.11,0.5913,-0.5469,0.139,626.639890995596,124,0
S_308,2024-09-01,51.1,17.11,0.5207,-0.5093,0.2475,626.639890995596,124,0
S_308,2024-10-01,51.1,17.11,0.5046,-0.519,0.0654,626.639890995596,124,0
S_308,2024-11-01,51.1,17.11,0.3304,-0.3155,0.0641,626.639890995596,124,0
S_308,2024-12-01,51.1,17.11,0.3171,-0.3321,0.0183,626.639890995596,124,0
S_308,2025-01-01,51.1,17.11,0.3615,-0.4297,-0.0163,626.639890995596,124,0
S_308,2025-02-01,51.1,17.11,0.3201,-0.3808,-0.0405,626.639890995596,124,0
S_308,2025-03-01,51.1,17.11,0.3256,-0.3761,-0.0528,626.639890995596,124,0
S_308,2025-04-01,51.1,17.11,0.6124,-0.5432,0.2001,626.639890995596,124,0
S_308,2025-05-01,51.1,17.11,0.6041,-0.5334,0.2125,626.639890995596,124,0
S_308,2025-06-01,51.1,17.11,0.6351,-0.5949,0.2307,626.639890995596,124,0
S_308,2025-07-01,51.1,17.11,0.6059,-0.5603,0.2022,626.639890995596,124,0
S_308,2025-08-01,51.1,17.11,0.5852,-0.5448,0.1636,626.639890995596,124,0
S_308,2025-09-01,51.1,17.11,0.5826,-0.549,0.1549,626.639890995596,124,0
S_308,2025-10-01,51.1,17.11,0.5223,-0.5286,0.1034,626.639890995596,124,0
S_308,2025-11-01,51.1,17.11,0.462,-0.5082,0.052,626.639890995596,124,0
S_308,2025-12-01,51.1,17.11,0.4123,-0.481,-0.0031,626.639890995596,124,0
S_308,2026-01-01,51.1,17.11,0.3412,-0.4226,0.0292,626.639890995596,124,0
S_308,2026-02-01,51.1,17.11,0.3088,-0.3981,-0.0911,626.639890995596,124,0
S_308,2026-03-01,51.1,17.11,0.3254,-0.4142,-0.0789,626.639890995596,124,0
S_309,2023-06-01,51.12,17.11,0.4828,-0.4586,0.1582,293.12140737681347,400,0
S_309,2023-07-01,51.12,17.11,0.448,-0.4356,0.0932,293.12140737681347,400,0
S_309,2023-08-01,51.12,17.11,0.4576,-0.4261,0.0742,293.12140737681347,400,0
S_309,2023-09-01,51.12,17.11,0.4733,-0.4488,0.1069,293.12140737681347,400,0
S_309,2023-10-01,51.12,17.11,0.4436,-0.4227,0.0642,293.12140737681347,400,0
S_309,2023-11-01,51.12,17.11,0.3738,-0.3736,0.0458,293.12140737681347,400,0
S_309,2023-12-01,51.12,17.11,0.2808,-0.31,-0.0487,293.12140737681347,400,0
S_309,2024-01-01,51.12,17.11,0.1437,-0.176,0.3652,293.12140737681347,400,0
S_309,2024-02-01,51.12,17.11,0.3618,-0.5203,-0.0801,293.12140737681347,400,0
S_309,2024-03-01,51.12,17.11,0.3428,-0.3703,-0.0231,293.12140737681347,400,0
S_309,2024-04-01,51.12,17.11,0.462,-0.4503,0.1196,293.12140737681347,400,0
S_309,2024-05-01,51.12,17.11,0.4564,-0.4335,0.1047,293.12140737681347,400,0
S_309,2024-06-01,51.12,17.11,0.4038,-0.3796,0.1639,293.12140737681347,400,0
S_309,2024-07-01,51.12,17.11,0.4582,-0.4343,0.0728,293.12140737681347,400,0
S_309,2024-08-01,51.12,17.11,0.4711,-0.438,0.0944,293.12140737681347,400,0
S_309,2024-09-01,51.12,17.11,0.4337,-0.4247,0.1597,293.12140737681347,400,0
S_309,2024-10-01,51.12,17.11,0.4052,-0.4156,0.027,293.12140737681347,400,0
S_309,2024-11-01,51.12,17.11,0.2955,-0.3085,0.0092,293.12140737681347,400,0
S_309,2024-12-01,51.12,17.11,0.238,-0.2603,-0.0057,293.12140737681347,400,0
S_309,2025-01-01,51.12,17.11,0.2658,-0.3366,-0.0542,293.12140737681347,400,0
S_309,2025-02-01,51.12,17.11,0.2402,-0.3034,-0.0691,293.12140737681347,400,0
S_309,2025-03-01,51.12,17.11,0.2365,-0.298,-0.0948,293.12140737681347,400,0
S_309,2025-04-01,51.12,17.11,0.4645,-0.4297,0.112,293.12140737681347,400,0
S_309,2025-05-01,51.12,17.11,0.4478,-0.4091,0.1187,293.12140737681347,400,0
S_309,2025-06-01,51.12,17.11,0.4854,-0.4685,0.1285,293.12140737681347,400,0
S_309,2025-07-01,51.12,17.11,0.4625,-0.4417,0.1121,293.12140737681347,400,0
S_309,2025-08-01,51.12,17.11,0.4806,-0.4491,0.1078,293.12140737681347,400,0
S_309,2025-09-01,51.12,17.11,0.4653,-0.4419,0.0964,293.12140737681347,400,0
S_309,2025-10-01,51.12,17.11,0.4102,-0.4202,0.0532,293.12140737681347,400,0
S_309,2025-11-01,51.12,17.11,0.3551,-0.3984,0.0101,293.12140737681347,400,0
S_309,2025-12-01,51.12,17.11,0.3046,-0.3735,-0.0318,293.12140737681347,400,0
S_309,2026-01-01,51.12,17.11,0.2726,-0.3588,-0.0353,293.12140737681347,400,0
S_309,2026-02-01,51.12,17.11,0.2151,-0.3006,-0.1298,293.12140737681347,400,0
S_309,2026-03-01,51.12,17.11,0.2308,-0.317,-0.1135,293.12140737681347,400,0
S_31,2023-06-01,50.96,16.75,0.67,-0.6315,0.3341,18000.470905369522,0,0
S_31,2023-07-01,50.96,16.75,0.5166,-0.5693,0.1764,18000.470905369522,0,0
S_31,2023-08-01,50.96,16.75,0.5021,-0.5145,0.0646,18000.470905369522,0,0
S_31,2023-09-01,50.96,16.75,0.5242,-0.5296,0.0803,18000.470905369522,0,0
S_31,2023-10-01,50.96,16.75,0.496,-0.527,0.0151,18000.470905369522,0,0
S_31,2023-11-01,50.96,16.75,0.4361,-0.518,0.0847,18000.470905369522,0,0
S_31,2023-12-01,50.96,16.75,0.404,-0.4434,0.1565,18000.470905369522,0,0
S_31,2024-01-01,50.96,16.75,0.1173,-0.144,0.7392,18000.470905369522,0,0
S_31,2024-02-01,50.96,16.75,0.4171,-0.5086,0.0264,18000.470905369522,0,0
S_31,2024-03-01,50.96,16.75,0.4507,-0.4751,0.0689,18000.470905369522,0,0
S_31,2024-04-01,50.96,16.75,0.5456,-0.5296,0.2238,18000.470905369522,0,0
S_31,2024-05-01,50.96,16.75,0.5101,-0.5133,0.1773,18000.470905369522,0,0
S_31,2024-06-01,50.96,16.75,0.5919,-0.5506,0.2092,18000.470905369522,0,0
S_31,2024-07-01,50.96,16.75,0.5291,-0.5128,0.1805,18000.470905369522,0,0
S_31,2024-08-01,50.96,16.75,0.5449,-0.5559,0.1091,18000.470905369522,0,0
S_31,2024-09-01,50.96,16.75,0.411,-0.4839,-0.0062,18000.470905369522,0,0
S_31,2024-10-01,50.96,16.75,0.35,-0.4421,-0.0943,18000.470905369522,0,0
S_31,2024-11-01,50.96,16.75,0.4062,-0.4775,-0.0354,18000.470905369522,0,0
S_31,2024-12-01,50.96,16.75,0.1819,-0.2804,0.0177,18000.470905369522,0,0
S_31,2025-01-01,50.96,16.75,0.4352,-0.5258,0.0305,18000.470905369522,0,0
S_31,2025-02-01,50.96,16.75,0.2644,-0.2965,0.283,18000.470905369522,0,0
S_31,2025-03-01,50.96,16.75,0.4298,-0.4784,-0.0067,18000.470905369522,0,0
S_31,2025-04-01,50.96,16.75,0.5051,-0.52,0.0615,18000.470905369522,0,0
S_31,2025-05-01,50.96,16.75,0.7234,-0.6599,0.3573,18000.470905369522,0,0
S_31,2025-06-01,50.96,16.75,0.6157,-0.6166,0.3096,18000.470905369522,0,0
S_31,2025-07-01,50.96,16.75,0.5186,-0.5492,0.173,18000.470905369522,0,0
S_31,2025-08-01,50.96,16.75,0.4215,-0.4818,0.0363,18000.470905369522,0,0
S_31,2025-09-01,50.96,16.75,0.4816,-0.5143,0.0273,18000.470905369522,0,0
S_31,2025-10-01,50.96,16.75,0.5147,-0.5482,0.0608,18000.470905369522,0,0
S_31,2025-11-01,50.96,16.75,0.5478,-0.5822,0.0943,18000.470905369522,0,0
S_31,2025-12-01,50.96,16.75,0.5007,-0.5458,0.1467,18000.470905369522,0,0
S_31,2026-01-01,50.96,16.75,0.4225,-0.4964,0.0347,18000.470905369522,0,0
S_31,2026-02-01,50.96,16.75,0.3443,-0.4471,-0.0773,18000.470905369522,0,0
S_31,2026-03-01,50.96,16.75,0.3463,-0.4329,-0.0726,18000.470905369522,0,0
S_311,2023-06-01,51.16,17.11,0.5945,-0.5561,0.2131,11.974441257387422,96,0
S_311,2023-07-01,51.16,17.11,0.5962,-0.5579,0.1846,11.974441257387422,96,0
S_311,2023-08-01,51.16,17.11,0.5929,-0.5403,0.1532,11.974441257387422,96,0
S_311,2023-09-01,51.16,17.11,0.6194,-0.5708,0.1953,11.974441257387422,96,0
S_311,2023-10-01,51.16,17.11,0.5618,-0.5195,0.1327,11.974441257387422,96,0
S_311,2023-11-01,51.16,17.11,0.5077,-0.5097,0.0671,11.974441257387422,96,0
S_311,2023-12-01,51.16,17.11,0.3917,-0.409,0.007,11.974441257387422,96,0
S_311,2024-01-01,51.16,17.11,0.228,-0.2625,0.3658,11.974441257387422,96,0
S_311,2024-02-01,51.16,17.11,0.348,-0.4092,0.0212,11.974441257387422,96,0
S_311,2024-03-01,51.16,17.11,0.4349,-0.4387,0.0238,11.974441257387422,96,0
S_311,2024-04-01,51.16,17.11,0.4998,-0.4828,0.0915,11.974441257387422,96,0
S_311,2024-05-01,51.16,17.11,0.5646,-0.5268,0.1592,11.974441257387422,96,0
S_311,2024-06-01,51.16,17.11,0.5072,-0.4557,0.1617,11.974441257387422,96,0
S_311,2024-07-01,51.16,17.11,0.5881,-0.5418,0.1432,11.974441257387422,96,0
S_311,2024-08-01,51.16,17.11,0.5935,-0.5441,0.1577,11.974441257387422,96,0
S_311,2024-09-01,51.16,17.11,0.6017,-0.5656,0.1516,11.974441257387422,96,0
S_311,2024-10-01,51.16,17.11,0.5189,-0.5156,0.0571,11.974441257387422,96,0
S_311,2024-11-01,51.16,17.11,0.4129,-0.4415,0.0095,11.974441257387422,96,0
S_311,2024-12-01,51.16,17.11,0.3314,-0.3499,0.0479,11.974441257387422,96,0
S_311,2025-01-01,51.16,17.11,0.3633,-0.4312,-0.0137,11.974441257387422,96,0
S_311,2025-02-01,51.16,17.11,0.3175,-0.3801,-0.0217,11.974441257387422,96,0
S_311,2025-03-01,51.16,17.11,0.316,-0.3771,-0.0705,11.974441257387422,96,0
S_311,2025-04-01,51.16,17.11,0.5643,-0.5206,0.1531,11.974441257387422,96,0
S_311,2025-05-01,51.16,17.11,0.6171,-0.5642,0.1866,11.974441257387422,96,0
S_311,2025-06-01,51.16,17.11,0.5931,-0.5613,0.1789,11.974441257387422,96,0
S_311,2025-07-01,51.16,17.11,0.5577,-0.5309,0.151,11.974441257387422,96,0
S_311,2025-08-01,51.16,17.11,0.6009,-0.5495,0.175,11.974441257387422,96,0
S_311,2025-09-01,51.16,17.11,0.5986,-0.5546,0.1713,11.974441257387422,96,0
S_311,2025-10-01,51.16,17.11,0.4399,-0.4001,0.1438,11.974441257387422,96,0
S_311,2025-11-01,51.16,17.11,0.4811,-0.5079,0.0501,11.974441257387422,96,0
S_311,2025-12-01,51.16,17.11,0.4117,-0.4754,0.0297,11.974441257387422,96,0
S_311,2026-01-01,51.16,17.11,0.3479,-0.4297,0.0132,11.974441257387422,96,0
S_311,2026-02-01,51.16,17.11,0.2992,-0.3873,-0.1111,11.974441257387422,96,0
S_311,2026-03-01,51.16,17.11,0.3173,-0.41,-0.0765,11.974441257387422,96,0
S_313,2023-06-01,51.2,17.11,0.6851,-0.6491,0.3482,2734.1440659639547,0,0
S_313,2023-07-01,51.2,17.11,0.5181,-0.5471,0.1497,2734.1440659639547,0,0
S_313,2023-08-01,51.2,17.11,0.4188,-0.4589,-0.0222,2734.1440659639547,0,0
S_313,2023-09-01,51.2,17.11,0.4817,-0.4906,0.0519,2734.1440659639547,0,0
S_313,2023-10-01,51.2,17.11,0.4946,-0.4617,0.1237,2734.1440659639547,0,0
S_313,2023-11-01,51.2,17.11,0.5676,-0.5588,0.1519,2734.1440659639547,0,0
S_313,2023-12-01,51.2,17.11,0.4596,-0.4637,0.1095,2734.1440659639547,0,0
S_313,2024-01-01,51.2,17.11,0.3276,-0.3782,0.1958,2734.1440659639547,0,0
S_313,2024-02-01,51.2,17.11,0.383,-0.418,0.0466,2734.1440659639547,0,0
S_313,2024-03-01,51.2,17.11,0.4269,-0.4101,0.0872,2734.1440659639547,0,0
S_313,2024-04-01,51.2,17.11,0.5178,-0.4903,0.1711,2734.1440659639547,0,0
S_313,2024-05-01,51.2,17.11,0.539,-0.5233,0.1919,2734.1440659639547,0,0
S_313,2024-06-01,51.2,17.11,0.572,-0.4992,0.2856,2734.1440659639547,0,0
S_313,2024-07-01,51.2,17.11,0.5571,-0.5513,0.1143,2734.1440659639547,0,0
S_313,2024-08-01,51.2,17.11,0.5826,-0.5638,0.1381,2734.1440659639547,0,0
S_313,2024-09-01,51.2,17.11,0.5463,-0.5524,0.0982,2734.1440659639547,0,0
S_313,2024-10-01,51.2,17.11,0.3906,-0.449,-0.0309,2734.1440659639547,0,0
S_313,2024-11-01,51.2,17.11,0.4152,-0.4565,0.0407,2734.1440659639547,0,0
S_313,2024-12-01,51.2,17.11,0.3645,-0.379,0.091,2734.1440659639547,0,0
S_313,2025-01-01,51.2,17.11,0.3966,-0.4514,0.0621,2734.1440659639547,0,0
S_313,2025-02-01,51.2,17.11,0.3667,-0.4282,0.0006,2734.1440659639547,0,0
S_313,2025-03-01,51.2,17.11,0.3771,-0.4248,-0.0097,2734.1440659639547,0,0
S_313,2025-04-01,51.2,17.11,0.5855,-0.5638,0.2201,2734.1440659639547,0,0
S_313,2025-05-01,51.2,17.11,0.5652,-0.5437,0.2142,2734.1440659639547,0,0
S_313,2025-06-01,51.2,17.11,0.681,-0.6447,0.2994,2734.1440659639547,0,0
S_313,2025-07-01,51.2,17.11,0.5961,-0.5838,0.2465,2734.1440659639547,0,0
S_313,2025-08-01,51.2,17.11,0.5646,-0.5669,0.1413,2734.1440659639547,0,0
S_313,2025-09-01,51.2,17.11,0.5223,-0.5237,0.0996,2734.1440659639547,0,0
S_313,2025-10-01,51.2,17.11,0.3917,-0.3976,0.0904,2734.1440659639547,0,0
S_313,2025-11-01,51.2,17.11,0.5076,-0.527,0.0959,2734.1440659639547,0,0
S_313,2025-12-01,51.2,17.11,0.4739,-0.5109,0.1384,2734.1440659639547,0,0
S_313,2026-01-01,51.2,17.11,0.3679,-0.4442,0.0384,2734.1440659639547,0,0
S_313,2026-02-01,51.2,17.11,0.3269,-0.413,-0.0558,2734.1440659639547,0,0
S_313,2026-03-01,51.2,17.11,0.3441,-0.4281,-0.0344,2734.1440659639547,0,0
S_314,2023-06-01,51.22,17.11,0.6245,-0.6041,0.2757,4788.973441161141,0,0
S_314,2023-07-01,51.22,17.11,0.5497,-0.571,0.166,4788.973441161141,0,0
S_314,2023-08-01,51.22,17.11,0.4938,-0.5101,0.042,4788.973441161141,0,0
S_314,2023-09-01,51.22,17.11,0.5512,-0.5453,0.1059,4788.973441161141,0,0
S_314,2023-10-01,51.22,17.11,0.4402,-0.4356,0.0719,4788.973441161141,0,0
S_314,2023-11-01,51.22,17.11,0.549,-0.5472,0.1082,4788.973441161141,0,0
S_314,2023-12-01,51.22,17.11,0.4415,-0.4398,0.0881,4788.973441161141,0,0
S_314,2024-01-01,51.22,17.11,0.326,-0.3805,0.156,4788.973441161141,0,0
S_314,2024-02-01,51.22,17.11,0.3777,-0.4234,0.0028,4788.973441161141,0,0
S_314,2024-03-01,51.22,17.11,0.4326,-0.448,0.0654,4788.973441161141,0,0
S_314,2024-04-01,51.22,17.11,0.4874,-0.4727,0.1279,4788.973441161141,0,0
S_314,2024-05-01,51.22,17.11,0.5736,-0.5522,0.2046,4788.973441161141,0,0
S_314,2024-06-01,51.22,17.11,0.672,-0.6037,0.325,4788.973441161141,0,0
S_314,2024-07-01,51.22,17.11,0.6175,-0.5969,0.1603,4788.973441161141,0,0
S_314,2024-08-01,51.22,17.11,0.6276,-0.5935,0.1809,4788.973441161141,0,0
S_314,2024-09-01,51.22,17.11,0.5797,-0.5749,0.119,4788.973441161141,0,0
S_314,2024-10-01,51.22,17.11,0.491,-0.5168,0.0227,4788.973441161141,0,0
S_314,2024-11-01,51.22,17.11,0.4608,-0.4789,0.064,4788.973441161141,0,0
S_314,2024-12-01,51.22,17.11,0.3862,-0.3987,0.0813,4788.973441161141,0,0
S_314,2025-01-01,51.22,17.11,0.389,-0.4549,0.0346,4788.973441161141,0,0
S_314,2025-02-01,51.22,17.11,0.3457,-0.4162,-0.0351,4788.973441161141,0,0
S_314,2025-03-01,51.22,17.11,0.3531,-0.4109,-0.0525,4788.973441161141,0,0
S_314,2025-04-01,51.22,17.11,0.5877,-0.5644,0.1817,4788.973441161141,0,0
S_314,2025-05-01,51.22,17.11,0.5757,-0.5485,0.185,4788.973441161141,0,0
S_314,2025-06-01,51.22,17.11,0.6693,-0.6434,0.2559,4788.973441161141,0,0
S_314,2025-07-01,51.22,17.11,0.6135,-0.5996,0.2304,4788.973441161141,0,0
S_314,2025-08-01,51.22,17.11,0.6316,-0.6194,0.1928,4788.973441161141,0,0
S_314,2025-09-01,51.22,17.11,0.6167,-0.5988,0.1643,4788.973441161141,0,0
S_314,2025-10-01,51.22,17.11,0.3978,-0.3938,0.1028,4788.973441161141,0,0
S_314,2025-11-01,51.22,17.11,0.4521,-0.503,0.0077,4788.973441161141,0,0
S_314,2025-12-01,51.22,17.11,0.4028,-0.4737,0.0474,4788.973441161141,0,0
S_314,2026-01-01,51.22,17.11,0.3175,-0.411,0.0344,4788.973441161141,0,0
S_314,2026-02-01,51.22,17.11,0.3005,-0.4031,-0.1053,4788.973441161141,0,0
S_314,2026-03-01,51.22,17.11,0.3179,-0.4223,-0.0884,4788.973441161141,0,0
S_316,2023-06-01,50.96,17.13,0.4399,-0.4913,0.0115,9406.611013607397,0,0
S_316,2023-07-01,50.96,17.13,0.7361,-0.6971,0.2926,9406.611013607397,0,0
S_316,2023-08-01,50.96,17.13,0.7573,-0.7114,0.2843,9406.611013607397,0,0
S_316,2023-09-01,50.96,17.13,0.7871,-0.7334,0.3372,9406.611013607397,0,0
S_316,2023-10-01,50.96,17.13,0.235,-0.3446,-0.3752,9406.611013607397,0,0
S_316,2023-11-01,50.96,17.13,0.2223,-0.3349,-0.0866,9406.611013607397,0,0
S_316,2023-12-01,50.96,17.13,0.3158,-0.426,-0.0427,9406.611013607397,0,0
S_316,2024-01-01,50.96,17.13,0.1289,-0.1714,0.5255,9406.611013607397,0,0
S_316,2024-02-01,50.96,17.13,0.2688,-0.3128,0.2291,9406.611013607397,0,0
S_316,2024-03-01,50.96,17.13,0.4087,-0.4542,-0.0673,9406.611013607397,0,0
S_316,2024-04-01,50.96,17.13,0.4254,-0.4786,-0.0267,9406.611013607397,0,0
S_316,2024-05-01,50.96,17.13,0.4866,-0.5212,0.0641,9406.611013607397,0,0
S_316,2024-06-01,50.96,17.13,0.5621,-0.5682,0.1007,9406.611013607397,0,0
S_316,2024-07-01,50.96,17.13,0.6297,-0.6335,0.1655,9406.611013607397,0,0
S_316,2024-08-01,50.96,17.13,0.6829,-0.6515,0.1859,9406.611013607397,0,0
S_316,2024-09-01,50.96,17.13,0.514,-0.5608,0.0423,9406.611013607397,0,0
S_316,2024-10-01,50.96,17.13,0.3823,-0.4721,-0.1075,9406.611013607397,0,0
S_316,2024-11-01,50.96,17.13,0.5346,-0.5516,0.0463,9406.611013607397,0,0
S_316,2024-12-01,50.96,17.13,0.49,-0.4398,0.2031,9406.611013607397,0,0
S_316,2025-01-01,50.96,17.13,0.5589,-0.57,0.132,9406.611013607397,0,0
S_316,2025-02-01,50.96,17.13,0.4996,-0.5158,0.0428,9406.611013607397,0,0
S_316,2025-03-01,50.96,17.13,0.5449,-0.5525,0.0508,9406.611013607397,0,0
S_316,2025-04-01,50.96,17.13,0.7397,-0.686,0.3942,9406.611013607397,0,0
S_316,2025-05-01,50.96,17.13,0.7104,-0.6591,0.3906,9406.611013607397,0,0
S_316,2025-06-01,50.96,17.13,0.619,-0.6354,0.2922,9406.611013607397,0,0
S_316,2025-07-01,50.96,17.13,0.4958,-0.5494,0.2034,9406.611013607397,0,0
S_316,2025-08-01,50.96,17.13,0.4129,-0.4792,-0.032,9406.611013607397,0,0
S_316,2025-09-01,50.96,17.13,0.5213,-0.527,0.0119,9406.611013607397,0,0
S_316,2025-10-01,50.96,17.13,0.2667,-0.268,0.0179,9406.611013607397,0,0
S_316,2025-11-01,50.96,17.13,0.568,-0.5722,0.092,9406.611013607397,0,0
S_316,2025-12-01,50.96,17.13,0.5269,-0.5762,0.1023,9406.611013607397,0,0
S_316,2026-01-01,50.96,17.13,0.363,-0.4906,0.0435,9406.611013607397,0,0
S_316,2026-02-01,50.96,17.13,0.3216,-0.4465,-0.1682,9406.611013607397,0,0
S_316,2026-03-01,50.96,17.13,0.3363,-0.4607,-0.1489,9406.611013607397,0,0
S_318,2023-06-01,51.0,17.13,0.6826,-0.6479,0.3112,4998.414551367272,0,0
S_318,2023-07-01,51.0,17.13,0.5826,-0.5954,0.2205,4998.414551367272,0,0
S_318,2023-08-01,51.0,17.13,0.5276,-0.5429,0.0243,4998.414551367272,0,0
S_318,2023-09-01,51.0,17.13,0.5293,-0.5528,0.0259,4998.414551367272,0,0
S_318,2023-10-01,51.0,17.13,0.4959,-0.5295,-0.0405,4998.414551367272,0,0
S_318,2023-11-01,51.0,17.13,0.463,-0.4306,0.0468,4998.414551367272,0,0
S_318,2023-12-01,51.0,17.13,0.4774,-0.4911,0.06,4998.414551367272,0,0
S_318,2024-01-01,51.0,17.13,0.2142,-0.2352,0.5651,4998.414551367272,0,0
S_318,2024-02-01,51.0,17.13,0.3647,-0.3772,0.3294,4998.414551367272,0,0
S_318,2024-03-01,51.0,17.13,0.5151,-0.5192,0.0938,4998.414551367272,0,0
S_318,2024-04-01,51.0,17.13,0.6062,-0.5895,0.1702,4998.414551367272,0,0
S_318,2024-05-01,51.0,17.13,0.682,-0.6359,0.2868,4998.414551367272,0,0
S_318,2024-06-01,51.0,17.13,0.675,-0.6142,0.2764,4998.414551367272,0,0
S_318,2024-07-01,51.0,17.13,0.419,-0.4814,-0.0567,4998.414551367272,0,0
S_318,2024-08-01,51.0,17.13,0.4581,-0.4951,-0.0455,4998.414551367272,0,0
S_318,2024-09-01,51.0,17.13,0.5011,-0.5288,-0.0089,4998.414551367272,0,0
S_318,2024-10-01,51.0,17.13,0.4902,-0.5303,-0.0387,4998.414551367272,0,0
S_318,2024-11-01,51.0,17.13,0.5103,-0.5276,0.0244,4998.414551367272,0,0
S_318,2024-12-01,51.0,17.13,0.4328,-0.4297,0.1451,4998.414551367272,0,0
S_318,2025-01-01,51.0,17.13,0.4961,-0.5451,0.0813,4998.414551367272,0,0
S_318,2025-02-01,51.0,17.13,0.4727,-0.5273,-0.0073,4998.414551367272,0,0
S_318,2025-03-01,51.0,17.13,0.4832,-0.5251,-0.0116,4998.414551367272,0,0
S_318,2025-04-01,51.0,17.13,0.633,-0.6091,0.244,4998.414551367272,0,0
S_318,2025-05-01,51.0,17.13,0.6186,-0.592,0.244,4998.414551367272,0,0
S_318,2025-06-01,51.0,17.13,0.6924,-0.6516,0.341,4998.414551367272,0,0
S_318,2025-07-01,51.0,17.13,0.5844,-0.588,0.2592,4998.414551367272,0,0
S_318,2025-08-01,51.0,17.13,0.4944,-0.528,0.0393,4998.414551367272,0,0
S_318,2025-09-01,51.0,17.13,0.4752,-0.5116,-0.0426,4998.414551367272,0,0
S_318,2025-10-01,51.0,17.13,0.4689,-0.5139,-0.0479,4998.414551367272,0,0
S_318,2025-11-01,51.0,17.13,0.4626,-0.5162,-0.0532,4998.414551367272,0,0
S_318,2025-12-01,51.0,17.13,0.4809,-0.5416,-0.0008,4998.414551367272,0,0
S_318,2026-01-01,51.0,17.13,0.4074,-0.49,-0.0173,4998.414551367272,0,0
S_318,2026-02-01,51.0,17.13,0.3704,-0.4582,-0.1443,4998.414551367272,0,0
S_318,2026-03-01,51.0,17.13,0.3902,-0.4767,-0.1279,4998.414551367272,0,0
S_32,2023-06-01,50.98,16.75,0.6837,-0.6149,0.3789,15952.247462011475,0,0
S_32,2023-07-01,50.98,16.75,0.5206,-0.5237,0.1857,15952.247462011475,0,0
S_32,2023-08-01,50.98,16.75,0.5584,-0.5288,0.132,15952.247462011475,0,0
S_32,2023-09-01,50.98,16.75,0.542,-0.5209,0.1436,15952.247462011475,0,0
S_32,2023-10-01,50.98,16.75,0.5066,-0.4973,0.0971,15952.247462011475,0,0
S_32,2023-11-01,50.98,16.75,0.4888,-0.4914,0.133,15952.247462011475,0,0
S_32,2023-12-01,50.98,16.75,0.2713,-0.3244,0.1393,15952.247462011475,0,0
S_32,2024-01-01,50.98,16.75,0.1755,-0.1835,0.5419,15952.247462011475,0,0
S_32,2024-02-01,50.98,16.75,0.4274,-0.4879,0.0593,15952.247462011475,0,0
S_32,2024-03-01,50.98,16.75,0.5107,-0.532,-0.0176,15952.247462011475,0,0
S_32,2024-04-01,50.98,16.75,0.6506,-0.5947,0.2729,15952.247462011475,0,0
S_32,2024-05-01,50.98,16.75,0.6534,-0.5904,0.3045,15952.247462011475,0,0
S_32,2024-06-01,50.98,16.75,0.6617,-0.6016,0.2663,15952.247462011475,0,0
S_32,2024-07-01,50.98,16.75,0.6001,-0.567,0.1565,15952.247462011475,0,0
S_32,2024-08-01,50.98,16.75,0.5265,-0.5192,0.0995,15952.247462011475,0,0
S_32,2024-09-01,50.98,16.75,0.4774,-0.4657,0.1034,15952.247462011475,0,0
S_32,2024-10-01,50.98,16.75,0.4405,-0.4477,0.031,15952.247462011475,0,0
S_32,2024-11-01,50.98,16.75,0.4249,-0.4482,0.0418,15952.247462011475,0,0
S_32,2024-12-01,50.98,16.75,0.4138,-0.461,0.0231,15952.247462011475,0,0
S_32,2025-01-01,50.98,16.75,0.4026,-0.4738,0.0045,15952.247462011475,0,0
S_32,2025-02-01,50.98,16.75,0.2539,-0.2873,0.2418,15952.247462011475,0,0
S_32,2025-03-01,50.98,16.75,0.4152,-0.436,0.0153,15952.247462011475,0,0
S_32,2025-04-01,50.98,16.75,0.4905,-0.475,0.0819,15952.247462011475,0,0
S_32,2025-05-01,50.98,16.75,0.7571,-0.6794,0.3782,15952.247462011475,0,0
S_32,2025-06-01,50.98,16.75,0.6348,-0.591,0.3007,15952.247462011475,0,0
S_32,2025-07-01,50.98,16.75,0.5893,-0.5566,0.2257,15952.247462011475,0,0
S_32,2025-08-01,50.98,16.75,0.5438,-0.5223,0.1507,15952.247462011475,0,0
S_32,2025-09-01,50.98,16.75,0.5111,-0.5014,0.1171,15952.247462011475,0,0
S_32,2025-10-01,50.98,16.75,0.461,-0.4895,0.0584,15952.247462011475,0,0
S_32,2025-11-01,50.98,16.75,0.4108,-0.4776,-0.0003,15952.247462011475,0,0
S_32,2025-12-01,50.98,16.75,0.3812,-0.4552,-0.0192,15952.247462011475,0,0
S_32,2026-01-01,50.98,16.75,0.3413,-0.4211,-0.0575,15952.247462011475,0,0
S_32,2026-02-01,50.98,16.75,0.3014,-0.387,-0.0958,15952.247462011475,0,0
S_32,2026-03-01,50.98,16.75,0.29,-0.3609,-0.0814,15952.247462011475,0,0
S_320,2023-06-01,51.04,17.13,0.5406,-0.5249,0.1757,1041.5912548421352,0,0
S_320,2023-07-01,51.04,17.13,0.5098,-0.5025,0.1069,1041.5912548421352,0,0
S_320,2023-08-01,51.04,17.13,0.534,-0.5064,0.0892,1041.5912548421352,0,0
S_320,2023-09-01,51.04,17.13,0.5507,-0.5299,0.1179,1041.5912548421352,0,0
S_320,2023-10-01,51.04,17.13,0.502,-0.502,0.0479,1041.5912548421352,0,0
S_320,2023-11-01,51.04,17.13,0.3553,-0.3656,0.0226,1041.5912548421352,0,0
S_320,2023-12-01,51.04,17.13,0.36,-0.4041,-0.0101,1041.5912548421352,0,0
S_320,2024-01-01,51.04,17.13,0.1412,-0.1739,0.5156,1041.5912548421352,0,0
S_320,2024-02-01,51.04,17.13,0.3444,-0.5,-0.0861,1041.5912548421352,0,0
S_320,2024-03-01,51.04,17.13,0.3534,-0.3769,0.0033,1041.5912548421352,0,0
S_320,2024-04-01,51.04,17.13,0.4612,-0.4516,0.0956,1041.5912548421352,0,0
S_320,2024-05-01,51.04,17.13,0.4807,-0.4797,0.0949,1041.5912548421352,0,0
S_320,2024-06-01,51.04,17.13,0.4885,-0.4669,0.1101,1041.5912548421352,0,0
S_320,2024-07-01,51.04,17.13,0.5358,-0.5146,0.1025,1041.5912548421352,0,0
S_320,2024-08-01,51.04,17.13,0.5471,-0.5168,0.1149,1041.5912548421352,0,0
S_320,2024-09-01,51.04,17.13,0.5156,-0.5141,0.0743,1041.5912548421352,0,0
S_320,2024-10-01,51.04,17.13,0.464,-0.4889,0.0108,1041.5912548421352,0,0
S_320,2024-11-01,51.04,17.13,0.4081,-0.4506,-0.0009,1041.5912548421352,0,0
S_320,2024-12-01,51.04,17.13,0.3124,-0.3463,0.0531,1041.5912548421352,0,0
S_320,2025-01-01,51.04,17.13,0.3471,-0.435,-0.0149,1041.5912548421352,0,0
S_320,2025-02-01,51.04,17.13,0.3177,-0.3994,-0.0534,1041.5912548421352,0,0
S_320,2025-03-01,51.04,17.13,0.3185,-0.3904,-0.068,1041.5912548421352,0,0
S_320,2025-04-01,51.04,17.13,0.5411,-0.5154,0.1555,1041.5912548421352,0,0
S_320,2025-05-01,51.04,17.13,0.5355,-0.5018,0.161,1041.5912548421352,0,0
S_320,2025-06-01,51.04,17.13,0.5608,-0.5455,0.1775,1041.5912548421352,0,0
S_320,2025-07-01,51.04,17.13,0.5215,-0.5158,0.1421,1041.5912548421352,0,0
S_320,2025-08-01,51.04,17.13,0.5173,-0.5009,0.0967,1041.5912548421352,0,0
S_320,2025-09-01,51.04,17.13,0.5065,-0.4998,0.071,1041.5912548421352,0,0
S_320,2025-10-01,51.04,17.13,0.4744,-0.4912,0.0502,1041.5912548421352,0,0
S_320,2025-11-01,51.04,17.13,0.4424,-0.4826,0.0294,1041.5912548421352,0,0
S_320,2025-12-01,51.04,17.13,0.3927,-0.4672,-0.0015,1041.5912548421352,0,0
S_320,2026-01-01,51.04,17.13,0.3289,-0.4226,-0.0119,1041.5912548421352,0,0
S_320,2026-02-01,51.04,17.13,0.2885,-0.3838,-0.1161,1041.5912548421352,0,0
S_320,2026-03-01,51.04,17.13,0.3053,-0.4031,-0.0923,1041.5912548421352,0,0
S_322,2023-06-01,51.08,17.13,0.7603,-0.6863,0.3564,49.6135296497983,0,0
S_322,2023-07-01,51.08,17.13,0.6814,-0.6342,0.2307,49.6135296497983,0,0
S_322,2023-08-01,51.08,17.13,0.6609,-0.6058,0.1432,49.6135296497983,0,0
S_322,2023-09-01,51.08,17.13,0.6804,-0.632,0.1838,49.6135296497983,0,0
S_322,2023-10-01,51.08,17.13,0.6441,-0.601,0.1305,49.6135296497983,0,0
S_322,2023-11-01,51.08,17.13,0.4864,-0.4673,0.121,49.6135296497983,0,0
S_322,2023-12-01,51.08,17.13,0.4633,-0.5093,0.0249,49.6135296497983,0,0
S_322,2024-01-01,51.08,17.13,0.2313,-0.2747,0.4719,49.6135296497983,0,0
S_322,2024-02-01,51.08,17.13,0.4323,-0.6477,-0.0903,49.6135296497983,0,0
S_322,2024-03-01,51.08,17.13,0.4444,-0.489,-0.0005,49.6135296497983,0,0
S_322,2024-04-01,51.08,17.13,0.6157,-0.5645,0.179,49.6135296497983,0,0
S_322,2024-05-01,51.08,17.13,0.682,-0.623,0.2369,49.6135296497983,0,0
S_322,2024-06-01,51.08,17.13,0.6618,-0.5988,0.2161,49.6135296497983,0,0
S_322,2024-07-01,51.08,17.13,0.6726,-0.6146,0.1545,49.6135296497983,0,0
S_322,2024-08-01,51.08,17.13,0.6868,-0.6229,0.17,49.6135296497983,0,0
S_322,2024-09-01,51.08,17.13,0.4643,-0.4471,0.2629,49.6135296497983,0,0
S_322,2024-10-01,51.08,17.13,0.5204,-0.5478,0.0101,49.6135296497983,0,0
S_322,2024-11-01,51.08,17.13,0.2817,-0.3305,-0.0453,49.6135296497983,0,0
S_322,2024-12-01,51.08,17.13,0.3886,-0.4194,0.0789,49.6135296497983,0,0
S_322,2025-01-01,51.08,17.13,0.4278,-0.514,0.0006,49.6135296497983,0,0
S_322,2025-02-01,51.08,17.13,0.3672,-0.4526,-0.0639,49.6135296497983,0,0
S_322,2025-03-01,51.08,17.13,0.3667,-0.4458,-0.095,49.6135296497983,0,0
S_322,2025-04-01,51.08,17.13,0.6981,-0.6282,0.2397,49.6135296497983,0,0
S_322,2025-05-01,51.08,17.13,0.6874,-0.6119,0.2534,49.6135296497983,0,0
S_322,2025-06-01,51.08,17.13,0.7483,-0.6906,0.323,49.6135296497983,0,0
S_322,2025-07-01,51.08,17.13,0.709,-0.6563,0.2805,49.6135296497983,0,0
S_322,2025-08-01,51.08,17.13,0.6943,-0.6348,0.2026,49.6135296497983,0,0
S_322,2025-09-01,51.08,17.13,0.6148,-0.5941,0.1315,49.6135296497983,0,0
S_322,2025-10-01,51.08,17.13,0.5547,-0.5791,0.084,49.6135296497983,0,0
S_322,2025-11-01,51.08,17.13,0.4946,-0.5641,0.0366,49.6135296497983,0,0
S_322,2025-12-01,51.08,17.13,0.4792,-0.5646,0.0558,49.6135296497983,0,0
S_322,2026-01-01,51.08,17.13,0.3877,-0.4762,0.0579,49.6135296497983,0,0
S_322,2026-02-01,51.08,17.13,0.3457,-0.4542,-0.1135,49.6135296497983,0,0
S_322,2026-03-01,51.08,17.13,0.3674,-0.4796,-0.0721,49.6135296497983,0,0
S_324,2023-06-01,51.12,17.13,0.6222,-0.587,0.2266,26.32567471779296,52,0
S_324,2023-07-01,51.12,17.13,0.6264,-0.595,0.1837,26.32567471779296,52,0
S_324,2023-08-01,51.12,17.13,0.6205,-0.5719,0.1428,26.32567471779296,52,0
S_324,2023-09-01,51.12,17.13,0.6322,-0.5923,0.163,26.32567471779296,52,0
S_324,2023-10-01,51.12,17.13,0.6065,-0.5684,0.1189,26.32567471779296,52,0
S_324,2023-11-01,51.12,17.13,0.5041,-0.5136,0.0631,26.32567471779296,52,0
S_324,2023-12-01,51.12,17.13,0.3509,-0.3801,-0.0179,26.32567471779296,52,0
S_324,2024-01-01,51.12,17.13,0.1908,-0.2293,0.3725,26.32567471779296,52,0
S_324,2024-02-01,51.12,17.13,0.3466,-0.5084,-0.1199,26.32567471779296,52,0
S_324,2024-03-01,51.12,17.13,0.3461,-0.375,-0.03,26.32567471779296,52,0
S_324,2024-04-01,51.12,17.13,0.4458,-0.4077,0.1192,26.32567471779296,52,0
S_324,2024-05-01,51.12,17.13,0.5944,-0.5577,0.167,26.32567471779296,52,0
S_324,2024-06-01,51.12,17.13,0.6056,-0.5662,0.1495,26.32567471779296,52,0
S_324,2024-07-01,51.12,17.13,0.6169,-0.5747,0.132,26.32567471779296,52,0
S_324,2024-08-01,51.12,17.13,0.6374,-0.5856,0.1641,26.32567471779296,52,0
S_324,2024-09-01,51.12,17.13,0.6173,-0.5839,0.1509,26.32567471779296,52,0
S_324,2024-10-01,51.12,17.13,0.5407,-0.5492,0.0472,26.32567471779296,52,0
S_324,2024-11-01,51.12,17.13,0.4253,-0.4207,0.1159,26.32567471779296,52,0
S_324,2024-12-01,51.12,17.13,0.3192,-0.3507,0.0592,26.32567471779296,52,0
S_324,2025-01-01,51.12,17.13,0.3441,-0.4278,-0.0064,26.32567471779296,52,0
S_324,2025-02-01,51.12,17.13,0.3133,-0.3863,-0.0205,26.32567471779296,52,0
S_324,2025-03-01,51.12,17.13,0.3194,-0.3892,-0.0731,26.32567471779296,52,0
S_324,2025-04-01,51.12,17.13,0.6095,-0.5632,0.178,26.32567471779296,52,0
S_324,2025-05-01,51.12,17.13,0.6027,-0.55,0.19,26.32567471779296,52,0
S_324,2025-06-01,51.12,17.13,0.6691,-0.6245,0.2392,26.32567471779296,52,0
S_324,2025-07-01,51.12,17.13,0.6321,-0.5944,0.2029,26.32567471779296,52,0
S_324,2025-08-01,51.12,17.13,0.6458,-0.596,0.1907,26.32567471779296,52,0
S_324,2025-09-01,51.12,17.13,0.6152,-0.5805,0.1481,26.32567471779296,52,0
S_324,2025-10-01,51.12,17.13,0.547,-0.5535,0.0887,26.32567471779296,52,0
S_324,2025-11-01,51.12,17.13,0.4789,-0.5265,0.0292,26.32567471779296,52,0
S_324,2025-12-01,51.12,17.13,0.3971,-0.4771,0.0208,26.32567471779296,52,0
S_324,2026-01-01,51.12,17.13,0.3367,-0.4385,-0.0026,26.32567471779296,52,0
S_324,2026-02-01,51.12,17.13,0.2742,-0.3744,-0.1139,26.32567471779296,52,0
S_324,2026-03-01,51.12,17.13,0.2949,-0.3952,-0.0799,26.32567471779296,52,0
S_326,2023-06-01,51.16,17.13,0.5559,-0.5326,0.1988,94.59162240169668,258,0
S_326,2023-07-01,51.16,17.13,0.5292,-0.5179,0.1437,94.59162240169668,258,0
S_326,2023-08-01,51.16,17.13,0.5096,-0.4905,0.0959,94.59162240169668,258,0
S_326,2023-09-01,51.16,17.13,0.5402,-0.5183,0.1418,94.59162240169668,258,0
S_326,2023-10-01,51.16,17.13,0.5137,-0.4864,0.1251,94.59162240169668,258,0
S_326,2023-11-01,51.16,17.13,0.4898,-0.4904,0.0933,94.59162240169668,258,0
S_326,2023-12-01,51.16,17.13,0.3799,-0.3872,0.0166,94.59162240169668,258,0
S_326,2024-01-01,51.16,17.13,0.2248,-0.2532,0.3531,94.59162240169668,258,0
S_326,2024-02-01,51.16,17.13,0.3654,-0.431,-0.0118,94.59162240169668,258,0
S_326,2024-03-01,51.16,17.13,0.4327,-0.4476,0.0628,94.59162240169668,258,0
S_326,2024-04-01,51.16,17.13,0.5,-0.4641,0.1373,94.59162240169668,258,0
S_326,2024-05-01,51.16,17.13,0.5197,-0.4963,0.1378,94.59162240169668,258,0
S_326,2024-06-01,51.16,17.13,0.4477,-0.4224,0.1264,94.59162240169668,258,0
S_326,2024-07-01,51.16,17.13,0.5149,-0.4965,0.086,94.59162240169668,258,0
S_326,2024-08-01,51.16,17.13,0.5362,-0.5075,0.1132,94.59162240169668,258,0
S_326,2024-09-01,51.16,17.13,0.5334,-0.521,0.1201,94.59162240169668,258,0
S_326,2024-10-01,51.16,17.13,0.4808,-0.4877,0.0597,94.59162240169668,258,0
S_326,2024-11-01,51.16,17.13,0.4345,-0.4518,0.0345,94.59162240169668,258,0
S_326,2024-12-01,51.16,17.13,0.3292,-0.3326,0.071,94.59162240169668,258,0
S_326,2025-01-01,51.16,17.13,0.373,-0.4239,0.0122,94.59162240169668,258,0
S_326,2025-02-01,51.16,17.13,0.3244,-0.3784,-0.0148,94.59162240169668,258,0
S_326,2025-03-01,51.16,17.13,0.3348,-0.3823,-0.0318,94.59162240169668,258,0
S_326,2025-04-01,51.16,17.13,0.553,-0.513,0.1753,94.59162240169668,258,0
S_326,2025-05-01,51.16,17.13,0.5977,-0.5332,0.2307,94.59162240169668,258,0
S_326,2025-06-01,51.16,17.13,0.5276,-0.5205,0.1448,94.59162240169668,258,0
S_326,2025-07-01,51.16,17.13,0.4872,-0.4893,0.1144,94.59162240169668,258,0
S_326,2025-08-01,51.16,17.13,0.5424,-0.513,0.1313,94.59162240169668,258,0
S_326,2025-09-01,51.16,17.13,0.5463,-0.518,0.1431,94.59162240169668,258,0
S_326,2025-10-01,51.16,17.13,0.4223,-0.3911,0.1304,94.59162240169668,258,0
S_326,2025-11-01,51.16,17.13,0.4556,-0.4825,0.0596,94.59162240169668,258,0
S_326,2025-12-01,51.16,17.13,0.4149,-0.4629,0.0341,94.59162240169668,258,0
S_326,2026-01-01,51.16,17.13,0.3463,-0.4198,0.0126,94.59162240169668,258,0
S_326,2026-02-01,51.16,17.13,0.3019,-0.3809,-0.0934,94.59162240169668,258,0
S_326,2026-03-01,51.16,17.13,0.3187,-0.3997,-0.0675,94.59162240169668,258,0
S_328,2023-06-01,51.2,17.13,0.5802,-0.5638,0.276,2233.8334123942354,0,0
S_328,2023-07-01,51.2,17.13,0.5505,-0.569,0.1839,2233.8334123942354,0,0
S_328,2023-08-01,51.2,17.13,0.5068,-0.5074,0.0717,2233.8334123942354,0,0
S_328,2023-09-01,51.2,17.13,0.5559,-0.5352,0.1186,2233.8334123942354,0,0
S_328,2023-10-01,51.2,17.13,0.3288,-0.3437,0.0105,2233.8334123942354,0,0
S_328,2023-11-01,51.2,17.13,0.4776,-0.5053,0.0491,2233.8334123942354,0,0
S_328,2023-12-01,51.2,17.13,0.4064,-0.4346,0.0529,2233.8334123942354,0,0
S_328,2024-01-01,51.2,17.13,0.2803,-0.3389,0.1996,2233.8334123942354,0,0
S_328,2024-02-01,51.2,17.13,0.3105,-0.3395,0.0066,2233.8334123942354,0,0
S_328,2024-03-01,51.2,17.13,0.3403,-0.3822,-0.0293,2233.8334123942354,0,0
S_328,2024-04-01,51.2,17.13,0.4112,-0.4215,0.0791,2233.8334123942354,0,0
S_328,2024-05-01,51.2,17.13,0.4758,-0.4863,0.1391,2233.8334123942354,0,0
S_328,2024-06-01,51.2,17.13,0.5811,-0.5262,0.2174,2233.8334123942354,0,0
S_328,2024-07-01,51.2,17.13,0.5835,-0.5717,0.1369,2233.8334123942354,0,0
S_328,2024-08-01,51.2,17.13,0.5895,-0.5667,0.1512,2233.8334123942354,0,0
S_328,2024-09-01,51.2,17.13,0.4683,-0.5045,0.0299,2233.8334123942354,0,0
S_328,2024-10-01,51.2,17.13,0.4079,-0.4623,-0.017,2233.8334123942354,0,0
S_328,2024-11-01,51.2,17.13,0.4259,-0.4688,0.0648,2233.8334123942354,0,0
S_328,2024-12-01,51.2,17.13,0.384,-0.399,0.1367,2233.8334123942354,0,0
S_328,2025-01-01,51.2,17.13,0.4086,-0.4606,0.0924,2233.8334123942354,0,0
S_328,2025-02-01,51.2,17.13,0.3654,-0.4282,0.0166,2233.8334123942354,0,0
S_328,2025-03-01,51.2,17.13,0.397,-0.4351,0.0175,2233.8334123942354,0,0
S_328,2025-04-01,51.2,17.13,0.6077,-0.5842,0.2728,2233.8334123942354,0,0
S_328,2025-05-01,51.2,17.13,0.5827,-0.5581,0.2654,2233.8334123942354,0,0
S_328,2025-06-01,51.2,17.13,0.6895,-0.647,0.331,2233.8334123942354,0,0
S_328,2025-07-01,51.2,17.13,0.5663,-0.5664,0.2625,2233.8334123942354,0,0
S_328,2025-08-01,51.2,17.13,0.5288,-0.5372,0.0993,2233.8334123942354,0,0
S_328,2025-09-01,51.2,17.13,0.5196,-0.5252,0.0874,2233.8334123942354,0,0
S_328,2025-10-01,51.2,17.13,0.4017,-0.4074,0.0804,2233.8334123942354,0,0
S_328,2025-11-01,51.2,17.13,0.471,-0.5035,0.095,2233.8334123942354,0,0
S_328,2025-12-01,51.2,17.13,0.4778,-0.5181,0.1535,2233.8334123942354,0,0
S_328,2026-01-01,51.2,17.13,0.3745,-0.454,0.0373,2233.8334123942354,0,0
S_328,2026-02-01,51.2,17.13,0.3144,-0.4052,-0.0556,2233.8334123942354,0,0
S_328,2026-03-01,51.2,17.13,0.331,-0.4194,-0.0415,2233.8334123942354,0,0
S_33,2023-06-01,51.0,16.75,0.7359,-0.6826,0.4603,13953.746654401524,0,0
S_33,2023-07-01,51.0,16.75,0.484,-0.5288,0.1914,13953.746654401524,0,0
S_33,2023-08-01,51.0,16.75,0.3995,-0.4325,-0.004,13953.746654401524,0,0
S_33,2023-09-01,51.0,16.75,0.4697,-0.4816,0.048,13953.746654401524,0,0
S_33,2023-10-01,51.0,16.75,0.4014,-0.4473,-0.0374,13953.746654401524,0,0
S_33,2023-11-01,51.0,16.75,0.5522,-0.5697,0.1535,13953.746654401524,0,0
S_33,2023-12-01,51.0,16.75,0.3508,-0.367,0.4424,13953.746654401524,0,0
S_33,2024-01-01,51.0,16.75,0.1494,-0.1644,0.7314,13953.746654401524,0,0
S_33,2024-02-01,51.0,16.75,0.5142,-0.5454,0.1019,13953.746654401524,0,0
S_33,2024-03-01,51.0,16.75,0.5754,-0.576,0.2176,13953.746654401524,0,0
S_33,2024-04-01,51.0,16.75,0.6365,-0.6066,0.3332,13953.746654401524,0,0
S_33,2024-05-01,51.0,16.75,0.6352,-0.6152,0.317,13953.746654401524,0,0
S_33,2024-06-01,51.0,16.75,0.5069,-0.468,0.2291,13953.746654401524,0,0
S_33,2024-07-01,51.0,16.75,0.4142,-0.4371,0.0233,13953.746654401524,0,0
S_33,2024-08-01,51.0,16.75,0.4833,-0.5137,0.0302,13953.746654401524,0,0
S_33,2024-09-01,51.0,16.75,0.388,-0.4555,-0.0471,13953.746654401524,0,0
S_33,2024-10-01,51.0,16.75,0.3343,-0.4194,-0.0905,13953.746654401524,0,0
S_33,2024-11-01,51.0,16.75,0.4067,-0.4679,-0.032,13953.746654401524,0,0
S_33,2024-12-01,51.0,16.75,0.1167,-0.1412,0.0953,13953.746654401524,0,0
S_33,2025-01-01,51.0,16.75,0.4754,-0.5251,0.1016,13953.746654401524,0,0
S_33,2025-02-01,51.0,16.75,0.3319,-0.3666,0.3134,13953.746654401524,0,0
S_33,2025-03-01,51.0,16.75,0.5377,-0.5429,0.1003,13953.746654401524,0,0
S_33,2025-04-01,51.0,16.75,0.6239,-0.6024,0.1875,13953.746654401524,0,0
S_33,2025-05-01,51.0,16.75,0.7388,-0.6939,0.4002,13953.746654401524,0,0
S_33,2025-06-01,51.0,16.75,0.6769,-0.6445,0.3621,13953.746654401524,0,0
S_33,2025-07-01,51.0,16.75,0.5351,-0.5572,0.1752,13953.746654401524,0,0
S_33,2025-08-01,51.0,16.75,0.3933,-0.4699,-0.0116,13953.746654401524,0,0
S_33,2025-09-01,51.0,16.75,0.42,-0.4713,-0.0215,13953.746654401524,0,0
S_33,2025-10-01,51.0,16.75,0.4321,-0.4934,-0.0142,13953.746654401524,0,0
S_33,2025-11-01,51.0,16.75,0.4442,-0.5154,-0.007,13953.746654401524,0,0
S_33,2025-12-01,51.0,16.75,0.418,-0.4896,0.0604,13953.746654401524,0,0
S_33,2026-01-01,51.0,16.75,0.3623,-0.4512,-0.0162,13953.746654401524,0,0
S_33,2026-02-01,51.0,16.75,0.3066,-0.4127,-0.0928,13953.746654401524,0,0
S_33,2026-03-01,51.0,16.75,0.3127,-0.3965,-0.0868,13953.746654401524,0,0
S_330,2023-06-01,51.24,17.13,0.627,-0.6084,0.2933,6649.757122092191,0,0
S_330,2023-07-01,51.24,17.13,0.5715,-0.5881,0.1848,6649.757122092191,0,0
S_330,2023-08-01,51.24,17.13,0.4753,-0.4977,0.0217,6649.757122092191,0,0
S_330,2023-09-01,51.24,17.13,0.5124,-0.5171,0.0736,6649.757122092191,0,0
S_330,2023-10-01,51.24,17.13,0.4416,-0.4118,0.1056,6649.757122092191,0,0
S_330,2023-11-01,51.24,17.13,0.4939,-0.5233,0.0774,6649.757122092191,0,0
S_330,2023-12-01,51.24,17.13,0.4104,-0.4339,0.0813,6649.757122092191,0,0
S_330,2024-01-01,51.24,17.13,0.306,-0.373,0.1182,6649.757122092191,0,0
S_330,2024-02-01,51.24,17.13,0.3701,-0.4256,0.0064,6649.757122092191,0,0
S_330,2024-03-01,51.24,17.13,0.3484,-0.3172,0.1105,6649.757122092191,0,0
S_330,2024-04-01,51.24,17.13,0.5298,-0.5034,0.1761,6649.757122092191,0,0
S_330,2024-05-01,51.24,17.13,0.5688,-0.5496,0.2113,6649.757122092191,0,0
S_330,2024-06-01,51.24,17.13,0.6145,-0.5712,0.2221,6649.757122092191,0,0
S_330,2024-07-01,51.24,17.13,0.5226,-0.5359,0.0883,6649.757122092191,0,0
S_330,2024-08-01,51.24,17.13,0.536,-0.5374,0.0995,6649.757122092191,0,0
S_330,2024-09-01,51.24,17.13,0.5079,-0.5274,0.068,6649.757122092191,0,0
S_330,2024-10-01,51.24,17.13,0.367,-0.4332,-0.0361,6649.757122092191,0,0
S_330,2024-11-01,51.24,17.13,0.4207,-0.4615,0.0383,6649.757122092191,0,0
S_330,2024-12-01,51.24,17.13,0.4076,-0.4172,0.0959,6649.757122092191,0,0
S_330,2025-01-01,51.24,17.13,0.4112,-0.4598,0.0908,6649.757122092191,0,0
S_330,2025-02-01,51.24,17.13,0.3837,-0.4472,0.0144,6649.757122092191,0,0
S_330,2025-03-01,51.24,17.13,0.4321,-0.4566,0.0265,6649.757122092191,0,0
S_330,2025-04-01,51.24,17.13,0.6567,-0.6249,0.2904,6649.757122092191,0,0
S_330,2025-05-01,51.24,17.13,0.637,-0.6026,0.2797,6649.757122092191,0,0
S_330,2025-06-01,51.24,17.13,0.6339,-0.6184,0.2493,6649.757122092191,0,0
S_330,2025-07-01,51.24,17.13,0.5448,-0.5572,0.2079,6649.757122092191,0,0
S_330,2025-08-01,51.24,17.13,0.4783,-0.513,0.0413,6649.757122092191,0,0
S_330,2025-09-01,51.24,17.13,0.5162,-0.5182,0.0838,6649.757122092191,0,0
S_330,2025-10-01,51.24,17.13,0.3969,-0.4054,0.0832,6649.757122092191,0,0
S_330,2025-11-01,51.24,17.13,0.4917,-0.5214,0.0869,6649.757122092191,0,0
S_330,2025-12-01,51.24,17.13,0.4542,-0.4919,0.1345,6649.757122092191,0,0
S_330,2026-01-01,51.24,17.13,0.3431,-0.4203,0.0549,6649.757122092191,0,0
S_330,2026-02-01,51.24,17.13,0.3081,-0.4083,-0.0409,6649.757122092191,0,0
S_330,2026-03-01,51.24,17.13,0.3265,-0.4258,-0.0313,6649.757122092191,0,0
S_331,2023-06-01,50.96,17.15,0.8509,-0.7689,0.6125,9302.065628001628,0,0
S_331,2023-07-01,50.96,17.15,0.4575,-0.5068,0.2141,9302.065628001628,0,0
S_331,2023-08-01,50.96,17.15,0.3319,-0.4116,-0.2025,9302.065628001628,0,0
S_331,2023-09-01,50.96,17.15,0.5145,-0.5134,-0.033,9302.065628001628,0,0
S_331,2023-10-01,50.96,17.15,0.3883,-0.4498,-0.1689,9302.065628001628,0,0
S_331,2023-11-01,50.96,17.15,0.4056,-0.4105,-0.0157,9302.065628001628,0,0
S_331,2023-12-01,50.96,17.15,0.5828,-0.549,0.0801,9302.065628001628,0,0
S_331,2024-01-01,50.96,17.15,0.2427,-0.2499,0.5826,9302.065628001628,0,0
S_331,2024-02-01,50.96,17.15,0.453,-0.4345,0.3633,9302.065628001628,0,0
S_331,2024-03-01,50.96,17.15,0.6632,-0.6191,0.144,9302.065628001628,0,0
S_331,2024-04-01,50.96,17.15,0.6732,-0.64,0.219,9302.065628001628,0,0
S_331,2024-05-01,50.96,17.15,0.5893,-0.6061,0.1951,9302.065628001628,0,0
S_331,2024-06-01,50.96,17.15,0.5936,-0.5883,0.1437,9302.065628001628,0,0
S_331,2024-07-01,50.96,17.15,0.5077,-0.5447,0.0359,9302.065628001628,0,0
S_331,2024-08-01,50.96,17.15,0.5817,-0.5789,0.0729,9302.065628001628,0,0
S_331,2024-09-01,50.96,17.15,0.7064,-0.662,0.2413,9302.065628001628,0,0
S_331,2024-10-01,50.96,17.15,0.4753,-0.5566,-0.0073,9302.065628001628,0,0
S_331,2024-11-01,50.96,17.15,0.5214,-0.5564,0.0759,9302.065628001628,0,0
S_331,2024-12-01,50.96,17.15,0.3986,-0.3657,0.1339,9302.065628001628,0,0
S_331,2025-01-01,50.96,17.15,0.4945,-0.5596,0.0321,9302.065628001628,0,0
S_331,2025-02-01,50.96,17.15,0.3957,-0.4832,-0.1391,9302.065628001628,0,0
S_331,2025-03-01,50.96,17.15,0.4025,-0.4794,-0.1505,9302.065628001628,0,0
S_331,2025-04-01,50.96,17.15,0.4581,-0.519,-0.0542,9302.065628001628,0,0
S_331,2025-05-01,50.96,17.15,0.4297,-0.4854,-0.0721,9302.065628001628,0,0
S_331,2025-06-01,50.96,17.15,0.8111,-0.7458,0.318,9302.065628001628,0,0
S_331,2025-07-01,50.96,17.15,0.7687,-0.7145,0.3138,9302.065628001628,0,0
S_331,2025-08-01,50.96,17.15,0.7365,-0.7,0.2808,9302.065628001628,0,0
S_331,2025-09-01,50.96,17.15,0.448,-0.5142,-0.0217,9302.065628001628,0,0
S_331,2025-10-01,50.96,17.15,0.2512,-0.271,-0.0451,9302.065628001628,0,0
S_331,2025-11-01,50.96,17.15,0.3004,-0.4362,-0.1696,9302.065628001628,0,0
S_331,2025-12-01,50.96,17.15,0.3908,-0.5056,-0.1236,9302.065628001628,0,0
S_331,2026-01-01,50.96,17.15,0.3352,-0.458,-0.1034,9302.065628001628,0,0
S_331,2026-02-01,50.96,17.15,0.3138,-0.4311,-0.2407,9302.065628001628,0,0
S_331,2026-03-01,50.96,17.15,0.3295,-0.4463,-0.2317,9302.065628001628,0,0
S_333,2023-06-01,51.0,17.15,0.6848,-0.6505,0.3354,4852.415661603735,0,0
S_333,2023-07-01,51.0,17.15,0.5645,-0.5839,0.2047,4852.415661603735,0,0
S_333,2023-08-01,51.0,17.15,0.4919,-0.5173,0.0003,4852.415661603735,0,0
S_333,2023-09-01,51.0,17.15,0.5053,-0.535,0.0076,4852.415661603735,0,0
S_333,2023-10-01,51.0,17.15,0.4715,-0.5147,-0.0359,4852.415661603735,0,0
S_333,2023-11-01,51.0,17.15,0.4036,-0.4366,0.0103,4852.415661603735,0,0
S_333,2023-12-01,51.0,17.15,0.4483,-0.4723,0.0483,4852.415661603735,0,0
S_333,2024-01-01,51.0,17.15,0.1924,-0.2135,0.55,4852.415661603735,0,0
S_333,2024-02-01,51.0,17.15,0.3428,-0.3401,0.3356,4852.415661603735,0,0
S_333,2024-03-01,51.0,17.15,0.4931,-0.4668,0.1212,4852.415661603735,0,0
S_333,2024-04-01,51.0,17.15,0.5746,-0.5638,0.1581,4852.415661603735,0,0
S_333,2024-05-01,51.0,17.15,0.6416,-0.6077,0.2529,4852.415661603735,0,0
S_333,2024-06-01,51.0,17.15,0.6515,-0.5999,0.2376,4852.415661603735,0,0
S_333,2024-07-01,51.0,17.15,0.4297,-0.4868,-0.0334,4852.415661603735,0,0
S_333,2024-08-01,51.0,17.15,0.4589,-0.4946,-0.0291,4852.415661603735,0,0
S_333,2024-09-01,51.0,17.15,0.4454,-0.4976,-0.046,4852.415661603735,0,0
S_333,2024-10-01,51.0,17.15,0.4753,-0.5165,-0.0155,4852.415661603735,0,0
S_333,2024-11-01,51.0,17.15,0.5157,-0.5388,0.0626,4852.415661603735,0,0
S_333,2024-12-01,51.0,17.15,0.4293,-0.4349,0.1677,4852.415661603735,0,0
S_333,2025-01-01,51.0,17.15,0.4918,-0.5435,0.1056,4852.415661603735,0,0
S_333,2025-02-01,51.0,17.15,0.4472,-0.5087,0.0011,4852.415661603735,0,0
S_333,2025-03-01,51.0,17.15,0.4679,-0.5131,0.0041,4852.415661603735,0,0
S_333,2025-04-01,51.0,17.15,0.6139,-0.5936,0.2492,4852.415661603735,0,0
S_333,2025-05-01,51.0,17.15,0.5968,-0.5733,0.2448,4852.415661603735,0,0
S_333,2025-06-01,51.0,17.15,0.6433,-0.6297,0.291,4852.415661603735,0,0
S_333,2025-07-01,51.0,17.15,0.5516,-0.5748,0.2101,4852.415661603735,0,0
S_333,2025-08-01,51.0,17.15,0.4919,-0.517,0.0322,4852.415661603735,0,0
S_333,2025-09-01,51.0,17.15,0.4284,-0.4806,-0.0711,4852.415661603735,0,0
S_333,2025-10-01,51.0,17.15,0.3078,-0.2751,0.109,4852.415661603735,0,0
S_333,2025-11-01,51.0,17.15,0.439,-0.4987,-0.0611,4852.415661603735,0,0
S_333,2025-12-01,51.0,17.15,0.4657,-0.5296,-0.0004,4852.415661603735,0,0
S_333,2026-01-01,51.0,17.15,0.4037,-0.4881,0.0021,4852.415661603735,0,0
S_333,2026-02-01,51.0,17.15,0.3669,-0.4554,-0.1274,4852.415661603735,0,0
S_333,2026-03-01,51.0,17.15,0.3831,-0.4704,-0.1148,4852.415661603735,0,0
S_334,2023-06-01,51.02,17.15,0.537,-0.5057,0.263,2627.7286660969885,0,0
S_334,2023-07-01,51.02,17.15,0.4046,-0.4227,0.0976,2627.7286660969885,0,0
S_334,2023-08-01,51.02,17.15,0.3807,-0.3891,0.0156,2627.7286660969885,0,0
S_334,2023-09-01,51.02,17.15,0.4056,-0.4214,0.0331,2627.7286660969885,0,0
S_334,2023-10-01,51.02,17.15,0.418,-0.4355,0.0194,2627.7286660969885,0,0
S_334,2023-11-01,51.02,17.15,0.3786,-0.3874,0.0916,2627.7286660969885,0,0
S_334,2023-12-01,51.02,17.15,0.4047,-0.4175,0.0933,2627.7286660969885,0,0
S_334,2024-01-01,51.02,17.15,0.1886,-0.2147,0.5236,2627.7286660969885,0,0
S_334,2024-02-01,51.02,17.15,0.2912,-0.3031,0.3222,2627.7286660969885,0,0
S_334,2024-03-01,51.02,17.15,0.3939,-0.3915,0.1209,2627.7286660969885,0,0
S_334,2024-04-01,51.02,17.15,0.493,-0.471,0.1553,2627.7286660969885,0,0
S_334,2024-05-01,51.02,17.15,0.4844,-0.4718,0.1593,2627.7286660969885,0,0
S_334,2024-06-01,51.02,17.15,0.4831,-0.4524,0.1643,2627.7286660969885,0,0
S_334,2024-07-01,51.02,17.15,0.3621,-0.3812,0.018,2627.7286660969885,0,0
S_334,2024-08-01,51.02,17.15,0.3919,-0.3894,0.0513,2627.7286660969885,0,0
S_334,2024-09-01,51.02,17.15,0.3963,-0.4141,0.0314,2627.7286660969885,0,0
S_334,2024-10-01,51.02,17.15,0.3973,-0.4294,0.006,2627.7286660969885,0,0
S_334,2024-11-01,51.02,17.15,0.4082,-0.4315,0.0589,2627.7286660969885,0,0
S_334,2024-12-01,51.02,17.15,0.3273,-0.3422,0.1328,2627.7286660969885,0,0
S_334,2025-01-01,51.02,17.15,0.3794,-0.438,0.0819,2627.7286660969885,0,0
S_334,2025-02-01,51.02,17.15,0.3686,-0.4165,0.0469,2627.7286660969885,0,0
S_334,2025-03-01,51.02,17.15,0.3621,-0.3978,0.011,2627.7286660969885,0,0
S_334,2025-04-01,51.02,17.15,0.4671,-0.462,0.1209,2627.7286660969885,0,0
S_334,2025-05-01,51.02,17.15,0.4549,-0.4418,0.1104,2627.7286660969885,0,0
S_334,2025-06-01,51.02,17.15,0.4864,-0.4729,0.1675,2627.7286660969885,0,0
S_334,2025-07-01,51.02,17.15,0.4375,-0.4331,0.1376,2627.7286660969885,0,0
S_334,2025-08-01,51.02,17.15,0.4202,-0.4186,0.0901,2627.7286660969885,0,0
S_334,2025-09-01,51.02,17.15,0.47,-0.4598,0.0817,2627.7286660969885,0,0
S_334,2025-10-01,51.02,17.15,0.2472,-0.2236,0.1167,2627.7286660969885,0,0
S_334,2025-11-01,51.02,17.15,0.394,-0.4454,0.0387,2627.7286660969885,0,0
S_334,2025-12-01,51.02,17.15,0.3574,-0.4476,0.0118,2627.7286660969885,0,0
S_334,2026-01-01,51.02,17.15,0.3065,-0.4003,0.0209,2627.7286660969885,0,0
S_334,2026-02-01,51.02,17.15,0.2879,-0.3726,-0.0657,2627.7286660969885,0,0
S_334,2026-03-01,51.02,17.15,0.3063,-0.3895,-0.0513,2627.7286660969885,0,0
S_335,2023-06-01,51.04,17.15,0.5754,-0.5347,0.1997,405.3255842916269,0,0
S_335,2023-07-01,51.04,17.15,0.5393,-0.5062,0.1167,405.3255842916269,0,0
S_335,2023-08-01,51.04,17.15,0.5632,-0.5141,0.1007,405.3255842916269,0,0
S_335,2023-09-01,51.04,17.15,0.589,-0.5424,0.148,405.3255842916269,0,0
S_335,2023-10-01,51.04,17.15,0.5349,-0.5054,0.082,405.3255842916269,0,0
S_335,2023-11-01,51.04,17.15,0.4348,-0.4129,0.0641,405.3255842916269,0,0
S_335,2023-12-01,51.04,17.15,0.3615,-0.3816,-0.0291,405.3255842916269,0,0
S_335,2024-01-01,51.04,17.15,0.1504,-0.171,0.4645,405.3255842916269,0,0
S_335,2024-02-01,51.04,17.15,0.2661,-0.2831,0.2411,405.3255842916269,0,0
S_335,2024-03-01,51.04,17.15,0.3818,-0.3951,0.0177,405.3255842916269,0,0
S_335,2024-04-01,51.04,17.15,0.5126,-0.4684,0.1188,405.3255842916269,0,0
S_335,2024-05-01,51.04,17.15,0.5337,-0.5001,0.1274,405.3255842916269,0,0
S_335,2024-06-01,51.04,17.15,0.4554,-0.4387,0.095,405.3255842916269,0,0
S_335,2024-07-01,51.04,17.15,0.5384,-0.5019,0.087,405.3255842916269,0,0
S_335,2024-08-01,51.04,17.15,0.5572,-0.5106,0.1102,405.3255842916269,0,0
S_335,2024-09-01,51.04,17.15,0.4706,-0.4528,0.1326,405.3255842916269,0,0
S_335,2024-10-01,51.04,17.15,0.492,-0.4985,0.0103,405.3255842916269,0,0
S_335,2024-11-01,51.04,17.15,0.4021,-0.4302,-0.0305,405.3255842916269,0,0
S_335,2024-12-01,51.04,17.15,0.3115,-0.3284,0.0157,405.3255842916269,0,0
S_335,2025-01-01,51.04,17.15,0.3492,-0.4224,-0.0456,405.3255842916269,0,0
S_335,2025-02-01,51.04,17.15,0.3143,-0.3804,-0.05,405.3255842916269,0,0
S_335,2025-03-01,51.04,17.15,0.3098,-0.3726,-0.095,405.3255842916269,0,0
S_335,2025-04-01,51.04,17.15,0.5524,-0.5027,0.1478,405.3255842916269,0,0
S_335,2025-05-01,51.04,17.15,0.536,-0.4827,0.1632,405.3255842916269,0,0
S_335,2025-06-01,51.04,17.15,0.5975,-0.5553,0.1922,405.3255842916269,0,0
S_335,2025-07-01,51.04,17.15,0.5463,-0.5112,0.1443,405.3255842916269,0,0
S_335,2025-08-01,51.04,17.15,0.5619,-0.5189,0.1273,405.3255842916269,0,0
S_335,2025-09-01,51.04,17.15,0.5488,-0.5196,0.109,405.3255842916269,0,0
S_335,2025-10-01,51.04,17.15,0.502,-0.5081,0.069,405.3255842916269,0,0
S_335,2025-11-01,51.04,17.15,0.4551,-0.4966,0.0291,405.3255842916269,0,0
S_335,2025-12-01,51.04,17.15,0.3953,-0.4644,-0.0185,405.3255842916269,0,0
S_335,2026-01-01,51.04,17.15,0.314,-0.3987,0.0375,405.3255842916269,0,0
S_335,2026-02-01,51.04,17.15,0.2841,-0.3718,-0.1339,405.3255842916269,0,0
S_335,2026-03-01,51.04,17.15,0.3032,-0.3947,-0.102,405.3255842916269,0,0
S_336,2023-06-01,51.06,17.15,0.6912,-0.6169,0.3623,311.1005865256748,0,0
S_336,2023-07-01,51.06,17.15,0.6053,-0.5627,0.2204,311.1005865256748,0,0
S_336,2023-08-01,51.06,17.15,0.5777,-0.5294,0.1254,311.1005865256748,0,0
S_336,2023-09-01,51.06,17.15,0.6043,-0.5558,0.1804,311.1005865256748,0,0
S_336,2023-10-01,51.06,17.15,0.4636,-0.4614,0.0271,311.1005865256748,0,0
S_336,2023-11-01,51.06,17.15,0.4805,-0.4618,0.1169,311.1005865256748,0,0
S_336,2023-12-01,51.06,17.15,0.4299,-0.4217,0.0463,311.1005865256748,0,0
S_336,2024-01-01,51.06,17.15,0.1929,-0.2041,0.4687,311.1005865256748,0,0
S_336,2024-02-01,51.06,17.15,0.3671,-0.5902,-0.1204,311.1005865256748,0,0
S_336,2024-03-01,51.06,17.15,0.6087,-0.5729,0.2261,311.1005865256748,0,0
S_336,2024-04-01,51.06,17.15,0.6984,-0.6049,0.2919,311.1005865256748,0,0
S_336,2024-05-01,51.06,17.15,0.7189,-0.6308,0.3488,311.1005865256748,0,0
S_336,2024-06-01,51.06,17.15,0.7191,-0.6514,0.3077,311.1005865256748,0,0
S_336,2024-07-01,51.06,17.15,0.4449,-0.4442,0.0158,311.1005865256748,0,0
S_336,2024-08-01,51.06,17.15,0.5274,-0.4849,0.0815,311.1005865256748,0,0
S_336,2024-09-01,51.06,17.15,0.1692,-0.1851,0.4596,311.1005865256748,0,0
S_336,2024-10-01,51.06,17.15,0.4062,-0.4174,-0.0067,311.1005865256748,0,0
S_336,2024-11-01,51.06,17.15,0.3159,-0.3611,-0.0741,311.1005865256748,0,0
S_336,2024-12-01,51.06,17.15,0.2458,-0.2722,-0.0274,311.1005865256748,0,0
S_336,2025-01-01,51.06,17.15,0.2743,-0.3692,-0.081,311.1005865256748,0,0
S_336,2025-02-01,51.06,17.15,0.258,-0.335,-0.0761,311.1005865256748,0,0
S_336,2025-03-01,51.06,17.15,0.2418,-0.3126,-0.1251,311.1005865256748,0,0
S_336,2025-04-01,51.06,17.15,0.5919,-0.5214,0.191,311.1005865256748,0,0
S_336,2025-05-01,51.06,17.15,0.5965,-0.5227,0.2193,311.1005865256748,0,0
S_336,2025-06-01,51.06,17.15,0.6912,-0.6226,0.3188,311.1005865256748,0,0
S_336,2025-07-01,51.06,17.15,0.6927,-0.6271,0.3027,311.1005865256748,0,0
S_336,2025-08-01,51.06,17.15,0.5845,-0.5263,0.1804,311.1005865256748,0,0
S_336,2025-09-01,51.06,17.15,0.5007,-0.4825,0.0734,311.1005865256748,0,0
S_336,2025-10-01,51.06,17.15,0.457,-0.4661,0.0438,311.1005865256748,0,0
S_336,2025-11-01,51.06,17.15,0.4134,-0.4498,0.0143,311.1005865256748,0,0
S_336,2025-12-01,51.06,17.15,0.3719,-0.4219,-0.0245,311.1005865256748,0,0
S_336,2026-01-01,51.06,17.15,0.3136,-0.3853,0.0491,311.1005865256748,0,0
S_336,2026-02-01,51.06,17.15,0.2773,-0.3573,-0.1118,311.1005865256748,0,0
S_336,2026-03-01,51.06,17.15,0.2924,-0.3738,-0.0907,311.1005865256748,0,0
S_338,2023-06-01,51.1,17.15,0.7359,-0.6673,0.313,47.71133279133735,48,0
S_338,2023-07-01,51.1,17.15,0.717,-0.6586,0.2625,47.71133279133735,48,0
S_338,2023-08-01,51.1,17.15,0.6947,-0.6332,0.1919,47.71133279133735,48,0
S_338,2023-09-01,51.1,17.15,0.7084,-0.6537,0.2339,47.71133279133735,48,0
S_338,2023-10-01,51.1,17.15,0.667,-0.6231,0.1736,47.71133279133735,48,0
S_338,2023-11-01,51.1,17.15,0.5474,-0.5524,0.1259,47.71133279133735,48,0
S_338,2023-12-01,51.1,17.15,0.4314,-0.4648,-0.0225,47.71133279133735,48,0
S_338,2024-01-01,51.1,17.15,0.2678,-0.2988,0.3181,47.71133279133735,48,0
S_338,2024-02-01,51.1,17.15,0.479,-0.7332,-0.0912,47.71133279133735,48,0
S_338,2024-03-01,51.1,17.15,0.3852,-0.4066,-0.0082,47.71133279133735,48,0
S_338,2024-04-01,51.1,17.15,0.6112,-0.5385,0.1792,47.71133279133735,48,0
S_338,2024-05-01,51.1,17.15,0.6807,-0.6185,0.2275,47.71133279133735,48,0
S_338,2024-06-01,51.1,17.15,0.7291,-0.6346,0.3243,47.71133279133735,48,0
S_338,2024-07-01,51.1,17.15,0.6773,-0.6211,0.1747,47.71133279133735,48,0
S_338,2024-08-01,51.1,17.15,0.6866,-0.6264,0.1894,47.71133279133735,48,0
S_338,2024-09-01,51.1,17.15,0.5974,-0.5643,0.2642,47.71133279133735,48,0
S_338,2024-10-01,51.1,17.15,0.5537,-0.573,0.0534,47.71133279133735,48,0
S_338,2024-11-01,51.1,17.15,0.4032,-0.4479,-0.0253,47.71133279133735,48,0
S_338,2024-12-01,51.1,17.15,0.3742,-0.3911,0.0277,47.71133279133735,48,0
S_338,2025-01-01,51.1,17.15,0.4264,-0.5063,-0.0219,47.71133279133735,48,0
S_338,2025-02-01,51.1,17.15,0.3707,-0.4389,-0.0575,47.71133279133735,48,0
S_338,2025-03-01,51.1,17.15,0.3701,-0.4373,-0.0982,47.71133279133735,48,0
S_338,2025-04-01,51.1,17.15,0.6913,-0.6065,0.2278,47.71133279133735,48,0
S_338,2025-05-01,51.1,17.15,0.6846,-0.6001,0.2404,47.71133279133735,48,0
S_338,2025-06-01,51.1,17.15,0.7409,-0.684,0.2977,47.71133279133735,48,0
S_338,2025-07-01,51.1,17.15,0.71,-0.653,0.2651,47.71133279133735,48,0
S_338,2025-08-01,51.1,17.15,0.6918,-0.6325,0.2195,47.71133279133735,48,0
S_338,2025-09-01,51.1,17.15,0.6853,-0.6343,0.2068,47.71133279133735,48,0
S_338,2025-10-01,51.1,17.15,0.4932,-0.4223,0.2128,47.71133279133735,48,0
S_338,2025-11-01,51.1,17.15,0.5229,-0.569,0.0621,47.71133279133735,48,0
S_338,2025-12-01,51.1,17.15,0.4907,-0.5566,0.0285,47.71133279133735,48,0
S_338,2026-01-01,51.1,17.15,0.4108,-0.4877,0.0261,47.71133279133735,48,0
S_338,2026-02-01,51.1,17.15,0.3693,-0.4646,-0.1154,47.71133279133735,48,0
S_338,2026-03-01,51.1,17.15,0.3976,-0.4952,-0.0819,47.71133279133735,48,0
S_34,2023-06-01,51.02,16.75,0.5691,-0.5481,0.2384,12028.58577000032,0,0
S_34,2023-07-01,51.02,16.75,0.4672,-0.4903,0.1159,12028.58577000032,0,0
S_34,2023-08-01,51.02,16.75,0.4234,-0.4389,0.0468,12028.58577000032,0,0
S_34,2023-09-01,51.02,16.75,0.4363,-0.4569,0.045,12028.58577000032,0,0
S_34,2023-10-01,51.02,16.75,0.4283,-0.4455,0.0218,12028.58577000032,0,0
S_34,2023-11-01,51.02,16.75,0.4513,-0.485,0.1023,12028.58577000032,0,0
S_34,2023-12-01,51.02,16.75,0.3006,-0.33,0.1267,12028.58577000032,0,0
S_34,2024-01-01,51.02,16.75,0.1282,-0.1519,0.5773,12028.58577000032,0,0
S_34,2024-02-01,51.02,16.75,0.3345,-0.4074,0.0421,12028.58577000032,0,0
S_34,2024-03-01,51.02,16.75,0.3919,-0.4266,0.0941,12028.58577000032,0,0
S_34,2024-04-01,51.02,16.75,0.4493,-0.4457,0.1461,12028.58577000032,0,0
S_34,2024-05-01,51.02,16.75,0.4057,-0.4116,0.1313,12028.58577000032,0,0
S_34,2024-06-01,51.02,16.75,0.4701,-0.4435,0.1624,12028.58577000032,0,0
S_34,2024-07-01,51.02,16.75,0.4339,-0.429,0.0959,12028.58577000032,0,0
S_34,2024-08-01,51.02,16.75,0.4042,-0.4221,0.0753,12028.58577000032,0,0
S_34,2024-09-01,51.02,16.75,0.3941,-0.4116,0.0659,12028.58577000032,0,0
S_34,2024-10-01,51.02,16.75,0.2854,-0.3354,-0.0362,12028.58577000032,0,0
S_34,2024-11-01,51.02,16.75,0.338,-0.3809,0.0078,12028.58577000032,0,0
S_34,2024-12-01,51.02,16.75,0.051,-0.0631,0.21,12028.58577000032,0,0
S_34,2025-01-01,51.02,16.75,0.3142,-0.3823,0.0408,12028.58577000032,0,0
S_34,2025-02-01,51.02,16.75,0.2034,-0.246,0.2387,12028.58577000032,0,0
S_34,2025-03-01,51.02,16.75,0.3196,-0.3588,0.0103,12028.58577000032,0,0
S_34,2025-04-01,51.02,16.75,0.3684,-0.3866,0.0434,12028.58577000032,0,0
S_34,2025-05-01,51.02,16.75,0.5046,-0.4796,0.1784,12028.58577000032,0,0
S_34,2025-06-01,51.02,16.75,0.4573,-0.4584,0.1747,12028.58577000032,0,0
S_34,2025-07-01,51.02,16.75,0.4212,-0.434,0.1176,12028.58577000032,0,0
S_34,2025-08-01,51.02,16.75,0.3851,-0.4096,0.0606,12028.58577000032,0,0
S_34,2025-09-01,51.02,16.75,0.3953,-0.4137,0.0525,12028.58577000032,0,0
S_34,2025-10-01,51.02,16.75,0.3769,-0.413,0.0304,12028.58577000032,0,0
S_34,2025-11-01,51.02,16.75,0.3585,-0.4122,0.0083,12028.58577000032,0,0
S_34,2025-12-01,51.02,16.75,0.3197,-0.3813,0.0316,12028.58577000032,0,0
S_34,2026-01-01,51.02,16.75,0.1042,-0.1419,0.2816,12028.58577000032,0,0
S_34,2026-02-01,51.02,16.75,0.2325,-0.3167,-0.0736,12028.58577000032,0,0
S_34,2026-03-01,51.02,16.75,0.2348,-0.3083,-0.0613,12028.58577000032,0,0
S_340,2023-06-01,51.14,17.15,0.6297,-0.5911,0.2428,612.9558315376042,0,0
S_340,2023-07-01,51.14,17.15,0.5746,-0.5606,0.1545,612.9558315376042,0,0
S_340,2023-08-01,51.14,17.15,0.5679,-0.5283,0.113,612.9558315376042,0,0
S_340,2023-09-01,51.14,17.15,0.5915,-0.5579,0.1498,612.9558315376042,0,0
S_340,2023-10-01,51.14,17.15,0.5145,-0.4985,0.0786,612.9558315376042,0,0
S_340,2023-11-01,51.14,17.15,0.5204,-0.5358,0.0781,612.9558315376042,0,0
S_340,2023-12-01,51.14,17.15,0.4358,-0.456,0.0395,612.9558315376042,0,0
S_340,2024-01-01,51.14,17.15,0.269,-0.3088,0.365,612.9558315376042,0,0
S_340,2024-02-01,51.14,17.15,0.3624,-0.5376,-0.0913,612.9558315376042,0,0
S_340,2024-03-01,51.14,17.15,0.3894,-0.3959,0.0181,612.9558315376042,0,0
S_340,2024-04-01,51.14,17.15,0.4715,-0.4335,0.1351,612.9558315376042,0,0
S_340,2024-05-01,51.14,17.15,0.6029,-0.5632,0.1863,612.9558315376042,0,0
S_340,2024-06-01,51.14,17.15,0.3026,-0.2852,0.1694,612.9558315376042,0,0
S_340,2024-07-01,51.14,17.15,0.5387,-0.5286,0.0833,612.9558315376042,0,0
S_340,2024-08-01,51.14,17.15,0.5511,-0.5303,0.1048,612.9558315376042,0,0
S_340,2024-09-01,51.14,17.15,0.5833,-0.5588,0.1249,612.9558315376042,0,0
S_340,2024-10-01,51.14,17.15,0.5644,-0.5571,0.0899,612.9558315376042,0,0
S_340,2024-11-01,51.14,17.15,0.5022,-0.5139,0.0773,612.9558315376042,0,0
S_340,2024-12-01,51.14,17.15,0.4056,-0.4182,0.1046,612.9558315376042,0,0
S_340,2025-01-01,51.14,17.15,0.4249,-0.4871,0.0479,612.9558315376042,0,0
S_340,2025-02-01,51.14,17.15,0.3661,-0.4311,-0.0079,612.9558315376042,0,0
S_340,2025-03-01,51.14,17.15,0.3681,-0.422,-0.0332,612.9558315376042,0,0
S_340,2025-04-01,51.14,17.15,0.5862,-0.5498,0.1628,612.9558315376042,0,0
S_340,2025-05-01,51.14,17.15,0.5767,-0.5319,0.172,612.9558315376042,0,0
S_340,2025-06-01,51.14,17.15,0.6211,-0.5888,0.1955,612.9558315376042,0,0
S_340,2025-07-01,51.14,17.15,0.5735,-0.5511,0.1615,612.9558315376042,0,0
S_340,2025-08-01,51.14,17.15,0.603,-0.5628,0.1546,612.9558315376042,0,0
S_340,2025-09-01,51.14,17.15,0.6086,-0.5735,0.1601,612.9558315376042,0,0
S_340,2025-10-01,51.14,17.15,0.3889,-0.3553,0.1244,612.9558315376042,0,0
S_340,2025-11-01,51.14,17.15,0.5037,-0.535,0.0693,612.9558315376042,0,0
S_340,2025-12-01,51.14,17.15,0.4279,-0.5036,0.0436,612.9558315376042,0,0
S_340,2026-01-01,51.14,17.15,0.3684,-0.4616,0.0029,612.9558315376042,0,0
S_340,2026-02-01,51.14,17.15,0.3182,-0.4118,-0.1011,612.9558315376042,0,0
S_340,2026-03-01,51.14,17.15,0.3378,-0.4325,-0.0718,612.9558315376042,0,0
S_342,2023-06-01,51.18,17.15,0.6039,-0.5518,0.2597,504.73404352611607,0,0
S_342,2023-07-01,51.18,17.15,0.6523,-0.5922,0.2829,504.73404352611607,0,0
S_342,2023-08-01,51.18,17.15,0.6421,-0.5718,0.2297,504.73404352611607,0,0
S_342,2023-09-01,51.18,17.15,0.668,-0.6003,0.2904,504.73404352611607,0,0
S_342,2023-10-01,51.18,17.15,0.5541,-0.5154,0.1821,504.73404352611607,0,0
S_342,2023-11-01,51.18,17.15,0.6527,-0.6201,0.2012,504.73404352611607,0,0
S_342,2023-12-01,51.18,17.15,0.4,-0.4174,0.0368,504.73404352611607,0,0
S_342,2024-01-01,51.18,17.15,0.2601,-0.2926,0.3015,504.73404352611607,0,0
S_342,2024-02-01,51.18,17.15,0.3642,-0.4026,0.014,504.73404352611607,0,0
S_342,2024-03-01,51.18,17.15,0.1433,-0.079,-0.0082,504.73404352611607,0,0
S_342,2024-04-01,51.18,17.15,0.4398,-0.429,0.1151,504.73404352611607,0,0
S_342,2024-05-01,51.18,17.15,0.541,-0.494,0.168,504.73404352611607,0,0
S_342,2024-06-01,51.18,17.15,0.6036,-0.5291,0.2617,504.73404352611607,0,0
S_342,2024-07-01,51.18,17.15,0.654,-0.5784,0.2067,504.73404352611607,0,0
S_342,2024-08-01,51.18,17.15,0.6356,-0.5653,0.2005,504.73404352611607,0,0
S_342,2024-09-01,51.18,17.15,0.5393,-0.526,0.1023,504.73404352611607,0,0
S_342,2024-10-01,51.18,17.15,0.4995,-0.5054,0.0461,504.73404352611607,0,0
S_342,2024-11-01,51.18,17.15,0.4603,-0.482,0.0288,504.73404352611607,0,0
S_342,2024-12-01,51.18,17.15,0.3772,-0.374,0.0803,504.73404352611607,0,0
S_342,2025-01-01,51.18,17.15,0.4279,-0.4817,0.0423,504.73404352611607,0,0
S_342,2025-02-01,51.18,17.15,0.3758,-0.4336,-0.0097,504.73404352611607,0,0
S_342,2025-03-01,51.18,17.15,0.3422,-0.3859,-0.0683,504.73404352611607,0,0
S_342,2025-04-01,51.18,17.15,0.5913,-0.5236,0.1888,504.73404352611607,0,0
S_342,2025-05-01,51.18,17.15,0.5939,-0.5212,0.2142,504.73404352611607,0,0
S_342,2025-06-01,51.18,17.15,0.6494,-0.6112,0.2781,504.73404352611607,0,0
S_342,2025-07-01,51.18,17.15,0.6138,-0.5725,0.2335,504.73404352611607,0,0
S_342,2025-08-01,51.18,17.15,0.6262,-0.5703,0.2111,504.73404352611607,0,0
S_342,2025-09-01,51.18,17.15,0.6164,-0.5747,0.2023,504.73404352611607,0,0
S_342,2025-10-01,51.18,17.15,0.4918,-0.4676,0.1656,504.73404352611607,0,0
S_342,2025-11-01,51.18,17.15,0.4752,-0.5094,0.0452,504.73404352611607,0,0
S_342,2025-12-01,51.18,17.15,0.4173,-0.4931,0.0109,504.73404352611607,0,0
S_342,2026-01-01,51.18,17.15,0.3396,-0.421,0.0748,504.73404352611607,0,0
S_342,2026-02-01,51.18,17.15,0.3204,-0.4123,-0.0944,504.73404352611607,0,0
S_342,2026-03-01,51.18,17.15,0.3456,-0.4348,-0.0813,504.73404352611607,0,0
S_344,2023-06-01,51.22,17.15,0.6659,-0.6308,0.3221,4456.511132128606,0,0
S_344,2023-07-01,51.22,17.15,0.6036,-0.6063,0.2139,4456.511132128606,0,0
S_344,2023-08-01,51.22,17.15,0.5232,-0.5344,0.0728,4456.511132128606,0,0
S_344,2023-09-01,51.22,17.15,0.5485,-0.544,0.122,4456.511132128606,0,0
S_344,2023-10-01,51.22,17.15,0.3448,-0.3342,0.0565,4456.511132128606,0,0
S_344,2023-11-01,51.22,17.15,0.6181,-0.601,0.1704,4456.511132128606,0,0
S_344,2023-12-01,51.22,17.15,0.4783,-0.477,0.1347,4456.511132128606,0,0
S_344,2024-01-01,51.22,17.15,0.3295,-0.3882,0.1916,4456.511132128606,0,0
S_344,2024-02-01,51.22,17.15,0.3632,-0.4083,0.0407,4456.511132128606,0,0
S_344,2024-03-01,51.22,17.15,0.5458,-0.4871,0.1894,4456.511132128606,0,0
S_344,2024-04-01,51.22,17.15,0.481,-0.4733,0.1107,4456.511132128606,0,0
S_344,2024-05-01,51.22,17.15,0.5422,-0.5287,0.1738,4456.511132128606,0,0
S_344,2024-06-01,51.22,17.15,0.6423,-0.5869,0.2756,4456.511132128606,0,0
S_344,2024-07-01,51.22,17.15,0.6395,-0.6123,0.1807,4456.511132128606,0,0
S_344,2024-08-01,51.22,17.15,0.6419,-0.611,0.1812,4456.511132128606,0,0
S_344,2024-09-01,51.22,17.15,0.5155,-0.5366,0.0635,4456.511132128606,0,0
S_344,2024-10-01,51.22,17.15,0.4585,-0.4981,0.0034,4456.511132128606,0,0
S_344,2024-11-01,51.22,17.15,0.4934,-0.513,0.0704,4456.511132128606,0,0
S_344,2024-12-01,51.22,17.15,0.4506,-0.4478,0.1244,4456.511132128606,0,0
S_344,2025-01-01,51.22,17.15,0.4679,-0.5115,0.0804,4456.511132128606,0,0
S_344,2025-02-01,51.22,17.15,0.4185,-0.4778,0.0109,4456.511132128606,0,0
S_344,2025-03-01,51.22,17.15,0.4421,-0.4739,0.0073,4456.511132128606,0,0
S_344,2025-04-01,51.22,17.15,0.7106,-0.656,0.3104,4456.511132128606,0,0
S_344,2025-05-01,51.22,17.15,0.6899,-0.6349,0.3097,4456.511132128606,0,0
S_344,2025-06-01,51.22,17.15,0.7005,-0.6636,0.3114,4456.511132128606,0,0
S_344,2025-07-01,51.22,17.15,0.6186,-0.5983,0.2653,4456.511132128606,0,0
S_344,2025-08-01,51.22,17.15,0.5206,-0.5507,0.0783,4456.511132128606,0,0
S_344,2025-09-01,51.22,17.15,0.5762,-0.5587,0.1292,4456.511132128606,0,0
S_344,2025-10-01,51.22,17.15,0.4593,-0.4545,0.1108,4456.511132128606,0,0
S_344,2025-11-01,51.22,17.15,0.5604,-0.5708,0.1337,4456.511132128606,0,0
S_344,2025-12-01,51.22,17.15,0.5142,-0.5511,0.1522,4456.511132128606,0,0
S_344,2026-01-01,51.22,17.15,0.3905,-0.4683,0.0561,4456.511132128606,0,0
S_344,2026-02-01,51.22,17.15,0.3331,-0.4292,-0.0713,4456.511132128606,0,0
S_344,2026-03-01,51.22,17.15,0.3507,-0.4472,-0.0536,4456.511132128606,0,0
S_346,2023-06-01,50.96,17.17,0.8288,-0.7697,0.5437,9400.094892925816,0,0
S_346,2023-07-01,50.96,17.17,0.5005,-0.5431,0.2289,9400.094892925816,0,0
S_346,2023-08-01,50.96,17.17,0.348,-0.4239,-0.1561,9400.094892925816,0,0
S_346,2023-09-01,50.96,17.17,0.4441,-0.481,-0.0843,9400.094892925816,0,0
S_346,2023-10-01,50.96,17.17,0.5634,-0.552,0.0621,9400.094892925816,0,0
S_346,2023-11-01,50.96,17.17,0.4956,-0.4707,0.1172,9400.094892925816,0,0
S_346,2023-12-01,50.96,17.17,0.5845,-0.5559,0.1639,9400.094892925816,0,0
S_346,2024-01-01,50.96,17.17,0.2457,-0.2533,0.6063,9400.094892925816,0,0
S_346,2024-02-01,50.96,17.17,0.4218,-0.4086,0.3827,9400.094892925816,0,0
S_346,2024-03-01,50.96,17.17,0.598,-0.5639,0.1591,9400.094892925816,0,0
S_346,2024-04-01,50.96,17.17,0.6348,-0.5915,0.2386,9400.094892925816,0,0
S_346,2024-05-01,50.96,17.17,0.5471,-0.5519,0.1859,9400.094892925816,0,0
S_346,2024-06-01,50.96,17.17,0.5648,-0.5429,0.1403,9400.094892925816,0,0
S_346,2024-07-01,50.96,17.17,0.5631,-0.5699,0.0748,9400.094892925816,0,0
S_346,2024-08-01,50.96,17.17,0.5707,-0.5661,0.0865,9400.094892925816,0,0
S_346,2024-09-01,50.96,17.17,0.5052,-0.5354,-0.0081,9400.094892925816,0,0
S_346,2024-10-01,50.96,17.17,0.4119,-0.4912,-0.1043,9400.094892925816,0,0
S_346,2024-11-01,50.96,17.17,0.4778,-0.5206,0.0191,9400.094892925816,0,0
S_346,2024-12-01,50.96,17.17,0.4038,-0.4218,0.1322,9400.094892925816,0,0
S_346,2025-01-01,50.96,17.17,0.477,-0.5421,0.0477,9400.094892925816,0,0
S_346,2025-02-01,50.96,17.17,0.454,-0.5122,-0.0179,9400.094892925816,0,0
S_346,2025-03-01,50.96,17.17,0.4671,-0.5102,-0.0134,9400.094892925816,0,0
S_346,2025-04-01,50.96,17.17,0.5548,-0.5797,0.1367,9400.094892925816,0,0
S_346,2025-05-01,50.96,17.17,0.5376,-0.5564,0.1328,9400.094892925816,0,0
S_346,2025-06-01,50.96,17.17,0.7681,-0.7101,0.3607,9400.094892925816,0,0
S_346,2025-07-01,50.96,17.17,0.6788,-0.6511,0.3137,9400.094892925816,0,0
S_346,2025-08-01,50.96,17.17,0.5661,-0.5821,0.1063,9400.094892925816,0,0
S_346,2025-09-01,50.96,17.17,0.4722,-0.5106,-0.0026,9400.094892925816,0,0
S_346,2025-10-01,50.96,17.17,0.4805,-0.52,0.011,9400.094892925816,0,0
S_346,2025-11-01,50.96,17.17,0.4888,-0.5295,0.0246,9400.094892925816,0,0
S_346,2025-12-01,50.96,17.17,0.5036,-0.5494,0.0125,9400.094892925816,0,0
S_346,2026-01-01,50.96,17.17,0.3898,-0.4772,-0.0052,9400.094892925816,0,0
S_346,2026-02-01,50.96,17.17,0.3566,-0.4493,-0.1699,9400.094892925816,0,0
S_346,2026-03-01,50.96,17.17,0.3717,-0.4639,-0.1576,9400.094892925816,0,0
S_347,2023-06-01,50.98,17.17,0.7834,-0.7114,0.4886,7205.537667660058,0,0
S_347,2023-07-01,50.98,17.17,0.4699,-0.5332,0.1389,7205.537667660058,0,0
S_347,2023-08-01,50.98,17.17,0.5256,-0.5299,0.0097,7205.537667660058,0,0
S_347,2023-09-01,50.98,17.17,0.5825,-0.5699,0.0884,7205.537667660058,0,0
S_347,2023-10-01,50.98,17.17,0.4617,-0.5184,-0.1037,7205.537667660058,0,0
S_347,2023-11-01,50.98,17.17,0.4656,-0.5042,-0.0305,7205.537667660058,0,0
S_347,2023-12-01,50.98,17.17,0.4695,-0.4901,0.0427,7205.537667660058,0,0
S_347,2024-01-01,50.98,17.17,0.1809,-0.2026,0.5555,7205.537667660058,0,0
S_347,2024-02-01,50.98,17.17,0.3232,-0.3348,0.2666,7205.537667660058,0,0
S_347,2024-03-01,50.98,17.17,0.4655,-0.4669,-0.0222,7205.537667660058,0,0
S_347,2024-04-01,50.98,17.17,0.5619,-0.5598,0.1214,7205.537667660058,0,0
S_347,2024-05-01,50.98,17.17,0.573,-0.5657,0.1649,7205.537667660058,0,0
S_347,2024-06-01,50.98,17.17,0.5755,-0.5516,0.1213,7205.537667660058,0,0
S_347,2024-07-01,50.98,17.17,0.5552,-0.5738,0.0832,7205.537667660058,0,0
S_347,2024-08-01,50.98,17.17,0.5663,-0.5692,0.0706,7205.537667660058,0,0
S_347,2024-09-01,50.98,17.17,0.4813,-0.5282,-0.0306,7205.537667660058,0,0
S_347,2024-10-01,50.98,17.17,0.4055,-0.4721,-0.1429,7205.537667660058,0,0
S_347,2024-11-01,50.98,17.17,0.5381,-0.5425,-0.0267,7205.537667660058,0,0
S_347,2024-12-01,50.98,17.17,0.4489,-0.4261,0.1315,7205.537667660058,0,0
S_347,2025-01-01,50.98,17.17,0.5329,-0.5673,0.0236,7205.537667660058,0,0
S_347,2025-02-01,50.98,17.17,0.4697,-0.5222,-0.0932,7205.537667660058,0,0
S_347,2025-03-01,50.98,17.17,0.5058,-0.534,-0.0582,7205.537667660058,0,0
S_347,2025-04-01,50.98,17.17,0.6903,-0.6595,0.2348,7205.537667660058,0,0
S_347,2025-05-01,50.98,17.17,0.6723,-0.6399,0.238,7205.537667660058,0,0
S_347,2025-06-01,50.98,17.17,0.7142,-0.6814,0.3317,7205.537667660058,0,0
S_347,2025-07-01,50.98,17.17,0.5976,-0.6011,0.2687,7205.537667660058,0,0
S_347,2025-08-01,50.98,17.17,0.4359,-0.4982,-0.0236,7205.537667660058,0,0
S_347,2025-09-01,50.98,17.17,0.5055,-0.5202,-0.0279,7205.537667660058,0,0
S_347,2025-10-01,50.98,17.17,0.4912,-0.5194,-0.028,7205.537667660058,0,0
S_347,2025-11-01,50.98,17.17,0.4769,-0.5185,-0.028,7205.537667660058,0,0
S_347,2025-12-01,50.98,17.17,0.4614,-0.5251,-0.0283,7205.537667660058,0,0
S_347,2026-01-01,50.98,17.17,0.369,-0.4659,-0.0464,7205.537667660058,0,0
S_347,2026-02-01,50.98,17.17,0.3241,-0.4313,-0.22,7205.537667660058,0,0
S_347,2026-03-01,50.98,17.17,0.3365,-0.4455,-0.2103,7205.537667660058,0,0
S_348,2023-06-01,51.0,17.17,0.643,-0.6113,0.2831,5037.643313075092,0,0
S_348,2023-07-01,51.0,17.17,0.5795,-0.5834,0.2027,5037.643313075092,0,0
S_348,2023-08-01,51.0,17.17,0.5382,-0.5406,0.0644,5037.643313075092,0,0
S_348,2023-09-01,51.0,17.17,0.5575,-0.5588,0.0922,5037.643313075092,0,0
S_348,2023-10-01,51.0,17.17,0.5379,-0.5528,0.0468,5037.643313075092,0,0
S_348,2023-11-01,51.0,17.17,0.4658,-0.4635,0.0837,5037.643313075092,0,0
S_348,2023-12-01,51.0,17.17,0.4726,-0.4842,0.0823,5037.643313075092,0,0
S_348,2024-01-01,51.0,17.17,0.2032,-0.2234,0.5467,5037.643313075092,0,0
S_348,2024-02-01,51.0,17.17,0.3406,-0.3459,0.3248,5037.643313075092,0,0
S_348,2024-03-01,51.0,17.17,0.4781,-0.4684,0.1028,5037.643313075092,0,0
S_348,2024-04-01,51.0,17.17,0.5401,-0.527,0.1329,5037.643313075092,0,0
S_348,2024-05-01,51.0,17.17,0.5928,-0.5669,0.209,5037.643313075092,0,0
S_348,2024-06-01,51.0,17.17,0.6509,-0.5983,0.2367,5037.643313075092,0,0
S_348,2024-07-01,51.0,17.17,0.5052,-0.5249,0.053,5037.643313075092,0,0
S_348,2024-08-01,51.0,17.17,0.5357,-0.5318,0.073,5037.643313075092,0,0
S_348,2024-09-01,51.0,17.17,0.4693,-0.5101,0.0009,5037.643313075092,0,0
S_348,2024-10-01,51.0,17.17,0.4952,-0.5133,0.0028,5037.643313075092,0,0
S_348,2024-11-01,51.0,17.17,0.526,-0.5327,0.0788,5037.643313075092,0,0
S_348,2024-12-01,51.0,17.17,0.4299,-0.4249,0.1816,5037.643313075092,0,0
S_348,2025-01-01,51.0,17.17,0.4927,-0.5298,0.1067,5037.643313075092,0,0
S_348,2025-02-01,51.0,17.17,0.4478,-0.4899,0.0302,5037.643313075092,0,0
S_348,2025-03-01,51.0,17.17,0.4494,-0.4855,0.0106,5037.643313075092,0,0
S_348,2025-04-01,51.0,17.17,0.6301,-0.6018,0.2408,5037.643313075092,0,0
S_348,2025-05-01,51.0,17.17,0.6134,-0.5765,0.2395,5037.643313075092,0,0
S_348,2025-06-01,51.0,17.17,0.61,-0.622,0.2438,5037.643313075092,0,0
S_348,2025-07-01,51.0,17.17,0.5273,-0.5583,0.1746,5037.643313075092,0,0
S_348,2025-08-01,51.0,17.17,0.5263,-0.5354,0.07,5037.643313075092,0,0
S_348,2025-09-01,51.0,17.17,0.4741,-0.5004,0.0004,5037.643313075092,0,0
S_348,2025-10-01,51.0,17.17,0.3207,-0.2943,0.106,5037.643313075092,0,0
S_348,2025-11-01,51.0,17.17,0.4792,-0.5177,0.0165,5037.643313075092,0,0
S_348,2025-12-01,51.0,17.17,0.4707,-0.5324,0.0298,5037.643313075092,0,0
S_348,2026-01-01,51.0,17.17,0.3863,-0.464,0.0472,5037.643313075092,0,0
S_348,2026-02-01,51.0,17.17,0.3461,-0.4357,-0.1142,5037.643313075092,0,0
S_348,2026-03-01,51.0,17.17,0.3599,-0.4506,-0.0969,5037.643313075092,0,0
S_349,2023-06-01,51.02,17.17,0.6439,-0.6165,0.2802,2955.6922018360483,0,0
S_349,2023-07-01,51.02,17.17,0.5046,-0.5129,0.1457,2955.6922018360483,0,0
S_349,2023-08-01,51.02,17.17,0.4806,-0.4862,0.0259,2955.6922018360483,0,0
S_349,2023-09-01,51.02,17.17,0.4719,-0.4928,0.0494,2955.6922018360483,0,0
S_349,2023-10-01,51.02,17.17,0.476,-0.4928,0.0452,2955.6922018360483,0,0
S_349,2023-11-01,51.02,17.17,0.4076,-0.392,0.0729,2955.6922018360483,0,0
S_349,2023-12-01,51.02,17.17,0.4703,-0.4731,0.1067,2955.6922018360483,0,0
S_349,2024-01-01,51.02,17.17,0.204,-0.2269,0.5771,2955.6922018360483,0,0
S_349,2024-02-01,51.02,17.17,0.3276,-0.3422,0.324,2955.6922018360483,0,0
S_349,2024-03-01,51.02,17.17,0.4513,-0.4575,0.071,2955.6922018360483,0,0
S_349,2024-04-01,51.02,17.17,0.4567,-0.4718,0.0528,2955.6922018360483,0,0
S_349,2024-05-01,51.02,17.17,0.438,-0.4605,0.0506,2955.6922018360483,0,0
S_349,2024-06-01,51.02,17.17,0.5116,-0.4952,0.0958,2955.6922018360483,0,0
S_349,2024-07-01,51.02,17.17,0.6046,-0.5753,0.1508,2955.6922018360483,0,0
S_349,2024-08-01,51.02,17.17,0.6478,-0.5991,0.191,2955.6922018360483,0,0
S_349,2024-09-01,51.02,17.17,0.3527,-0.3715,0.1663,2955.6922018360483,0,0
S_349,2024-10-01,51.02,17.17,0.4314,-0.4793,-0.0336,2955.6922018360483,0,0
S_349,2024-11-01,51.02,17.17,0.3912,-0.4524,-0.0274,2955.6922018360483,0,0
S_349,2024-12-01,51.02,17.17,0.3073,-0.3495,0.0401,2955.6922018360483,0,0
S_349,2025-01-01,51.02,17.17,0.3555,-0.4574,-0.0229,2955.6922018360483,0,0
S_349,2025-02-01,51.02,17.17,0.3123,-0.3989,-0.0704,2955.6922018360483,0,0
S_349,2025-03-01,51.02,17.17,0.3058,-0.3822,-0.0716,2955.6922018360483,0,0
S_349,2025-04-01,51.02,17.17,0.4837,-0.4929,0.0842,2955.6922018360483,0,0
S_349,2025-05-01,51.02,17.17,0.4707,-0.4708,0.086,2955.6922018360483,0,0
S_349,2025-06-01,51.02,17.17,0.6598,-0.6277,0.2426,2955.6922018360483,0,0
S_349,2025-07-01,51.02,17.17,0.6002,-0.5789,0.1939,2955.6922018360483,0,0
S_349,2025-08-01,51.02,17.17,0.6214,-0.5914,0.1783,2955.6922018360483,0,0
S_349,2025-09-01,51.02,17.17,0.4866,-0.5079,0.008,2955.6922018360483,0,0
S_349,2025-10-01,51.02,17.17,0.451,-0.4938,0.0035,2955.6922018360483,0,0
S_349,2025-11-01,51.02,17.17,0.4153,-0.4798,-0.001,2955.6922018360483,0,0
S_349,2025-12-01,51.02,17.17,0.3831,-0.4741,-0.0198,2955.6922018360483,0,0
S_349,2026-01-01,51.02,17.17,0.3307,-0.4316,0.015,2955.6922018360483,0,0
S_349,2026-02-01,51.02,17.17,0.293,-0.3982,-0.1258,2955.6922018360483,0,0
S_349,2026-03-01,51.02,17.17,0.3045,-0.4126,-0.1042,2955.6922018360483,0,0
S_35,2023-06-01,51.04,16.75,0.6204,-0.5874,0.2824,10225.838452160657,0,0
S_35,2023-07-01,51.04,16.75,0.5028,-0.5196,0.1361,10225.838452160657,0,0
S_35,2023-08-01,51.04,16.75,0.422,-0.4166,0.0893,10225.838452160657,0,0
S_35,2023-09-01,51.04,16.75,0.5592,-0.5423,0.1471,10225.838452160657,0,0
S_35,2023-10-01,51.04,16.75,0.4942,-0.4984,0.0721,10225.838452160657,0,0
S_35,2023-11-01,51.04,16.75,0.539,-0.5536,0.124,10225.838452160657,0,0
S_35,2023-12-01,51.04,16.75,0.327,-0.3548,0.1249,10225.838452160657,0,0
S_35,2024-01-01,51.04,16.75,0.2002,-0.2199,0.5238,10225.838452160657,0,0
S_35,2024-02-01,51.04,16.75,0.4401,-0.5003,0.0506,10225.838452160657,0,0
S_35,2024-03-01,51.04,16.75,0.5245,-0.5394,0.1392,10225.838452160657,0,0
S_35,2024-04-01,51.04,16.75,0.6089,-0.5784,0.2279,10225.838452160657,0,0
S_35,2024-05-01,51.04,16.75,0.5648,-0.5431,0.2132,10225.838452160657,0,0
S_35,2024-06-01,51.04,16.75,0.5377,-0.5063,0.1849,10225.838452160657,0,0
S_35,2024-07-01,51.04,16.75,0.4819,-0.4715,0.0997,10225.838452160657,0,0
S_35,2024-08-01,51.04,16.75,0.5037,-0.5115,0.09,10225.838452160657,0,0
S_35,2024-09-01,51.04,16.75,0.5124,-0.5071,0.1207,10225.838452160657,0,0
S_35,2024-10-01,51.04,16.75,-0.169,0.1767,-0.2347,10225.838452160657,0,0
S_35,2024-11-01,51.04,16.75,0.474,-0.4993,0.073,10225.838452160657,0,0
S_35,2024-12-01,51.04,16.75,0.1159,-0.1539,0.0746,10225.838452160657,0,0
S_35,2025-01-01,51.04,16.75,0.4088,-0.478,0.0457,10225.838452160657,0,0
S_35,2025-02-01,51.04,16.75,0.2508,-0.2986,0.318,10225.838452160657,0,0
S_35,2025-03-01,51.04,16.75,0.3875,-0.4275,0.0125,10225.838452160657,0,0
S_35,2025-04-01,51.04,16.75,0.4522,-0.4705,0.054,10225.838452160657,0,0
S_35,2025-05-01,51.04,16.75,0.5658,-0.5341,0.234,10225.838452160657,0,0
S_35,2025-06-01,51.04,16.75,0.5913,-0.5751,0.2225,10225.838452160657,0,0
S_35,2025-07-01,51.04,16.75,0.568,-0.5573,0.1776,10225.838452160657,0,0
S_35,2025-08-01,51.04,16.75,0.5448,-0.5395,0.1327,10225.838452160657,0,0
S_35,2025-09-01,51.04,16.75,0.512,-0.5243,0.1016,10225.838452160657,0,0
S_35,2025-10-01,51.04,16.75,0.4856,-0.5225,0.0553,10225.838452160657,0,0
S_35,2025-11-01,51.04,16.75,0.4592,-0.5207,0.009,10225.838452160657,0,0
S_35,2025-12-01,51.04,16.75,0.4082,-0.4604,0.0411,10225.838452160657,0,0
S_35,2026-01-01,51.04,16.75,0.0877,-0.0769,0.3404,10225.838452160657,0,0
S_35,2026-02-01,51.04,16.75,0.3263,-0.4092,-0.0767,10225.838452160657,0,0
S_35,2026-03-01,51.04,16.75,0.3288,-0.3993,-0.0608,10225.838452160657,0,0
S_351,2023-06-01,51.06,17.17,0.6248,-0.532,0.3096,928.5546687939476,0,0
S_351,2023-07-01,51.06,17.17,0.5082,-0.4503,0.1544,928.5546687939476,0,0
S_351,2023-08-01,51.06,17.17,0.4994,-0.4394,0.0575,928.5546687939476,0,0
S_351,2023-09-01,51.06,17.17,0.5298,-0.4694,0.1403,928.5546687939476,0,0
S_351,2023-10-01,51.06,17.17,0.4934,-0.4372,0.0645,928.5546687939476,0,0
S_351,2023-11-01,51.06,17.17,0.341,-0.2896,0.1563,928.5546687939476,0,0
S_351,2023-12-01,51.06,17.17,0.2815,-0.2824,-0.0014,928.5546687939476,0,0
S_351,2024-01-01,51.06,17.17,0.112,-0.1211,0.3825,928.5546687939476,0,0
S_351,2024-02-01,51.06,17.17,0.1796,-0.1624,0.2028,928.5546687939476,0,0
S_351,2024-03-01,51.06,17.17,0.2473,-0.2036,0.023,928.5546687939476,0,0
S_351,2024-04-01,51.06,17.17,0.608,-0.5139,0.2287,928.5546687939476,0,0
S_351,2024-05-01,51.06,17.17,0.5781,-0.4819,0.2381,928.5546687939476,0,0
S_351,2024-06-01,51.06,17.17,0.4166,-0.3098,0.317,928.5546687939476,0,0
S_351,2024-07-01,51.06,17.17,0.4541,-0.4122,0.0207,928.5546687939476,0,0
S_351,2024-08-01,51.06,17.17,0.4832,-0.4152,0.077,928.5546687939476,0,0
S_351,2024-09-01,51.06,17.17,0.1765,-0.1932,0.4887,928.5546687939476,0,0
S_351,2024-10-01,51.06,17.17,0.3163,-0.309,-0.0196,928.5546687939476,0,0
S_351,2024-11-01,51.06,17.17,0.2642,-0.2753,-0.1042,928.5546687939476,0,0
S_351,2024-12-01,51.06,17.17,0.2097,-0.196,-0.011,928.5546687939476,0,0
S_351,2025-01-01,51.06,17.17,0.2342,-0.2876,-0.0709,928.5546687939476,0,0
S_351,2025-02-01,51.06,17.17,0.2334,-0.27,-0.0343,928.5546687939476,0,0
S_351,2025-03-01,51.06,17.17,0.2326,-0.2594,-0.062,928.5546687939476,0,0
S_351,2025-04-01,51.06,17.17,0.5168,-0.4175,0.1486,928.5546687939476,0,0
S_351,2025-05-01,51.06,17.17,0.526,-0.4265,0.1839,928.5546687939476,0,0
S_351,2025-06-01,51.06,17.17,0.5943,-0.5285,0.2397,928.5546687939476,0,0
S_351,2025-07-01,51.06,17.17,0.6482,-0.5886,0.2378,928.5546687939476,0,0
S_351,2025-08-01,51.06,17.17,0.5499,-0.4747,0.1631,928.5546687939476,0,0
S_351,2025-09-01,51.06,17.17,0.5021,-0.439,0.1394,928.5546687939476,0,0
S_351,2025-10-01,51.06,17.17,0.4065,-0.3884,0.0381,928.5546687939476,0,0
S_351,2025-11-01,51.06,17.17,0.311,-0.3379,-0.0632,928.5546687939476,0,0
S_351,2025-12-01,51.06,17.17,0.2481,-0.2975,-0.1341,928.5546687939476,0,0
S_351,2026-01-01,51.06,17.17,0.2333,-0.2994,0.0526,928.5546687939476,0,0
S_351,2026-02-01,51.06,17.17,0.1909,-0.2723,-0.1111,928.5546687939476,0,0
S_351,2026-03-01,51.06,17.17,0.1995,-0.2783,-0.1154,928.5546687939476,0,0
S_353,2023-06-01,51.1,17.17,0.588,-0.5637,0.1842,64.3623122469601,11,0
S_353,2023-07-01,51.1,17.17,0.6401,-0.6072,0.1932,64.3623122469601,11,0
S_353,2023-08-01,51.1,17.17,0.6395,-0.5863,0.1503,64.3623122469601,11,0
S_353,2023-09-01,51.1,17.17,0.6541,-0.607,0.1775,64.3623122469601,11,0
S_353,2023-10-01,51.1,17.17,0.5521,-0.5432,0.0544,64.3623122469601,11,0
S_353,2023-11-01,51.1,17.17,0.1557,-0.2376,-0.0664,64.3623122469601,11,0
S_353,2023-12-01,51.1,17.17,0.3724,-0.4236,-0.0325,64.3623122469601,11,0
S_353,2024-01-01,51.1,17.17,0.1952,-0.2376,0.3888,64.3623122469601,11,0
S_353,2024-02-01,51.1,17.17,0.3899,-0.6406,-0.0803,64.3623122469601,11,0
S_353,2024-03-01,51.1,17.17,0.3359,-0.3757,-0.0563,64.3623122469601,11,0
S_353,2024-04-01,51.1,17.17,0.5248,-0.5015,0.089,64.3623122469601,11,0
S_353,2024-05-01,51.1,17.17,0.5353,-0.5183,0.1279,64.3623122469601,11,0
S_353,2024-06-01,51.1,17.17,0.5057,-0.4632,0.1584,64.3623122469601,11,0
S_353,2024-07-01,51.1,17.17,0.5765,-0.5452,0.1167,64.3623122469601,11,0
S_353,2024-08-01,51.1,17.17,0.6014,-0.5579,0.1451,64.3623122469601,11,0
S_353,2024-09-01,51.1,17.17,0.5901,-0.5678,0.12,64.3623122469601,11,0
S_353,2024-10-01,51.1,17.17,0.5144,-0.5318,0.0282,64.3623122469601,11,0
S_353,2024-11-01,51.1,17.17,0.4408,-0.487,0.0053,64.3623122469601,11,0
S_353,2024-12-01,51.1,17.17,0.313,-0.3602,0.0245,64.3623122469601,11,0
S_353,2025-01-01,51.1,17.17,0.3468,-0.444,-0.03,64.3623122469601,11,0
S_353,2025-02-01,51.1,17.17,0.3165,-0.4017,-0.0757,64.3623122469601,11,0
S_353,2025-03-01,51.1,17.17,0.3068,-0.389,-0.0995,64.3623122469601,11,0
S_353,2025-04-01,51.1,17.17,0.5248,-0.5096,0.1072,64.3623122469601,11,0
S_353,2025-05-01,51.1,17.17,0.4905,-0.4697,0.1038,64.3623122469601,11,0
S_353,2025-06-01,51.1,17.17,0.6666,-0.6181,0.2413,64.3623122469601,11,0
S_353,2025-07-01,51.1,17.17,0.6196,-0.579,0.2023,64.3623122469601,11,0
S_353,2025-08-01,51.1,17.17,0.6273,-0.5741,0.1892,64.3623122469601,11,0
S_353,2025-09-01,51.1,17.17,0.5551,-0.5383,0.0856,64.3623122469601,11,0
S_353,2025-10-01,51.1,17.17,0.508,-0.5205,0.0544,64.3623122469601,11,0
S_353,2025-11-01,51.1,17.17,0.461,-0.5026,0.0232,64.3623122469601,11,0
S_353,2025-12-01,51.1,17.17,0.4255,-0.4901,0.0437,64.3623122469601,11,0
S_353,2026-01-01,51.1,17.17,0.357,-0.4413,0.031,64.3623122469601,11,0
S_353,2026-02-01,51.1,17.17,0.3192,-0.4077,-0.1042,64.3623122469601,11,0
S_353,2026-03-01,51.1,17.17,0.3387,-0.43,-0.0653,64.3623122469601,11,0
S_354,2023-06-01,51.12,17.17,0.6419,-0.6039,0.2409,782.985738214666,0,0
S_354,2023-07-01,51.12,17.17,0.6149,-0.5988,0.1914,782.985738214666,0,0
S_354,2023-08-01,51.12,17.17,0.603,-0.5691,0.1225,782.985738214666,0,0
S_354,2023-09-01,51.12,17.17,0.6047,-0.5832,0.1395,782.985738214666,0,0
S_354,2023-10-01,51.12,17.17,0.5517,-0.5346,0.0899,782.985738214666,0,0
S_354,2023-11-01,51.12,17.17,0.5309,-0.5349,0.1063,782.985738214666,0,0
S_354,2023-12-01,51.12,17.17,0.4266,-0.4394,0.0434,782.985738214666,0,0
S_354,2024-01-01,51.12,17.17,0.2354,-0.2642,0.3682,782.985738214666,0,0
S_354,2024-02-01,51.12,17.17,0.4577,-0.6708,-0.0565,782.985738214666,0,0
S_354,2024-03-01,51.12,17.17,0.3869,-0.3958,0.0153,782.985738214666,0,0
S_354,2024-04-01,51.12,17.17,0.5771,-0.5114,0.147,782.985738214666,0,0
S_354,2024-05-01,51.12,17.17,0.6124,-0.5752,0.1861,782.985738214666,0,0
S_354,2024-06-01,51.12,17.17,0.6023,-0.5494,0.2156,782.985738214666,0,0
S_354,2024-07-01,51.12,17.17,0.5674,-0.5502,0.093,782.985738214666,0,0
S_354,2024-08-01,51.12,17.17,0.5586,-0.5407,0.0955,782.985738214666,0,0
S_354,2024-09-01,51.12,17.17,0.6373,-0.604,0.1594,782.985738214666,0,0
S_354,2024-10-01,51.12,17.17,0.5918,-0.5794,0.0819,782.985738214666,0,0
S_354,2024-11-01,51.12,17.17,0.5198,-0.538,0.0559,782.985738214666,0,0
S_354,2024-12-01,51.12,17.17,0.3786,-0.3957,0.0723,782.985738214666,0,0
S_354,2025-01-01,51.12,17.17,0.4134,-0.4818,0.0286,782.985738214666,0,0
S_354,2025-02-01,51.12,17.17,0.3749,-0.4366,0.0021,782.985738214666,0,0
S_354,2025-03-01,51.12,17.17,0.3682,-0.4253,-0.056,782.985738214666,0,0
S_354,2025-04-01,51.12,17.17,0.6242,-0.5732,0.1866,782.985738214666,0,0
S_354,2025-05-01,51.12,17.17,0.607,-0.5555,0.1853,782.985738214666,0,0
S_354,2025-06-01,51.12,17.17,0.676,-0.6365,0.2516,782.985738214666,0,0
S_354,2025-07-01,51.12,17.17,0.6039,-0.5813,0.1984,782.985738214666,0,0
S_354,2025-08-01,51.12,17.17,0.6242,-0.5905,0.1649,782.985738214666,0,0
S_354,2025-09-01,51.12,17.17,0.6198,-0.5898,0.1508,782.985738214666,0,0
S_354,2025-10-01,51.12,17.17,0.4566,-0.406,0.1545,782.985738214666,0,0
S_354,2025-11-01,51.12,17.17,0.5203,-0.5522,0.0652,782.985738214666,0,0
S_354,2025-12-01,51.12,17.17,0.4566,-0.5184,0.0425,782.985738214666,0,0
S_354,2026-01-01,51.12,17.17,0.3675,-0.4567,0.0337,782.985738214666,0,0
S_354,2026-02-01,51.12,17.17,0.3219,-0.4154,-0.1019,782.985738214666,0,0
S_354,2026-03-01,51.12,17.17,0.3443,-0.4393,-0.0747,782.985738214666,0,0
S_356,2023-06-01,51.16,17.17,0.5577,-0.5394,0.2381,1175.496525571058,0,0
S_356,2023-07-01,51.16,17.17,0.5129,-0.5263,0.1415,1175.496525571058,0,0
S_356,2023-08-01,51.16,17.17,0.4853,-0.4842,0.0797,1175.496525571058,0,0
S_356,2023-09-01,51.16,17.17,0.5198,-0.5125,0.1182,1175.496525571058,0,0
S_356,2023-10-01,51.16,17.17,0.3104,-0.3115,0.058,1175.496525571058,0,0
S_356,2023-11-01,51.16,17.17,0.4646,-0.4834,0.0695,1175.496525571058,0,0
S_356,2023-12-01,51.16,17.17,0.3999,-0.4147,0.0592,1175.496525571058,0,0
S_356,2024-01-01,51.16,17.17,0.2338,-0.265,0.3631,1175.496525571058,0,0
S_356,2024-02-01,51.16,17.17,0.3601,-0.4598,-0.0542,1175.496525571058,0,0
S_356,2024-03-01,51.16,17.17,0.363,-0.3638,0.0209,1175.496525571058,0,0
S_356,2024-04-01,51.16,17.17,0.5298,-0.5057,0.1675,1175.496525571058,0,0
S_356,2024-05-01,51.16,17.17,0.5568,-0.5369,0.2015,1175.496525571058,0,0
S_356,2024-06-01,51.16,17.17,0.4687,-0.4451,0.1541,1175.496525571058,0,0
S_356,2024-07-01,51.16,17.17,0.4295,-0.4573,-0.0011,1175.496525571058,0,0
S_356,2024-08-01,51.16,17.17,0.4386,-0.4546,0.0266,1175.496525571058,0,0
S_356,2024-09-01,51.16,17.17,0.53,-0.5158,0.1081,1175.496525571058,0,0
S_356,2024-10-01,51.16,17.17,0.5041,-0.5155,0.0853,1175.496525571058,0,0
S_356,2024-11-01,51.16,17.17,0.4826,-0.4907,0.1264,1175.496525571058,0,0
S_356,2024-12-01,51.16,17.17,0.4145,-0.4097,0.1751,1175.496525571058,0,0
S_356,2025-01-01,51.16,17.17,0.4515,-0.4854,0.1173,1175.496525571058,0,0
S_356,2025-02-01,51.16,17.17,0.4036,-0.4497,0.0553,1175.496525571058,0,0
S_356,2025-03-01,51.16,17.17,0.3935,-0.435,0.0359,1175.496525571058,0,0
S_356,2025-04-01,51.16,17.17,0.569,-0.5451,0.2441,1175.496525571058,0,0
S_356,2025-05-01,51.16,17.17,0.5501,-0.522,0.2428,1175.496525571058,0,0
S_356,2025-06-01,51.16,17.17,0.5406,-0.5381,0.2057,1175.496525571058,0,0
S_356,2025-07-01,51.16,17.17,0.4621,-0.4947,0.1371,1175.496525571058,0,0
S_356,2025-08-01,51.16,17.17,0.5252,-0.5083,0.1061,1175.496525571058,0,0
S_356,2025-09-01,51.16,17.17,0.4726,-0.4879,0.0687,1175.496525571058,0,0
S_356,2025-10-01,51.16,17.17,0.3599,-0.3645,0.0672,1175.496525571058,0,0
S_356,2025-11-01,51.16,17.17,0.396,-0.4579,0.0138,1175.496525571058,0,0
S_356,2025-12-01,51.16,17.17,0.3769,-0.4468,0.0242,1175.496525571058,0,0
S_356,2026-01-01,51.16,17.17,0.3141,-0.408,-0.0168,1175.496525571058,0,0
S_356,2026-02-01,51.16,17.17,0.2749,-0.3674,-0.1035,1175.496525571058,0,0
S_356,2026-03-01,51.16,17.17,0.2897,-0.3832,-0.0881,1175.496525571058,0,0
S_357,2023-06-01,51.18,17.17,0.5994,-0.5619,0.2086,1045.405382052987,0,0
S_357,2023-07-01,51.18,17.17,0.5895,-0.5529,0.1732,1045.405382052987,0,0
S_357,2023-08-01,51.18,17.17,0.5746,-0.5276,0.1334,1045.405382052987,0,0
S_357,2023-09-01,51.18,17.17,0.5949,-0.5486,0.1646,1045.405382052987,0,0
S_357,2023-10-01,51.18,17.17,0.7866,-0.7078,0.2806,1045.405382052987,0,0
S_357,2023-11-01,51.18,17.17,0.4759,-0.5031,0.0289,1045.405382052987,0,0
S_357,2023-12-01,51.18,17.17,0.3844,-0.4139,0.0054,1045.405382052987,0,0
S_357,2024-01-01,51.18,17.17,0.2555,-0.303,0.3178,1045.405382052987,0,0
S_357,2024-02-01,51.18,17.17,0.3215,-0.4459,-0.1016,1045.405382052987,0,0
S_357,2024-03-01,51.18,17.17,0.187,-0.1809,0.015,1045.405382052987,0,0
S_357,2024-04-01,51.18,17.17,0.4043,-0.396,0.0596,1045.405382052987,0,0
S_357,2024-05-01,51.18,17.17,0.5194,-0.4926,0.13,1045.405382052987,0,0
S_357,2024-06-01,51.18,17.17,0.5381,-0.4811,0.1777,1045.405382052987,0,0
S_357,2024-07-01,51.18,17.17,0.5713,-0.5274,0.1386,1045.405382052987,0,0
S_357,2024-08-01,51.18,17.17,0.5742,-0.5284,0.1469,1045.405382052987,0,0
S_357,2024-09-01,51.18,17.17,0.5841,-0.5511,0.1436,1045.405382052987,0,0
S_357,2024-10-01,51.18,17.17,0.4598,-0.4904,-0.0074,1045.405382052987,0,0
S_357,2024-11-01,51.18,17.17,0.4071,-0.4571,-0.0183,1045.405382052987,0,0
S_357,2024-12-01,51.18,17.17,0.3185,-0.354,0.0242,1045.405382052987,0,0
S_357,2025-01-01,51.18,17.17,0.3562,-0.4443,-0.028,1045.405382052987,0,0
S_357,2025-02-01,51.18,17.17,0.3178,-0.3963,-0.059,1045.405382052987,0,0
S_357,2025-03-01,51.18,17.17,0.2994,-0.3709,-0.0946,1045.405382052987,0,0
S_357,2025-04-01,51.18,17.17,0.5309,-0.5067,0.1124,1045.405382052987,0,0
S_357,2025-05-01,51.18,17.17,0.521,-0.4809,0.1321,1045.405382052987,0,0
S_357,2025-06-01,51.18,17.17,0.5984,-0.5615,0.1883,1045.405382052987,0,0
S_357,2025-07-01,51.18,17.17,0.5597,-0.5261,0.1639,1045.405382052987,0,0
S_357,2025-08-01,51.18,17.17,0.5835,-0.5344,0.1702,1045.405382052987,0,0
S_357,2025-09-01,51.18,17.17,0.5643,-0.5303,0.1505,1045.405382052987,0,0
S_357,2025-10-01,51.18,17.17,0.4572,-0.4307,0.131,1045.405382052987,0,0
S_357,2025-11-01,51.18,17.17,0.4638,-0.506,0.0528,1045.405382052987,0,0
S_357,2025-12-01,51.18,17.17,0.4207,-0.4896,0.0416,1045.405382052987,0,0
S_357,2026-01-01,51.18,17.17,0.3484,-0.4352,0.0302,1045.405382052987,0,0
S_357,2026-02-01,51.18,17.17,0.3078,-0.3972,-0.0913,1045.405382052987,0,0
S_357,2026-03-01,51.18,17.17,0.3259,-0.4166,-0.0657,1045.405382052987,0,0
S_358,2023-06-01,51.2,17.17,0.7766,-0.7076,0.362,2797.905024062247,0,0
S_358,2023-07-01,51.2,17.17,0.7417,-0.6998,0.2789,2797.905024062247,0,0
S_358,2023-08-01,51.2,17.17,0.7149,-0.6646,0.2048,2797.905024062247,0,0
S_358,2023-09-01,51.2,17.17,0.7405,-0.6868,0.2441,2797.905024062247,0,0
S_358,2023-10-01,51.2,17.17,0.6769,-0.6537,0.1672,2797.905024062247,0,0
S_358,2023-11-01,51.2,17.17,0.6134,-0.6206,0.0903,2797.905024062247,0,0
S_358,2023-12-01,51.2,17.17,0.468,-0.4814,0.0159,2797.905024062247,0,0
S_358,2024-01-01,51.2,17.17,0.3261,-0.3634,0.2775,2797.905024062247,0,0
S_358,2024-02-01,51.2,17.17,0.4327,-0.5081,0.0156,2797.905024062247,0,0
S_358,2024-03-01,51.2,17.17,0.4138,-0.4282,-0.0177,2797.905024062247,0,0
S_358,2024-04-01,51.2,17.17,0.6451,-0.5632,0.1816,2797.905024062247,0,0
S_358,2024-05-01,51.2,17.17,0.7277,-0.6608,0.2569,2797.905024062247,0,0
S_358,2024-06-01,51.2,17.17,0.7629,-0.6845,0.3047,2797.905024062247,0,0
S_358,2024-07-01,51.2,17.17,0.7401,-0.6769,0.2293,2797.905024062247,0,0
S_358,2024-08-01,51.2,17.17,0.7397,-0.6728,0.2346,2797.905024062247,0,0
S_358,2024-09-01,51.2,17.17,0.7174,-0.6778,0.1986,2797.905024062247,0,0
S_358,2024-10-01,51.2,17.17,0.5879,-0.6007,0.045,2797.905024062247,0,0
S_358,2024-11-01,51.2,17.17,0.5075,-0.5487,0.0014,2797.905024062247,0,0
S_358,2024-12-01,51.2,17.17,0.4312,-0.4396,0.0503,2797.905024062247,0,0
S_358,2025-01-01,51.2,17.17,0.4706,-0.5437,-0.002,2797.905024062247,0,0
S_358,2025-02-01,51.2,17.17,0.4006,-0.468,-0.0341,2797.905024062247,0,0
S_358,2025-03-01,51.2,17.17,0.378,-0.4404,-0.1109,2797.905024062247,0,0
S_358,2025-04-01,51.2,17.17,0.7016,-0.612,0.2334,2797.905024062247,0,0
S_358,2025-05-01,51.2,17.17,0.745,-0.644,0.2798,2797.905024062247,0,0
S_358,2025-06-01,51.2,17.17,0.7897,-0.7326,0.3401,2797.905024062247,0,0
S_358,2025-07-01,51.2,17.17,0.7446,-0.6916,0.3001,2797.905024062247,0,0
S_358,2025-08-01,51.2,17.17,0.7601,-0.6995,0.2767,2797.905024062247,0,0
S_358,2025-09-01,51.2,17.17,0.7461,-0.6842,0.2685,2797.905024062247,0,0
S_358,2025-10-01,51.2,17.17,0.5938,-0.5613,0.197,2797.905024062247,0,0
S_358,2025-11-01,51.2,17.17,0.5577,-0.596,0.0612,2797.905024062247,0,0
S_358,2025-12-01,51.2,17.17,0.5235,-0.5865,0.0482,2797.905024062247,0,0
S_358,2026-01-01,51.2,17.17,0.3673,-0.4281,0.1441,2797.905024062247,0,0
S_358,2026-02-01,51.2,17.17,0.3849,-0.4844,-0.1147,2797.905024062247,0,0
S_358,2026-03-01,51.2,17.17,0.4175,-0.5142,-0.0859,2797.905024062247,0,0
S_359,2023-06-01,51.22,17.17,0.7602,-0.6925,0.3573,4848.664960109084,0,0
S_359,2023-07-01,51.22,17.17,0.708,-0.6771,0.2601,4848.664960109084,0,0
S_359,2023-08-01,51.22,17.17,0.6766,-0.6373,0.1763,4848.664960109084,0,0
S_359,2023-09-01,51.22,17.17,0.6818,-0.6477,0.2019,4848.664960109084,0,0
S_359,2023-10-01,51.22,17.17,0.6542,-0.6324,0.1603,4848.664960109084,0,0
S_359,2023-11-01,51.22,17.17,0.6266,-0.6172,0.1187,4848.664960109084,0,0
S_359,2023-12-01,51.22,17.17,0.4916,-0.4852,0.0667,4848.664960109084,0,0
S_359,2024-01-01,51.22,17.17,0.3938,-0.4368,0.2057,4848.664960109084,0,0
S_359,2024-02-01,51.22,17.17,0.4379,-0.4637,0.0903,4848.664960109084,0,0
S_359,2024-03-01,51.22,17.17,0.4906,-0.472,0.0653,4848.664960109084,0,0
S_359,2024-04-01,51.22,17.17,0.6017,-0.5522,0.173,4848.664960109084,0,0
S_359,2024-05-01,51.22,17.17,0.7107,-0.6456,0.2705,4848.664960109084,0,0
S_359,2024-06-01,51.22,17.17,0.726,-0.6531,0.295,4848.664960109084,0,0
S_359,2024-07-01,51.22,17.17,0.6893,-0.6476,0.1929,4848.664960109084,0,0
S_359,2024-08-01,51.22,17.17,0.711,-0.6584,0.2139,4848.664960109084,0,0
S_359,2024-09-01,51.22,17.17,0.7021,-0.6667,0.1982,4848.664960109084,0,0
S_359,2024-10-01,51.22,17.17,0.6278,-0.6194,0.0984,4848.664960109084,0,0
S_359,2024-11-01,51.22,17.17,0.5307,-0.5488,0.0665,4848.664960109084,0,0
S_359,2024-12-01,51.22,17.17,0.4734,-0.4654,0.0942,4848.664960109084,0,0
S_359,2025-01-01,51.22,17.17,0.4991,-0.5457,0.0686,4848.664960109084,0,0
S_359,2025-02-01,51.22,17.17,0.442,-0.4935,0.0128,4848.664960109084,0,0
S_359,2025-03-01,51.22,17.17,0.4356,-0.4767,-0.0382,4848.664960109084,0,0
S_359,2025-04-01,51.22,17.17,0.742,-0.6514,0.2827,4848.664960109084,0,0
S_359,2025-05-01,51.22,17.17,0.6951,-0.6175,0.2747,4848.664960109084,0,0
S_359,2025-06-01,51.22,17.17,0.7502,-0.7047,0.3203,4848.664960109084,0,0
S_359,2025-07-01,51.22,17.17,0.6979,-0.6576,0.2839,4848.664960109084,0,0
S_359,2025-08-01,51.22,17.17,0.6687,-0.6405,0.1923,4848.664960109084,0,0
S_359,2025-09-01,51.22,17.17,0.6848,-0.6413,0.2086,4848.664960109084,0,0
S_359,2025-10-01,51.22,17.17,0.5535,-0.5306,0.1678,4848.664960109084,0,0
S_359,2025-11-01,51.22,17.17,0.618,-0.6191,0.1392,4848.664960109084,0,0
S_359,2025-12-01,51.22,17.17,0.573,-0.6077,0.142,4848.664960109084,0,0
S_359,2026-01-01,51.22,17.17,0.4328,-0.4792,0.1339,4848.664960109084,0,0
S_359,2026-02-01,51.22,17.17,0.4177,-0.4993,-0.0575,4848.664960109084,0,0
S_359,2026-03-01,51.22,17.17,0.446,-0.5252,-0.0352,4848.664960109084,0,0
S_36,2023-06-01,51.06,16.75,0.722,-0.671,0.4021,8622.635029524121,0,0
S_36,2023-07-01,51.06,16.75,0.4524,-0.4985,0.0817,8622.635029524121,0,0
S_36,2023-08-01,51.06,16.75,0.3288,-0.3401,0.0261,8622.635029524121,0,0
S_36,2023-09-01,51.06,16.75,0.4147,-0.4539,-0.0179,8622.635029524121,0,0
S_36,2023-10-01,51.06,16.75,0.4019,-0.4465,-0.0407,8622.635029524121,0,0
S_36,2023-11-01,51.06,16.75,0.5075,-0.5407,0.0853,8622.635029524121,0,0
S_36,2023-12-01,51.06,16.75,0.3439,-0.389,0.0994,8622.635029524121,0,0
S_36,2024-01-01,51.06,16.75,0.1987,-0.2251,0.5406,8622.635029524121,0,0
S_36,2024-02-01,51.06,16.75,0.4281,-0.5018,0.0383,8622.635029524121,0,0
S_36,2024-03-01,51.06,16.75,0.494,-0.5247,0.114,8622.635029524121,0,0
S_36,2024-04-01,51.06,16.75,0.5598,-0.5475,0.1896,8622.635029524121,0,0
S_36,2024-05-01,51.06,16.75,0.5812,-0.5666,0.2302,8622.635029524121,0,0
S_36,2024-06-01,51.06,16.75,0.5717,-0.5324,0.2112,8622.635029524121,0,0
S_36,2024-07-01,51.06,16.75,0.4449,-0.46,0.0358,8622.635029524121,0,0
S_36,2024-08-01,51.06,16.75,0.4661,-0.4984,0.0192,8622.635029524121,0,0
S_36,2024-09-01,51.06,16.75,0.4498,-0.4797,0.0377,8622.635029524121,0,0
S_36,2024-10-01,51.06,16.75,0.4536,-0.4848,0.0327,8622.635029524121,0,0
S_36,2024-11-01,51.06,16.75,0.4573,-0.4899,0.0277,8622.635029524121,0,0
S_36,2024-12-01,51.06,16.75,0.1765,-0.2685,0.0176,8622.635029524121,0,0
S_36,2025-01-01,51.06,16.75,0.4142,-0.485,0.0713,8622.635029524121,0,0
S_36,2025-02-01,51.06,16.75,0.1744,-0.2204,0.5134,8622.635029524121,0,0
S_36,2025-03-01,51.06,16.75,0.4212,-0.4541,0.0099,8622.635029524121,0,0
S_36,2025-04-01,51.06,16.75,0.493,-0.5038,0.0714,8622.635029524121,0,0
S_36,2025-05-01,51.06,16.75,0.6234,-0.5812,0.277,8622.635029524121,0,0
S_36,2025-06-01,51.06,16.75,0.5531,-0.5747,0.1853,8622.635029524121,0,0
S_36,2025-07-01,51.06,16.75,0.5546,-0.5656,0.1513,8622.635029524121,0,0
S_36,2025-08-01,51.06,16.75,0.5561,-0.5564,0.1173,8622.635029524121,0,0
S_36,2025-09-01,51.06,16.75,0.5448,-0.5513,0.0907,8622.635029524121,0,0
S_36,2025-10-01,51.06,16.75,0.4908,-0.5355,0.0252,8622.635029524121,0,0
S_36,2025-11-01,51.06,16.75,0.4367,-0.5197,-0.0403,8622.635029524121,0,0
S_36,2025-12-01,51.06,16.75,0.3862,-0.4636,0.0361,8622.635029524121,0,0
S_36,2026-01-01,51.06,16.75,0.3395,-0.4329,-0.0381,8622.635029524121,0,0
S_36,2026-02-01,51.06,16.75,0.2927,-0.4022,-0.1123,8622.635029524121,0,0
S_36,2026-03-01,51.06,16.75,0.2951,-0.3952,-0.109,8622.635029524121,0,0
S_360,2023-06-01,51.24,17.17,0.6658,-0.6427,0.3526,6936.034365292944,0,0
S_360,2023-07-01,51.24,17.17,0.5355,-0.5683,0.1679,6936.034365292944,0,0
S_360,2023-08-01,51.24,17.17,0.4287,-0.4705,-0.0059,6936.034365292944,0,0
S_360,2023-09-01,51.24,17.17,0.4289,-0.4692,0.0074,6936.034365292944,0,0
S_360,2023-10-01,51.24,17.17,0.4776,-0.5037,0.0654,6936.034365292944,0,0
S_360,2023-11-01,51.24,17.17,0.5262,-0.5382,0.1233,6936.034365292944,0,0
S_360,2023-12-01,51.24,17.17,0.4551,-0.4575,0.1182,6936.034365292944,0,0
S_360,2024-01-01,51.24,17.17,0.3502,-0.4087,0.1489,6936.034365292944,0,0
S_360,2024-02-01,51.24,17.17,0.4015,-0.4241,0.0942,6936.034365292944,0,0
S_360,2024-03-01,51.24,17.17,0.579,-0.5032,0.2914,6936.034365292944,0,0
S_360,2024-04-01,51.24,17.17,0.5623,-0.5381,0.2113,6936.034365292944,0,0
S_360,2024-05-01,51.24,17.17,0.6141,-0.592,0.2739,6936.034365292944,0,0
S_360,2024-06-01,51.24,17.17,0.6659,-0.6093,0.2781,6936.034365292944,0,0
S_360,2024-07-01,51.24,17.17,0.448,-0.4887,0.0099,6936.034365292944,0,0
S_360,2024-08-01,51.24,17.17,0.4325,-0.4683,0.0208,6936.034365292944,0,0
S_360,2024-09-01,51.24,17.17,0.5094,-0.5187,0.0877,6936.034365292944,0,0
S_360,2024-10-01,51.24,17.17,0.4336,-0.4758,0.034,6936.034365292944,0,0
S_360,2024-11-01,51.24,17.17,0.4631,-0.4877,0.0973,6936.034365292944,0,0
S_360,2024-12-01,51.24,17.17,0.4367,-0.4404,0.1304,6936.034365292944,0,0
S_360,2025-01-01,51.24,17.17,0.4266,-0.4701,0.128,6936.034365292944,0,0
S_360,2025-02-01,51.24,17.17,0.4053,-0.4665,0.0324,6936.034365292944,0,0
S_360,2025-03-01,51.24,17.17,0.4448,-0.4713,0.0535,6936.034365292944,0,0
S_360,2025-04-01,51.24,17.17,0.6387,-0.6165,0.2924,6936.034365292944,0,0
S_360,2025-05-01,51.24,17.17,0.6147,-0.5911,0.2866,6936.034365292944,0,0
S_360,2025-06-01,51.24,17.17,0.6737,-0.6449,0.3079,6936.034365292944,0,0
S_360,2025-07-01,51.24,17.17,0.5309,-0.5429,0.1914,6936.034365292944,0,0
S_360,2025-08-01,51.24,17.17,0.4539,-0.4989,0.021,6936.034365292944,0,0
S_360,2025-09-01,51.24,17.17,0.4548,-0.4783,0.0339,6936.034365292944,0,0
S_360,2025-10-01,51.24,17.17,0.4272,-0.4457,0.0826,6936.034365292944,0,0
S_360,2025-11-01,51.24,17.17,0.4788,-0.5135,0.0969,6936.034365292944,0,0
S_360,2025-12-01,51.24,17.17,0.4259,-0.4748,0.1288,6936.034365292944,0,0
S_360,2026-01-01,51.24,17.17,0.3045,-0.3823,0.097,6936.034365292944,0,0
S_360,2026-02-01,51.24,17.17,0.2985,-0.4013,-0.0176,6936.034365292944,0,0
S_360,2026-03-01,51.24,17.17,0.3159,-0.4163,-0.0187,6936.034365292944,0,0
S_362,2023-06-01,50.98,17.19,0.6909,-0.6396,0.3657,7595.544875188068,0,0
S_362,2023-07-01,50.98,17.19,0.5455,-0.5719,0.2175,7595.544875188068,0,0
S_362,2023-08-01,50.98,17.19,0.5377,-0.5429,0.0694,7595.544875188068,0,0
S_362,2023-09-01,50.98,17.19,0.5498,-0.5573,0.0873,7595.544875188068,0,0
S_362,2023-10-01,50.98,17.19,0.5298,-0.556,-0.0025,7595.544875188068,0,0
S_362,2023-11-01,50.98,17.19,0.437,-0.4237,0.083,7595.544875188068,0,0
S_362,2023-12-01,50.98,17.19,0.5061,-0.4993,0.1208,7595.544875188068,0,0
S_362,2024-01-01,50.98,17.19,0.224,-0.2369,0.5853,7595.544875188068,0,0
S_362,2024-02-01,50.98,17.19,0.4069,-0.3903,0.378,7595.544875188068,0,0
S_362,2024-03-01,50.98,17.19,0.5897,-0.5437,0.1708,7595.544875188068,0,0
S_362,2024-04-01,50.98,17.19,0.6808,-0.6452,0.275,7595.544875188068,0,0
S_362,2024-05-01,50.98,17.19,0.7071,-0.6674,0.3416,7595.544875188068,0,0
S_362,2024-06-01,50.98,17.19,0.6883,-0.6217,0.299,7595.544875188068,0,0
S_362,2024-07-01,50.98,17.19,0.3818,-0.4539,-0.0676,7595.544875188068,0,0
S_362,2024-08-01,50.98,17.19,0.4096,-0.457,-0.0722,7595.544875188068,0,0
S_362,2024-09-01,50.98,17.19,0.4396,-0.4844,-0.0466,7595.544875188068,0,0
S_362,2024-10-01,50.98,17.19,0.4293,-0.4702,-0.0782,7595.544875188068,0,0
S_362,2024-11-01,50.98,17.19,0.5575,-0.5517,0.077,7595.544875188068,0,0
S_362,2024-12-01,50.98,17.19,0.4491,-0.4333,0.189,7595.544875188068,0,0
S_362,2025-01-01,50.98,17.19,0.5181,-0.5536,0.0944,7595.544875188068,0,0
S_362,2025-02-01,50.98,17.19,0.4599,-0.5128,-0.0247,7595.544875188068,0,0
S_362,2025-03-01,50.98,17.19,0.4737,-0.5134,-0.0171,7595.544875188068,0,0
S_362,2025-04-01,50.98,17.19,0.6053,-0.5961,0.2139,7595.544875188068,0,0
S_362,2025-05-01,50.98,17.19,0.5681,-0.5613,0.1955,7595.544875188068,0,0
S_362,2025-06-01,50.98,17.19,0.6516,-0.633,0.2625,7595.544875188068,0,0
S_362,2025-07-01,50.98,17.19,0.573,-0.5858,0.1955,7595.544875188068,0,0
S_362,2025-08-01,50.98,17.19,0.5092,-0.5378,0.0476,7595.544875188068,0,0
S_362,2025-09-01,50.98,17.19,0.4778,-0.508,-0.0238,7595.544875188068,0,0
S_362,2025-10-01,50.98,17.19,0.4746,-0.5096,-0.0242,7595.544875188068,0,0
S_362,2025-11-01,50.98,17.19,0.4715,-0.5112,-0.0245,7595.544875188068,0,0
S_362,2025-12-01,50.98,17.19,0.5295,-0.5591,0.0751,7595.544875188068,0,0
S_362,2026-01-01,50.98,17.19,0.4403,-0.5086,0.0829,7595.544875188068,0,0
S_362,2026-02-01,50.98,17.19,0.4116,-0.4803,-0.081,7595.544875188068,0,0
S_362,2026-03-01,50.98,17.19,0.4284,-0.4949,-0.0615,7595.544875188068,0,0
S_364,2023-06-01,51.02,17.19,0.7722,-0.7102,0.4022,3808.381448597596,0,0
S_364,2023-07-01,51.02,17.19,0.5917,-0.5889,0.1932,3808.381448597596,0,0
S_364,2023-08-01,51.02,17.19,0.5741,-0.5559,0.0687,3808.381448597596,0,0
S_364,2023-09-01,51.02,17.19,0.5272,-0.5451,0.0552,3808.381448597596,0,0
S_364,2023-10-01,51.02,17.19,0.5759,-0.5707,0.0851,3808.381448597596,0,0
S_364,2023-11-01,51.02,17.19,0.4859,-0.4673,0.1153,3808.381448597596,0,0
S_364,2023-12-01,51.02,17.19,0.4958,-0.5191,0.0791,3808.381448597596,0,0
S_364,2024-01-01,51.02,17.19,0.2197,-0.2473,0.5308,3808.381448597596,0,0
S_364,2024-02-01,51.02,17.19,0.3282,-0.3485,0.288,3808.381448597596,0,0
S_364,2024-03-01,51.02,17.19,0.4367,-0.4497,0.0451,3808.381448597596,0,0
S_364,2024-04-01,51.02,17.19,0.5371,-0.5266,0.0985,3808.381448597596,0,0
S_364,2024-05-01,51.02,17.19,0.5553,-0.5478,0.1318,3808.381448597596,0,0
S_364,2024-06-01,51.02,17.19,0.5708,-0.5475,0.1351,3808.381448597596,0,0
S_364,2024-07-01,51.02,17.19,0.6295,-0.6043,0.1214,3808.381448597596,0,0
S_364,2024-08-01,51.02,17.19,0.6598,-0.6173,0.1424,3808.381448597596,0,0
S_364,2024-09-01,51.02,17.19,0.3796,-0.4013,0.1218,3808.381448597596,0,0
S_364,2024-10-01,51.02,17.19,0.4567,-0.5097,-0.0589,3808.381448597596,0,0
S_364,2024-11-01,51.02,17.19,0.4162,-0.4944,-0.0584,3808.381448597596,0,0
S_364,2024-12-01,51.02,17.19,0.3253,-0.3703,0.0396,3808.381448597596,0,0
S_364,2025-01-01,51.02,17.19,0.4077,-0.5127,-0.04,3808.381448597596,0,0
S_364,2025-02-01,51.02,17.19,0.3578,-0.4498,-0.1018,3808.381448597596,0,0
S_364,2025-03-01,51.02,17.19,0.3719,-0.449,-0.0898,3808.381448597596,0,0
S_364,2025-04-01,51.02,17.19,0.6724,-0.6245,0.2295,3808.381448597596,0,0
S_364,2025-05-01,51.02,17.19,0.7489,-0.6533,0.2946,3808.381448597596,0,0
S_364,2025-06-01,51.02,17.19,0.7508,-0.7037,0.3259,3808.381448597596,0,0
S_364,2025-07-01,51.02,17.19,0.6069,-0.5997,0.2605,3808.381448597596,0,0
S_364,2025-08-01,51.02,17.19,0.5917,-0.589,0.1274,3808.381448597596,0,0
S_364,2025-09-01,51.02,17.19,0.5626,-0.5602,0.0684,3808.381448597596,0,0
S_364,2025-10-01,51.02,17.19,0.5236,-0.5519,0.0517,3808.381448597596,0,0
S_364,2025-11-01,51.02,17.19,0.4847,-0.5437,0.035,3808.381448597596,0,0
S_364,2025-12-01,51.02,17.19,0.4776,-0.5565,0.0274,3808.381448597596,0,0
S_364,2026-01-01,51.02,17.19,0.3797,-0.481,0.0154,3808.381448597596,0,0
S_364,2026-02-01,51.02,17.19,0.3364,-0.4486,-0.1357,3808.381448597596,0,0
S_364,2026-03-01,51.02,17.19,0.353,-0.4676,-0.1121,3808.381448597596,0,0
S_366,2023-06-01,51.06,17.19,0.6057,-0.5643,0.2132,1391.3829292996506,0,0
S_366,2023-07-01,51.06,17.19,0.6026,-0.5628,0.1735,1391.3829292996506,0,0
S_366,2023-08-01,51.06,17.19,0.6212,-0.5641,0.1488,1391.3829292996506,0,0
S_366,2023-09-01,51.06,17.19,0.6356,-0.5845,0.1905,1391.3829292996506,0,0
S_366,2023-10-01,51.06,17.19,0.5751,-0.5494,0.0964,1391.3829292996506,0,0
S_366,2023-11-01,51.06,17.19,0.4824,-0.4827,0.0448,1391.3829292996506,0,0
S_366,2023-12-01,51.06,17.19,0.3897,-0.416,-0.0067,1391.3829292996506,0,0
S_366,2024-01-01,51.06,17.19,0.1734,-0.1937,0.4313,1391.3829292996506,0,0
S_366,2024-02-01,51.06,17.19,0.2826,-0.3034,0.23,1391.3829292996506,0,0
S_366,2024-03-01,51.06,17.19,0.3918,-0.4132,0.0286,1391.3829292996506,0,0
S_366,2024-04-01,51.06,17.19,0.5362,-0.5034,0.1137,1391.3829292996506,0,0
S_366,2024-05-01,51.06,17.19,0.5659,-0.5273,0.1466,1391.3829292996506,0,0
S_366,2024-06-01,51.06,17.19,0.5958,-0.5538,0.1839,1391.3829292996506,0,0
S_366,2024-07-01,51.06,17.19,0.5669,-0.535,0.0959,1391.3829292996506,0,0
S_366,2024-08-01,51.06,17.19,0.5792,-0.5381,0.1162,1391.3829292996506,0,0
S_366,2024-09-01,51.06,17.19,0.537,-0.5204,0.1926,1391.3829292996506,0,0
S_366,2024-10-01,51.06,17.19,0.5492,-0.5386,0.0739,1391.3829292996506,0,0
S_366,2024-11-01,51.06,17.19,0.4644,-0.4818,0.0152,1391.3829292996506,0,0
S_366,2024-12-01,51.06,17.19,0.3854,-0.3918,0.0966,1391.3829292996506,0,0
S_366,2025-01-01,51.06,17.19,0.4043,-0.4679,-0.0022,1391.3829292996506,0,0
S_366,2025-02-01,51.06,17.19,0.3566,-0.4097,-0.0383,1391.3829292996506,0,0
S_366,2025-03-01,51.06,17.19,0.3596,-0.4112,-0.051,1391.3829292996506,0,0
S_366,2025-04-01,51.06,17.19,0.5982,-0.5397,0.1761,1391.3829292996506,0,0
S_366,2025-05-01,51.06,17.19,0.6016,-0.5441,0.194,1391.3829292996506,0,0
S_366,2025-06-01,51.06,17.19,0.6435,-0.5965,0.2277,1391.3829292996506,0,0
S_366,2025-07-01,51.06,17.19,0.5936,-0.5504,0.2104,1391.3829292996506,0,0
S_366,2025-08-01,51.06,17.19,0.6059,-0.5581,0.168,1391.3829292996506,0,0
S_366,2025-09-01,51.06,17.19,0.5952,-0.5579,0.1454,1391.3829292996506,0,0
S_366,2025-10-01,51.06,17.19,0.5405,-0.5359,0.094,1391.3829292996506,0,0
S_366,2025-11-01,51.06,17.19,0.4858,-0.5139,0.0425,1391.3829292996506,0,0
S_366,2025-12-01,51.06,17.19,0.4379,-0.483,0.0028,1391.3829292996506,0,0
S_366,2026-01-01,51.06,17.19,0.3555,-0.4233,0.0317,1391.3829292996506,0,0
S_366,2026-02-01,51.06,17.19,0.3248,-0.4118,-0.1011,1391.3829292996506,0,0
S_366,2026-03-01,51.06,17.19,0.3398,-0.4261,-0.085,1391.3829292996506,0,0
S_367,2023-06-01,51.08,17.19,0.5452,-0.5363,0.1385,1721.6045046302854,0,0
S_367,2023-07-01,51.08,17.19,0.65,-0.617,0.1989,1721.6045046302854,0,0
S_367,2023-08-01,51.08,17.19,0.7082,-0.6358,0.2372,1721.6045046302854,0,0
S_367,2023-09-01,51.08,17.19,0.7151,-0.6505,0.2467,1721.6045046302854,0,0
S_367,2023-10-01,51.08,17.19,0.5662,-0.5809,0.0573,1721.6045046302854,0,0
S_367,2023-11-01,51.08,17.19,0.4666,-0.5084,0.0176,1721.6045046302854,0,0
S_367,2023-12-01,51.08,17.19,0.3671,-0.4358,-0.0221,1721.6045046302854,0,0
S_367,2024-01-01,51.08,17.19,0.1956,-0.2397,0.4169,1721.6045046302854,0,0
S_367,2024-02-01,51.08,17.19,0.2709,-0.322,0.1859,1721.6045046302854,0,0
S_367,2024-03-01,51.08,17.19,0.3461,-0.4044,-0.0451,1721.6045046302854,0,0
S_367,2024-04-01,51.08,17.19,0.4878,-0.4845,0.0522,1721.6045046302854,0,0
S_367,2024-05-01,51.08,17.19,0.5551,-0.5401,0.1315,1721.6045046302854,0,0
S_367,2024-06-01,51.08,17.19,0.5997,-0.5619,0.1655,1721.6045046302854,0,0
S_367,2024-07-01,51.08,17.19,0.5731,-0.5568,0.124,1721.6045046302854,0,0
S_367,2024-08-01,51.08,17.19,0.5912,-0.5668,0.1347,1721.6045046302854,0,0
S_367,2024-09-01,51.08,17.19,0.5589,-0.5613,0.0829,1721.6045046302854,0,0
S_367,2024-10-01,51.08,17.19,0.5372,-0.5626,0.0657,1721.6045046302854,0,0
S_367,2024-11-01,51.08,17.19,0.5307,-0.5505,0.0952,1721.6045046302854,0,0
S_367,2024-12-01,51.08,17.19,0.4212,-0.4339,0.1536,1721.6045046302854,0,0
S_367,2025-01-01,51.08,17.19,0.4761,-0.5306,0.0978,1721.6045046302854,0,0
S_367,2025-02-01,51.08,17.19,0.4223,-0.475,0.0285,1721.6045046302854,0,0
S_367,2025-03-01,51.08,17.19,0.4339,-0.48,0.0222,1721.6045046302854,0,0
S_367,2025-04-01,51.08,17.19,0.6196,-0.5867,0.2426,1721.6045046302854,0,0
S_367,2025-05-01,51.08,17.19,0.6064,-0.5681,0.2448,1721.6045046302854,0,0
S_367,2025-06-01,51.08,17.19,0.6245,-0.6035,0.2563,1721.6045046302854,0,0
S_367,2025-07-01,51.08,17.19,0.5744,-0.5687,0.2025,1721.6045046302854,0,0
S_367,2025-08-01,51.08,17.19,0.5518,-0.5414,0.1098,1721.6045046302854,0,0
S_367,2025-09-01,51.08,17.19,0.5678,-0.5523,0.1071,1721.6045046302854,0,0
S_367,2025-10-01,51.08,17.19,0.5586,-0.5607,0.1094,1721.6045046302854,0,0
S_367,2025-11-01,51.08,17.19,0.5494,-0.5691,0.1117,1721.6045046302854,0,0
S_367,2025-12-01,51.08,17.19,0.526,-0.5512,0.1503,1721.6045046302854,0,0
S_367,2026-01-01,51.08,17.19,0.4303,-0.4853,0.1229,1721.6045046302854,0,0
S_367,2026-02-01,51.08,17.19,0.3905,-0.4607,-0.0382,1721.6045046302854,0,0
S_367,2026-03-01,51.08,17.19,0.4115,-0.4817,-0.004,1721.6045046302854,0,0
S_368,2023-06-01,51.1,17.19,0.6118,-0.5807,0.2316,1184.036912541745,0,0
S_368,2023-07-01,51.1,17.19,0.5734,-0.5715,0.1767,1184.036912541745,0,0
S_368,2023-08-01,51.1,17.19,0.6379,-0.5758,0.17,1184.036912541745,0,0
S_368,2023-09-01,51.1,17.19,0.6487,-0.5965,0.1983,1184.036912541745,0,0
S_368,2023-10-01,51.1,17.19,0.4906,-0.5115,0.0061,1184.036912541745,0,0
S_368,2023-11-01,51.1,17.19,0.2041,-0.2649,-0.0265,1184.036912541745,0,0
S_368,2023-12-01,51.1,17.19,0.3818,-0.4294,-0.001,1184.036912541745,0,0
S_368,2024-01-01,51.1,17.19,0.1947,-0.2364,0.4032,1184.036912541745,0,0
S_368,2024-02-01,51.1,17.19,0.4233,-0.6975,-0.1056,1184.036912541745,0,0
S_368,2024-03-01,51.1,17.19,0.3387,-0.3647,-0.0079,1184.036912541745,0,0
S_368,2024-04-01,51.1,17.19,0.4297,-0.4409,0.0226,1184.036912541745,0,0
S_368,2024-05-01,51.1,17.19,0.5397,-0.5217,0.1246,1184.036912541745,0,0
S_368,2024-06-01,51.1,17.19,0.5436,-0.5014,0.1834,1184.036912541745,0,0
S_368,2024-07-01,51.1,17.19,0.5324,-0.5233,0.0801,1184.036912541745,0,0
S_368,2024-08-01,51.1,17.19,0.5706,-0.5447,0.1119,1184.036912541745,0,0
S_368,2024-09-01,51.1,17.19,0.54,-0.545,0.066,1184.036912541745,0,0
S_368,2024-10-01,51.1,17.19,0.4895,-0.5176,-0.0085,1184.036912541745,0,0
S_368,2024-11-01,51.1,17.19,0.461,-0.4968,0.01,1184.036912541745,0,0
S_368,2024-12-01,51.1,17.19,0.3536,-0.3843,0.0564,1184.036912541745,0,0
S_368,2025-01-01,51.1,17.19,0.3901,-0.4691,0.0108,1184.036912541745,0,0
S_368,2025-02-01,51.1,17.19,0.3563,-0.4266,-0.041,1184.036912541745,0,0
S_368,2025-03-01,51.1,17.19,0.3607,-0.4193,-0.0433,1184.036912541745,0,0
S_368,2025-04-01,51.1,17.19,0.5398,-0.532,0.1401,1184.036912541745,0,0
S_368,2025-05-01,51.1,17.19,0.5335,-0.5158,0.1443,1184.036912541745,0,0
S_368,2025-06-01,51.1,17.19,0.6088,-0.5897,0.2033,1184.036912541745,0,0
S_368,2025-07-01,51.1,17.19,0.5666,-0.5541,0.1677,1184.036912541745,0,0
S_368,2025-08-01,51.1,17.19,0.6263,-0.5804,0.1917,1184.036912541745,0,0
S_368,2025-09-01,51.1,17.19,0.5899,-0.5687,0.1337,1184.036912541745,0,0
S_368,2025-10-01,51.1,17.19,0.5082,-0.5278,0.0742,1184.036912541745,0,0
S_368,2025-11-01,51.1,17.19,0.4266,-0.4869,0.0147,1184.036912541745,0,0
S_368,2025-12-01,51.1,17.19,0.4002,-0.4792,0.0126,1184.036912541745,0,0
S_368,2026-01-01,51.1,17.19,0.3478,-0.4395,0.0057,1184.036912541745,0,0
S_368,2026-02-01,51.1,17.19,0.3098,-0.4009,-0.1041,1184.036912541745,0,0
S_368,2026-03-01,51.1,17.19,0.3293,-0.423,-0.0767,1184.036912541745,0,0
S_369,2023-06-01,51.12,17.19,0.594,-0.5726,0.2125,1776.3806349218871,0,0
S_369,2023-07-01,51.12,17.19,0.6051,-0.5975,0.185,1776.3806349218871,0,0
S_369,2023-08-01,51.12,17.19,0.603,-0.5695,0.1268,1776.3806349218871,0,0
S_369,2023-09-01,51.12,17.19,0.5956,-0.5727,0.1379,1776.3806349218871,0,0
S_369,2023-10-01,51.12,17.19,0.5738,-0.5514,0.1028,1776.3806349218871,0,0
S_369,2023-11-01,51.12,17.19,0.1123,-0.1546,0.1745,1776.3806349218871,0,0
S_369,2023-12-01,51.12,17.19,0.4286,-0.456,0.0764,1776.3806349218871,0,0
S_369,2024-01-01,51.12,17.19,0.222,-0.257,0.4167,1776.3806349218871,0,0
S_369,2024-02-01,51.12,17.19,0.4263,-0.6301,-0.0327,1776.3806349218871,0,0
S_369,2024-03-01,51.12,17.19,0.4257,-0.4394,0.1043,1776.3806349218871,0,0
S_369,2024-04-01,51.12,17.19,0.4952,-0.484,0.1066,1776.3806349218871,0,0
S_369,2024-05-01,51.12,17.19,0.5379,-0.5229,0.1461,1776.3806349218871,0,0
S_369,2024-06-01,51.12,17.19,0.5712,-0.5151,0.2136,1776.3806349218871,0,0
S_369,2024-07-01,51.12,17.19,0.6068,-0.5798,0.1502,1776.3806349218871,0,0
S_369,2024-08-01,51.12,17.19,0.654,-0.5994,0.1878,1776.3806349218871,0,0
S_369,2024-09-01,51.12,17.19,0.5377,-0.5507,0.0663,1776.3806349218871,0,0
S_369,2024-10-01,51.12,17.19,0.4781,-0.5183,-0.0149,1776.3806349218871,0,0
S_369,2024-11-01,51.12,17.19,0.4554,-0.4927,0.0282,1776.3806349218871,0,0
S_369,2024-12-01,51.12,17.19,0.3845,-0.4126,0.092,1776.3806349218871,0,0
S_369,2025-01-01,51.12,17.19,0.411,-0.4841,0.0376,1776.3806349218871,0,0
S_369,2025-02-01,51.12,17.19,0.3735,-0.4361,-0.0068,1776.3806349218871,0,0
S_369,2025-03-01,51.12,17.19,0.3818,-0.4337,-0.0373,1776.3806349218871,0,0
S_369,2025-04-01,51.12,17.19,0.5831,-0.5621,0.1663,1776.3806349218871,0,0
S_369,2025-05-01,51.12,17.19,0.5594,-0.5379,0.1562,1776.3806349218871,0,0
S_369,2025-06-01,51.12,17.19,0.6469,-0.6299,0.2393,1776.3806349218871,0,0
S_369,2025-07-01,51.12,17.19,0.5888,-0.5848,0.1923,1776.3806349218871,0,0
S_369,2025-08-01,51.12,17.19,0.653,-0.61,0.2066,1776.3806349218871,0,0
S_369,2025-09-01,51.12,17.19,0.6291,-0.6033,0.1659,1776.3806349218871,0,0
S_369,2025-10-01,51.12,17.19,0.3727,-0.3744,0.0861,1776.3806349218871,0,0
S_369,2025-11-01,51.12,17.19,0.4138,-0.488,-0.0213,1776.3806349218871,0,0
S_369,2025-12-01,51.12,17.19,0.3755,-0.4756,-0.0004,1776.3806349218871,0,0
S_369,2026-01-01,51.12,17.19,0.3153,-0.4277,-0.013,1776.3806349218871,0,0
S_369,2026-02-01,51.12,17.19,0.2689,-0.3828,-0.118,1776.3806349218871,0,0
S_369,2026-03-01,51.12,17.19,0.2875,-0.405,-0.085,1776.3806349218871,0,0
S_37,2023-06-01,51.08,16.75,0.6169,-0.5907,0.2531,7350.725399726949,0,0
S_37,2023-07-01,51.08,16.75,0.5804,-0.5855,0.1794,7350.725399726949,0,0
S_37,2023-08-01,51.08,16.75,0.5194,-0.488,0.1953,7350.725399726949,0,0
S_37,2023-09-01,51.08,16.75,0.6442,-0.6096,0.2047,7350.725399726949,0,0
S_37,2023-10-01,51.08,16.75,0.5234,-0.5435,0.0456,7350.725399726949,0,0
S_37,2023-11-01,51.08,16.75,0.5051,-0.5609,0.0282,7350.725399726949,0,0
S_37,2023-12-01,51.08,16.75,0.3917,-0.4301,0.1424,7350.725399726949,0,0
S_37,2024-01-01,51.08,16.75,0.2257,-0.2583,0.4867,7350.725399726949,0,0
S_37,2024-02-01,51.08,16.75,0.4483,-0.5335,0.0098,7350.725399726949,0,0
S_37,2024-03-01,51.08,16.75,0.5155,-0.5554,0.0871,7350.725399726949,0,0
S_37,2024-04-01,51.08,16.75,0.5827,-0.5774,0.1644,7350.725399726949,0,0
S_37,2024-05-01,51.08,16.75,0.5906,-0.5813,0.1979,7350.725399726949,0,0
S_37,2024-06-01,51.08,16.75,0.5955,-0.5609,0.1701,7350.725399726949,0,0
S_37,2024-07-01,51.08,16.75,0.5807,-0.5522,0.1655,7350.725399726949,0,0
S_37,2024-08-01,51.08,16.75,0.5938,-0.5838,0.1337,7350.725399726949,0,0
S_37,2024-09-01,51.08,16.75,0.5058,-0.5262,0.0687,7350.725399726949,0,0
S_37,2024-10-01,51.08,16.75,0.2592,-0.3654,-0.1062,7350.725399726949,0,0
S_37,2024-11-01,51.08,16.75,0.4256,-0.4806,-0.0234,7350.725399726949,0,0
S_37,2024-12-01,51.08,16.75,0.305,-0.3408,0.0369,7350.725399726949,0,0
S_37,2025-01-01,51.08,16.75,0.4128,-0.4934,0.0242,7350.725399726949,0,0
S_37,2025-02-01,51.08,16.75,0.1345,-0.1821,0.6113,7350.725399726949,0,0
S_37,2025-03-01,51.08,16.75,0.4353,-0.4719,-0.0191,7350.725399726949,0,0
S_37,2025-04-01,51.08,16.75,0.531,-0.5381,0.0658,7350.725399726949,0,0
S_37,2025-05-01,51.08,16.75,0.702,-0.6419,0.3389,7350.725399726949,0,0
S_37,2025-06-01,51.08,16.75,0.6365,-0.6228,0.2706,7350.725399726949,0,0
S_37,2025-07-01,51.08,16.75,0.4156,-0.4289,0.0482,7350.725399726949,0,0
S_37,2025-08-01,51.08,16.75,0.5228,-0.5406,0.0869,7350.725399726949,0,0
S_37,2025-09-01,51.08,16.75,0.5256,-0.5341,0.0645,7350.725399726949,0,0
S_37,2025-10-01,51.08,16.75,0.5182,-0.5482,0.0434,7350.725399726949,0,0
S_37,2025-11-01,51.08,16.75,0.5109,-0.5624,0.0223,7350.725399726949,0,0
S_37,2025-12-01,51.08,16.75,0.4587,-0.5115,0.0788,7350.725399726949,0,0
S_37,2026-01-01,51.08,16.75,0.1611,-0.1826,0.4335,7350.725399726949,0,0
S_37,2026-02-01,51.08,16.75,0.3482,-0.4447,-0.0896,7350.725399726949,0,0
S_37,2026-03-01,51.08,16.75,0.3423,-0.4299,-0.0915,7350.725399726949,0,0
S_371,2023-06-01,51.16,17.19,0.7038,-0.6513,0.4004,2567.547044450593,0,0
S_371,2023-07-01,51.16,17.19,0.5352,-0.5564,0.1964,2567.547044450593,0,0
S_371,2023-08-01,51.16,17.19,0.4684,-0.4853,0.0292,2567.547044450593,0,0
S_371,2023-09-01,51.16,17.19,0.5119,-0.5112,0.0854,2567.547044450593,0,0
S_371,2023-10-01,51.16,17.19,0.5424,-0.5225,0.0953,2567.547044450593,0,0
S_371,2023-11-01,51.16,17.19,0.5159,-0.5261,0.0746,2567.547044450593,0,0
S_371,2023-12-01,51.16,17.19,0.4609,-0.4655,0.0886,2567.547044450593,0,0
S_371,2024-01-01,51.16,17.19,0.2694,-0.301,0.3366,2567.547044450593,0,0
S_371,2024-02-01,51.16,17.19,0.4147,-0.5553,-0.0239,2567.547044450593,0,0
S_371,2024-03-01,51.16,17.19,0.3517,-0.3655,-0.0036,2567.547044450593,0,0
S_371,2024-04-01,51.16,17.19,0.5688,-0.5366,0.1928,2567.547044450593,0,0
S_371,2024-05-01,51.16,17.19,0.5862,-0.5674,0.2211,2567.547044450593,0,0
S_371,2024-06-01,51.16,17.19,0.6384,-0.578,0.2852,2567.547044450593,0,0
S_371,2024-07-01,51.16,17.19,0.5565,-0.5566,0.1,2567.547044450593,0,0
S_371,2024-08-01,51.16,17.19,0.5494,-0.5476,0.0885,2567.547044450593,0,0
S_371,2024-09-01,51.16,17.19,0.4484,-0.4877,-0.0036,2567.547044450593,0,0
S_371,2024-10-01,51.16,17.19,0.4093,-0.4558,-0.038,2567.547044450593,0,0
S_371,2024-11-01,51.16,17.19,0.4613,-0.48,0.0518,2567.547044450593,0,0
S_371,2024-12-01,51.16,17.19,0.4315,-0.427,0.1479,2567.547044450593,0,0
S_371,2025-01-01,51.16,17.19,0.4367,-0.4907,0.0648,2567.547044450593,0,0
S_371,2025-02-01,51.16,17.19,0.4042,-0.4646,0.0054,2567.547044450593,0,0
S_371,2025-03-01,51.16,17.19,0.4054,-0.4498,-0.0119,2567.547044450593,0,0
S_371,2025-04-01,51.16,17.19,0.611,-0.5922,0.2349,2567.547044450593,0,0
S_371,2025-05-01,51.16,17.19,0.5921,-0.5701,0.2324,2567.547044450593,0,0
S_371,2025-06-01,51.16,17.19,0.7203,-0.6679,0.3656,2567.547044450593,0,0
S_371,2025-07-01,51.16,17.19,0.6158,-0.594,0.3066,2567.547044450593,0,0
S_371,2025-08-01,51.16,17.19,0.5565,-0.5623,0.136,2567.547044450593,0,0
S_371,2025-09-01,51.16,17.19,0.5083,-0.517,0.0728,2567.547044450593,0,0
S_371,2025-10-01,51.16,17.19,0.391,-0.3924,0.0677,2567.547044450593,0,0
S_371,2025-11-01,51.16,17.19,0.4998,-0.5346,0.063,2567.547044450593,0,0
S_371,2025-12-01,51.16,17.19,0.4629,-0.5204,0.0874,2567.547044450593,0,0
S_371,2026-01-01,51.16,17.19,0.3495,-0.4383,0.0347,2567.547044450593,0,0
S_371,2026-02-01,51.16,17.19,0.3176,-0.416,-0.0939,2567.547044450593,0,0
S_371,2026-03-01,51.16,17.19,0.3362,-0.4349,-0.0791,2567.547044450593,0,0
S_373,2023-06-01,51.2,17.19,0.6687,-0.6238,0.2639,3548.269857966122,0,0
S_373,2023-07-01,51.2,17.19,0.685,-0.6421,0.2425,3548.269857966122,0,0
S_373,2023-08-01,51.2,17.19,0.7152,-0.6525,0.2325,3548.269857966122,0,0
S_373,2023-09-01,51.2,17.19,0.7594,-0.6889,0.2968,3548.269857966122,0,0
S_373,2023-10-01,51.2,17.19,0.7022,-0.6548,0.2244,3548.269857966122,0,0
S_373,2023-11-01,51.2,17.19,0.6451,-0.6207,0.1521,3548.269857966122,0,0
S_373,2023-12-01,51.2,17.19,0.405,-0.418,-0.0112,3548.269857966122,0,0
S_373,2024-01-01,51.2,17.19,0.2785,-0.3225,0.1851,3548.269857966122,0,0
S_373,2024-02-01,51.2,17.19,0.3481,-0.4109,-0.0232,3548.269857966122,0,0
S_373,2024-03-01,51.2,17.19,0.2956,-0.226,0.0385,3548.269857966122,0,0
S_373,2024-04-01,51.2,17.19,0.4096,-0.3657,0.0578,3548.269857966122,0,0
S_373,2024-05-01,51.2,17.19,0.6178,-0.5774,0.177,3548.269857966122,0,0
S_373,2024-06-01,51.2,17.19,0.6494,-0.5946,0.2362,3548.269857966122,0,0
S_373,2024-07-01,51.2,17.19,0.7146,-0.6626,0.2228,3548.269857966122,0,0
S_373,2024-08-01,51.2,17.19,0.7101,-0.6525,0.231,3548.269857966122,0,0
S_373,2024-09-01,51.2,17.19,0.6598,-0.6365,0.163,3548.269857966122,0,0
S_373,2024-10-01,51.2,17.19,0.5406,-0.565,0.0271,3548.269857966122,0,0
S_373,2024-11-01,51.2,17.19,0.4526,-0.4749,0.0649,3548.269857966122,0,0
S_373,2024-12-01,51.2,17.19,0.3793,-0.3971,0.0215,3548.269857966122,0,0
S_373,2025-01-01,51.2,17.19,0.4175,-0.4972,-0.0165,3548.269857966122,0,0
S_373,2025-02-01,51.2,17.19,0.3595,-0.4356,-0.0591,3548.269857966122,0,0
S_373,2025-03-01,51.2,17.19,0.3412,-0.4106,-0.1184,3548.269857966122,0,0
S_373,2025-04-01,51.2,17.19,0.568,-0.5309,0.1208,3548.269857966122,0,0
S_373,2025-05-01,51.2,17.19,0.5727,-0.5258,0.1453,3548.269857966122,0,0
S_373,2025-06-01,51.2,17.19,0.7609,-0.6967,0.3213,3548.269857966122,0,0
S_373,2025-07-01,51.2,17.19,0.7085,-0.6498,0.2763,3548.269857966122,0,0
S_373,2025-08-01,51.2,17.19,0.7623,-0.6846,0.3125,3548.269857966122,0,0
S_373,2025-09-01,51.2,17.19,0.6945,-0.6423,0.2154,3548.269857966122,0,0
S_373,2025-10-01,51.2,17.19,0.59,-0.5546,0.1836,3548.269857966122,0,0
S_373,2025-11-01,51.2,17.19,0.5541,-0.5772,0.0682,3548.269857966122,0,0
S_373,2025-12-01,51.2,17.19,0.4656,-0.5177,0.0167,3548.269857966122,0,0
S_373,2026-01-01,51.2,17.19,0.3354,-0.4098,0.1104,3548.269857966122,0,0
S_373,2026-02-01,51.2,17.19,0.3452,-0.4368,-0.1153,3548.269857966122,0,0
S_373,2026-03-01,51.2,17.19,0.3743,-0.4667,-0.0889,3548.269857966122,0,0
S_374,2023-06-01,51.22,17.19,0.6678,-0.6347,0.2759,5404.641768609151,0,0
S_374,2023-07-01,51.22,17.19,0.608,-0.6137,0.1554,5404.641768609151,0,0
S_374,2023-08-01,51.22,17.19,0.5637,-0.5577,0.0713,5404.641768609151,0,0
S_374,2023-09-01,51.22,17.19,0.5815,-0.5692,0.1062,5404.641768609151,0,0
S_374,2023-10-01,51.22,17.19,0.5444,-0.556,0.072,5404.641768609151,0,0
S_374,2023-11-01,51.22,17.19,0.5072,-0.5429,0.0378,5404.641768609151,0,0
S_374,2023-12-01,51.22,17.19,0.4196,-0.446,0.0131,5404.641768609151,0,0
S_374,2024-01-01,51.22,17.19,0.3235,-0.3876,0.1421,5404.641768609151,0,0
S_374,2024-02-01,51.22,17.19,0.3795,-0.4299,0.0254,5404.641768609151,0,0
S_374,2024-03-01,51.22,17.19,0.3501,-0.3409,0.0722,5404.641768609151,0,0
S_374,2024-04-01,51.22,17.19,0.5772,-0.5352,0.1141,5404.641768609151,0,0
S_374,2024-05-01,51.22,17.19,0.6728,-0.6264,0.2412,5404.641768609151,0,0
S_374,2024-06-01,51.22,17.19,0.681,-0.6232,0.2574,5404.641768609151,0,0
S_374,2024-07-01,51.22,17.19,0.5205,-0.5334,0.0233,5404.641768609151,0,0
S_374,2024-08-01,51.22,17.19,0.521,-0.5256,0.0404,5404.641768609151,0,0
S_374,2024-09-01,51.22,17.19,0.6038,-0.5876,0.1017,5404.641768609151,0,0
S_374,2024-10-01,51.22,17.19,0.571,-0.5829,0.0764,5404.641768609151,0,0
S_374,2024-11-01,51.22,17.19,0.5385,-0.5583,0.1098,5404.641768609151,0,0
S_374,2024-12-01,51.22,17.19,0.4735,-0.4781,0.1276,5404.641768609151,0,0
S_374,2025-01-01,51.22,17.19,0.4776,-0.5315,0.0802,5404.641768609151,0,0
S_374,2025-02-01,51.22,17.19,0.4193,-0.483,-0.0069,5404.641768609151,0,0
S_374,2025-03-01,51.22,17.19,0.4052,-0.46,-0.037,5404.641768609151,0,0
S_374,2025-04-01,51.22,17.19,0.6137,-0.5758,0.1957,5404.641768609151,0,0
S_374,2025-05-01,51.22,17.19,0.5897,-0.5486,0.2007,5404.641768609151,0,0
S_374,2025-06-01,51.22,17.19,0.653,-0.6289,0.2282,5404.641768609151,0,0
S_374,2025-07-01,51.22,17.19,0.5852,-0.581,0.1757,5404.641768609151,0,0
S_374,2025-08-01,51.22,17.19,0.5807,-0.5674,0.1104,5404.641768609151,0,0
S_374,2025-09-01,51.22,17.19,0.5902,-0.5724,0.1241,5404.641768609151,0,0
S_374,2025-10-01,51.22,17.19,0.4936,-0.4903,0.1067,5404.641768609151,0,0
S_374,2025-11-01,51.22,17.19,0.4818,-0.5351,0.0432,5404.641768609151,0,0
S_374,2025-12-01,51.22,17.19,0.4583,-0.5298,0.0505,5404.641768609151,0,0
S_374,2026-01-01,51.22,17.19,0.36,-0.4488,0.0136,5404.641768609151,0,0
S_374,2026-02-01,51.22,17.19,0.3337,-0.4362,-0.1038,5404.641768609151,0,0
S_374,2026-03-01,51.22,17.19,0.3586,-0.4591,-0.08,5404.641768609151,0,0
S_375,2023-06-01,51.24,17.19,0.6662,-0.6422,0.3264,7456.230708247526,0,0
S_375,2023-07-01,51.24,17.19,0.5912,-0.6027,0.1932,7456.230708247526,0,0
S_375,2023-08-01,51.24,17.19,0.4906,-0.5181,0.0321,7456.230708247526,0,0
S_375,2023-09-01,51.24,17.19,0.5048,-0.521,0.071,7456.230708247526,0,0
S_375,2023-10-01,51.24,17.19,0.5175,-0.5342,0.0837,7456.230708247526,0,0
S_375,2023-11-01,51.24,17.19,0.5302,-0.5473,0.0965,7456.230708247526,0,0
S_375,2023-12-01,51.24,17.19,0.4366,-0.449,0.0789,7456.230708247526,0,0
S_375,2024-01-01,51.24,17.19,0.3291,-0.3962,0.1544,7456.230708247526,0,0
S_375,2024-02-01,51.24,17.19,0.358,-0.3989,0.0664,7456.230708247526,0,0
S_375,2024-03-01,51.24,17.19,0.4085,-0.3785,0.1229,7456.230708247526,0,0
S_375,2024-04-01,51.24,17.19,0.5858,-0.5582,0.2379,7456.230708247526,0,0
S_375,2024-05-01,51.24,17.19,0.6021,-0.582,0.2516,7456.230708247526,0,0
S_375,2024-06-01,51.24,17.19,0.6525,-0.6018,0.2659,7456.230708247526,0,0
S_375,2024-07-01,51.24,17.19,0.5398,-0.5494,0.0918,7456.230708247526,0,0
S_375,2024-08-01,51.24,17.19,0.5253,-0.5344,0.092,7456.230708247526,0,0
S_375,2024-09-01,51.24,17.19,0.5224,-0.538,0.0761,7456.230708247526,0,0
S_375,2024-10-01,51.24,17.19,0.444,-0.4896,0.0171,7456.230708247526,0,0
S_375,2024-11-01,51.24,17.19,0.4514,-0.487,0.0666,7456.230708247526,0,0
S_375,2024-12-01,51.24,17.19,0.4141,-0.4283,0.1007,7456.230708247526,0,0
S_375,2025-01-01,51.24,17.19,0.401,-0.4572,0.0937,7456.230708247526,0,0
S_375,2025-02-01,51.24,17.19,0.3748,-0.4505,-0.013,7456.230708247526,0,0
S_375,2025-03-01,51.24,17.19,0.4034,-0.4477,-0.001,7456.230708247526,0,0
S_375,2025-04-01,51.24,17.19,0.6518,-0.6232,0.2763,7456.230708247526,0,0
S_375,2025-05-01,51.24,17.19,0.6148,-0.5861,0.2668,7456.230708247526,0,0
S_375,2025-06-01,51.24,17.19,0.7009,-0.6614,0.3223,7456.230708247526,0,0
S_375,2025-07-01,51.24,17.19,0.4962,-0.5308,0.222,7456.230708247526,0,0
S_375,2025-08-01,51.24,17.19,0.4978,-0.5321,0.0597,7456.230708247526,0,0
S_375,2025-09-01,51.24,17.19,0.4854,-0.5105,0.0501,7456.230708247526,0,0
S_375,2025-10-01,51.24,17.19,0.4554,-0.4725,0.0994,7456.230708247526,0,0
S_375,2025-11-01,51.24,17.19,0.4609,-0.5089,0.0479,7456.230708247526,0,0
S_375,2025-12-01,51.24,17.19,0.4337,-0.4878,0.1104,7456.230708247526,0,0
S_375,2026-01-01,51.24,17.19,0.297,-0.3749,0.1141,7456.230708247526,0,0
S_375,2026-02-01,51.24,17.19,0.3075,-0.4135,-0.0443,7456.230708247526,0,0
S_375,2026-03-01,51.24,17.19,0.3271,-0.4314,-0.041,7456.230708247526,0,0
S_376,2023-06-01,50.96,17.21,0.7043,-0.676,0.3941,10190.839513748497,0,0
S_376,2023-07-01,50.96,17.21,0.5298,-0.5668,0.2001,10190.839513748497,0,0
S_376,2023-08-01,50.96,17.21,0.4824,-0.5049,0.0161,10190.839513748497,0,0
S_376,2023-09-01,50.96,17.21,0.5547,-0.5472,0.0954,10190.839513748497,0,0
S_376,2023-10-01,50.96,17.21,0.6536,-0.6159,0.1745,10190.839513748497,0,0
S_376,2023-11-01,50.96,17.21,0.4559,-0.439,0.0834,10190.839513748497,0,0
S_376,2023-12-01,50.96,17.21,0.5699,-0.5515,0.1994,10190.839513748497,0,0
S_376,2024-01-01,50.96,17.21,0.2411,-0.2505,0.6293,10190.839513748497,0,0
S_376,2024-02-01,50.96,17.21,0.4094,-0.4053,0.3934,10190.839513748497,0,0
S_376,2024-03-01,50.96,17.21,0.5777,-0.5601,0.1574,10190.839513748497,0,0
S_376,2024-04-01,50.96,17.21,0.5475,-0.5326,0.2043,10190.839513748497,0,0
S_376,2024-05-01,50.96,17.21,0.5878,-0.5739,0.2391,10190.839513748497,0,0
S_376,2024-06-01,50.96,17.21,0.5867,-0.5595,0.1733,10190.839513748497,0,0
S_376,2024-07-01,50.96,17.21,0.4913,-0.5166,0.0551,10190.839513748497,0,0
S_376,2024-08-01,50.96,17.21,0.484,-0.5091,0.034,10190.839513748497,0,0
S_376,2024-09-01,50.96,17.21,0.4459,-0.4927,-0.0124,10190.839513748497,0,0
S_376,2024-10-01,50.96,17.21,0.4169,-0.4782,0.0001,10190.839513748497,0,0
S_376,2024-11-01,50.96,17.21,0.4892,-0.5331,0.0845,10190.839513748497,0,0
S_376,2024-12-01,50.96,17.21,0.434,-0.4313,0.1759,10190.839513748497,0,0
S_376,2025-01-01,50.96,17.21,0.4865,-0.5357,0.1073,10190.839513748497,0,0
S_376,2025-02-01,50.96,17.21,0.4481,-0.5039,0.0212,10190.839513748497,0,0
S_376,2025-03-01,50.96,17.21,0.4779,-0.5104,0.0404,10190.839513748497,0,0
S_376,2025-04-01,50.96,17.21,0.5963,-0.5833,0.2532,10190.839513748497,0,0
S_376,2025-05-01,50.96,17.21,0.5596,-0.5531,0.2385,10190.839513748497,0,0
S_376,2025-06-01,50.96,17.21,0.6421,-0.6196,0.2778,10190.839513748497,0,0
S_376,2025-07-01,50.96,17.21,0.5593,-0.5759,0.2055,10190.839513748497,0,0
S_376,2025-08-01,50.96,17.21,0.5227,-0.5418,0.0899,10190.839513748497,0,0
S_376,2025-09-01,50.96,17.21,0.4279,-0.486,-0.0108,10190.839513748497,0,0
S_376,2025-10-01,50.96,17.21,0.229,-0.2699,0.0025,10190.839513748497,0,0
S_376,2025-11-01,50.96,17.21,0.4794,-0.5187,0.009,10190.839513748497,0,0
S_376,2025-12-01,50.96,17.21,0.5286,-0.5506,0.0973,10190.839513748497,0,0
S_376,2026-01-01,50.96,17.21,0.426,-0.4899,0.0963,10190.839513748497,0,0
S_376,2026-02-01,50.96,17.21,0.4055,-0.4735,-0.0569,10190.839513748497,0,0
S_376,2026-03-01,50.96,17.21,0.4192,-0.4859,-0.0459,10190.839513748497,0,0
S_377,2023-06-01,50.98,17.21,0.6645,-0.6243,0.3192,8210.03594069413,0,0
S_377,2023-07-01,50.98,17.21,0.5229,-0.5376,0.1443,8210.03594069413,0,0
S_377,2023-08-01,50.98,17.21,0.5127,-0.5169,0.0294,8210.03594069413,0,0
S_377,2023-09-01,50.98,17.21,0.4993,-0.5156,0.0204,8210.03594069413,0,0
S_377,2023-10-01,50.98,17.21,0.4834,-0.5042,-0.0034,8210.03594069413,0,0
S_377,2023-11-01,50.98,17.21,0.3605,-0.3791,0.0005,8210.03594069413,0,0
S_377,2023-12-01,50.98,17.21,0.4779,-0.4901,0.0818,8210.03594069413,0,0
S_377,2024-01-01,50.98,17.21,0.1969,-0.2154,0.575,8210.03594069413,0,0
S_377,2024-02-01,50.98,17.21,0.4114,-0.394,0.383,8210.03594069413,0,0
S_377,2024-03-01,50.98,17.21,0.6258,-0.5726,0.191,8210.03594069413,0,0
S_377,2024-04-01,50.98,17.21,0.5684,-0.5426,0.1477,8210.03594069413,0,0
S_377,2024-05-01,50.98,17.21,0.5882,-0.5717,0.1994,8210.03594069413,0,0
S_377,2024-06-01,50.98,17.21,0.6158,-0.5697,0.1991,8210.03594069413,0,0
S_377,2024-07-01,50.98,17.21,0.4725,-0.5083,0.0124,8210.03594069413,0,0
S_377,2024-08-01,50.98,17.21,0.5055,-0.5203,0.0208,8210.03594069413,0,0
S_377,2024-09-01,50.98,17.21,0.4924,-0.5194,0.0124,8210.03594069413,0,0
S_377,2024-10-01,50.98,17.21,0.4563,-0.4957,-0.0196,8210.03594069413,0,0
S_377,2024-11-01,50.98,17.21,0.4937,-0.524,0.047,8210.03594069413,0,0
S_377,2024-12-01,50.98,17.21,0.3991,-0.4166,0.122,8210.03594069413,0,0
S_377,2025-01-01,50.98,17.21,0.4445,-0.5104,0.0311,8210.03594069413,0,0
S_377,2025-02-01,50.98,17.21,0.3876,-0.465,-0.0549,8210.03594069413,0,0
S_377,2025-03-01,50.98,17.21,0.3942,-0.4557,-0.0617,8210.03594069413,0,0
S_377,2025-04-01,50.98,17.21,0.5406,-0.5443,0.1202,8210.03594069413,0,0
S_377,2025-05-01,50.98,17.21,0.5201,-0.5189,0.122,8210.03594069413,0,0
S_377,2025-06-01,50.98,17.21,0.6439,-0.6247,0.2124,8210.03594069413,0,0
S_377,2025-07-01,50.98,17.21,0.5898,-0.5869,0.1827,8210.03594069413,0,0
S_377,2025-08-01,50.98,17.21,0.6041,-0.5881,0.1539,8210.03594069413,0,0
S_377,2025-09-01,50.98,17.21,0.5456,-0.5489,0.0779,8210.03594069413,0,0
S_377,2025-10-01,50.98,17.21,0.4792,-0.5156,0.0199,8210.03594069413,0,0
S_377,2025-11-01,50.98,17.21,0.4128,-0.4823,-0.0381,8210.03594069413,0,0
S_377,2025-12-01,50.98,17.21,0.3873,-0.4809,-0.0272,8210.03594069413,0,0
S_377,2026-01-01,50.98,17.21,0.3355,-0.4479,-0.0054,8210.03594069413,0,0
S_377,2026-02-01,50.98,17.21,0.3013,-0.412,-0.1426,8210.03594069413,0,0
S_377,2026-03-01,50.98,17.21,0.313,-0.4281,-0.1251,8210.03594069413,0,0
S_379,2023-06-01,51.02,17.21,0.749,-0.6873,0.3302,4906.809099143584,0,0
S_379,2023-07-01,51.02,17.21,0.6815,-0.646,0.2321,4906.809099143584,0,0
S_379,2023-08-01,51.02,17.21,0.6507,-0.6107,0.1218,4906.809099143584,0,0
S_379,2023-09-01,51.02,17.21,0.6732,-0.6345,0.1601,4906.809099143584,0,0
S_379,2023-10-01,51.02,17.21,0.654,-0.6278,0.1232,4906.809099143584,0,0
S_379,2023-11-01,51.02,17.21,0.5173,-0.497,0.1302,4906.809099143584,0,0
S_379,2023-12-01,51.02,17.21,0.5248,-0.5308,0.0778,4906.809099143584,0,0
S_379,2024-01-01,51.02,17.21,0.2688,-0.2825,0.4556,4906.809099143584,0,0
S_379,2024-02-01,51.02,17.21,0.3634,-0.3722,0.2546,4906.809099143584,0,0
S_379,2024-03-01,51.02,17.21,0.4581,-0.4618,0.0535,4906.809099143584,0,0
S_379,2024-04-01,51.02,17.21,0.6604,-0.5954,0.1783,4906.809099143584,0,0
S_379,2024-05-01,51.02,17.21,0.696,-0.6357,0.2327,4906.809099143584,0,0
S_379,2024-06-01,51.02,17.21,0.6451,-0.5854,0.2092,4906.809099143584,0,0
S_379,2024-07-01,51.02,17.21,0.5924,-0.5691,0.0397,4906.809099143584,0,0
S_379,2024-08-01,51.02,17.21,0.5805,-0.5547,0.0298,4906.809099143584,0,0
S_379,2024-09-01,51.02,17.21,0.647,-0.615,0.0903,4906.809099143584,0,0
S_379,2024-10-01,51.02,17.21,0.5849,-0.5838,0.015,4906.809099143584,0,0
S_379,2024-11-01,51.02,17.21,0.5277,-0.5643,0.0097,4906.809099143584,0,0
S_379,2024-12-01,51.02,17.21,0.4133,-0.4233,0.1731,4906.809099143584,0,0
S_379,2025-01-01,51.02,17.21,0.5166,-0.5773,0.0059,4906.809099143584,0,0
S_379,2025-02-01,51.02,17.21,0.4472,-0.5085,-0.0479,4906.809099143584,0,0
S_379,2025-03-01,51.02,17.21,0.4582,-0.5127,-0.0619,4906.809099143584,0,0
S_379,2025-04-01,51.02,17.21,0.7582,-0.6627,0.2872,4906.809099143584,0,0
S_379,2025-05-01,51.02,17.21,0.7501,-0.6474,0.2923,4906.809099143584,0,0
S_379,2025-06-01,51.02,17.21,0.7382,-0.6933,0.2978,4906.809099143584,0,0
S_379,2025-07-01,51.02,17.21,0.3329,-0.4435,0.0816,4906.809099143584,0,0
S_379,2025-08-01,51.02,17.21,0.6351,-0.6115,0.136,4906.809099143584,0,0
S_379,2025-09-01,51.02,17.21,0.703,-0.6498,0.1812,4906.809099143584,0,0
S_379,2025-10-01,51.02,17.21,0.6382,-0.6264,0.1427,4906.809099143584,0,0
S_379,2025-11-01,51.02,17.21,0.5735,-0.6031,0.1042,4906.809099143584,0,0
S_379,2025-12-01,51.02,17.21,0.532,-0.5852,0.0219,4906.809099143584,0,0
S_379,2026-01-01,51.02,17.21,0.4186,-0.495,0.0437,4906.809099143584,0,0
S_379,2026-02-01,51.02,17.21,0.391,-0.4893,-0.1144,4906.809099143584,0,0
S_379,2026-03-01,51.02,17.21,0.4111,-0.5098,-0.0914,4906.809099143584,0,0
S_38,2023-06-01,51.1,16.75,0.6549,-0.6278,0.3072,5908.015345296582,0,0
S_38,2023-07-01,51.1,16.75,0.5224,-0.5589,0.1109,5908.015345296582,0,0
S_38,2023-08-01,51.1,16.75,0.4581,-0.4476,0.0942,5908.015345296582,0,0
S_38,2023-09-01,51.1,16.75,0.584,-0.5739,0.1399,5908.015345296582,0,0
S_38,2023-10-01,51.1,16.75,0.4822,-0.5024,0.042,5908.015345296582,0,0
S_38,2023-11-01,51.1,16.75,0.5886,-0.5992,0.1625,5908.015345296582,0,0
S_38,2023-12-01,51.1,16.75,0.4555,-0.4579,0.2094,5908.015345296582,0,0
S_38,2024-01-01,51.1,16.75,0.3371,-0.3599,0.4499,5908.015345296582,0,0
S_38,2024-02-01,51.1,16.75,0.5238,-0.5721,0.1042,5908.015345296582,0,0
S_38,2024-03-01,51.1,16.75,0.5626,-0.5781,0.1538,5908.015345296582,0,0
S_38,2024-04-01,51.1,16.75,0.6013,-0.5841,0.2034,5908.015345296582,0,0
S_38,2024-05-01,51.1,16.75,0.5896,-0.5804,0.2201,5908.015345296582,0,0
S_38,2024-06-01,51.1,16.75,0.5689,-0.5376,0.1383,5908.015345296582,0,0
S_38,2024-07-01,51.1,16.75,0.528,-0.5351,0.0693,5908.015345296582,0,0
S_38,2024-08-01,51.1,16.75,0.6012,-0.5953,0.0981,5908.015345296582,0,0
S_38,2024-09-01,51.1,16.75,0.6692,-0.6315,0.2195,5908.015345296582,0,0
S_38,2024-10-01,51.1,16.75,0.3407,-0.44,-0.0882,5908.015345296582,0,0
S_38,2024-11-01,51.1,16.75,0.3245,-0.4245,-0.0649,5908.015345296582,0,0
S_38,2024-12-01,51.1,16.75,0.2802,-0.3219,0.0376,5908.015345296582,0,0
S_38,2025-01-01,51.1,16.75,0.3334,-0.4403,-0.0193,5908.015345296582,0,0
S_38,2025-02-01,51.1,16.75,0.1374,-0.1851,0.578,5908.015345296582,0,0
S_38,2025-03-01,51.1,16.75,0.4109,-0.4464,-0.0356,5908.015345296582,0,0
S_38,2025-04-01,51.1,16.75,0.4816,-0.5021,0.0224,5908.015345296582,0,0
S_38,2025-05-01,51.1,16.75,0.7975,-0.7199,0.4188,5908.015345296582,0,0
S_38,2025-06-01,51.1,16.75,0.6159,-0.6303,0.2385,5908.015345296582,0,0
S_38,2025-07-01,51.1,16.75,0.3749,-0.4453,-0.0114,5908.015345296582,0,0
S_38,2025-08-01,51.1,16.75,0.3389,-0.4303,-0.0675,5908.015345296582,0,0
S_38,2025-09-01,51.1,16.75,0.481,-0.5018,0.0388,5908.015345296582,0,0
S_38,2025-10-01,51.1,16.75,0.5372,-0.5487,0.0719,5908.015345296582,0,0
S_38,2025-11-01,51.1,16.75,0.5935,-0.5955,0.105,5908.015345296582,0,0
S_38,2025-12-01,51.1,16.75,0.5558,-0.5615,0.1754,5908.015345296582,0,0
S_38,2026-01-01,51.1,16.75,0.1479,-0.1657,0.3817,5908.015345296582,0,0
S_38,2026-02-01,51.1,16.75,0.449,-0.5062,-0.0005,5908.015345296582,0,0
S_38,2026-03-01,51.1,16.75,0.4489,-0.4954,0.0088,5908.015345296582,0,0
S_380,2023-06-01,51.04,17.21,0.6832,-0.6117,0.2846,3974.282833083281,0,0
S_380,2023-07-01,51.04,17.21,0.733,-0.6552,0.2705,3974.282833083281,0,0
S_380,2023-08-01,51.04,17.21,0.731,-0.6396,0.2284,3974.282833083281,0,0
S_380,2023-09-01,51.04,17.21,0.708,-0.6378,0.2277,3974.282833083281,0,0
S_380,2023-10-01,51.04,17.21,0.669,-0.6182,0.1565,3974.282833083281,0,0
S_380,2023-11-01,51.04,17.21,0.6328,-0.6147,0.1936,3974.282833083281,0,0
S_380,2023-12-01,51.04,17.21,0.4058,-0.4299,-0.0207,3974.282833083281,0,0
S_380,2024-01-01,51.04,17.21,0.2089,-0.2234,0.3967,3974.282833083281,0,0
S_380,2024-02-01,51.04,17.21,0.361,-0.3377,0.3239,3974.282833083281,0,0
S_380,2024-03-01,51.04,17.21,0.513,-0.4519,0.2512,3974.282833083281,0,0
S_380,2024-04-01,51.04,17.21,0.6651,-0.5662,0.1784,3974.282833083281,0,0
S_380,2024-05-01,51.04,17.21,0.6978,-0.6147,0.2486,3974.282833083281,0,0
S_380,2024-06-01,51.04,17.21,0.7359,-0.6531,0.329,3974.282833083281,0,0
S_380,2024-07-01,51.04,17.21,0.5947,-0.5476,0.0648,3974.282833083281,0,0
S_380,2024-08-01,51.04,17.21,0.6059,-0.5492,0.0649,3974.282833083281,0,0
S_380,2024-09-01,51.04,17.21,0.3505,-0.3442,0.3864,3974.282833083281,0,0
S_380,2024-10-01,51.04,17.21,0.4699,-0.4789,-0.048,3974.282833083281,0,0
S_380,2024-11-01,51.04,17.21,0.3932,-0.4485,-0.1318,3974.282833083281,0,0
S_380,2024-12-01,51.04,17.21,0.2934,-0.3287,0.0357,3974.282833083281,0,0
S_380,2025-01-01,51.04,17.21,0.3815,-0.4631,-0.1172,3974.282833083281,0,0
S_380,2025-02-01,51.04,17.21,0.3338,-0.4059,-0.1121,3974.282833083281,0,0
S_380,2025-03-01,51.04,17.21,0.3279,-0.3875,-0.1436,3974.282833083281,0,0
S_380,2025-04-01,51.04,17.21,0.7036,-0.5866,0.2382,3974.282833083281,0,0
S_380,2025-05-01,51.04,17.21,0.7121,-0.5961,0.2692,3974.282833083281,0,0
S_380,2025-06-01,51.04,17.21,0.7714,-0.6988,0.3396,3974.282833083281,0,0
S_380,2025-07-01,51.04,17.21,0.7086,-0.6472,0.264,3974.282833083281,0,0
S_380,2025-08-01,51.04,17.21,0.6457,-0.5956,0.1885,3974.282833083281,0,0
S_380,2025-09-01,51.04,17.21,0.677,-0.6119,0.1998,3974.282833083281,0,0
S_380,2025-10-01,51.04,17.21,0.6006,-0.5838,0.129,3974.282833083281,0,0
S_380,2025-11-01,51.04,17.21,0.5243,-0.5558,0.0582,3974.282833083281,0,0
S_380,2025-12-01,51.04,17.21,0.4953,-0.5286,-0.0099,3974.282833083281,0,0
S_380,2026-01-01,51.04,17.21,0.3779,-0.4346,0.0852,3974.282833083281,0,0
S_380,2026-02-01,51.04,17.21,0.3393,-0.4345,-0.1338,3974.282833083281,0,0
S_380,2026-03-01,51.04,17.21,0.3636,-0.4573,-0.1087,3974.282833083281,0,0
S_382,2023-06-01,51.08,17.21,0.5354,-0.5282,0.1758,2818.8981827577068,0,0
S_382,2023-07-01,51.08,17.21,0.6622,-0.632,0.2652,2818.8981827577068,0,0
S_382,2023-08-01,51.08,17.21,0.5904,-0.5408,0.1662,2818.8981827577068,0,0
S_382,2023-09-01,51.08,17.21,0.57,-0.5446,0.105,2818.8981827577068,0,0
S_382,2023-10-01,51.08,17.21,0.4143,-0.463,-0.0612,2818.8981827577068,0,0
S_382,2023-11-01,51.08,17.21,0.4208,-0.457,0.0007,2818.8981827577068,0,0
S_382,2023-12-01,51.08,17.21,0.4274,-0.4511,0.0625,2818.8981827577068,0,0
S_382,2024-01-01,51.08,17.21,0.2232,-0.2543,0.4488,2818.8981827577068,0,0
S_382,2024-02-01,51.08,17.21,0.3213,-0.3375,0.2237,2818.8981827577068,0,0
S_382,2024-03-01,51.08,17.21,0.4194,-0.4207,-0.0013,2818.8981827577068,0,0
S_382,2024-04-01,51.08,17.21,0.5926,-0.5621,0.2048,2818.8981827577068,0,0
S_382,2024-05-01,51.08,17.21,0.6365,-0.5929,0.2648,2818.8981827577068,0,0
S_382,2024-06-01,51.08,17.21,0.5627,-0.5472,0.1867,2818.8981827577068,0,0
S_382,2024-07-01,51.08,17.21,0.4323,-0.4629,0.0063,2818.8981827577068,0,0
S_382,2024-08-01,51.08,17.21,0.4209,-0.4489,-0.0056,2818.8981827577068,0,0
S_382,2024-09-01,51.08,17.21,0.5553,-0.547,0.107,2818.8981827577068,0,0
S_382,2024-10-01,51.08,17.21,0.5737,-0.5788,0.1181,2818.8981827577068,0,0
S_382,2024-11-01,51.08,17.21,0.5498,-0.5576,0.1574,2818.8981827577068,0,0
S_382,2024-12-01,51.08,17.21,0.3761,-0.4036,0.1736,2818.8981827577068,0,0
S_382,2025-01-01,51.08,17.21,0.4367,-0.509,0.1009,2818.8981827577068,0,0
S_382,2025-02-01,51.08,17.21,0.3983,-0.4592,0.0183,2818.8981827577068,0,0
S_382,2025-03-01,51.08,17.21,0.4099,-0.4657,0.0142,2818.8981827577068,0,0
S_382,2025-04-01,51.08,17.21,0.5275,-0.5327,0.1937,2818.8981827577068,0,0
S_382,2025-05-01,51.08,17.21,0.5112,-0.5109,0.1924,2818.8981827577068,0,0
S_382,2025-06-01,51.08,17.21,0.671,-0.6307,0.3462,2818.8981827577068,0,0
S_382,2025-07-01,51.08,17.21,0.5904,-0.5695,0.2745,2818.8981827577068,0,0
S_382,2025-08-01,51.08,17.21,0.5664,-0.5539,0.1519,2818.8981827577068,0,0
S_382,2025-09-01,51.08,17.21,0.4194,-0.4557,-0.0186,2818.8981827577068,0,0
S_382,2025-10-01,51.08,17.21,0.4694,-0.4892,0.0378,2818.8981827577068,0,0
S_382,2025-11-01,51.08,17.21,0.5194,-0.5226,0.0943,2818.8981827577068,0,0
S_382,2025-12-01,51.08,17.21,0.5556,-0.5473,0.2041,2818.8981827577068,0,0
S_382,2026-01-01,51.08,17.21,0.477,-0.5059,0.1324,2818.8981827577068,0,0
S_382,2026-02-01,51.08,17.21,0.4066,-0.4502,0.0123,2818.8981827577068,0,0
S_382,2026-03-01,51.08,17.21,0.4262,-0.4699,0.0458,2818.8981827577068,0,0
S_384,2023-06-01,51.12,17.21,0.6656,-0.6254,0.2832,2811.402315802659,0,0
S_384,2023-07-01,51.12,17.21,0.656,-0.6347,0.2236,2811.402315802659,0,0
S_384,2023-08-01,51.12,17.21,0.6526,-0.6084,0.1591,2811.402315802659,0,0
S_384,2023-09-01,51.12,17.21,0.6502,-0.6158,0.1813,2811.402315802659,0,0
S_384,2023-10-01,51.12,17.21,0.6461,-0.5978,0.1643,2811.402315802659,0,0
S_384,2023-11-01,51.12,17.21,0.3779,-0.4121,0.2339,2811.402315802659,0,0
S_384,2023-12-01,51.12,17.21,0.4279,-0.4383,0.1055,2811.402315802659,0,0
S_384,2024-01-01,51.12,17.21,0.2542,-0.2811,0.4334,2811.402315802659,0,0
S_384,2024-02-01,51.12,17.21,0.45,-0.6785,-0.065,2811.402315802659,0,0
S_384,2024-03-01,51.12,17.21,0.4091,-0.4348,0.0749,2811.402315802659,0,0
S_384,2024-04-01,51.12,17.21,0.567,-0.5209,0.1586,2811.402315802659,0,0
S_384,2024-05-01,51.12,17.21,0.6092,-0.5742,0.1985,2811.402315802659,0,0
S_384,2024-06-01,51.12,17.21,0.6403,-0.5826,0.2339,2811.402315802659,0,0
S_384,2024-07-01,51.12,17.21,0.6552,-0.6143,0.1845,2811.402315802659,0,0
S_384,2024-08-01,51.12,17.21,0.7084,-0.6397,0.2286,2811.402315802659,0,0
S_384,2024-09-01,51.12,17.21,0.62,-0.6055,0.1383,2811.402315802659,0,0
S_384,2024-10-01,51.12,17.21,0.5103,-0.548,0.0117,2811.402315802659,0,0
S_384,2024-11-01,51.12,17.21,0.4394,-0.4979,0.0111,2811.402315802659,0,0
S_384,2024-12-01,51.12,17.21,0.3571,-0.4006,0.0632,2811.402315802659,0,0
S_384,2025-01-01,51.12,17.21,0.3728,-0.467,0.0056,2811.402315802659,0,0
S_384,2025-02-01,51.12,17.21,0.3531,-0.427,-0.0295,2811.402315802659,0,0
S_384,2025-03-01,51.12,17.21,0.3509,-0.4179,-0.0742,2811.402315802659,0,0
S_384,2025-04-01,51.12,17.21,0.5805,-0.5588,0.1405,2811.402315802659,0,0
S_384,2025-05-01,51.12,17.21,0.5714,-0.5433,0.1435,2811.402315802659,0,0
S_384,2025-06-01,51.12,17.21,0.6843,-0.653,0.2479,2811.402315802659,0,0
S_384,2025-07-01,51.12,17.21,0.6494,-0.6195,0.2192,2811.402315802659,0,0
S_384,2025-08-01,51.12,17.21,0.7064,-0.6476,0.2502,2811.402315802659,0,0
S_384,2025-09-01,51.12,17.21,0.6465,-0.6168,0.1821,2811.402315802659,0,0
S_384,2025-10-01,51.12,17.21,0.4165,-0.398,0.1481,2811.402315802659,0,0
S_384,2025-11-01,51.12,17.21,0.4526,-0.5217,-0.0051,2811.402315802659,0,0
S_384,2025-12-01,51.12,17.21,0.3926,-0.4864,0.0042,2811.402315802659,0,0
S_384,2026-01-01,51.12,17.21,0.3197,-0.421,0.0345,2811.402315802659,0,0
S_384,2026-02-01,51.12,17.21,0.2768,-0.3854,-0.1008,2811.402315802659,0,0
S_384,2026-03-01,51.12,17.21,0.3001,-0.4086,-0.0675,2811.402315802659,0,0
S_386,2023-06-01,51.16,17.21,0.6712,-0.637,0.3524,3964.297130363847,0,0
S_386,2023-07-01,51.16,17.21,0.5726,-0.5899,0.2049,3964.297130363847,0,0
S_386,2023-08-01,51.16,17.21,0.5257,-0.5443,0.081,3964.297130363847,0,0
S_386,2023-09-01,51.16,17.21,0.543,-0.5414,0.1336,3964.297130363847,0,0
S_386,2023-10-01,51.16,17.21,0.5286,-0.53,0.1129,3964.297130363847,0,0
S_386,2023-11-01,51.16,17.21,0.5141,-0.5186,0.0922,3964.297130363847,0,0
S_386,2023-12-01,51.16,17.21,0.4537,-0.4568,0.088,3964.297130363847,0,0
S_386,2024-01-01,51.16,17.21,0.2715,-0.3032,0.3086,3964.297130363847,0,0
S_386,2024-02-01,51.16,17.21,0.3221,-0.4946,-0.068,3964.297130363847,0,0
S_386,2024-03-01,51.16,17.21,0.3049,-0.3337,-0.047,3964.297130363847,0,0
S_386,2024-04-01,51.16,17.21,0.3496,-0.3855,0.0429,3964.297130363847,0,0
S_386,2024-05-01,51.16,17.21,0.4994,-0.5052,0.1568,3964.297130363847,0,0
S_386,2024-06-01,51.16,17.21,0.5313,-0.4903,0.1968,3964.297130363847,0,0
S_386,2024-07-01,51.16,17.21,0.6141,-0.5945,0.1735,3964.297130363847,0,0
S_386,2024-08-01,51.16,17.21,0.6201,-0.5902,0.1982,3964.297130363847,0,0
S_386,2024-09-01,51.16,17.21,0.4792,-0.5073,0.027,3964.297130363847,0,0
S_386,2024-10-01,51.16,17.21,0.4835,-0.5016,0.035,3964.297130363847,0,0
S_386,2024-11-01,51.16,17.21,0.4407,-0.4722,0.0527,3964.297130363847,0,0
S_386,2024-12-01,51.16,17.21,0.4052,-0.4017,0.1379,3964.297130363847,0,0
S_386,2025-01-01,51.16,17.21,0.4353,-0.4787,0.0877,3964.297130363847,0,0
S_386,2025-02-01,51.16,17.21,0.3855,-0.4429,0.0027,3964.297130363847,0,0
S_386,2025-03-01,51.16,17.21,0.3581,-0.4064,-0.0286,3964.297130363847,0,0
S_386,2025-04-01,51.16,17.21,0.6125,-0.5811,0.2484,3964.297130363847,0,0
S_386,2025-05-01,51.16,17.21,0.5987,-0.5669,0.2494,3964.297130363847,0,0
S_386,2025-06-01,51.16,17.21,0.6644,-0.6351,0.3074,3964.297130363847,0,0
S_386,2025-07-01,51.16,17.21,0.543,-0.56,0.242,3964.297130363847,0,0
S_386,2025-08-01,51.16,17.21,0.5422,-0.5535,0.112,3964.297130363847,0,0
S_386,2025-09-01,51.16,17.21,0.525,-0.5293,0.0784,3964.297130363847,0,0
S_386,2025-10-01,51.16,17.21,0.3592,-0.3685,0.0542,3964.297130363847,0,0
S_386,2025-11-01,51.16,17.21,0.4354,-0.4976,0.0356,3964.297130363847,0,0
S_386,2025-12-01,51.16,17.21,0.4263,-0.4914,0.0586,3964.297130363847,0,0
S_386,2026-01-01,51.16,17.21,0.328,-0.4168,0.0104,3964.297130363847,0,0
S_386,2026-02-01,51.16,17.21,0.3094,-0.4037,-0.0856,3964.297130363847,0,0
S_386,2026-03-01,51.16,17.21,0.3261,-0.4195,-0.0732,3964.297130363847,0,0
S_389,2023-06-01,51.22,17.21,0.6662,-0.6301,0.3243,6155.712601673673,0,0
S_389,2023-07-01,51.22,17.21,0.5681,-0.5769,0.1739,6155.712601673673,0,0
S_389,2023-08-01,51.22,17.21,0.5081,-0.5111,0.0478,6155.712601673673,0,0
S_389,2023-09-01,51.22,17.21,0.5674,-0.5459,0.1123,6155.712601673673,0,0
S_389,2023-10-01,51.22,17.21,0.5192,-0.5222,0.0728,6155.712601673673,0,0
S_389,2023-11-01,51.22,17.21,0.4711,-0.4984,0.0334,6155.712601673673,0,0
S_389,2023-12-01,51.22,17.21,0.3927,-0.4076,0.0283,6155.712601673673,0,0
S_389,2024-01-01,51.22,17.21,0.2874,-0.3468,0.1335,6155.712601673673,0,0
S_389,2024-02-01,51.22,17.21,0.3523,-0.3942,0.0429,6155.712601673673,0,0
S_389,2024-03-01,51.22,17.21,0.2591,-0.2521,-0.0205,6155.712601673673,0,0
S_389,2024-04-01,51.22,17.21,0.511,-0.4911,0.1446,6155.712601673673,0,0
S_389,2024-05-01,51.22,17.21,0.6232,-0.5941,0.2453,6155.712601673673,0,0
S_389,2024-06-01,51.22,17.21,0.622,-0.577,0.2353,6155.712601673673,0,0
S_389,2024-07-01,51.22,17.21,0.5113,-0.5274,0.0426,6155.712601673673,0,0
S_389,2024-08-01,51.22,17.21,0.5056,-0.5165,0.0455,6155.712601673673,0,0
S_389,2024-09-01,51.22,17.21,0.5296,-0.5307,0.0766,6155.712601673673,0,0
S_389,2024-10-01,51.22,17.21,0.4794,-0.5055,0.0302,6155.712601673673,0,0
S_389,2024-11-01,51.22,17.21,0.4887,-0.4981,0.0889,6155.712601673673,0,0
S_389,2024-12-01,51.22,17.21,0.4252,-0.4244,0.1258,6155.712601673673,0,0
S_389,2025-01-01,51.22,17.21,0.4335,-0.4773,0.0893,6155.712601673673,0,0
S_389,2025-02-01,51.22,17.21,0.3913,-0.4528,-0.0003,6155.712601673673,0,0
S_389,2025-03-01,51.22,17.21,0.3934,-0.4414,-0.0135,6155.712601673673,0,0
S_389,2025-04-01,51.22,17.21,0.5931,-0.5715,0.2224,6155.712601673673,0,0
S_389,2025-05-01,51.22,17.21,0.5728,-0.5461,0.2211,6155.712601673673,0,0
S_389,2025-06-01,51.22,17.21,0.6655,-0.6341,0.2737,6155.712601673673,0,0
S_389,2025-07-01,51.22,17.21,0.5983,-0.5825,0.22,6155.712601673673,0,0
S_389,2025-08-01,51.22,17.21,0.5679,-0.5588,0.1196,6155.712601673673,0,0
S_389,2025-09-01,51.22,17.21,0.5515,-0.539,0.1057,6155.712601673673,0,0
S_389,2025-10-01,51.22,17.21,0.4891,-0.4904,0.1017,6155.712601673673,0,0
S_389,2025-11-01,51.22,17.21,0.4588,-0.4998,0.0259,6155.712601673673,0,0
S_389,2025-12-01,51.22,17.21,0.395,-0.4685,0.0224,6155.712601673673,0,0
S_389,2026-01-01,51.22,17.21,0.2972,-0.392,0.0125,6155.712601673673,0,0
S_389,2026-02-01,51.22,17.21,0.2882,-0.3922,-0.1097,6155.712601673673,0,0
S_389,2026-03-01,51.22,17.21,0.3097,-0.4147,-0.0903,6155.712601673673,0,0
S_39,2023-06-01,51.12,16.75,0.584,-0.5765,0.2523,4534.291563557253,0,0
S_39,2023-07-01,51.12,16.75,0.5364,-0.5639,0.1347,4534.291563557253,0,0
S_39,2023-08-01,51.12,16.75,0.4223,-0.4072,0.1132,4534.291563557253,0,0
S_39,2023-09-01,51.12,16.75,0.6044,-0.5877,0.1464,4534.291563557253,0,0
S_39,2023-10-01,51.12,16.75,0.5318,-0.5346,0.0675,4534.291563557253,0,0
S_39,2023-11-01,51.12,16.75,0.4869,-0.5494,0.0805,4534.291563557253,0,0
S_39,2023-12-01,51.12,16.75,0.3386,-0.388,0.1313,4534.291563557253,0,0
S_39,2024-01-01,51.12,16.75,0.279,-0.3344,0.2557,4534.291563557253,0,0
S_39,2024-02-01,51.12,16.75,0.4309,-0.5121,0.0406,4534.291563557253,0,0
S_39,2024-03-01,51.12,16.75,0.477,-0.5198,0.102,4534.291563557253,0,0
S_39,2024-04-01,51.12,16.75,0.523,-0.5276,0.1634,4534.291563557253,0,0
S_39,2024-05-01,51.12,16.75,0.5264,-0.5284,0.1887,4534.291563557253,0,0
S_39,2024-06-01,51.12,16.75,0.5833,-0.5487,0.1662,4534.291563557253,0,0
S_39,2024-07-01,51.12,16.75,0.584,-0.5659,0.1546,4534.291563557253,0,0
S_39,2024-08-01,51.12,16.75,0.5803,-0.5754,0.1339,4534.291563557253,0,0
S_39,2024-09-01,51.12,16.75,0.4698,-0.5093,0.0281,4534.291563557253,0,0
S_39,2024-10-01,51.12,16.75,0.3906,-0.4649,-0.0235,4534.291563557253,0,0
S_39,2024-11-01,51.12,16.75,0.3878,-0.4536,0.0096,4534.291563557253,0,0
S_39,2024-12-01,51.12,16.75,0.3312,-0.3616,0.068,4534.291563557253,0,0
S_39,2025-01-01,51.12,16.75,0.4155,-0.4833,0.0877,4534.291563557253,0,0
S_39,2025-02-01,51.12,16.75,0.2396,-0.2741,0.4462,4534.291563557253,0,0
S_39,2025-03-01,51.12,16.75,0.4159,-0.4561,0.0329,4534.291563557253,0,0
S_39,2025-04-01,51.12,16.75,0.4806,-0.4969,0.0836,4534.291563557253,0,0
S_39,2025-05-01,51.12,16.75,0.6058,-0.5805,0.2786,4534.291563557253,0,0
S_39,2025-06-01,51.12,16.75,0.6457,-0.6336,0.2611,4534.291563557253,0,0
S_39,2025-07-01,51.12,16.75,0.3998,-0.4383,-0.0127,4534.291563557253,0,0
S_39,2025-08-01,51.12,16.75,0.5678,-0.5744,0.1174,4534.291563557253,0,0
S_39,2025-09-01,51.12,16.75,0.514,-0.5296,0.0739,4534.291563557253,0,0
S_39,2025-10-01,51.12,16.75,0.4632,-0.511,0.0295,4534.291563557253,0,0
S_39,2025-11-01,51.12,16.75,0.4124,-0.4924,-0.0148,4534.291563557253,0,0
S_39,2025-12-01,51.12,16.75,0.4246,-0.4821,0.0845,4534.291563557253,0,0
S_39,2026-01-01,51.12,16.75,0.1189,-0.1107,0.5976,4534.291563557253,0,0
S_39,2026-02-01,51.12,16.75,0.3075,-0.4058,-0.0658,4534.291563557253,0,0
S_39,2026-03-01,51.12,16.75,0.3238,-0.403,-0.0623,4534.291563557253,0,0
S_390,2023-06-01,51.24,17.21,0.6099,-0.6052,0.3018,8024.6705081537875,0,0
S_390,2023-07-01,51.24,17.21,0.6,-0.6107,0.2392,8024.6705081537875,0,0
S_390,2023-08-01,51.24,17.21,0.4797,-0.5132,0.0638,8024.6705081537875,0,0
S_390,2023-09-01,51.24,17.21,0.5071,-0.5225,0.0962,8024.6705081537875,0,0
S_390,2023-10-01,51.24,17.21,0.4844,-0.5128,0.0906,8024.6705081537875,0,0
S_390,2023-11-01,51.24,17.21,0.4616,-0.503,0.085,8024.6705081537875,0,0
S_390,2023-12-01,51.24,17.21,0.3976,-0.4236,0.086,8024.6705081537875,0,0
S_390,2024-01-01,51.24,17.21,0.3055,-0.3775,0.1216,8024.6705081537875,0,0
S_390,2024-02-01,51.24,17.21,0.3556,-0.3946,0.0966,8024.6705081537875,0,0
S_390,2024-03-01,51.24,17.21,0.4769,-0.4842,0.1922,8024.6705081537875,0,0
S_390,2024-04-01,51.24,17.21,0.5982,-0.5737,0.2878,8024.6705081537875,0,0
S_390,2024-05-01,51.24,17.21,0.6694,-0.638,0.3375,8024.6705081537875,0,0
S_390,2024-06-01,51.24,17.21,0.6864,-0.6299,0.3265,8024.6705081537875,0,0
S_390,2024-07-01,51.24,17.21,0.411,-0.4699,-0.0044,8024.6705081537875,0,0
S_390,2024-08-01,51.24,17.21,0.4254,-0.4633,0.0281,8024.6705081537875,0,0
S_390,2024-09-01,51.24,17.21,0.4394,-0.4777,0.0352,8024.6705081537875,0,0
S_390,2024-10-01,51.24,17.21,0.401,-0.4543,0.0209,8024.6705081537875,0,0
S_390,2024-11-01,51.24,17.21,0.4467,-0.4794,0.0998,8024.6705081537875,0,0
S_390,2024-12-01,51.24,17.21,0.4245,-0.4326,0.1469,8024.6705081537875,0,0
S_390,2025-01-01,51.24,17.21,0.4125,-0.4625,0.1478,8024.6705081537875,0,0
S_390,2025-02-01,51.24,17.21,0.3731,-0.4473,0.0191,8024.6705081537875,0,0
S_390,2025-03-01,51.24,17.21,0.4089,-0.4492,0.0433,8024.6705081537875,0,0
S_390,2025-04-01,51.24,17.21,0.6299,-0.6146,0.2958,8024.6705081537875,0,0
S_390,2025-05-01,51.24,17.21,0.5937,-0.5762,0.2855,8024.6705081537875,0,0
S_390,2025-06-01,51.24,17.21,0.6963,-0.6577,0.3507,8024.6705081537875,0,0
S_390,2025-07-01,51.24,17.21,0.5788,-0.5837,0.1985,8024.6705081537875,0,0
S_390,2025-08-01,51.24,17.21,0.4614,-0.5097,0.0463,8024.6705081537875,0,0
S_390,2025-09-01,51.24,17.21,0.4027,-0.4517,0.0139,8024.6705081537875,0,0
S_390,2025-10-01,51.24,17.21,0.3991,-0.4399,0.0629,8024.6705081537875,0,0
S_390,2025-11-01,51.24,17.21,0.438,-0.4894,0.0592,8024.6705081537875,0,0
S_390,2025-12-01,51.24,17.21,0.436,-0.4802,0.1343,8024.6705081537875,0,0
S_390,2026-01-01,51.24,17.21,0.3131,-0.396,0.0869,8024.6705081537875,0,0
S_390,2026-02-01,51.24,17.21,0.2991,-0.4003,-0.0167,8024.6705081537875,0,0
S_390,2026-03-01,51.24,17.21,0.3185,-0.4164,-0.018,8024.6705081537875,0,0
S_391,2023-06-01,50.96,17.23,0.6793,-0.6527,0.3291,10840.25969081234,0,0
S_391,2023-07-01,50.96,17.23,0.5673,-0.5812,0.2148,10840.25969081234,0,0
S_391,2023-08-01,50.96,17.23,0.547,-0.5445,0.0562,10840.25969081234,0,0
S_391,2023-09-01,50.96,17.23,0.5794,-0.5643,0.1066,10840.25969081234,0,0
S_391,2023-10-01,50.96,17.23,0.5258,-0.5344,0.0535,10840.25969081234,0,0
S_391,2023-11-01,50.96,17.23,0.4604,-0.4434,0.0739,10840.25969081234,0,0
S_391,2023-12-01,50.96,17.23,0.4681,-0.4777,0.0629,10840.25969081234,0,0
S_391,2024-01-01,50.96,17.23,0.1719,-0.1977,0.5814,10840.25969081234,0,0
S_391,2024-02-01,50.96,17.23,0.3326,-0.3443,0.3209,10840.25969081234,0,0
S_391,2024-03-01,50.96,17.23,0.4934,-0.4909,0.0603,10840.25969081234,0,0
S_391,2024-04-01,50.96,17.23,0.5199,-0.528,0.0924,10840.25969081234,0,0
S_391,2024-05-01,50.96,17.23,0.5366,-0.5441,0.132,10840.25969081234,0,0
S_391,2024-06-01,50.96,17.23,0.5683,-0.5543,0.1282,10840.25969081234,0,0
S_391,2024-07-01,50.96,17.23,0.5932,-0.5838,0.136,10840.25969081234,0,0
S_391,2024-08-01,50.96,17.23,0.6136,-0.5929,0.1492,10840.25969081234,0,0
S_391,2024-09-01,50.96,17.23,0.5163,-0.5453,0.0254,10840.25969081234,0,0
S_391,2024-10-01,50.96,17.23,0.4086,-0.4878,-0.0664,10840.25969081234,0,0
S_391,2024-11-01,50.96,17.23,0.4589,-0.5064,-0.0113,10840.25969081234,0,0
S_391,2024-12-01,50.96,17.23,0.4138,-0.4256,0.095,10840.25969081234,0,0
S_391,2025-01-01,50.96,17.23,0.4616,-0.5183,0.0298,10840.25969081234,0,0
S_391,2025-02-01,50.96,17.23,0.4307,-0.4939,-0.0513,10840.25969081234,0,0
S_391,2025-03-01,50.96,17.23,0.4488,-0.4946,-0.046,10840.25969081234,0,0
S_391,2025-04-01,50.96,17.23,0.6987,-0.6491,0.3002,10840.25969081234,0,0
S_391,2025-05-01,50.96,17.23,0.6918,-0.6389,0.3217,10840.25969081234,0,0
S_391,2025-06-01,50.96,17.23,0.7255,-0.6775,0.3981,10840.25969081234,0,0
S_391,2025-07-01,50.96,17.23,0.5983,-0.5903,0.3017,10840.25969081234,0,0
S_391,2025-08-01,50.96,17.23,0.3858,-0.4635,-0.0479,10840.25969081234,0,0
S_391,2025-09-01,50.96,17.23,0.4104,-0.457,-0.0873,10840.25969081234,0,0
S_391,2025-10-01,50.96,17.23,0.3406,-0.3639,-0.0117,10840.25969081234,0,0
S_391,2025-11-01,50.96,17.23,0.4803,-0.5146,-0.0147,10840.25969081234,0,0
S_391,2025-12-01,50.96,17.23,0.5093,-0.5469,0.0564,10840.25969081234,0,0
S_391,2026-01-01,50.96,17.23,0.4074,-0.4831,0.0373,10840.25969081234,0,0
S_391,2026-02-01,50.96,17.23,0.3684,-0.4538,-0.1349,10840.25969081234,0,0
S_391,2026-03-01,50.96,17.23,0.3802,-0.4697,-0.1226,10840.25969081234,0,0
S_392,2023-06-01,50.98,17.23,0.5802,-0.5602,0.2073,9003.161363737108,0,0
S_392,2023-07-01,50.98,17.23,0.5141,-0.5175,0.1152,9003.161363737108,0,0
S_392,2023-08-01,50.98,17.23,0.5239,-0.5144,0.0662,9003.161363737108,0,0
S_392,2023-09-01,50.98,17.23,0.5346,-0.5365,0.0926,9003.161363737108,0,0
S_392,2023-10-01,50.98,17.23,0.4975,-0.5025,0.0527,9003.161363737108,0,0
S_392,2023-11-01,50.98,17.23,0.4666,-0.4539,0.1142,9003.161363737108,0,0
S_392,2023-12-01,50.98,17.23,0.4482,-0.4749,0.063,9003.161363737108,0,0
S_392,2024-01-01,50.98,17.23,0.1869,-0.2088,0.5314,9003.161363737108,0,0
S_392,2024-02-01,50.98,17.23,0.3515,-0.3591,0.3409,9003.161363737108,0,0
S_392,2024-03-01,50.98,17.23,0.5161,-0.5094,0.1505,9003.161363737108,0,0
S_392,2024-04-01,50.98,17.23,0.5251,-0.507,0.122,9003.161363737108,0,0
S_392,2024-05-01,50.98,17.23,0.505,-0.5044,0.1083,9003.161363737108,0,0
S_392,2024-06-01,50.98,17.23,0.5386,-0.5186,0.128,9003.161363737108,0,0
S_392,2024-07-01,50.98,17.23,0.5342,-0.5283,0.0872,9003.161363737108,0,0
S_392,2024-08-01,50.98,17.23,0.5547,-0.5378,0.1121,9003.161363737108,0,0
S_392,2024-09-01,50.98,17.23,0.5185,-0.5289,0.0686,9003.161363737108,0,0
S_392,2024-10-01,50.98,17.23,0.4516,-0.4912,0.007,9003.161363737108,0,0
S_392,2024-11-01,50.98,17.23,0.4534,-0.5001,0.0137,9003.161363737108,0,0
S_392,2024-12-01,50.98,17.23,0.3611,-0.3736,0.1074,9003.161363737108,0,0
S_392,2025-01-01,50.98,17.23,0.4191,-0.4819,0.0284,9003.161363737108,0,0
S_392,2025-02-01,50.98,17.23,0.3837,-0.4498,-0.0161,9003.161363737108,0,0
S_392,2025-03-01,50.98,17.23,0.3887,-0.4439,-0.0353,9003.161363737108,0,0
S_392,2025-04-01,50.98,17.23,0.5531,-0.5375,0.1398,9003.161363737108,0,0
S_392,2025-05-01,50.98,17.23,0.5217,-0.4991,0.1406,9003.161363737108,0,0
S_392,2025-06-01,50.98,17.23,0.5805,-0.5716,0.1713,9003.161363737108,0,0
S_392,2025-07-01,50.98,17.23,0.5308,-0.5371,0.1367,9003.161363737108,0,0
S_392,2025-08-01,50.98,17.23,0.5514,-0.5391,0.1105,9003.161363737108,0,0
S_392,2025-09-01,50.98,17.23,0.5456,-0.5385,0.0984,9003.161363737108,0,0
S_392,2025-10-01,50.98,17.23,0.5048,-0.5219,0.0707,9003.161363737108,0,0
S_392,2025-11-01,50.98,17.23,0.4639,-0.5054,0.043,9003.161363737108,0,0
S_392,2025-12-01,50.98,17.23,0.4471,-0.5129,0.0491,9003.161363737108,0,0
S_392,2026-01-01,50.98,17.23,0.3784,-0.4668,0.0461,9003.161363737108,0,0
S_392,2026-02-01,50.98,17.23,0.3371,-0.4296,-0.0922,9003.161363737108,0,0
S_392,2026-03-01,50.98,17.23,0.3457,-0.4434,-0.0729,9003.161363737108,0,0
S_393,2023-06-01,51.0,17.23,0.6313,-0.605,0.2996,7382.589353045482,0,0
S_393,2023-07-01,51.0,17.23,0.575,-0.5758,0.1652,7382.589353045482,0,0
S_393,2023-08-01,51.0,17.23,0.5775,-0.5587,0.0893,7382.589353045482,0,0
S_393,2023-09-01,51.0,17.23,0.5662,-0.5604,0.1086,7382.589353045482,0,0
S_393,2023-10-01,51.0,17.23,0.4601,-0.4946,-0.013,7382.589353045482,0,0
S_393,2023-11-01,51.0,17.23,0.4198,-0.4213,0.0598,7382.589353045482,0,0
S_393,2023-12-01,51.0,17.23,0.41,-0.4478,0.0808,7382.589353045482,0,0
S_393,2024-01-01,51.0,17.23,0.1555,-0.1858,0.5502,7382.589353045482,0,0
S_393,2024-02-01,51.0,17.23,0.2874,-0.3142,0.2917,7382.589353045482,0,0
S_393,2024-03-01,51.0,17.23,0.4192,-0.4425,0.0332,7382.589353045482,0,0
S_393,2024-04-01,51.0,17.23,0.4865,-0.4896,0.0888,7382.589353045482,0,0
S_393,2024-05-01,51.0,17.23,0.4839,-0.5006,0.1102,7382.589353045482,0,0
S_393,2024-06-01,51.0,17.23,0.5261,-0.5123,0.1266,7382.589353045482,0,0
S_393,2024-07-01,51.0,17.23,0.5511,-0.5568,0.0796,7382.589353045482,0,0
S_393,2024-08-01,51.0,17.23,0.5585,-0.5553,0.0943,7382.589353045482,0,0
S_393,2024-09-01,51.0,17.23,0.4003,-0.4255,0.0616,7382.589353045482,0,0
S_393,2024-10-01,51.0,17.23,0.3958,-0.4605,-0.0739,7382.589353045482,0,0
S_393,2024-11-01,51.0,17.23,0.382,-0.4661,-0.032,7382.589353045482,0,0
S_393,2024-12-01,51.0,17.23,0.3027,-0.3457,0.055,7382.589353045482,0,0
S_393,2025-01-01,51.0,17.23,0.3625,-0.4594,-0.0253,7382.589353045482,0,0
S_393,2025-02-01,51.0,17.23,0.3195,-0.418,-0.0877,7382.589353045482,0,0
S_393,2025-03-01,51.0,17.23,0.3371,-0.4161,-0.0799,7382.589353045482,0,0
S_393,2025-04-01,51.0,17.23,0.5624,-0.5594,0.1648,7382.589353045482,0,0
S_393,2025-05-01,51.0,17.23,0.5516,-0.5451,0.1701,7382.589353045482,0,0
S_393,2025-06-01,51.0,17.23,0.6779,-0.6492,0.2616,7382.589353045482,0,0
S_393,2025-07-01,51.0,17.23,0.5559,-0.5659,0.1854,7382.589353045482,0,0
S_393,2025-08-01,51.0,17.23,0.5917,-0.582,0.1349,7382.589353045482,0,0
S_393,2025-09-01,51.0,17.23,0.5358,-0.5402,0.0563,7382.589353045482,0,0
S_393,2025-10-01,51.0,17.23,0.4796,-0.5156,0.0357,7382.589353045482,0,0
S_393,2025-11-01,51.0,17.23,0.4234,-0.491,0.0151,7382.589353045482,0,0
S_393,2025-12-01,51.0,17.23,0.439,-0.5043,0.0673,7382.589353045482,0,0
S_393,2026-01-01,51.0,17.23,0.357,-0.4581,0.0371,7382.589353045482,0,0
S_393,2026-02-01,51.0,17.23,0.3142,-0.4183,-0.1074,7382.589353045482,0,0
S_393,2026-03-01,51.0,17.23,0.3237,-0.4312,-0.0938,7382.589353045482,0,0
S_394,2023-06-01,51.02,17.23,0.7037,-0.6546,0.3065,6111.605858024738,0,0
S_394,2023-07-01,51.02,17.23,0.6256,-0.6058,0.1872,6111.605858024738,0,0
S_394,2023-08-01,51.02,17.23,0.6241,-0.5915,0.1208,6111.605858024738,0,0
S_394,2023-09-01,51.02,17.23,0.6563,-0.6188,0.1726,6111.605858024738,0,0
S_394,2023-10-01,51.02,17.23,0.6192,-0.6003,0.11,6111.605858024738,0,0
S_394,2023-11-01,51.02,17.23,0.5413,-0.5373,0.1242,6111.605858024738,0,0
S_394,2023-12-01,51.02,17.23,0.4977,-0.5198,0.077,6111.605858024738,0,0
S_394,2024-01-01,51.02,17.23,0.2573,-0.2752,0.4785,6111.605858024738,0,0
S_394,2024-02-01,51.02,17.23,0.3774,-0.3854,0.2813,6111.605858024738,0,0
S_394,2024-03-01,51.02,17.23,0.4976,-0.4956,0.0841,6111.605858024738,0,0
S_394,2024-04-01,51.02,17.23,0.6025,-0.5609,0.1338,6111.605858024738,0,0
S_394,2024-05-01,51.02,17.23,0.5751,-0.5597,0.1388,6111.605858024738,0,0
S_394,2024-06-01,51.02,17.23,0.5977,-0.5594,0.1405,6111.605858024738,0,0
S_394,2024-07-01,51.02,17.23,0.6207,-0.5961,0.1038,6111.605858024738,0,0
S_394,2024-08-01,51.02,17.23,0.6551,-0.6128,0.1419,6111.605858024738,0,0
S_394,2024-09-01,51.02,17.23,0.5936,-0.5833,0.1158,6111.605858024738,0,0
S_394,2024-10-01,51.02,17.23,0.5217,-0.5437,0.0127,6111.605858024738,0,0
S_394,2024-11-01,51.02,17.23,0.5159,-0.5546,0.0361,6111.605858024738,0,0
S_394,2024-12-01,51.02,17.23,0.4002,-0.4175,0.1319,6111.605858024738,0,0
S_394,2025-01-01,51.02,17.23,0.5005,-0.5543,0.0384,6111.605858024738,0,0
S_394,2025-02-01,51.02,17.23,0.4432,-0.5047,-0.0208,6111.605858024738,0,0
S_394,2025-03-01,51.02,17.23,0.4522,-0.4997,-0.0359,6111.605858024738,0,0
S_394,2025-04-01,51.02,17.23,0.6839,-0.6264,0.231,6111.605858024738,0,0
S_394,2025-05-01,51.02,17.23,0.6753,-0.6165,0.2388,6111.605858024738,0,0
S_394,2025-06-01,51.02,17.23,0.6797,-0.6499,0.2439,6111.605858024738,0,0
S_394,2025-07-01,51.02,17.23,0.7037,-0.6624,0.2958,6111.605858024738,0,0
S_394,2025-08-01,51.02,17.23,0.6191,-0.5987,0.1442,6111.605858024738,0,0
S_394,2025-09-01,51.02,17.23,0.6495,-0.6144,0.1505,6111.605858024738,0,0
S_394,2025-10-01,51.02,17.23,0.6182,-0.6086,0.1362,6111.605858024738,0,0
S_394,2025-11-01,51.02,17.23,0.587,-0.6029,0.122,6111.605858024738,0,0
S_394,2025-12-01,51.02,17.23,0.5395,-0.5717,0.0793,6111.605858024738,0,0
S_394,2026-01-01,51.02,17.23,0.4283,-0.5033,0.0681,6111.605858024738,0,0
S_394,2026-02-01,51.02,17.23,0.3883,-0.4795,-0.0982,6111.605858024738,0,0
S_394,2026-03-01,51.02,17.23,0.398,-0.4945,-0.0761,6111.605858024738,0,0
S_395,2023-06-01,51.04,17.23,0.6228,-0.5703,0.2665,4971.335173736405,0,0
S_395,2023-07-01,51.04,17.23,0.6199,-0.5784,0.1971,4971.335173736405,0,0
S_395,2023-08-01,51.04,17.23,0.6683,-0.5872,0.1979,4971.335173736405,0,0
S_395,2023-09-01,51.04,17.23,0.5953,-0.5541,0.1633,4971.335173736405,0,0
S_395,2023-10-01,51.04,17.23,0.5551,-0.5233,0.1044,4971.335173736405,0,0
S_395,2023-11-01,51.04,17.23,0.6462,-0.5911,0.2472,4971.335173736405,0,0
S_395,2023-12-01,51.04,17.23,0.457,-0.4502,0.1161,4971.335173736405,0,0
S_395,2024-01-01,51.04,17.23,0.2163,-0.2274,0.4845,4971.335173736405,0,0
S_395,2024-02-01,51.04,17.23,0.0835,-0.0415,0.1902,4971.335173736405,0,0
S_395,2024-03-01,51.04,17.23,-0.0492,0.1444,-0.1041,4971.335173736405,0,0
S_395,2024-04-01,51.04,17.23,0.6421,-0.5632,0.2336,4971.335173736405,0,0
S_395,2024-05-01,51.04,17.23,0.6199,-0.5608,0.2256,4971.335173736405,0,0
S_395,2024-06-01,51.04,17.23,0.6028,-0.552,0.1972,4971.335173736405,0,0
S_395,2024-07-01,51.04,17.23,0.5045,-0.4949,0.0551,4971.335173736405,0,0
S_395,2024-08-01,51.04,17.23,0.5111,-0.4938,0.0647,4971.335173736405,0,0
S_395,2024-09-01,51.04,17.23,0.1693,-0.1965,0.5208,4971.335173736405,0,0
S_395,2024-10-01,51.04,17.23,0.4223,-0.4313,-0.0204,4971.335173736405,0,0
S_395,2024-11-01,51.04,17.23,0.3715,-0.4122,-0.0624,4971.335173736405,0,0
S_395,2024-12-01,51.04,17.23,0.2893,-0.2988,0.0671,4971.335173736405,0,0
S_395,2025-01-01,51.04,17.23,0.3395,-0.4101,-0.0424,4971.335173736405,0,0
S_395,2025-02-01,51.04,17.23,0.2975,-0.3644,-0.0653,4971.335173736405,0,0
S_395,2025-03-01,51.04,17.23,0.3139,-0.3655,-0.0693,4971.335173736405,0,0
S_395,2025-04-01,51.04,17.23,0.6268,-0.5549,0.216,4971.335173736405,0,0
S_395,2025-05-01,51.04,17.23,0.63,-0.5562,0.2346,4971.335173736405,0,0
S_395,2025-06-01,51.04,17.23,0.6809,-0.6253,0.2971,4971.335173736405,0,0
S_395,2025-07-01,51.04,17.23,0.5179,-0.4566,0.1787,4971.335173736405,0,0
S_395,2025-08-01,51.04,17.23,0.56,-0.5375,0.1299,4971.335173736405,0,0
S_395,2025-09-01,51.04,17.23,0.6191,-0.5658,0.1731,4971.335173736405,0,0
S_395,2025-10-01,51.04,17.23,0.566,-0.5437,0.1325,4971.335173736405,0,0
S_395,2025-11-01,51.04,17.23,0.513,-0.5216,0.0918,4971.335173736405,0,0
S_395,2025-12-01,51.04,17.23,0.457,-0.4809,0.0471,4971.335173736405,0,0
S_395,2026-01-01,51.04,17.23,0.363,-0.4331,0.0967,4971.335173736405,0,0
S_395,2026-02-01,51.04,17.23,0.2911,-0.3871,-0.1048,4971.335173736405,0,0
S_395,2026-03-01,51.04,17.23,0.2974,-0.394,-0.0978,4971.335173736405,0,0
S_396,2023-06-01,51.06,17.23,0.6038,-0.5791,0.2304,3979.420376276317,0,0
S_396,2023-07-01,51.06,17.23,0.6106,-0.596,0.1891,3979.420376276317,0,0
S_396,2023-08-01,51.06,17.23,0.6076,-0.5695,0.1404,3979.420376276317,0,0
S_396,2023-09-01,51.06,17.23,0.5924,-0.5714,0.1387,3979.420376276317,0,0
S_396,2023-10-01,51.06,17.23,0.52,-0.5215,0.04,3979.420376276317,0,0
S_396,2023-11-01,51.06,17.23,0.4256,-0.4217,0.0814,3979.420376276317,0,0
S_396,2023-12-01,51.06,17.23,0.4328,-0.4744,0.0575,3979.420376276317,0,0
S_396,2024-01-01,51.06,17.23,0.1926,-0.2281,0.5026,3979.420376276317,0,0
S_396,2024-02-01,51.06,17.23,0.2922,-0.3152,0.365,3979.420376276317,0,0
S_396,2024-03-01,51.06,17.23,0.3918,-0.4023,0.2275,3979.420376276317,0,0
S_396,2024-04-01,51.06,17.23,0.4914,-0.4894,0.0899,3979.420376276317,0,0
S_396,2024-05-01,51.06,17.23,0.5085,-0.5076,0.12,3979.420376276317,0,0
S_396,2024-06-01,51.06,17.23,0.5629,-0.5357,0.1402,3979.420376276317,0,0
S_396,2024-07-01,51.06,17.23,0.5688,-0.5597,0.1105,3979.420376276317,0,0
S_396,2024-08-01,51.06,17.23,0.6149,-0.5816,0.1474,3979.420376276317,0,0
S_396,2024-09-01,51.06,17.23,0.558,-0.5628,0.0903,3979.420376276317,0,0
S_396,2024-10-01,51.06,17.23,0.4733,-0.5159,-0.0002,3979.420376276317,0,0
S_396,2024-11-01,51.06,17.23,0.4499,-0.5064,0.032,3979.420376276317,0,0
S_396,2024-12-01,51.06,17.23,0.3619,-0.4003,0.0876,3979.420376276317,0,0
S_396,2025-01-01,51.06,17.23,0.4115,-0.4935,0.016,3979.420376276317,0,0
S_396,2025-02-01,51.06,17.23,0.3668,-0.445,-0.0407,3979.420376276317,0,0
S_396,2025-03-01,51.06,17.23,0.3772,-0.441,-0.0401,3979.420376276317,0,0
S_396,2025-04-01,51.06,17.23,0.5602,-0.5567,0.1564,3979.420376276317,0,0
S_396,2025-05-01,51.06,17.23,0.5475,-0.5372,0.1531,3979.420376276317,0,0
S_396,2025-06-01,51.06,17.23,0.6669,-0.6371,0.2558,3979.420376276317,0,0
S_396,2025-07-01,51.06,17.23,0.74,-0.6837,0.3061,3979.420376276317,0,0
S_396,2025-08-01,51.06,17.23,0.6181,-0.589,0.1726,3979.420376276317,0,0
S_396,2025-09-01,51.06,17.23,0.5164,-0.5242,0.0498,3979.420376276317,0,0
S_396,2025-10-01,51.06,17.23,0.4844,-0.5161,0.031,3979.420376276317,0,0
S_396,2025-11-01,51.06,17.23,0.4524,-0.508,0.0121,3979.420376276317,0,0
S_396,2025-12-01,51.06,17.23,0.4319,-0.4919,0.0358,3979.420376276317,0,0
S_396,2026-01-01,51.06,17.23,0.3665,-0.4538,0.0108,3979.420376276317,0,0
S_396,2026-02-01,51.06,17.23,0.3206,-0.4159,-0.1014,3979.420376276317,0,0
S_396,2026-03-01,51.06,17.23,0.3343,-0.4331,-0.0845,3979.420376276317,0,0
S_397,2023-06-01,51.08,17.23,0.5739,-0.5556,0.2212,4105.821277418549,0,0
S_397,2023-07-01,51.08,17.23,0.5783,-0.5814,0.1633,4105.821277418549,0,0
S_397,2023-08-01,51.08,17.23,0.5912,-0.5647,0.1107,4105.821277418549,0,0
S_397,2023-09-01,51.08,17.23,0.6064,-0.5738,0.1448,4105.821277418549,0,0
S_397,2023-10-01,51.08,17.23,0.4926,-0.4915,0.0417,4105.821277418549,0,0
S_397,2023-11-01,51.08,17.23,0.4518,-0.4707,0.0398,4105.821277418549,0,0
S_397,2023-12-01,51.08,17.23,0.411,-0.4499,0.0379,4105.821277418549,0,0
S_397,2024-01-01,51.08,17.23,0.1908,-0.2237,0.4865,4105.821277418549,0,0
S_397,2024-02-01,51.08,17.23,0.2994,-0.3188,0.2592,4105.821277418549,0,0
S_397,2024-03-01,51.08,17.23,0.4079,-0.4139,0.0318,4105.821277418549,0,0
S_397,2024-04-01,51.08,17.23,0.4708,-0.4783,0.0626,4105.821277418549,0,0
S_397,2024-05-01,51.08,17.23,0.4986,-0.4976,0.1191,4105.821277418549,0,0
S_397,2024-06-01,51.08,17.23,0.53,-0.5101,0.1329,4105.821277418549,0,0
S_397,2024-07-01,51.08,17.23,0.5227,-0.528,0.0748,4105.821277418549,0,0
S_397,2024-08-01,51.08,17.23,0.5456,-0.5306,0.0984,4105.821277418549,0,0
S_397,2024-09-01,51.08,17.23,0.5462,-0.5495,0.0772,4105.821277418549,0,0
S_397,2024-10-01,51.08,17.23,0.4311,-0.4898,-0.0223,4105.821277418549,0,0
S_397,2024-11-01,51.08,17.23,0.4285,-0.4869,0.0202,4105.821277418549,0,0
S_397,2024-12-01,51.08,17.23,0.3515,-0.3884,0.0787,4105.821277418549,0,0
S_397,2025-01-01,51.08,17.23,0.3936,-0.4735,0.0251,4105.821277418549,0,0
S_397,2025-02-01,51.08,17.23,0.3569,-0.4355,-0.0307,4105.821277418549,0,0
S_397,2025-03-01,51.08,17.23,0.3519,-0.417,-0.0395,4105.821277418549,0,0
S_397,2025-04-01,51.08,17.23,0.5114,-0.5158,0.1388,4105.821277418549,0,0
S_397,2025-05-01,51.08,17.23,0.5057,-0.5017,0.1391,4105.821277418549,0,0
S_397,2025-06-01,51.08,17.23,0.6496,-0.622,0.2498,4105.821277418549,0,0
S_397,2025-07-01,51.08,17.23,0.6169,-0.5957,0.2213,4105.821277418549,0,0
S_397,2025-08-01,51.08,17.23,0.6127,-0.594,0.1678,4105.821277418549,0,0
S_397,2025-09-01,51.08,17.23,0.539,-0.5465,0.0881,4105.821277418549,0,0
S_397,2025-10-01,51.08,17.23,0.4786,-0.5193,0.0335,4105.821277418549,0,0
S_397,2025-11-01,51.08,17.23,0.4183,-0.4921,-0.0211,4105.821277418549,0,0
S_397,2025-12-01,51.08,17.23,0.3818,-0.471,0.0142,4105.821277418549,0,0
S_397,2026-01-01,51.08,17.23,0.3326,-0.4412,-0.0165,4105.821277418549,0,0
S_397,2026-02-01,51.08,17.23,0.2899,-0.3991,-0.1259,4105.821277418549,0,0
S_397,2026-03-01,51.08,17.23,0.3025,-0.4167,-0.1038,4105.821277418549,0,0
S_398,2023-06-01,51.1,17.23,0.5277,-0.5247,0.1444,3825.238852130517,0,0
S_398,2023-07-01,51.1,17.23,0.6189,-0.6102,0.1724,3825.238852130517,0,0
S_398,2023-08-01,51.1,17.23,0.6619,-0.6091,0.1703,3825.238852130517,0,0
S_398,2023-09-01,51.1,17.23,0.6548,-0.6119,0.18,3825.238852130517,0,0
S_398,2023-10-01,51.1,17.23,0.5141,-0.5118,0.0668,3825.238852130517,0,0
S_398,2023-11-01,51.1,17.23,0.2898,-0.2857,0.0713,3825.238852130517,0,0
S_398,2023-12-01,51.1,17.23,0.3757,-0.4207,0.0341,3825.238852130517,0,0
S_398,2024-01-01,51.1,17.23,0.1984,-0.232,0.4217,3825.238852130517,0,0
S_398,2024-02-01,51.1,17.23,0.2877,-0.3156,0.1852,3825.238852130517,0,0
S_398,2024-03-01,51.1,17.23,0.377,-0.3991,-0.0514,3825.238852130517,0,0
S_398,2024-04-01,51.1,17.23,0.4748,-0.4783,0.0716,3825.238852130517,0,0
S_398,2024-05-01,51.1,17.23,0.4864,-0.4884,0.0806,3825.238852130517,0,0
S_398,2024-06-01,51.1,17.23,0.561,-0.528,0.1466,3825.238852130517,0,0
S_398,2024-07-01,51.1,17.23,0.6636,-0.6142,0.1883,3825.238852130517,0,0
S_398,2024-08-01,51.1,17.23,0.6399,-0.5933,0.1692,3825.238852130517,0,0
S_398,2024-09-01,51.1,17.23,0.5166,-0.5383,0.0397,3825.238852130517,0,0
S_398,2024-10-01,51.1,17.23,0.4058,-0.4747,-0.0689,3825.238852130517,0,0
S_398,2024-11-01,51.1,17.23,0.374,-0.4492,-0.0623,3825.238852130517,0,0
S_398,2024-12-01,51.1,17.23,0.2884,-0.3369,-0.005,3825.238852130517,0,0
S_398,2025-01-01,51.1,17.23,0.3222,-0.4244,-0.0397,3825.238852130517,0,0
S_398,2025-02-01,51.1,17.23,0.2975,-0.383,-0.0791,3825.238852130517,0,0
S_398,2025-03-01,51.1,17.23,0.3095,-0.385,-0.0949,3825.238852130517,0,0
S_398,2025-04-01,51.1,17.23,0.4639,-0.4815,0.0511,3825.238852130517,0,0
S_398,2025-05-01,51.1,17.23,0.4555,-0.4649,0.0529,3825.238852130517,0,0
S_398,2025-06-01,51.1,17.23,0.7222,-0.6696,0.2991,3825.238852130517,0,0
S_398,2025-07-01,51.1,17.23,0.672,-0.6266,0.2619,3825.238852130517,0,0
S_398,2025-08-01,51.1,17.23,0.6828,-0.6346,0.2447,3825.238852130517,0,0
S_398,2025-09-01,51.1,17.23,0.5169,-0.534,0.0665,3825.238852130517,0,0
S_398,2025-10-01,51.1,17.23,0.4588,-0.5078,0.0216,3825.238852130517,0,0
S_398,2025-11-01,51.1,17.23,0.4008,-0.4817,-0.0234,3825.238852130517,0,0
S_398,2025-12-01,51.1,17.23,0.3808,-0.4582,0.0087,3825.238852130517,0,0
S_398,2026-01-01,51.1,17.23,0.3295,-0.4277,-0.0052,3825.238852130517,0,0
S_398,2026-02-01,51.1,17.23,0.2846,-0.3816,-0.0923,3825.238852130517,0,0
S_398,2026-03-01,51.1,17.23,0.3016,-0.4003,-0.0712,3825.238852130517,0,0
S_399,2023-06-01,51.12,17.23,0.5942,-0.5702,0.221,4059.24751098903,0,0
S_399,2023-07-01,51.12,17.23,0.6643,-0.6422,0.2315,4059.24751098903,0,0
S_399,2023-08-01,51.12,17.23,0.6792,-0.6271,0.2012,4059.24751098903,0,0
S_399,2023-09-01,51.12,17.23,0.704,-0.6482,0.2445,4059.24751098903,0,0
S_399,2023-10-01,51.12,17.23,0.6738,-0.6201,0.2085,4059.24751098903,0,0
S_399,2023-11-01,51.12,17.23,0.4457,-0.372,0.2202,4059.24751098903,0,0
S_399,2023-12-01,51.12,17.23,0.3728,-0.4262,0.0236,4059.24751098903,0,0
S_399,2024-01-01,51.12,17.23,0.2166,-0.2602,0.3774,4059.24751098903,0,0
S_399,2024-02-01,51.12,17.23,0.292,-0.3282,0.189,4059.24751098903,0,0
S_399,2024-03-01,51.12,17.23,0.3673,-0.3963,0.0007,4059.24751098903,0,0
S_399,2024-04-01,51.12,17.23,0.3816,-0.3937,0.0557,4059.24751098903,0,0
S_399,2024-05-01,51.12,17.23,0.5018,-0.5018,0.1008,4059.24751098903,0,0
S_399,2024-06-01,51.12,17.23,0.6758,-0.6151,0.2605,4059.24751098903,0,0
S_399,2024-07-01,51.12,17.23,0.6582,-0.6172,0.2029,4059.24751098903,0,0
S_399,2024-08-01,51.12,17.23,0.6588,-0.607,0.2112,4059.24751098903,0,0
S_399,2024-09-01,51.12,17.23,0.5382,-0.5518,0.0823,4059.24751098903,0,0
S_399,2024-10-01,51.12,17.23,0.4647,-0.5031,-0.0044,4059.24751098903,0,0
S_399,2024-11-01,51.12,17.23,0.4109,-0.4634,0.0063,4059.24751098903,0,0
S_399,2024-12-01,51.12,17.23,0.3539,-0.3908,0.0642,4059.24751098903,0,0
S_399,2025-01-01,51.12,17.23,0.3721,-0.4595,0.0182,4059.24751098903,0,0
S_399,2025-02-01,51.12,17.23,0.3364,-0.4131,-0.0374,4059.24751098903,0,0
S_399,2025-03-01,51.12,17.23,0.3433,-0.4059,-0.065,4059.24751098903,0,0
S_399,2025-04-01,51.12,17.23,0.59,-0.5571,0.1769,4059.24751098903,0,0
S_399,2025-05-01,51.12,17.23,0.5836,-0.5458,0.1828,4059.24751098903,0,0
S_399,2025-06-01,51.12,17.23,0.6725,-0.6368,0.2506,4059.24751098903,0,0
S_399,2025-07-01,51.12,17.23,0.6117,-0.5953,0.21,4059.24751098903,0,0
S_399,2025-08-01,51.12,17.23,0.6242,-0.5972,0.1746,4059.24751098903,0,0
S_399,2025-09-01,51.12,17.23,0.6093,-0.5853,0.1555,4059.24751098903,0,0
S_399,2025-10-01,51.12,17.23,0.4518,-0.4247,0.1558,4059.24751098903,0,0
S_399,2025-11-01,51.12,17.23,0.5052,-0.5401,0.0571,4059.24751098903,0,0
S_399,2025-12-01,51.12,17.23,0.4372,-0.5097,0.057,4059.24751098903,0,0
S_399,2026-01-01,51.12,17.23,0.3542,-0.4446,0.0227,4059.24751098903,0,0
S_399,2026-02-01,51.12,17.23,0.3074,-0.4031,-0.102,4059.24751098903,0,0
S_399,2026-03-01,51.12,17.23,0.3246,-0.4235,-0.0741,4059.24751098903,0,0
S_4,2023-06-01,51.02,16.71,0.7382,-0.6845,0.455,13746.899774716265,0,0
S_4,2023-07-01,51.02,16.71,0.3776,-0.4745,0.0712,13746.899774716265,0,0
S_4,2023-08-01,51.02,16.71,0.3092,-0.3814,-0.0808,13746.899774716265,0,0
S_4,2023-09-01,51.02,16.71,0.3123,-0.3833,-0.0797,13746.899774716265,0,0
S_4,2023-10-01,51.02,16.71,0.3643,-0.41,-0.0314,13746.899774716265,0,0
S_4,2023-11-01,51.02,16.71,0.5829,-0.5751,0.2198,13746.899774716265,0,0
S_4,2023-12-01,51.02,16.71,0.3302,-0.3562,0.1097,13746.899774716265,0,0
S_4,2024-01-01,51.02,16.71,0.2117,-0.2228,0.6746,13746.899774716265,0,0
S_4,2024-02-01,51.02,16.71,0.4907,-0.523,0.1499,13746.899774716265,0,0
S_4,2024-03-01,51.02,16.71,0.539,-0.5466,0.21,13746.899774716265,0,0
S_4,2024-04-01,51.02,16.71,0.5873,-0.5701,0.2702,13746.899774716265,0,0
S_4,2024-05-01,51.02,16.71,0.6159,-0.5927,0.3137,13746.899774716265,0,0
S_4,2024-06-01,51.02,16.71,0.5318,-0.5095,0.2163,13746.899774716265,0,0
S_4,2024-07-01,51.02,16.71,0.3237,-0.3692,-0.0542,13746.899774716265,0,0
S_4,2024-08-01,51.02,16.71,0.3842,-0.4329,-0.017,13746.899774716265,0,0
S_4,2024-09-01,51.02,16.71,0.4157,-0.4472,0.0388,13746.899774716265,0,0
S_4,2024-10-01,51.02,16.71,0.4339,-0.4575,0.0425,13746.899774716265,0,0
S_4,2024-11-01,51.02,16.71,0.4993,-0.5062,0.1248,13746.899774716265,0,0
S_4,2024-12-01,51.02,16.71,0.1023,-0.1971,0.0148,13746.899774716265,0,0
S_4,2025-01-01,51.02,16.71,0.5141,-0.5388,0.2011,13746.899774716265,0,0
S_4,2025-02-01,51.02,16.71,0.2689,-0.2895,0.4869,13746.899774716265,0,0
S_4,2025-03-01,51.02,16.71,0.5168,-0.521,0.1599,13746.899774716265,0,0
S_4,2025-04-01,51.02,16.71,0.5933,-0.5769,0.2308,13746.899774716265,0,0
S_4,2025-05-01,51.02,16.71,0.6245,-0.5984,0.3515,13746.899774716265,0,0
S_4,2025-06-01,51.02,16.71,0.545,-0.5634,0.2458,13746.899774716265,0,0
S_4,2025-07-01,51.02,16.71,0.4738,-0.51,0.1296,13746.899774716265,0,0
S_4,2025-08-01,51.02,16.71,0.4026,-0.4566,0.0133,13746.899774716265,0,0
S_4,2025-09-01,51.02,16.71,0.3902,-0.445,0.0013,13746.899774716265,0,0
S_4,2025-10-01,51.02,16.71,0.3986,-0.4638,0.0072,13746.899774716265,0,0
S_4,2025-11-01,51.02,16.71,0.4071,-0.4827,0.0132,13746.899774716265,0,0
S_4,2025-12-01,51.02,16.71,0.4258,-0.4838,0.0941,13746.899774716265,0,0
S_4,2026-01-01,51.02,16.71,0.3661,-0.4402,0.025,13746.899774716265,0,0
S_4,2026-02-01,51.02,16.71,0.3065,-0.3966,-0.0442,13746.899774716265,0,0
S_4,2026-03-01,51.02,16.71,0.3221,-0.3949,-0.0242,13746.899774716265,0,0
S_40,2023-06-01,51.14,16.75,0.6419,-0.6271,0.3493,4013.110042361553,0,0
S_40,2023-07-01,51.14,16.75,0.527,-0.5602,0.1944,4013.110042361553,0,0
S_40,2023-08-01,51.14,16.75,0.3653,-0.3593,0.1043,4013.110042361553,0,0
S_40,2023-09-01,51.14,16.75,0.4871,-0.4987,0.0803,4013.110042361553,0,0
S_40,2023-10-01,51.14,16.75,0.6303,-0.5926,0.2136,4013.110042361553,0,0
S_40,2023-11-01,51.14,16.75,0.6166,-0.6283,0.265,4013.110042361553,0,0
S_40,2023-12-01,51.14,16.75,0.5094,-0.4751,0.3116,4013.110042361553,0,0
S_40,2024-01-01,51.14,16.75,0.4012,-0.4247,0.4128,4013.110042361553,0,0
S_40,2024-02-01,51.14,16.75,0.5825,-0.5982,0.225,4013.110042361553,0,0
S_40,2024-03-01,51.14,16.75,0.6039,-0.5997,0.2825,4013.110042361553,0,0
S_40,2024-04-01,51.14,16.75,0.6253,-0.6012,0.34,4013.110042361553,0,0
S_40,2024-05-01,51.14,16.75,0.6121,-0.5853,0.3564,4013.110042361553,0,0
S_40,2024-06-01,51.14,16.75,0.6492,-0.5703,0.3523,4013.110042361553,0,0
S_40,2024-07-01,51.14,16.75,0.5642,-0.5398,0.1643,4013.110042361553,0,0
S_40,2024-08-01,51.14,16.75,0.5297,-0.5486,0.1116,4013.110042361553,0,0
S_40,2024-09-01,51.14,16.75,0.3288,-0.4142,-0.0789,4013.110042361553,0,0
S_40,2024-10-01,51.14,16.75,0.326,-0.402,-0.0763,4013.110042361553,0,0
S_40,2024-11-01,51.14,16.75,0.4596,-0.4525,0.0593,4013.110042361553,0,0
S_40,2024-12-01,51.14,16.75,0.4711,-0.4472,0.1574,4013.110042361553,0,0
S_40,2025-01-01,51.14,16.75,0.5718,-0.5678,0.1997,4013.110042361553,0,0
S_40,2025-02-01,51.14,16.75,0.344,-0.3464,0.502,4013.110042361553,0,0
S_40,2025-03-01,51.14,16.75,0.6354,-0.6001,0.2276,4013.110042361553,0,0
S_40,2025-04-01,51.14,16.75,0.7453,-0.6911,0.3524,4013.110042361553,0,0
S_40,2025-05-01,51.14,16.75,0.7848,-0.7288,0.5118,4013.110042361553,0,0
S_40,2025-06-01,51.14,16.75,0.5729,-0.6043,0.2761,4013.110042361553,0,0
S_40,2025-07-01,51.14,16.75,0.4446,-0.5075,0.089,4013.110042361553,0,0
S_40,2025-08-01,51.14,16.75,0.3162,-0.4107,-0.0981,4013.110042361553,0,0
S_40,2025-09-01,51.14,16.75,0.4127,-0.4459,0.0017,4013.110042361553,0,0
S_40,2025-10-01,51.14,16.75,0.4883,-0.5144,0.0915,4013.110042361553,0,0
S_40,2025-11-01,51.14,16.75,0.5639,-0.583,0.1813,4013.110042361553,0,0
S_40,2025-12-01,51.14,16.75,0.592,-0.5736,0.3166,4013.110042361553,0,0
S_40,2026-01-01,51.14,16.75,0.1515,-0.1399,0.7141,4013.110042361553,0,0
S_40,2026-02-01,51.14,16.75,0.42,-0.4691,0.0428,4013.110042361553,0,0
S_40,2026-03-01,51.14,16.75,0.4157,-0.4639,0.0314,4013.110042361553,0,0
S_400,2023-06-01,51.14,17.23,0.7401,-0.7015,0.4357,5077.889591772684,0,0
S_400,2023-07-01,51.14,17.23,0.4632,-0.5353,0.1465,5077.889591772684,0,0
S_400,2023-08-01,51.14,17.23,0.3969,-0.4486,-0.0397,5077.889591772684,0,0
S_400,2023-09-01,51.14,17.23,0.4636,-0.4757,0.072,5077.889591772684,0,0
S_400,2023-10-01,51.14,17.23,0.4622,-0.4817,0.096,5077.889591772684,0,0
S_400,2023-11-01,51.14,17.23,0.4608,-0.4877,0.1201,5077.889591772684,0,0
S_400,2023-12-01,51.14,17.23,0.4594,-0.4937,0.1441,5077.889591772684,0,0
S_400,2024-01-01,51.14,17.23,0.2857,-0.3318,0.3388,5077.889591772684,0,0
S_400,2024-02-01,51.14,17.23,0.3203,-0.5624,-0.1385,5077.889591772684,0,0
S_400,2024-03-01,51.14,17.23,0.4638,-0.4568,0.1083,5077.889591772684,0,0
S_400,2024-04-01,51.14,17.23,0.472,-0.4665,0.2255,5077.889591772684,0,0
S_400,2024-05-01,51.14,17.23,0.5129,-0.4985,0.2258,5077.889591772684,0,0
S_400,2024-06-01,51.14,17.23,0.5784,-0.5455,0.1828,5077.889591772684,0,0
S_400,2024-07-01,51.14,17.23,0.6072,-0.5796,0.157,5077.889591772684,0,0
S_400,2024-08-01,51.14,17.23,0.5036,-0.5134,0.1043,5077.889591772684,0,0
S_400,2024-09-01,51.14,17.23,0.3819,-0.4458,-0.0268,5077.889591772684,0,0
S_400,2024-10-01,51.14,17.23,0.2271,-0.3327,-0.1324,5077.889591772684,0,0
S_400,2024-11-01,51.14,17.23,0.3985,-0.4371,0.0337,5077.889591772684,0,0
S_400,2024-12-01,51.14,17.23,0.4005,-0.4096,0.1157,5077.889591772684,0,0
S_400,2025-01-01,51.14,17.23,0.4218,-0.4842,0.0602,5077.889591772684,0,0
S_400,2025-02-01,51.14,17.23,0.3674,-0.4423,-0.0119,5077.889591772684,0,0
S_400,2025-03-01,51.14,17.23,0.3943,-0.4347,-0.0019,5077.889591772684,0,0
S_400,2025-04-01,51.14,17.23,0.6847,-0.6472,0.3129,5077.889591772684,0,0
S_400,2025-05-01,51.14,17.23,0.6669,-0.6305,0.3143,5077.889591772684,0,0
S_400,2025-06-01,51.14,17.23,0.67,-0.6356,0.3342,5077.889591772684,0,0
S_400,2025-07-01,51.14,17.23,0.4932,-0.5305,0.2455,5077.889591772684,0,0
S_400,2025-08-01,51.14,17.23,0.4457,-0.4941,-0.0139,5077.889591772684,0,0
S_400,2025-09-01,51.14,17.23,0.3718,-0.439,-0.0714,5077.889591772684,0,0
S_400,2025-10-01,51.14,17.23,0.2945,-0.3189,-0.0034,5077.889591772684,0,0
S_400,2025-11-01,51.14,17.23,0.4537,-0.5099,0.0074,5077.889591772684,0,0
S_400,2025-12-01,51.14,17.23,0.4259,-0.4968,0.0338,5077.889591772684,0,0
S_400,2026-01-01,51.14,17.23,0.3562,-0.4469,-0.0328,5077.889591772684,0,0
S_400,2026-02-01,51.14,17.23,0.3078,-0.3988,-0.1072,5077.889591772684,0,0
S_400,2026-03-01,51.14,17.23,0.3197,-0.4131,-0.0911,5077.889591772684,0,0
S_401,2023-06-01,51.16,17.23,0.6318,-0.6005,0.3184,5362.238851744935,0,0
S_401,2023-07-01,51.16,17.23,0.5838,-0.604,0.2096,5362.238851744935,0,0
S_401,2023-08-01,51.16,17.23,0.5292,-0.5343,0.0993,5362.238851744935,0,0
S_401,2023-09-01,51.16,17.23,0.5725,-0.5566,0.1458,5362.238851744935,0,0
S_401,2023-10-01,51.16,17.23,0.5025,-0.5138,0.0911,5362.238851744935,0,0
S_401,2023-11-01,51.16,17.23,0.4324,-0.4711,0.0363,5362.238851744935,0,0
S_401,2023-12-01,51.16,17.23,0.4008,-0.426,0.0601,5362.238851744935,0,0
S_401,2024-01-01,51.16,17.23,0.2501,-0.2903,0.2741,5362.238851744935,0,0
S_401,2024-02-01,51.16,17.23,0.3857,-0.5523,-0.0338,5362.238851744935,0,0
S_401,2024-03-01,51.16,17.23,0.3561,-0.3679,0.0091,5362.238851744935,0,0
S_401,2024-04-01,51.16,17.23,0.5204,-0.5043,0.1316,5362.238851744935,0,0
S_401,2024-05-01,51.16,17.23,0.5922,-0.5743,0.2311,5362.238851744935,0,0
S_401,2024-06-01,51.16,17.23,0.5683,-0.5171,0.2505,5362.238851744935,0,0
S_401,2024-07-01,51.16,17.23,0.4692,-0.5052,0.0405,5362.238851744935,0,0
S_401,2024-08-01,51.16,17.23,0.4885,-0.503,0.0663,5362.238851744935,0,0
S_401,2024-09-01,51.16,17.23,0.4564,-0.4852,0.0235,5362.238851744935,0,0
S_401,2024-10-01,51.16,17.23,0.4608,-0.4922,0.0248,5362.238851744935,0,0
S_401,2024-11-01,51.16,17.23,0.4947,-0.5104,0.1175,5362.238851744935,0,0
S_401,2024-12-01,51.16,17.23,0.445,-0.44,0.1734,5362.238851744935,0,0
S_401,2025-01-01,51.16,17.23,0.4232,-0.4839,0.0948,5362.238851744935,0,0
S_401,2025-02-01,51.16,17.23,0.3777,-0.4417,0.0154,5362.238851744935,0,0
S_401,2025-03-01,51.16,17.23,0.3851,-0.4315,0.0114,5362.238851744935,0,0
S_401,2025-04-01,51.16,17.23,0.5565,-0.5491,0.2298,5362.238851744935,0,0
S_401,2025-05-01,51.16,17.23,0.5399,-0.5272,0.2302,5362.238851744935,0,0
S_401,2025-06-01,51.16,17.23,0.6773,-0.6446,0.3275,5362.238851744935,0,0
S_401,2025-07-01,51.16,17.23,0.5613,-0.5741,0.2413,5362.238851744935,0,0
S_401,2025-08-01,51.16,17.23,0.579,-0.5735,0.1411,5362.238851744935,0,0
S_401,2025-09-01,51.16,17.23,0.4311,-0.4715,0.0123,5362.238851744935,0,0
S_401,2025-10-01,51.16,17.23,0.2991,-0.3324,0.0237,5362.238851744935,0,0
S_401,2025-11-01,51.16,17.23,0.3783,-0.4578,-0.0122,5362.238851744935,0,0
S_401,2025-12-01,51.16,17.23,0.4159,-0.4827,0.0523,5362.238851744935,0,0
S_401,2026-01-01,51.16,17.23,0.3405,-0.4305,-0.0039,5362.238851744935,0,0
S_401,2026-02-01,51.16,17.23,0.307,-0.4011,-0.0964,5362.238851744935,0,0
S_401,2026-03-01,51.16,17.23,0.3235,-0.4188,-0.0802,5362.238851744935,0,0
S_402,2023-06-01,51.18,17.23,0.6322,-0.5958,0.2526,5164.650253401098,0,0
S_402,2023-07-01,51.18,17.23,0.605,-0.5911,0.1847,5164.650253401098,0,0
S_402,2023-08-01,51.18,17.23,0.5697,-0.5523,0.108,5164.650253401098,0,0
S_402,2023-09-01,51.18,17.23,0.5798,-0.5623,0.1311,5164.650253401098,0,0
S_402,2023-10-01,51.18,17.23,0.5396,-0.5438,0.0948,5164.650253401098,0,0
S_402,2023-11-01,51.18,17.23,0.4994,-0.5254,0.0584,5164.650253401098,0,0
S_402,2023-12-01,51.18,17.23,0.4065,-0.4184,0.0425,5164.650253401098,0,0
S_402,2024-01-01,51.18,17.23,0.2769,-0.31,0.3343,5164.650253401098,0,0
S_402,2024-02-01,51.18,17.23,0.3225,-0.4646,-0.0563,5164.650253401098,0,0
S_402,2024-03-01,51.18,17.23,0.3412,-0.3267,0.0342,5164.650253401098,0,0
S_402,2024-04-01,51.18,17.23,0.5472,-0.5125,0.1288,5164.650253401098,0,0
S_402,2024-05-01,51.18,17.23,0.5764,-0.5447,0.1804,5164.650253401098,0,0
S_402,2024-06-01,51.18,17.23,0.5535,-0.4945,0.2319,5164.650253401098,0,0
S_402,2024-07-01,51.18,17.23,0.5765,-0.56,0.1164,5164.650253401098,0,0
S_402,2024-08-01,51.18,17.23,0.5818,-0.5598,0.1237,5164.650253401098,0,0
S_402,2024-09-01,51.18,17.23,0.5839,-0.5742,0.1226,5164.650253401098,0,0
S_402,2024-10-01,51.18,17.23,0.517,-0.5383,0.0447,5164.650253401098,0,0
S_402,2024-11-01,51.18,17.23,0.431,-0.473,0.0316,5164.650253401098,0,0
S_402,2024-12-01,51.18,17.23,0.3701,-0.3887,0.0628,5164.650253401098,0,0
S_402,2025-01-01,51.18,17.23,0.4018,-0.475,0.0253,5164.650253401098,0,0
S_402,2025-02-01,51.18,17.23,0.3528,-0.4225,-0.0339,5164.650253401098,0,0
S_402,2025-03-01,51.18,17.23,0.3341,-0.4005,-0.0717,5164.650253401098,0,0
S_402,2025-04-01,51.18,17.23,0.5448,-0.5238,0.1326,5164.650253401098,0,0
S_402,2025-05-01,51.18,17.23,0.5395,-0.5086,0.1405,5164.650253401098,0,0
S_402,2025-06-01,51.18,17.23,0.6352,-0.61,0.2122,5164.650253401098,0,0
S_402,2025-07-01,51.18,17.23,0.5802,-0.5678,0.1747,5164.650253401098,0,0
S_402,2025-08-01,51.18,17.23,0.6249,-0.5908,0.1772,5164.650253401098,0,0
S_402,2025-09-01,51.18,17.23,0.582,-0.5614,0.1343,5164.650253401098,0,0
S_402,2025-10-01,51.18,17.23,0.4882,-0.4684,0.1429,5164.650253401098,0,0
S_402,2025-11-01,51.18,17.23,0.4774,-0.5261,0.0466,5164.650253401098,0,0
S_402,2025-12-01,51.18,17.23,0.443,-0.4997,0.0457,5164.650253401098,0,0
S_402,2026-01-01,51.18,17.23,0.3408,-0.4092,0.0768,5164.650253401098,0,0
S_402,2026-02-01,51.18,17.23,0.3346,-0.4249,-0.0891,5164.650253401098,0,0
S_402,2026-03-01,51.18,17.23,0.3565,-0.4484,-0.0681,5164.650253401098,0,0
S_403,2023-06-01,51.2,17.23,0.6369,-0.6077,0.2642,5791.946670621568,0,0
S_403,2023-07-01,51.2,17.23,0.6139,-0.6118,0.1847,5791.946670621568,0,0
S_403,2023-08-01,51.2,17.23,0.5723,-0.5657,0.0975,5791.946670621568,0,0
S_403,2023-09-01,51.2,17.23,0.5727,-0.5611,0.1148,5791.946670621568,0,0
S_403,2023-10-01,51.2,17.23,0.5314,-0.5456,0.0778,5791.946670621568,0,0
S_403,2023-11-01,51.2,17.23,0.4901,-0.5302,0.0407,5791.946670621568,0,0
S_403,2023-12-01,51.2,17.23,0.4144,-0.4411,0.038,5791.946670621568,0,0
S_403,2024-01-01,51.2,17.23,0.2879,-0.3374,0.2424,5791.946670621568,0,0
S_403,2024-02-01,51.2,17.23,0.2919,-0.4157,-0.0892,5791.946670621568,0,0
S_403,2024-03-01,51.2,17.23,0.248,-0.2583,-0.0067,5791.946670621568,0,0
S_403,2024-04-01,51.2,17.23,0.4955,-0.4764,0.1474,5791.946670621568,0,0
S_403,2024-05-01,51.2,17.23,0.6057,-0.5724,0.2044,5791.946670621568,0,0
S_403,2024-06-01,51.2,17.23,0.5744,-0.5391,0.1727,5791.946670621568,0,0
S_403,2024-07-01,51.2,17.23,0.5507,-0.5552,0.0756,5791.946670621568,0,0
S_403,2024-08-01,51.2,17.23,0.5777,-0.5636,0.1023,5791.946670621568,0,0
S_403,2024-09-01,51.2,17.23,0.5877,-0.5879,0.1096,5791.946670621568,0,0
S_403,2024-10-01,51.2,17.23,0.4817,-0.5144,0.0208,5791.946670621568,0,0
S_403,2024-11-01,51.2,17.23,0.4629,-0.4918,0.0645,5791.946670621568,0,0
S_403,2024-12-01,51.2,17.23,0.4305,-0.4399,0.103,5791.946670621568,0,0
S_403,2025-01-01,51.2,17.23,0.4472,-0.5068,0.0623,5791.946670621568,0,0
S_403,2025-02-01,51.2,17.23,0.3868,-0.4539,-0.0251,5791.946670621568,0,0
S_403,2025-03-01,51.2,17.23,0.3768,-0.4328,-0.0483,5791.946670621568,0,0
S_403,2025-04-01,51.2,17.23,0.6051,-0.5775,0.1886,5791.946670621568,0,0
S_403,2025-05-01,51.2,17.23,0.5987,-0.563,0.1981,5791.946670621568,0,0
S_403,2025-06-01,51.2,17.23,0.632,-0.6233,0.203,5791.946670621568,0,0
S_403,2025-07-01,51.2,17.23,0.5686,-0.5755,0.1673,5791.946670621568,0,0
S_403,2025-08-01,51.2,17.23,0.596,-0.5857,0.1227,5791.946670621568,0,0
S_403,2025-09-01,51.2,17.23,0.5684,-0.5598,0.0996,5791.946670621568,0,0
S_403,2025-10-01,51.2,17.23,0.5011,-0.4977,0.1064,5791.946670621568,0,0
S_403,2025-11-01,51.2,17.23,0.4768,-0.5184,0.0526,5791.946670621568,0,0
S_403,2025-12-01,51.2,17.23,0.471,-0.5183,0.0843,5791.946670621568,0,0
S_403,2026-01-01,51.2,17.23,0.3546,-0.4278,0.0537,5791.946670621568,0,0
S_403,2026-02-01,51.2,17.23,0.3274,-0.4229,-0.0912,5791.946670621568,0,0
S_403,2026-03-01,51.2,17.23,0.3458,-0.4424,-0.0739,5791.946670621568,0,0
S_404,2023-06-01,51.22,17.23,0.694,-0.6543,0.3634,7093.700827252286,0,0
S_404,2023-07-01,51.22,17.23,0.5384,-0.5649,0.1556,7093.700827252286,0,0
S_404,2023-08-01,51.22,17.23,0.4533,-0.4875,0.0037,7093.700827252286,0,0
S_404,2023-09-01,51.22,17.23,0.5064,-0.5119,0.0711,7093.700827252286,0,0
S_404,2023-10-01,51.22,17.23,0.4998,-0.5148,0.0768,7093.700827252286,0,0
S_404,2023-11-01,51.22,17.23,0.4932,-0.5176,0.0825,7093.700827252286,0,0
S_404,2023-12-01,51.22,17.23,0.417,-0.4349,0.0716,7093.700827252286,0,0
S_404,2024-01-01,51.22,17.23,0.2989,-0.3581,0.1636,7093.700827252286,0,0
S_404,2024-02-01,51.22,17.23,0.3484,-0.402,0.0608,7093.700827252286,0,0
S_404,2024-03-01,51.22,17.23,0.3701,-0.3413,0.0716,7093.700827252286,0,0
S_404,2024-04-01,51.22,17.23,0.499,-0.4965,0.1518,7093.700827252286,0,0
S_404,2024-05-01,51.22,17.23,0.6009,-0.5781,0.2398,7093.700827252286,0,0
S_404,2024-06-01,51.22,17.23,0.6281,-0.581,0.2362,7093.700827252286,0,0
S_404,2024-07-01,51.22,17.23,0.4575,-0.4933,0.0244,7093.700827252286,0,0
S_404,2024-08-01,51.22,17.23,0.4877,-0.502,0.049,7093.700827252286,0,0
S_404,2024-09-01,51.22,17.23,0.5169,-0.5264,0.0715,7093.700827252286,0,0
S_404,2024-10-01,51.22,17.23,0.4445,-0.4835,0.0231,7093.700827252286,0,0
S_404,2024-11-01,51.22,17.23,0.4761,-0.4932,0.0857,7093.700827252286,0,0
S_404,2024-12-01,51.22,17.23,0.4377,-0.4359,0.1367,7093.700827252286,0,0
S_404,2025-01-01,51.22,17.23,0.442,-0.4861,0.1048,7093.700827252286,0,0
S_404,2025-02-01,51.22,17.23,0.3951,-0.456,0.0259,7093.700827252286,0,0
S_404,2025-03-01,51.22,17.23,0.4202,-0.4507,0.0194,7093.700827252286,0,0
S_404,2025-04-01,51.22,17.23,0.6368,-0.607,0.2761,7093.700827252286,0,0
S_404,2025-05-01,51.22,17.23,0.6158,-0.5813,0.2734,7093.700827252286,0,0
S_404,2025-06-01,51.22,17.23,0.6567,-0.6309,0.2884,7093.700827252286,0,0
S_404,2025-07-01,51.22,17.23,0.5681,-0.5678,0.2327,7093.700827252286,0,0
S_404,2025-08-01,51.22,17.23,0.4837,-0.514,0.0424,7093.700827252286,0,0
S_404,2025-09-01,51.22,17.23,0.5191,-0.5162,0.078,7093.700827252286,0,0
S_404,2025-10-01,51.22,17.23,0.4919,-0.4907,0.1045,7093.700827252286,0,0
S_404,2025-11-01,51.22,17.23,0.4805,-0.5154,0.074,7093.700827252286,0,0
S_404,2025-12-01,51.22,17.23,0.4482,-0.497,0.1059,7093.700827252286,0,0
S_404,2026-01-01,51.22,17.23,0.3245,-0.4051,0.0536,7093.700827252286,0,0
S_404,2026-02-01,51.22,17.23,0.3131,-0.4084,-0.055,7093.700827252286,0,0
S_404,2026-03-01,51.22,17.23,0.3328,-0.4268,-0.0457,7093.700827252286,0,0
S_405,2023-06-01,51.24,17.23,0.6839,-0.6587,0.4293,8774.710761505301,0,0
S_405,2023-07-01,51.24,17.23,0.5865,-0.5933,0.2953,8774.710761505301,0,0
S_405,2023-08-01,51.24,17.23,0.449,-0.4872,0.0258,8774.710761505301,0,0
S_405,2023-09-01,51.24,17.23,0.4782,-0.4991,0.078,8774.710761505301,0,0
S_405,2023-10-01,51.24,17.23,0.4425,-0.4822,0.0684,8774.710761505301,0,0
S_405,2023-11-01,51.24,17.23,0.4068,-0.4652,0.0589,8774.710761505301,0,0
S_405,2023-12-01,51.24,17.23,0.3693,-0.4074,0.0706,8774.710761505301,0,0
S_405,2024-01-01,51.24,17.23,0.2808,-0.3602,0.0934,8774.710761505301,0,0
S_405,2024-02-01,51.24,17.23,0.3234,-0.3762,0.0933,8774.710761505301,0,0
S_405,2024-03-01,51.24,17.23,0.4552,-0.4747,0.1849,8774.710761505301,0,0
S_405,2024-04-01,51.24,17.23,0.587,-0.5732,0.2765,8774.710761505301,0,0
S_405,2024-05-01,51.24,17.23,0.6522,-0.6335,0.3464,8774.710761505301,0,0
S_405,2024-06-01,51.24,17.23,0.7152,-0.6476,0.393,8774.710761505301,0,0
S_405,2024-07-01,51.24,17.23,0.4021,-0.4687,-0.0028,8774.710761505301,0,0
S_405,2024-08-01,51.24,17.23,0.4068,-0.4577,0.005,8774.710761505301,0,0
S_405,2024-09-01,51.24,17.23,0.3665,-0.4346,-0.0287,8774.710761505301,0,0
S_405,2024-10-01,51.24,17.23,0.329,-0.4102,-0.007,8774.710761505301,0,0
S_405,2024-11-01,51.24,17.23,0.4441,-0.484,0.1244,8774.710761505301,0,0
S_405,2024-12-01,51.24,17.23,0.4507,-0.4544,0.187,8774.710761505301,0,0
S_405,2025-01-01,51.24,17.23,0.4246,-0.4663,0.205,8774.710761505301,0,0
S_405,2025-02-01,51.24,17.23,0.39,-0.4607,0.0454,8774.710761505301,0,0
S_405,2025-03-01,51.24,17.23,0.4492,-0.4756,0.0805,8774.710761505301,0,0
S_405,2025-04-01,51.24,17.23,0.6557,-0.6383,0.3492,8774.710761505301,0,0
S_405,2025-05-01,51.24,17.23,0.6221,-0.605,0.3393,8774.710761505301,0,0
S_405,2025-06-01,51.24,17.23,0.7094,-0.6708,0.3897,8774.710761505301,0,0
S_405,2025-07-01,51.24,17.23,0.6267,-0.5927,0.3837,8774.710761505301,0,0
S_405,2025-08-01,51.24,17.23,0.4269,-0.4853,0.0214,8774.710761505301,0,0
S_405,2025-09-01,51.24,17.23,0.3676,-0.4244,0.0008,8774.710761505301,0,0
S_405,2025-10-01,51.24,17.23,0.3766,-0.4343,0.0265,8774.710761505301,0,0
S_405,2025-11-01,51.24,17.23,0.4162,-0.4713,0.06,8774.710761505301,0,0
S_405,2025-12-01,51.24,17.23,0.4517,-0.4868,0.1709,8774.710761505301,0,0
S_405,2026-01-01,51.24,17.23,0.3214,-0.4159,0.0422,8774.710761505301,0,0
S_405,2026-02-01,51.24,17.23,0.2772,-0.386,-0.0109,8774.710761505301,0,0
S_405,2026-03-01,51.24,17.23,0.2968,-0.4017,-0.016,8774.710761505301,0,0
S_406,2023-06-01,50.96,17.25,0.6877,-0.6392,0.3666,11623.715328983602,0,0
S_406,2023-07-01,50.96,17.25,0.4428,-0.4974,0.0816,11623.715328983602,0,0
S_406,2023-08-01,50.96,17.25,0.5819,-0.5471,0.145,11623.715328983602,0,0
S_406,2023-09-01,50.96,17.25,0.5835,-0.5596,0.1516,11623.715328983602,0,0
S_406,2023-10-01,50.96,17.25,0.5173,-0.5191,0.069,11623.715328983602,0,0
S_406,2023-11-01,50.96,17.25,0.7636,-0.6716,0.4547,11623.715328983602,0,0
S_406,2023-12-01,50.96,17.25,0.4759,-0.4949,0.1168,11623.715328983602,0,0
S_406,2024-01-01,50.96,17.25,0.184,-0.206,0.6126,11623.715328983602,0,0
S_406,2024-02-01,50.96,17.25,0.3661,-0.3641,0.4069,11623.715328983602,0,0
S_406,2024-03-01,50.96,17.25,0.5482,-0.5223,0.2011,11623.715328983602,0,0
S_406,2024-04-01,50.96,17.25,0.5455,-0.5301,0.1735,11623.715328983602,0,0
S_406,2024-05-01,50.96,17.25,0.5771,-0.5521,0.2228,11623.715328983602,0,0
S_406,2024-06-01,50.96,17.25,0.6074,-0.5617,0.2369,11623.715328983602,0,0
S_406,2024-07-01,50.96,17.25,0.4771,-0.5021,0.0526,11623.715328983602,0,0
S_406,2024-08-01,50.96,17.25,0.5051,-0.51,0.0715,11623.715328983602,0,0
S_406,2024-09-01,50.96,17.25,0.3985,-0.4546,-0.0392,11623.715328983602,0,0
S_406,2024-10-01,50.96,17.25,0.428,-0.4703,-0.0229,11623.715328983602,0,0
S_406,2024-11-01,50.96,17.25,0.5454,-0.5427,0.1195,11623.715328983602,0,0
S_406,2024-12-01,50.96,17.25,0.4983,-0.4778,0.2371,11623.715328983602,0,0
S_406,2025-01-01,50.96,17.25,0.5285,-0.5491,0.1539,11623.715328983602,0,0
S_406,2025-02-01,50.96,17.25,0.4959,-0.5319,0.104,11623.715328983602,0,0
S_406,2025-03-01,50.96,17.25,0.5073,-0.5254,0.0891,11623.715328983602,0,0
S_406,2025-04-01,50.96,17.25,0.6868,-0.6387,0.3654,11623.715328983602,0,0
S_406,2025-05-01,50.96,17.25,0.6595,-0.6108,0.3599,11623.715328983602,0,0
S_406,2025-06-01,50.96,17.25,0.5992,-0.5976,0.2664,11623.715328983602,0,0
S_406,2025-07-01,50.96,17.25,0.4999,-0.5442,0.1789,11623.715328983602,0,0
S_406,2025-08-01,50.96,17.25,0.4872,-0.5036,0.0306,11623.715328983602,0,0
S_406,2025-09-01,50.96,17.25,0.3941,-0.4381,-0.0329,11623.715328983602,0,0
S_406,2025-10-01,50.96,17.25,0.3,-0.3255,0.0074,11623.715328983602,0,0
S_406,2025-11-01,50.96,17.25,0.4438,-0.474,0.0149,11623.715328983602,0,0
S_406,2025-12-01,50.96,17.25,0.5121,-0.5377,0.1177,11623.715328983602,0,0
S_406,2026-01-01,50.96,17.25,0.4122,-0.477,0.0925,11623.715328983602,0,0
S_406,2026-02-01,50.96,17.25,0.3576,-0.4261,-0.0535,11623.715328983602,0,0
S_406,2026-03-01,50.96,17.25,0.3745,-0.4505,-0.0313,11623.715328983602,0,0
S_407,2023-06-01,50.98,17.25,0.6001,-0.5619,0.2381,9932.217903269244,0,0
S_407,2023-07-01,50.98,17.25,0.5565,-0.5373,0.1237,9932.217903269244,0,0
S_407,2023-08-01,50.98,17.25,0.606,-0.5597,0.1424,9932.217903269244,0,0
S_407,2023-09-01,50.98,17.25,0.6106,-0.5742,0.1682,9932.217903269244,0,0
S_407,2023-10-01,50.98,17.25,0.5733,-0.5436,0.1174,9932.217903269244,0,0
S_407,2023-11-01,50.98,17.25,0.4947,-0.4685,0.1211,9932.217903269244,0,0
S_407,2023-12-01,50.98,17.25,0.4324,-0.4477,0.042,9932.217903269244,0,0
S_407,2024-01-01,50.98,17.25,0.1779,-0.2041,0.5178,9932.217903269244,0,0
S_407,2024-02-01,50.98,17.25,0.2614,-0.2884,0.2514,9932.217903269244,0,0
S_407,2024-03-01,50.98,17.25,0.345,-0.3726,-0.015,9932.217903269244,0,0
S_407,2024-04-01,50.98,17.25,0.567,-0.5282,0.1412,9932.217903269244,0,0
S_407,2024-05-01,50.98,17.25,0.5573,-0.5351,0.1559,9932.217903269244,0,0
S_407,2024-06-01,50.98,17.25,0.544,-0.5148,0.1416,9932.217903269244,0,0
S_407,2024-07-01,50.98,17.25,0.5133,-0.5101,0.0581,9932.217903269244,0,0
S_407,2024-08-01,50.98,17.25,0.5226,-0.5092,0.0841,9932.217903269244,0,0
S_407,2024-09-01,50.98,17.25,0.5389,-0.5253,0.0935,9932.217903269244,0,0
S_407,2024-10-01,50.98,17.25,0.5002,-0.505,0.0386,9932.217903269244,0,0
S_407,2024-11-01,50.98,17.25,0.4741,-0.4935,0.0245,9932.217903269244,0,0
S_407,2024-12-01,50.98,17.25,0.359,-0.3751,0.0786,9932.217903269244,0,0
S_407,2025-01-01,50.98,17.25,0.4131,-0.4822,0.0038,9932.217903269244,0,0
S_407,2025-02-01,50.98,17.25,0.3682,-0.4411,-0.0442,9932.217903269244,0,0
S_407,2025-03-01,50.98,17.25,0.3374,-0.4095,-0.0833,9932.217903269244,0,0
S_407,2025-04-01,50.98,17.25,0.5274,-0.5085,0.1273,9932.217903269244,0,0
S_407,2025-05-01,50.98,17.25,0.5035,-0.4814,0.1266,9932.217903269244,0,0
S_407,2025-06-01,50.98,17.25,0.6216,-0.5869,0.1981,9932.217903269244,0,0
S_407,2025-07-01,50.98,17.25,0.5838,-0.5607,0.1627,9932.217903269244,0,0
S_407,2025-08-01,50.98,17.25,0.6216,-0.5813,0.1782,9932.217903269244,0,0
S_407,2025-09-01,50.98,17.25,0.5982,-0.5648,0.1489,9932.217903269244,0,0
S_407,2025-10-01,50.98,17.25,0.5054,-0.5172,0.076,9932.217903269244,0,0
S_407,2025-11-01,50.98,17.25,0.4127,-0.4697,0.0031,9932.217903269244,0,0
S_407,2025-12-01,50.98,17.25,0.4087,-0.5003,0.0177,9932.217903269244,0,0
S_407,2026-01-01,50.98,17.25,0.3499,-0.4478,0.027,9932.217903269244,0,0
S_407,2026-02-01,50.98,17.25,0.3068,-0.4022,-0.1249,9932.217903269244,0,0
S_407,2026-03-01,50.98,17.25,0.3218,-0.426,-0.0926,9932.217903269244,0,0
S_41,2023-06-01,51.16,16.75,0.6793,-0.6327,0.3388,4531.119295161696,0,0
S_41,2023-07-01,51.16,16.75,0.4344,-0.4821,0.0561,4531.119295161696,0,0
S_41,2023-08-01,51.16,16.75,0.3798,-0.385,0.0465,4531.119295161696,0,0
S_41,2023-09-01,51.16,16.75,0.496,-0.4858,0.0825,4531.119295161696,0,0
S_41,2023-10-01,51.16,16.75,0.5667,-0.5456,0.148,4531.119295161696,0,0
S_41,2023-11-01,51.16,16.75,0.6357,-0.6203,0.2284,4531.119295161696,0,0
S_41,2023-12-01,51.16,16.75,0.4088,-0.3848,0.2206,4531.119295161696,0,0
S_41,2024-01-01,51.16,16.75,0.402,-0.4293,0.3354,4531.119295161696,0,0
S_41,2024-02-01,51.16,16.75,0.5399,-0.5614,0.1616,4531.119295161696,0,0
S_41,2024-03-01,51.16,16.75,0.5743,-0.569,0.2109,4531.119295161696,0,0
S_41,2024-04-01,51.16,16.75,0.6087,-0.5766,0.2602,4531.119295161696,0,0
S_41,2024-05-01,51.16,16.75,0.62,-0.5766,0.2909,4531.119295161696,0,0
S_41,2024-06-01,51.16,16.75,0.607,-0.545,0.2348,4531.119295161696,0,0
S_41,2024-07-01,51.16,16.75,0.5509,-0.5176,0.1161,4531.119295161696,0,0
S_41,2024-08-01,51.16,16.75,0.4839,-0.4916,0.0596,4531.119295161696,0,0
S_41,2024-09-01,51.16,16.75,0.4751,-0.4844,0.0541,4531.119295161696,0,0
S_41,2024-10-01,51.16,16.75,0.4679,-0.4958,0.0333,4531.119295161696,0,0
S_41,2024-11-01,51.16,16.75,0.5374,-0.5124,0.1437,4531.119295161696,0,0
S_41,2024-12-01,51.16,16.75,0.3862,-0.3766,0.1189,4531.119295161696,0,0
S_41,2025-01-01,51.16,16.75,0.4797,-0.5098,0.123,4531.119295161696,0,0
S_41,2025-02-01,51.16,16.75,0.3101,-0.3425,0.3388,4531.119295161696,0,0
S_41,2025-03-01,51.16,16.75,0.4647,-0.4837,0.0796,4531.119295161696,0,0
S_41,2025-04-01,51.16,16.75,0.5172,-0.5217,0.1339,4531.119295161696,0,0
S_41,2025-05-01,51.16,16.75,0.7138,-0.6517,0.5121,4531.119295161696,0,0
S_41,2025-06-01,51.16,16.75,0.5722,-0.5643,0.2262,4531.119295161696,0,0
S_41,2025-07-01,51.16,16.75,0.4881,-0.5032,0.118,4531.119295161696,0,0
S_41,2025-08-01,51.16,16.75,0.404,-0.442,0.0098,4531.119295161696,0,0
S_41,2025-09-01,51.16,16.75,0.527,-0.5188,0.1166,4531.119295161696,0,0
S_41,2025-10-01,51.16,16.75,0.5465,-0.5492,0.1406,4531.119295161696,0,0
S_41,2025-11-01,51.16,16.75,0.566,-0.5795,0.1646,4531.119295161696,0,0
S_41,2025-12-01,51.16,16.75,0.5461,-0.5495,0.265,4531.119295161696,0,0
S_41,2026-01-01,51.16,16.75,0.1482,-0.1492,0.6303,4531.119295161696,0,0
S_41,2026-02-01,51.16,16.75,0.3538,-0.425,-0.0198,4531.119295161696,0,0
S_41,2026-03-01,51.16,16.75,0.3512,-0.4178,-0.025,4531.119295161696,0,0
S_410,2023-06-01,51.04,17.25,0.5433,-0.4869,0.2026,6129.1194061255255,0,0
S_410,2023-07-01,51.04,17.25,0.5831,-0.5168,0.1915,6129.1194061255255,0,0
S_410,2023-08-01,51.04,17.25,0.5624,-0.4949,0.1309,6129.1194061255255,0,0
S_410,2023-09-01,51.04,17.25,0.5786,-0.513,0.1763,6129.1194061255255,0,0
S_410,2023-10-01,51.04,17.25,0.546,-0.4881,0.1189,6129.1194061255255,0,0
S_410,2023-11-01,51.04,17.25,0.4065,-0.4055,0.0615,6129.1194061255255,0,0
S_410,2023-12-01,51.04,17.25,0.3231,-0.3441,0.0302,6129.1194061255255,0,0
S_410,2024-01-01,51.04,17.25,0.1492,-0.1664,0.3867,6129.1194061255255,0,0
S_410,2024-02-01,51.04,17.25,0.2181,-0.2214,0.2006,6129.1194061255255,0,0
S_410,2024-03-01,51.04,17.25,0.287,-0.2764,0.0145,6129.1194061255255,0,0
S_410,2024-04-01,51.04,17.25,0.5093,-0.454,0.1264,6129.1194061255255,0,0
S_410,2024-05-01,51.04,17.25,0.5075,-0.4574,0.151,6129.1194061255255,0,0
S_410,2024-06-01,51.04,17.25,0.5894,-0.5291,0.1807,6129.1194061255255,0,0
S_410,2024-07-01,51.04,17.25,0.5128,-0.4742,0.0817,6129.1194061255255,0,0
S_410,2024-08-01,51.04,17.25,0.5552,-0.4897,0.1429,6129.1194061255255,0,0
S_410,2024-09-01,51.04,17.25,0.1836,-0.2016,0.4501,6129.1194061255255,0,0
S_410,2024-10-01,51.04,17.25,0.3743,-0.3807,-0.0317,6129.1194061255255,0,0
S_410,2024-11-01,51.04,17.25,0.3328,-0.3536,-0.0752,6129.1194061255255,0,0
S_410,2024-12-01,51.04,17.25,0.266,-0.2531,0.009,6129.1194061255255,0,0
S_410,2025-01-01,51.04,17.25,0.2784,-0.3254,-0.0697,6129.1194061255255,0,0
S_410,2025-02-01,51.04,17.25,0.2595,-0.3091,-0.0508,6129.1194061255255,0,0
S_410,2025-03-01,51.04,17.25,0.2572,-0.2998,-0.0868,6129.1194061255255,0,0
S_410,2025-04-01,51.04,17.25,0.5001,-0.4391,0.1133,6129.1194061255255,0,0
S_410,2025-05-01,51.04,17.25,0.5055,-0.4391,0.1381,6129.1194061255255,0,0
S_410,2025-06-01,51.04,17.25,0.6285,-0.5633,0.2506,6129.1194061255255,0,0
S_410,2025-07-01,51.04,17.25,0.6856,-0.618,0.2214,6129.1194061255255,0,0
S_410,2025-08-01,51.04,17.25,0.579,-0.5134,0.1699,6129.1194061255255,0,0
S_410,2025-09-01,51.04,17.25,0.5327,-0.4848,0.1282,6129.1194061255255,0,0
S_410,2025-10-01,51.04,17.25,0.6411,-0.5281,0.2497,6129.1194061255255,0,0
S_410,2025-11-01,51.04,17.25,0.3767,-0.4086,-0.0359,6129.1194061255255,0,0
S_410,2025-12-01,51.04,17.25,0.3171,-0.3638,-0.0477,6129.1194061255255,0,0
S_410,2026-01-01,51.04,17.25,0.2852,-0.3542,0.0719,6129.1194061255255,0,0
S_410,2026-02-01,51.04,17.25,0.2385,-0.3231,-0.1189,6129.1194061255255,0,0
S_410,2026-03-01,51.04,17.25,0.2461,-0.3338,-0.1091,6129.1194061255255,0,0
S_412,2023-06-01,51.08,17.25,0.6667,-0.6221,0.3342,5449.646214796447,0,0
S_412,2023-07-01,51.08,17.25,0.5537,-0.5558,0.1764,5449.646214796447,0,0
S_412,2023-08-01,51.08,17.25,0.5139,-0.5043,0.0625,5449.646214796447,0,0
S_412,2023-09-01,51.08,17.25,0.6005,-0.5554,0.1452,5449.646214796447,0,0
S_412,2023-10-01,51.08,17.25,0.4282,-0.4372,0.0172,5449.646214796447,0,0
S_412,2023-11-01,51.08,17.25,0.4537,-0.459,0.059,5449.646214796447,0,0
S_412,2023-12-01,51.08,17.25,0.4792,-0.4808,0.1008,5449.646214796447,0,0
S_412,2024-01-01,51.08,17.25,0.2277,-0.2437,0.5344,5449.646214796447,0,0
S_412,2024-02-01,51.08,17.25,0.3582,-0.3579,0.3244,5449.646214796447,0,0
S_412,2024-03-01,51.08,17.25,0.4887,-0.4721,0.1143,5449.646214796447,0,0
S_412,2024-04-01,51.08,17.25,0.59,-0.5597,0.1709,5449.646214796447,0,0
S_412,2024-05-01,51.08,17.25,0.5932,-0.5656,0.2123,5449.646214796447,0,0
S_412,2024-06-01,51.08,17.25,0.576,-0.5466,0.1809,5449.646214796447,0,0
S_412,2024-07-01,51.08,17.25,0.4879,-0.5031,0.0358,5449.646214796447,0,0
S_412,2024-08-01,51.08,17.25,0.484,-0.4895,0.0447,5449.646214796447,0,0
S_412,2024-09-01,51.08,17.25,0.6,-0.57,0.1628,5449.646214796447,0,0
S_412,2024-10-01,51.08,17.25,0.5163,-0.5282,0.057,5449.646214796447,0,0
S_412,2024-11-01,51.08,17.25,0.5352,-0.5451,0.1132,5449.646214796447,0,0
S_412,2024-12-01,51.08,17.25,0.4348,-0.4317,0.1318,5449.646214796447,0,0
S_412,2025-01-01,51.08,17.25,0.4789,-0.5177,0.0908,5449.646214796447,0,0
S_412,2025-02-01,51.08,17.25,0.4309,-0.4772,0.0416,5449.646214796447,0,0
S_412,2025-03-01,51.08,17.25,0.4438,-0.4767,0.0377,5449.646214796447,0,0
S_412,2025-04-01,51.08,17.25,0.6002,-0.5744,0.2268,5449.646214796447,0,0
S_412,2025-05-01,51.08,17.25,0.5929,-0.5636,0.235,5449.646214796447,0,0
S_412,2025-06-01,51.08,17.25,0.6539,-0.6129,0.3039,5449.646214796447,0,0
S_412,2025-07-01,51.08,17.25,0.6301,-0.5829,0.2356,5449.646214796447,0,0
S_412,2025-08-01,51.08,17.25,0.5676,-0.5514,0.1441,5449.646214796447,0,0
S_412,2025-09-01,51.08,17.25,0.4667,-0.488,0.0384,5449.646214796447,0,0
S_412,2025-10-01,51.08,17.25,0.4682,-0.5008,0.036,5449.646214796447,0,0
S_412,2025-11-01,51.08,17.25,0.4697,-0.5135,0.0336,5449.646214796447,0,0
S_412,2025-12-01,51.08,17.25,0.4434,-0.4949,0.0561,5449.646214796447,0,0
S_412,2026-01-01,51.08,17.25,0.3738,-0.4562,0.0073,5449.646214796447,0,0
S_412,2026-02-01,51.08,17.25,0.3285,-0.4134,-0.0862,5449.646214796447,0,0
S_412,2026-03-01,51.08,17.25,0.3462,-0.4335,-0.0667,5449.646214796447,0,0
S_414,2023-06-01,51.12,17.25,0.6016,-0.5759,0.2073,5382.7184159775925,0,0
S_414,2023-07-01,51.12,17.25,0.619,-0.6009,0.1775,5382.7184159775925,0,0
S_414,2023-08-01,51.12,17.25,0.5964,-0.5741,0.1167,5382.7184159775925,0,0
S_414,2023-09-01,51.12,17.25,0.6136,-0.5876,0.1528,5382.7184159775925,0,0
S_414,2023-10-01,51.12,17.25,0.4393,-0.4186,0.1032,5382.7184159775925,0,0
S_414,2023-11-01,51.12,17.25,0.265,-0.2497,0.0537,5382.7184159775925,0,0
S_414,2023-12-01,51.12,17.25,0.4288,-0.4509,0.0526,5382.7184159775925,0,0
S_414,2024-01-01,51.12,17.25,0.2375,-0.2689,0.4263,5382.7184159775925,0,0
S_414,2024-02-01,51.12,17.25,0.3495,-0.3651,0.252,5382.7184159775925,0,0
S_414,2024-03-01,51.12,17.25,0.4615,-0.4614,0.0778,5382.7184159775925,0,0
S_414,2024-04-01,51.12,17.25,0.5292,-0.5076,0.1653,5382.7184159775925,0,0
S_414,2024-05-01,51.12,17.25,0.5613,-0.545,0.1403,5382.7184159775925,0,0
S_414,2024-06-01,51.12,17.25,0.5775,-0.5331,0.1705,5382.7184159775925,0,0
S_414,2024-07-01,51.12,17.25,0.6042,-0.5834,0.1283,5382.7184159775925,0,0
S_414,2024-08-01,51.12,17.25,0.6256,-0.5909,0.1551,5382.7184159775925,0,0
S_414,2024-09-01,51.12,17.25,0.5721,-0.5713,0.0999,5382.7184159775925,0,0
S_414,2024-10-01,51.12,17.25,0.5185,-0.544,0.0183,5382.7184159775925,0,0
S_414,2024-11-01,51.12,17.25,0.4848,-0.5204,0.037,5382.7184159775925,0,0
S_414,2024-12-01,51.12,17.25,0.4033,-0.4306,0.0793,5382.7184159775925,0,0
S_414,2025-01-01,51.12,17.25,0.4176,-0.4896,0.0302,5382.7184159775925,0,0
S_414,2025-02-01,51.12,17.25,0.3735,-0.4442,-0.004,5382.7184159775925,0,0
S_414,2025-03-01,51.12,17.25,0.3691,-0.4304,-0.0464,5382.7184159775925,0,0
S_414,2025-04-01,51.12,17.25,0.5837,-0.5685,0.1471,5382.7184159775925,0,0
S_414,2025-05-01,51.12,17.25,0.5557,-0.5341,0.1258,5382.7184159775925,0,0
S_414,2025-06-01,51.12,17.25,0.6421,-0.6142,0.2023,5382.7184159775925,0,0
S_414,2025-07-01,51.12,17.25,0.5892,-0.5776,0.1629,5382.7184159775925,0,0
S_414,2025-08-01,51.12,17.25,0.629,-0.5951,0.1576,5382.7184159775925,0,0
S_414,2025-09-01,51.12,17.25,0.5963,-0.5762,0.1205,5382.7184159775925,0,0
S_414,2025-10-01,51.12,17.25,0.4653,-0.445,0.1287,5382.7184159775925,0,0
S_414,2025-11-01,51.12,17.25,0.5174,-0.5556,0.045,5382.7184159775925,0,0
S_414,2025-12-01,51.12,17.25,0.4522,-0.5182,0.0354,5382.7184159775925,0,0
S_414,2026-01-01,51.12,17.25,0.3772,-0.4678,0.0055,5382.7184159775925,0,0
S_414,2026-02-01,51.12,17.25,0.3302,-0.4275,-0.1057,5382.7184159775925,0,0
S_414,2026-03-01,51.12,17.25,0.3465,-0.4485,-0.0767,5382.7184159775925,0,0
S_415,2023-06-01,51.14,17.25,0.6596,-0.6263,0.3434,6380.169182758276,0,0
S_415,2023-07-01,51.14,17.25,0.5228,-0.5635,0.1492,6380.169182758276,0,0
S_415,2023-08-01,51.14,17.25,0.4667,-0.4992,0.0356,6380.169182758276,0,0
S_415,2023-09-01,51.14,17.25,0.4532,-0.4847,0.0377,6380.169182758276,0,0
S_415,2023-10-01,51.14,17.25,0.4452,-0.4751,0.0522,6380.169182758276,0,0
S_415,2023-11-01,51.14,17.25,0.4372,-0.4654,0.0666,6380.169182758276,0,0
S_415,2023-12-01,51.14,17.25,0.4292,-0.4558,0.0811,6380.169182758276,0,0
S_415,2024-01-01,51.14,17.25,0.2798,-0.322,0.2992,6380.169182758276,0,0
S_415,2024-02-01,51.14,17.25,0.4765,-0.7567,-0.103,6380.169182758276,0,0
S_415,2024-03-01,51.14,17.25,0.4042,-0.41,0.0255,6380.169182758276,0,0
S_415,2024-04-01,51.14,17.25,0.4359,-0.452,0.0787,6380.169182758276,0,0
S_415,2024-05-01,51.14,17.25,0.4671,-0.4853,0.133,6380.169182758276,0,0
S_415,2024-06-01,51.14,17.25,0.5595,-0.5404,0.1552,6380.169182758276,0,0
S_415,2024-07-01,51.14,17.25,0.5262,-0.543,0.0696,6380.169182758276,0,0
S_415,2024-08-01,51.14,17.25,0.5277,-0.5325,0.0823,6380.169182758276,0,0
S_415,2024-09-01,51.14,17.25,0.432,-0.4881,-0.0113,6380.169182758276,0,0
S_415,2024-10-01,51.14,17.25,0.384,-0.4305,0.0051,6380.169182758276,0,0
S_415,2024-11-01,51.14,17.25,0.4317,-0.4852,0.0572,6380.169182758276,0,0
S_415,2024-12-01,51.14,17.25,0.404,-0.4293,0.1169,6380.169182758276,0,0
S_415,2025-01-01,51.14,17.25,0.4167,-0.4809,0.0869,6380.169182758276,0,0
S_415,2025-02-01,51.14,17.25,0.3684,-0.4326,0.019,6380.169182758276,0,0
S_415,2025-03-01,51.14,17.25,0.3761,-0.4302,0.0013,6380.169182758276,0,0
S_415,2025-04-01,51.14,17.25,0.5176,-0.5279,0.1865,6380.169182758276,0,0
S_415,2025-05-01,51.14,17.25,0.5239,-0.5196,0.2026,6380.169182758276,0,0
S_415,2025-06-01,51.14,17.25,0.6125,-0.6078,0.2379,6380.169182758276,0,0
S_415,2025-07-01,51.14,17.25,0.5092,-0.5447,0.1637,6380.169182758276,0,0
S_415,2025-08-01,51.14,17.25,0.5754,-0.5664,0.1488,6380.169182758276,0,0
S_415,2025-09-01,51.14,17.25,0.4495,-0.4868,0.0187,6380.169182758276,0,0
S_415,2025-10-01,51.14,17.25,0.3591,-0.3637,0.0662,6380.169182758276,0,0
S_415,2025-11-01,51.14,17.25,0.421,-0.4926,0.0407,6380.169182758276,0,0
S_415,2025-12-01,51.14,17.25,0.4208,-0.4864,0.0921,6380.169182758276,0,0
S_415,2026-01-01,51.14,17.25,0.3381,-0.4291,0.0028,6380.169182758276,0,0
S_415,2026-02-01,51.14,17.25,0.301,-0.398,-0.0762,6380.169182758276,0,0
S_415,2026-03-01,51.14,17.25,0.3162,-0.4142,-0.0624,6380.169182758276,0,0
S_417,2023-06-01,51.18,17.25,0.76,-0.6636,0.3406,6559.259200270753,0,0
S_417,2023-07-01,51.18,17.25,0.7845,-0.6994,0.3212,6559.259200270753,0,0
S_417,2023-08-01,51.18,17.25,0.7792,-0.6916,0.2814,6559.259200270753,0,0
S_417,2023-09-01,51.18,17.25,0.7759,-0.6976,0.3183,6559.259200270753,0,0
S_417,2023-10-01,51.18,17.25,0.6976,-0.6601,0.2493,6559.259200270753,0,0
S_417,2023-11-01,51.18,17.25,0.6194,-0.6226,0.1802,6559.259200270753,0,0
S_417,2023-12-01,51.18,17.25,0.4678,-0.4448,0.1036,6559.259200270753,0,0
S_417,2024-01-01,51.18,17.25,0.3757,-0.3788,0.3921,6559.259200270753,0,0
S_417,2024-02-01,51.18,17.25,0.485,-0.746,-0.0765,6559.259200270753,0,0
S_417,2024-03-01,51.18,17.25,0.0135,0.044,-0.1094,6559.259200270753,0,0
S_417,2024-04-01,51.18,17.25,0.6536,-0.5811,0.1742,6559.259200270753,0,0
S_417,2024-05-01,51.18,17.25,0.713,-0.636,0.2566,6559.259200270753,0,0
S_417,2024-06-01,51.18,17.25,0.7174,-0.6328,0.3019,6559.259200270753,0,0
S_417,2024-07-01,51.18,17.25,0.7762,-0.6879,0.2776,6559.259200270753,0,0
S_417,2024-08-01,51.18,17.25,0.7621,-0.6781,0.2741,6559.259200270753,0,0
S_417,2024-09-01,51.18,17.25,0.7297,-0.6612,0.2652,6559.259200270753,0,0
S_417,2024-10-01,51.18,17.25,0.6175,-0.6011,0.1529,6559.259200270753,0,0
S_417,2024-11-01,51.18,17.25,0.5624,-0.5828,0.0952,6559.259200270753,0,0
S_417,2024-12-01,51.18,17.25,0.5028,-0.4949,0.1412,6559.259200270753,0,0
S_417,2025-01-01,51.18,17.25,0.5523,-0.6061,0.104,6559.259200270753,0,0
S_417,2025-02-01,51.18,17.25,0.4751,-0.5171,0.0394,6559.259200270753,0,0
S_417,2025-03-01,51.18,17.25,0.4408,-0.4886,-0.056,6559.259200270753,0,0
S_417,2025-04-01,51.18,17.25,0.7083,-0.619,0.2087,6559.259200270753,0,0
S_417,2025-05-01,51.18,17.25,0.6797,-0.581,0.2286,6559.259200270753,0,0
S_417,2025-06-01,51.18,17.25,0.823,-0.7403,0.3478,6559.259200270753,0,0
S_417,2025-07-01,51.18,17.25,0.7954,-0.707,0.3187,6559.259200270753,0,0
S_417,2025-08-01,51.18,17.25,0.7914,-0.7108,0.2969,6559.259200270753,0,0
S_417,2025-09-01,51.18,17.25,0.7674,-0.6902,0.3082,6559.259200270753,0,0
S_417,2025-10-01,51.18,17.25,0.597,-0.5493,0.2355,6559.259200270753,0,0
S_417,2025-11-01,51.18,17.25,0.5819,-0.5943,0.1592,6559.259200270753,0,0
S_417,2025-12-01,51.18,17.25,0.5317,-0.5428,0.1052,6559.259200270753,0,0
S_417,2026-01-01,51.18,17.25,0.4446,-0.4668,0.2721,6559.259200270753,0,0
S_417,2026-02-01,51.18,17.25,0.4379,-0.4957,0.0119,6559.259200270753,0,0
S_417,2026-03-01,51.18,17.25,0.4722,-0.5235,0.0242,6559.259200270753,0,0
S_418,2023-06-01,51.2,17.25,0.7113,-0.6346,0.3051,7063.273077274323,0,0
S_418,2023-07-01,51.2,17.25,0.6834,-0.6284,0.2374,7063.273077274323,0,0
S_418,2023-08-01,51.2,17.25,0.6494,-0.5903,0.1741,7063.273077274323,0,0
S_418,2023-09-01,51.2,17.25,0.6589,-0.6037,0.214,7063.273077274323,0,0
S_418,2023-10-01,51.2,17.25,0.6301,-0.6032,0.1858,7063.273077274323,0,0
S_418,2023-11-01,51.2,17.25,0.6013,-0.6027,0.1575,7063.273077274323,0,0
S_418,2023-12-01,51.2,17.25,0.4788,-0.4572,0.1006,7063.273077274323,0,0
S_418,2024-01-01,51.2,17.25,0.3901,-0.4027,0.3586,7063.273077274323,0,0
S_418,2024-02-01,51.2,17.25,0.5324,-0.6322,0.099,7063.273077274323,0,0
S_418,2024-03-01,51.2,17.25,0.5816,-0.6002,0.1378,7063.273077274323,0,0
S_418,2024-04-01,51.2,17.25,0.6309,-0.5683,0.1766,7063.273077274323,0,0
S_418,2024-05-01,51.2,17.25,0.7287,-0.6504,0.3033,7063.273077274323,0,0
S_418,2024-06-01,51.2,17.25,0.7235,-0.6385,0.3024,7063.273077274323,0,0
S_418,2024-07-01,51.2,17.25,0.6437,-0.584,0.1584,7063.273077274323,0,0
S_418,2024-08-01,51.2,17.25,0.6445,-0.5846,0.1595,7063.273077274323,0,0
S_418,2024-09-01,51.2,17.25,0.6516,-0.6058,0.1753,7063.273077274323,0,0
S_418,2024-10-01,51.2,17.25,0.5853,-0.5792,0.0993,7063.273077274323,0,0
S_418,2024-11-01,51.2,17.25,0.5095,-0.514,0.0783,7063.273077274323,0,0
S_418,2024-12-01,51.2,17.25,0.4548,-0.4367,0.0902,7063.273077274323,0,0
S_418,2025-01-01,51.2,17.25,0.4925,-0.5296,0.0966,7063.273077274323,0,0
S_418,2025-02-01,51.2,17.25,0.4334,-0.4721,0.0583,7063.273077274323,0,0
S_418,2025-03-01,51.2,17.25,0.3922,-0.4275,-0.0468,7063.273077274323,0,0
S_418,2025-04-01,51.2,17.25,0.6057,-0.5402,0.1526,7063.273077274323,0,0
S_418,2025-05-01,51.2,17.25,0.6049,-0.5272,0.1738,7063.273077274323,0,0
S_418,2025-06-01,51.2,17.25,0.7159,-0.6549,0.2781,7063.273077274323,0,0
S_418,2025-07-01,51.2,17.25,0.6855,-0.6233,0.2468,7063.273077274323,0,0
S_418,2025-08-01,51.2,17.25,0.6974,-0.6257,0.2324,7063.273077274323,0,0
S_418,2025-09-01,51.2,17.25,0.6866,-0.6204,0.2353,7063.273077274323,0,0
S_418,2025-10-01,51.2,17.25,0.5974,-0.5556,0.2132,7063.273077274323,0,0
S_418,2025-11-01,51.2,17.25,0.5425,-0.5647,0.1087,7063.273077274323,0,0
S_418,2025-12-01,51.2,17.25,0.5159,-0.5437,0.091,7063.273077274323,0,0
S_418,2026-01-01,51.2,17.25,0.4082,-0.4446,0.1893,7063.273077274323,0,0
S_418,2026-02-01,51.2,17.25,0.4056,-0.4681,-0.0384,7063.273077274323,0,0
S_418,2026-03-01,51.2,17.25,0.4333,-0.4928,-0.0197,7063.273077274323,0,0
S_419,2023-06-01,51.22,17.25,0.6306,-0.5891,0.3448,8164.353191759555,0,0
S_419,2023-07-01,51.22,17.25,0.5323,-0.5294,0.1966,8164.353191759555,0,0
S_419,2023-08-01,51.22,17.25,0.4358,-0.4526,0.0193,8164.353191759555,0,0
S_419,2023-09-01,51.22,17.25,0.4542,-0.4579,0.0699,8164.353191759555,0,0
S_419,2023-10-01,51.22,17.25,0.4306,-0.4495,0.0497,8164.353191759555,0,0
S_419,2023-11-01,51.22,17.25,0.407,-0.4411,0.0295,8164.353191759555,0,0
S_419,2023-12-01,51.22,17.25,0.3344,-0.3594,0.0402,8164.353191759555,0,0
S_419,2024-01-01,51.22,17.25,0.2547,-0.3116,0.1362,8164.353191759555,0,0
S_419,2024-02-01,51.22,17.25,0.4062,-0.5226,-0.0749,8164.353191759555,0,0
S_419,2024-03-01,51.22,17.25,0.302,-0.2746,0.0499,8164.353191759555,0,0
S_419,2024-04-01,51.22,17.25,0.6431,-0.5997,0.3073,8164.353191759555,0,0
S_419,2024-05-01,51.22,17.25,0.5781,-0.5666,0.2227,8164.353191759555,0,0
S_419,2024-06-01,51.22,17.25,0.6305,-0.5778,0.2702,8164.353191759555,0,0
S_419,2024-07-01,51.22,17.25,0.488,-0.4934,0.0661,8164.353191759555,0,0
S_419,2024-08-01,51.22,17.25,0.4888,-0.4854,0.0865,8164.353191759555,0,0
S_419,2024-09-01,51.22,17.25,0.4695,-0.4764,0.0677,8164.353191759555,0,0
S_419,2024-10-01,51.22,17.25,0.3747,-0.4152,-0.0082,8164.353191759555,0,0
S_419,2024-11-01,51.22,17.25,0.38,-0.4167,0.0372,8164.353191759555,0,0
S_419,2024-12-01,51.22,17.25,0.3286,-0.3494,0.0688,8164.353191759555,0,0
S_419,2025-01-01,51.22,17.25,0.3393,-0.3982,0.067,8164.353191759555,0,0
S_419,2025-02-01,51.22,17.25,0.3127,-0.3785,0.0113,8164.353191759555,0,0
S_419,2025-03-01,51.22,17.25,0.3518,-0.3769,0.005,8164.353191759555,0,0
S_419,2025-04-01,51.22,17.25,0.5626,-0.5363,0.2369,8164.353191759555,0,0
S_419,2025-05-01,51.22,17.25,0.5667,-0.5349,0.2437,8164.353191759555,0,0
S_419,2025-06-01,51.22,17.25,0.6437,-0.6043,0.3012,8164.353191759555,0,0
S_419,2025-07-01,51.22,17.25,0.5714,-0.558,0.2402,8164.353191759555,0,0
S_419,2025-08-01,51.22,17.25,0.4666,-0.4763,0.0608,8164.353191759555,0,0
S_419,2025-09-01,51.22,17.25,0.4185,-0.4276,0.0411,8164.353191759555,0,0
S_419,2025-10-01,51.22,17.25,0.4473,-0.4548,0.0883,8164.353191759555,0,0
S_419,2025-11-01,51.22,17.25,0.4535,-0.4697,0.0777,8164.353191759555,0,0
S_419,2025-12-01,51.22,17.25,0.4133,-0.4517,0.1008,8164.353191759555,0,0
S_419,2026-01-01,51.22,17.25,0.2988,-0.363,0.1172,8164.353191759555,0,0
S_419,2026-02-01,51.22,17.25,0.2862,-0.364,-0.0301,8164.353191759555,0,0
S_419,2026-03-01,51.22,17.25,0.3024,-0.3808,-0.038,8164.353191759555,0,0
S_42,2023-06-01,51.18,16.75,0.7816,-0.7033,0.3604,5112.8447514642985,0,0
S_42,2023-07-01,51.18,16.75,0.6905,-0.6545,0.2356,5112.8447514642985,0,0
S_42,2023-08-01,51.18,16.75,0.6674,-0.6069,0.2342,5112.8447514642985,0,0
S_42,2023-09-01,51.18,16.75,0.7247,-0.6691,0.2431,5112.8447514642985,0,0
S_42,2023-10-01,51.18,16.75,0.7071,-0.6614,0.1882,5112.8447514642985,0,0
S_42,2023-11-01,51.18,16.75,0.6276,-0.6459,0.1232,5112.8447514642985,0,0
S_42,2023-12-01,51.18,16.75,0.2818,-0.2874,0.1343,5112.8447514642985,0,0
S_42,2024-01-01,51.18,16.75,0.3925,-0.4373,0.2279,5112.8447514642985,0,0
S_42,2024-02-01,51.18,16.75,0.5102,-0.5925,0.0376,5112.8447514642985,0,0
S_42,2024-03-01,51.18,16.75,0.567,-0.5892,0.1024,5112.8447514642985,0,0
S_42,2024-04-01,51.18,16.75,0.6238,-0.5858,0.1671,5112.8447514642985,0,0
S_42,2024-05-01,51.18,16.75,0.6958,-0.6354,0.2455,5112.8447514642985,0,0
S_42,2024-06-01,51.18,16.75,0.7431,-0.6649,0.273,5112.8447514642985,0,0
S_42,2024-07-01,51.18,16.75,0.6919,-0.6355,0.2136,5112.8447514642985,0,0
S_42,2024-08-01,51.18,16.75,0.7063,-0.6577,0.2127,5112.8447514642985,0,0
S_42,2024-09-01,51.18,16.75,0.7229,-0.67,0.216,5112.8447514642985,0,0
S_42,2024-10-01,51.18,16.75,0.6317,-0.6321,0.0785,5112.8447514642985,0,0
S_42,2024-11-01,51.18,16.75,0.5998,-0.591,0.1004,5112.8447514642985,0,0
S_42,2024-12-01,51.18,16.75,0.3272,-0.3303,0.0677,5112.8447514642985,0,0
S_42,2025-01-01,51.18,16.75,0.4592,-0.5375,0.0298,5112.8447514642985,0,0
S_42,2025-02-01,51.18,16.75,0.3626,-0.42,0.1833,5112.8447514642985,0,0
S_42,2025-03-01,51.18,16.75,0.3973,-0.4579,-0.0755,5112.8447514642985,0,0
S_42,2025-04-01,51.18,16.75,0.4502,-0.493,-0.0501,5112.8447514642985,0,0
S_42,2025-05-01,51.18,16.75,0.6762,-0.6004,0.2418,5112.8447514642985,0,0
S_42,2025-06-01,51.18,16.75,0.7521,-0.6944,0.3,5112.8447514642985,0,0
S_42,2025-07-01,51.18,16.75,0.7808,-0.7007,0.3112,5112.8447514642985,0,0
S_42,2025-08-01,51.18,16.75,0.7344,-0.677,0.266,5112.8447514642985,0,0
S_42,2025-09-01,51.18,16.75,0.7077,-0.6646,0.2235,5112.8447514642985,0,0
S_42,2025-10-01,51.18,16.75,0.638,-0.644,0.1296,5112.8447514642985,0,0
S_42,2025-11-01,51.18,16.75,0.5683,-0.6234,0.0358,5112.8447514642985,0,0
S_42,2025-12-01,51.18,16.75,0.5383,-0.5839,0.1345,5112.8447514642985,0,0
S_42,2026-01-01,51.18,16.75,0.2243,-0.2304,0.4764,5112.8447514642985,0,0
S_42,2026-02-01,51.18,16.75,0.3741,-0.4651,-0.096,5112.8447514642985,0,0
S_42,2026-03-01,51.18,16.75,0.3654,-0.4482,-0.0948,5112.8447514642985,0,0
S_43,2023-06-01,51.2,16.75,0.6726,-0.6329,0.2512,5706.64132954761,0,0
S_43,2023-07-01,51.2,16.75,0.6272,-0.6053,0.1601,5706.64132954761,0,0
S_43,2023-08-01,51.2,16.75,0.7003,-0.6335,0.2036,5706.64132954761,0,0
S_43,2023-09-01,51.2,16.75,0.7139,-0.656,0.2273,5706.64132954761,0,0
S_43,2023-10-01,51.2,16.75,0.7093,-0.6503,0.1754,5706.64132954761,0,0
S_43,2023-11-01,51.2,16.75,0.5749,-0.61,0.0864,5706.64132954761,0,0
S_43,2023-12-01,51.2,16.75,0.424,-0.4622,0.1178,5706.64132954761,0,0
S_43,2024-01-01,51.2,16.75,0.3124,-0.3802,0.1878,5706.64132954761,0,0
S_43,2024-02-01,51.2,16.75,0.4252,-0.5323,-0.0063,5706.64132954761,0,0
S_43,2024-03-01,51.2,16.75,0.4776,-0.5299,0.0372,5706.64132954761,0,0
S_43,2024-04-01,51.2,16.75,0.5299,-0.5275,0.0807,5706.64132954761,0,0
S_43,2024-05-01,51.2,16.75,0.5852,-0.5637,0.1397,5706.64132954761,0,0
S_43,2024-06-01,51.2,16.75,0.7045,-0.6289,0.2463,5706.64132954761,0,0
S_43,2024-07-01,51.2,16.75,0.6625,-0.5937,0.2093,5706.64132954761,0,0
S_43,2024-08-01,51.2,16.75,0.7058,-0.647,0.2136,5706.64132954761,0,0
S_43,2024-09-01,51.2,16.75,0.6695,-0.6326,0.1671,5706.64132954761,0,0
S_43,2024-10-01,51.2,16.75,0.6091,-0.6129,0.0558,5706.64132954761,0,0
S_43,2024-11-01,51.2,16.75,0.567,-0.5559,0.0978,5706.64132954761,0,0
S_43,2024-12-01,51.2,16.75,0.3065,-0.3071,0.0852,5706.64132954761,0,0
S_43,2025-01-01,51.2,16.75,0.4653,-0.5346,0.048,5706.64132954761,0,0
S_43,2025-02-01,51.2,16.75,0.3932,-0.4618,0.0881,5706.64132954761,0,0
S_43,2025-03-01,51.2,16.75,0.3944,-0.4596,-0.058,5706.64132954761,0,0
S_43,2025-04-01,51.2,16.75,0.4399,-0.4903,-0.0434,5706.64132954761,0,0
S_43,2025-05-01,51.2,16.75,0.6546,-0.6001,0.2062,5706.64132954761,0,0
S_43,2025-06-01,51.2,16.75,0.6775,-0.6447,0.2243,5706.64132954761,0,0
S_43,2025-07-01,51.2,16.75,0.6807,-0.6181,0.1977,5706.64132954761,0,0
S_43,2025-08-01,51.2,16.75,0.7161,-0.6555,0.2352,5706.64132954761,0,0
S_43,2025-09-01,51.2,16.75,0.7001,-0.6555,0.1977,5706.64132954761,0,0
S_43,2025-10-01,51.2,16.75,0.6285,-0.629,0.1106,5706.64132954761,0,0
S_43,2025-11-01,51.2,16.75,0.557,-0.6026,0.0234,5706.64132954761,0,0
S_43,2025-12-01,51.2,16.75,0.4477,-0.5131,0.0816,5706.64132954761,0,0
S_43,2026-01-01,51.2,16.75,0.1905,-0.2105,0.4685,5706.64132954761,0,0
S_43,2026-02-01,51.2,16.75,0.3428,-0.4412,-0.1191,5706.64132954761,0,0
S_43,2026-03-01,51.2,16.75,0.3364,-0.4319,-0.1194,5706.64132954761,0,0
S_44,2023-06-01,51.22,16.75,0.4356,-0.4751,0.0785,6775.548434194237,0,0
S_44,2023-07-01,51.22,16.75,0.5949,-0.5823,0.1651,6775.548434194237,0,0
S_44,2023-08-01,51.22,16.75,0.7359,-0.6566,0.3138,6775.548434194237,0,0
S_44,2023-09-01,51.22,16.75,0.7336,-0.6736,0.2936,6775.548434194237,0,0
S_44,2023-10-01,51.22,16.75,0.7195,-0.6489,0.2252,6775.548434194237,0,0
S_44,2023-11-01,51.22,16.75,0.4945,-0.5559,0.0744,6775.548434194237,0,0
S_44,2023-12-01,51.22,16.75,0.3596,-0.4376,0.0799,6775.548434194237,0,0
S_44,2024-01-01,51.22,16.75,0.2182,-0.3145,0.1166,6775.548434194237,0,0
S_44,2024-02-01,51.22,16.75,0.3064,-0.4347,0.0102,6775.548434194237,0,0
S_44,2024-03-01,51.22,16.75,0.351,-0.4362,0.0082,6775.548434194237,0,0
S_44,2024-04-01,51.22,16.75,0.3956,-0.4378,0.0061,6775.548434194237,0,0
S_44,2024-05-01,51.22,16.75,0.4095,-0.4479,0.0336,6775.548434194237,0,0
S_44,2024-06-01,51.22,16.75,0.5318,-0.5106,0.1432,6775.548434194237,0,0
S_44,2024-07-01,51.22,16.75,0.6711,-0.6136,0.2365,6775.548434194237,0,0
S_44,2024-08-01,51.22,16.75,0.6005,-0.5891,0.1577,6775.548434194237,0,0
S_44,2024-09-01,51.22,16.75,0.6637,-0.624,0.1929,6775.548434194237,0,0
S_44,2024-10-01,51.22,16.75,0.4611,-0.5221,-0.0022,6775.548434194237,0,0
S_44,2024-11-01,51.22,16.75,0.4093,-0.4697,0.0171,6775.548434194237,0,0
S_44,2024-12-01,51.22,16.75,0.1453,-0.1349,0.06,6775.548434194237,0,0
S_44,2025-01-01,51.22,16.75,0.3368,-0.4409,0.0069,6775.548434194237,0,0
S_44,2025-02-01,51.22,16.75,0.2419,-0.322,0.184,6775.548434194237,0,0
S_44,2025-03-01,51.22,16.75,0.2844,-0.3806,-0.104,6775.548434194237,0,0
S_44,2025-04-01,51.22,16.75,0.319,-0.4037,-0.0906,6775.548434194237,0,0
S_44,2025-05-01,51.22,16.75,0.482,-0.4924,0.0949,6775.548434194237,0,0
S_44,2025-06-01,51.22,16.75,0.6458,-0.6147,0.262,6775.548434194237,0,0
S_44,2025-07-01,51.22,16.75,0.5671,-0.5472,0.1357,6775.548434194237,0,0
S_44,2025-08-01,51.22,16.75,0.6309,-0.6017,0.1762,6775.548434194237,0,0
S_44,2025-09-01,51.22,16.75,0.5709,-0.5681,0.1083,6775.548434194237,0,0
S_44,2025-10-01,51.22,16.75,0.4953,-0.5373,0.0242,6775.548434194237,0,0
S_44,2025-11-01,51.22,16.75,0.4197,-0.5065,-0.0598,6775.548434194237,0,0
S_44,2025-12-01,51.22,16.75,0.3775,-0.4558,0.0434,6775.548434194237,0,0
S_44,2026-01-01,51.22,16.75,0.1232,-0.162,0.5134,6775.548434194237,0,0
S_44,2026-02-01,51.22,16.75,0.2884,-0.3943,-0.1246,6775.548434194237,0,0
S_44,2026-03-01,51.22,16.75,0.2808,-0.3854,-0.1249,6775.548434194237,0,0
S_45,2023-06-01,51.24,16.75,0.4775,-0.508,0.1184,8302.081445945038,0,0
S_45,2023-07-01,51.24,16.75,0.5552,-0.5635,0.1199,8302.081445945038,0,0
S_45,2023-08-01,51.24,16.75,0.7159,-0.6484,0.2622,8302.081445945038,0,0
S_45,2023-09-01,51.24,16.75,0.7602,-0.6902,0.2765,8302.081445945038,0,0
S_45,2023-10-01,51.24,16.75,0.648,-0.6123,0.1563,8302.081445945038,0,0
S_45,2023-11-01,51.24,16.75,0.4176,-0.5319,-0.0267,8302.081445945038,0,0
S_45,2023-12-01,51.24,16.75,0.3226,-0.4252,0.0356,8302.081445945038,0,0
S_45,2024-01-01,51.24,16.75,0.2299,-0.3191,0.1524,8302.081445945038,0,0
S_45,2024-02-01,51.24,16.75,0.3363,-0.4755,-0.0753,8302.081445945038,0,0
S_45,2024-03-01,51.24,16.75,0.3609,-0.4556,-0.048,8302.081445945038,0,0
S_45,2024-04-01,51.24,16.75,0.3855,-0.4357,-0.0208,8302.081445945038,0,0
S_45,2024-05-01,51.24,16.75,0.44,-0.4759,0.0218,8302.081445945038,0,0
S_45,2024-06-01,51.24,16.75,0.5493,-0.5365,0.14,8302.081445945038,0,0
S_45,2024-07-01,51.24,16.75,0.6101,-0.57,0.2007,8302.081445945038,0,0
S_45,2024-08-01,51.24,16.75,0.6678,-0.6566,0.2084,8302.081445945038,0,0
S_45,2024-09-01,51.24,16.75,0.688,-0.6541,0.1888,8302.081445945038,0,0
S_45,2024-10-01,51.24,16.75,0.3747,-0.4819,-0.0357,8302.081445945038,0,0
S_45,2024-11-01,51.24,16.75,0.3349,-0.4347,-0.0456,8302.081445945038,0,0
S_45,2024-12-01,51.24,16.75,0.3434,-0.4438,-0.0268,8302.081445945038,0,0
S_45,2025-01-01,51.24,16.75,0.3518,-0.4528,-0.008,8302.081445945038,0,0
S_45,2025-02-01,51.24,16.75,0.2277,-0.2935,0.3136,8302.081445945038,0,0
S_45,2025-03-01,51.24,16.75,0.3559,-0.4268,-0.0634,8302.081445945038,0,0
S_45,2025-04-01,51.24,16.75,0.4583,-0.4956,0.0038,8302.081445945038,0,0
S_45,2025-05-01,51.24,16.75,0.6209,-0.594,0.2405,8302.081445945038,0,0
S_45,2025-06-01,51.24,16.75,0.635,-0.6342,0.2563,8302.081445945038,0,0
S_45,2025-07-01,51.24,16.75,0.5034,-0.5037,0.0919,8302.081445945038,0,0
S_45,2025-08-01,51.24,16.75,0.5261,-0.565,0.0618,8302.081445945038,0,0
S_45,2025-09-01,51.24,16.75,0.4949,-0.5329,0.0482,8302.081445945038,0,0
S_45,2025-10-01,51.24,16.75,0.4742,-0.5385,0.0182,8302.081445945038,0,0
S_45,2025-11-01,51.24,16.75,0.4535,-0.544,-0.0118,8302.081445945038,0,0
S_45,2025-12-01,51.24,16.75,0.4353,-0.4889,0.1195,8302.081445945038,0,0
S_45,2026-01-01,51.24,16.75,0.1621,-0.1917,0.5336,8302.081445945038,0,0
S_45,2026-02-01,51.24,16.75,0.3587,-0.4433,-0.0669,8302.081445945038,0,0
S_45,2026-03-01,51.24,16.75,0.3588,-0.4429,-0.07,8302.081445945038,0,0
S_46,2023-06-01,50.96,16.77,0.6447,-0.6095,0.3308,17022.908120220254,0,0
S_46,2023-07-01,50.96,16.77,0.4741,-0.5225,0.099,17022.908120220254,0,0
S_46,2023-08-01,50.96,16.77,0.5832,-0.5485,0.1184,17022.908120220254,0,0
S_46,2023-09-01,50.96,16.77,0.6164,-0.5828,0.1761,17022.908120220254,0,0
S_46,2023-10-01,50.96,16.77,0.4792,-0.5049,0.0102,17022.908120220254,0,0
S_46,2023-11-01,50.96,16.77,0.5024,-0.5409,0.0953,17022.908120220254,0,0
S_46,2023-12-01,50.96,16.77,0.4092,-0.4484,0.1225,17022.908120220254,0,0
S_46,2024-01-01,50.96,16.77,0.1194,-0.1463,0.7475,17022.908120220254,0,0
S_46,2024-02-01,50.96,16.77,0.475,-0.5271,0.0688,17022.908120220254,0,0
S_46,2024-03-01,50.96,16.77,0.3134,-0.3798,-0.013,17022.908120220254,0,0
S_46,2024-04-01,50.96,16.77,0.6042,-0.5869,0.2304,17022.908120220254,0,0
S_46,2024-05-01,50.96,16.77,0.6131,-0.5998,0.2559,17022.908120220254,0,0
S_46,2024-06-01,50.96,16.77,0.6097,-0.5839,0.1877,17022.908120220254,0,0
S_46,2024-07-01,50.96,16.77,0.4046,-0.4068,0.0655,17022.908120220254,0,0
S_46,2024-08-01,50.96,16.77,0.4874,-0.5119,0.0502,17022.908120220254,0,0
S_46,2024-09-01,50.96,16.77,0.5499,-0.546,0.0895,17022.908120220254,0,0
S_46,2024-10-01,50.96,16.77,0.3974,-0.4577,-0.0374,17022.908120220254,0,0
S_46,2024-11-01,50.96,16.77,0.427,-0.4793,0.0063,17022.908120220254,0,0
S_46,2024-12-01,50.96,16.77,0.1733,-0.2494,0.0436,17022.908120220254,0,0
S_46,2025-01-01,50.96,16.77,0.4079,-0.5017,0.0237,17022.908120220254,0,0
S_46,2025-02-01,50.96,16.77,0.2592,-0.312,0.3115,17022.908120220254,0,0
S_46,2025-03-01,50.96,16.77,0.4061,-0.4571,-0.0058,17022.908120220254,0,0
S_46,2025-04-01,50.96,16.77,0.4334,-0.4695,0.0217,17022.908120220254,0,0
S_46,2025-05-01,50.96,16.77,0.5749,-0.5588,0.1876,17022.908120220254,0,0
S_46,2025-06-01,50.96,16.77,0.6471,-0.6195,0.2316,17022.908120220254,0,0
S_46,2025-07-01,50.96,16.77,0.1203,-0.1313,0.0773,17022.908120220254,0,0
S_46,2025-08-01,50.96,16.77,0.6283,-0.6141,0.1812,17022.908120220254,0,0
S_46,2025-09-01,50.96,16.77,0.5841,-0.5748,0.1271,17022.908120220254,0,0
S_46,2025-10-01,50.96,16.77,0.4939,-0.532,0.0417,17022.908120220254,0,0
S_46,2025-11-01,50.96,16.77,0.4037,-0.4892,-0.0437,17022.908120220254,0,0
S_46,2025-12-01,50.96,16.77,0.35,-0.4585,-0.0037,17022.908120220254,0,0
S_46,2026-01-01,50.96,16.77,0.3062,-0.4214,-0.0553,17022.908120220254,0,0
S_46,2026-02-01,50.96,16.77,0.2623,-0.3842,-0.1069,17022.908120220254,0,0
S_46,2026-03-01,50.96,16.77,0.2827,-0.3759,-0.0968,17022.908120220254,0,0
S_47,2023-06-01,50.98,16.77,0.7595,-0.698,0.426,15422.41639279965,0,0
S_47,2023-07-01,50.98,16.77,0.5508,-0.5835,0.1929,15422.41639279965,0,0
S_47,2023-08-01,50.98,16.77,0.5204,-0.5241,0.0952,15422.41639279965,0,0
S_47,2023-09-01,50.98,16.77,0.5775,-0.575,0.158,15422.41639279965,0,0
S_47,2023-10-01,50.98,16.77,0.5129,-0.5375,0.076,15422.41639279965,0,0
S_47,2023-11-01,50.98,16.77,0.611,-0.6015,0.1932,15422.41639279965,0,0
S_47,2023-12-01,50.98,16.77,0.4506,-0.4705,0.1756,15422.41639279965,0,0
S_47,2024-01-01,50.98,16.77,0.1893,-0.2086,0.6284,15422.41639279965,0,0
S_47,2024-02-01,50.98,16.77,0.5101,-0.5682,0.0814,15422.41639279965,0,0
S_47,2024-03-01,50.98,16.77,0.616,-0.6156,0.227,15422.41639279965,0,0
S_47,2024-04-01,50.98,16.77,0.7218,-0.6631,0.3726,15422.41639279965,0,0
S_47,2024-05-01,50.98,16.77,0.7248,-0.665,0.3655,15422.41639279965,0,0
S_47,2024-06-01,50.98,16.77,0.6189,-0.5828,0.2688,15422.41639279965,0,0
S_47,2024-07-01,50.98,16.77,0.5464,-0.5345,0.127,15422.41639279965,0,0
S_47,2024-08-01,50.98,16.77,0.5177,-0.5362,0.0884,15422.41639279965,0,0
S_47,2024-09-01,50.98,16.77,0.5813,-0.5775,0.143,15422.41639279965,0,0
S_47,2024-10-01,50.98,16.77,0.4431,-0.4842,0.0037,15422.41639279965,0,0
S_47,2024-11-01,50.98,16.77,0.4398,-0.492,0.0055,15422.41639279965,0,0
S_47,2024-12-01,50.98,16.77,0.1545,-0.2252,0.0337,15422.41639279965,0,0
S_47,2025-01-01,50.98,16.77,0.3993,-0.5063,0.003,15422.41639279965,0,0
S_47,2025-02-01,50.98,16.77,0.2211,-0.274,0.4145,15422.41639279965,0,0
S_47,2025-03-01,50.98,16.77,0.3924,-0.4467,-0.0374,15422.41639279965,0,0
S_47,2025-04-01,50.98,16.77,0.458,-0.4758,0.0266,15422.41639279965,0,0
S_47,2025-05-01,50.98,16.77,0.6426,-0.592,0.2789,15422.41639279965,0,0
S_47,2025-06-01,50.98,16.77,0.7063,-0.6613,0.3296,15422.41639279965,0,0
S_47,2025-07-01,50.98,16.77,0.675,-0.6438,0.272,15422.41639279965,0,0
S_47,2025-08-01,50.98,16.77,0.6438,-0.6263,0.2144,15422.41639279965,0,0
S_47,2025-09-01,50.98,16.77,0.5801,-0.5772,0.1389,15422.41639279965,0,0
S_47,2025-10-01,50.98,16.77,0.4987,-0.5423,0.0461,15422.41639279965,0,0
S_47,2025-11-01,50.98,16.77,0.4173,-0.5074,-0.0466,15422.41639279965,0,0
S_47,2025-12-01,50.98,16.77,0.3951,-0.5005,-0.0265,15422.41639279965,0,0
S_47,2026-01-01,50.98,16.77,0.3453,-0.4538,-0.07,15422.41639279965,0,0
S_47,2026-02-01,50.98,16.77,0.2955,-0.4071,-0.1134,15422.41639279965,0,0
S_47,2026-03-01,50.98,16.77,0.2979,-0.3877,-0.1069,15422.41639279965,0,0
S_48,2023-06-01,51.0,16.77,0.8444,-0.7534,0.474,13349.921110816154,0,0
S_48,2023-07-01,51.0,16.77,0.6548,-0.6412,0.2415,13349.921110816154,0,0
S_48,2023-08-01,51.0,16.77,0.5939,-0.5665,0.1496,13349.921110816154,0,0
S_48,2023-09-01,51.0,16.77,0.6705,-0.6349,0.1883,13349.921110816154,0,0
S_48,2023-10-01,51.0,16.77,0.6426,-0.6194,0.1491,13349.921110816154,0,0
S_48,2023-11-01,51.0,16.77,0.6243,-0.6338,0.1577,13349.921110816154,0,0
S_48,2023-12-01,51.0,16.77,0.3956,-0.4438,0.1298,13349.921110816154,0,0
S_48,2024-01-01,51.0,16.77,0.241,-0.2591,0.5277,13349.921110816154,0,0
S_48,2024-02-01,51.0,16.77,0.491,-0.5753,0.0136,13349.921110816154,0,0
S_48,2024-03-01,51.0,16.77,0.5798,-0.5871,0.148,13349.921110816154,0,0
S_48,2024-04-01,51.0,16.77,0.6687,-0.5989,0.2823,13349.921110816154,0,0
S_48,2024-05-01,51.0,16.77,0.678,-0.6253,0.28,13349.921110816154,0,0
S_48,2024-06-01,51.0,16.77,0.7014,-0.6424,0.2668,13349.921110816154,0,0
S_48,2024-07-01,51.0,16.77,0.6926,-0.6413,0.2217,13349.921110816154,0,0
S_48,2024-08-01,51.0,16.77,0.7472,-0.696,0.242,13349.921110816154,0,0
S_48,2024-09-01,51.0,16.77,0.6664,-0.6409,0.1979,13349.921110816154,0,0
S_48,2024-10-01,51.0,16.77,0.5447,-0.5689,0.049,13349.921110816154,0,0
S_48,2024-11-01,51.0,16.77,0.5223,-0.5632,0.0307,13349.921110816154,0,0
S_48,2024-12-01,51.0,16.77,0.5075,-0.5739,0.0276,13349.921110816154,0,0
S_48,2025-01-01,51.0,16.77,0.4927,-0.5846,0.0245,13349.921110816154,0,0
S_48,2025-02-01,51.0,16.77,0.3509,-0.4068,0.2371,13349.921110816154,0,0
S_48,2025-03-01,51.0,16.77,0.4671,-0.5157,-0.0284,13349.921110816154,0,0
S_48,2025-04-01,51.0,16.77,0.545,-0.5474,0.0446,13349.921110816154,0,0
S_48,2025-05-01,51.0,16.77,0.6867,-0.627,0.3085,13349.921110816154,0,0
S_48,2025-06-01,51.0,16.77,0.7816,-0.7295,0.3571,13349.921110816154,0,0
S_48,2025-07-01,51.0,16.77,0.7519,-0.7111,0.3034,13349.921110816154,0,0
S_48,2025-08-01,51.0,16.77,0.7222,-0.6928,0.2496,13349.921110816154,0,0
S_48,2025-09-01,51.0,16.77,0.7109,-0.6792,0.2268,13349.921110816154,0,0
S_48,2025-10-01,51.0,16.77,0.6223,-0.6422,0.1122,13349.921110816154,0,0
S_48,2025-11-01,51.0,16.77,0.5337,-0.6053,-0.0023,13349.921110816154,0,0
S_48,2025-12-01,51.0,16.77,0.4901,-0.5768,0.0155,13349.921110816154,0,0
S_48,2026-01-01,51.0,16.77,0.4307,-0.5274,-0.0516,13349.921110816154,0,0
S_48,2026-02-01,51.0,16.77,0.3713,-0.4781,-0.1186,13349.921110816154,0,0
S_48,2026-03-01,51.0,16.77,0.362,-0.4477,-0.1089,13349.921110816154,0,0
S_49,2023-06-01,51.02,16.77,0.7638,-0.6974,0.3942,11333.075173326231,0,0
S_49,2023-07-01,51.02,16.77,0.5918,-0.5855,0.2097,11333.075173326231,0,0
S_49,2023-08-01,51.02,16.77,0.4361,-0.4351,0.0812,11333.075173326231,0,0
S_49,2023-09-01,51.02,16.77,0.5625,-0.5566,0.1023,11333.075173326231,0,0
S_49,2023-10-01,51.02,16.77,0.6078,-0.5795,0.128,11333.075173326231,0,0
S_49,2023-11-01,51.02,16.77,0.6481,-0.6364,0.2018,11333.075173326231,0,0
S_49,2023-12-01,51.02,16.77,0.4309,-0.4362,0.2227,11333.075173326231,0,0
S_49,2024-01-01,51.02,16.77,0.2386,-0.2521,0.5526,11333.075173326231,0,0
S_49,2024-02-01,51.02,16.77,0.5245,-0.5794,0.0848,11333.075173326231,0,0
S_49,2024-03-01,51.02,16.77,0.5973,-0.578,0.1561,11333.075173326231,0,0
S_49,2024-04-01,51.02,16.77,0.6701,-0.5766,0.2274,11333.075173326231,0,0
S_49,2024-05-01,51.02,16.77,0.6813,-0.6202,0.3169,11333.075173326231,0,0
S_49,2024-06-01,51.02,16.77,0.6333,-0.5727,0.2673,11333.075173326231,0,0
S_49,2024-07-01,51.02,16.77,0.5661,-0.5373,0.1369,11333.075173326231,0,0
S_49,2024-08-01,51.02,16.77,0.6,-0.585,0.1402,11333.075173326231,0,0
S_49,2024-09-01,51.02,16.77,0.6031,-0.5717,0.1776,11333.075173326231,0,0
S_49,2024-10-01,51.02,16.77,0.4959,-0.5241,0.0256,11333.075173326231,0,0
S_49,2024-11-01,51.02,16.77,0.5191,-0.5404,0.055,11333.075173326231,0,0
S_49,2024-12-01,51.02,16.77,0.0174,-0.0234,0.1936,11333.075173326231,0,0
S_49,2025-01-01,51.02,16.77,0.4913,-0.5539,0.0487,11333.075173326231,0,0
S_49,2025-02-01,51.02,16.77,0.3563,-0.414,0.2268,11333.075173326231,0,0
S_49,2025-03-01,51.02,16.77,0.4815,-0.5043,0.0248,11333.075173326231,0,0
S_49,2025-04-01,51.02,16.77,0.5695,-0.5584,0.1057,11333.075173326231,0,0
S_49,2025-05-01,51.02,16.77,0.6239,-0.5797,0.3418,11333.075173326231,0,0
S_49,2025-06-01,51.02,16.77,0.7259,-0.6755,0.3405,11333.075173326231,0,0
S_49,2025-07-01,51.02,16.77,0.6452,-0.6238,0.2346,11333.075173326231,0,0
S_49,2025-08-01,51.02,16.77,0.5646,-0.5721,0.1286,11333.075173326231,0,0
S_49,2025-09-01,51.02,16.77,0.5907,-0.5821,0.1397,11333.075173326231,0,0
S_49,2025-10-01,51.02,16.77,0.5428,-0.5701,0.0758,11333.075173326231,0,0
S_49,2025-11-01,51.02,16.77,0.4948,-0.5582,0.0118,11333.075173326231,0,0
S_49,2025-12-01,51.02,16.77,0.4732,-0.5374,0.0252,11333.075173326231,0,0
S_49,2026-01-01,51.02,16.77,0.0537,-0.0433,0.262,11333.075173326231,0,0
S_49,2026-02-01,51.02,16.77,0.359,-0.4458,-0.0958,11333.075173326231,0,0
S_49,2026-03-01,51.02,16.77,0.3564,-0.4274,-0.0866,11333.075173326231,0,0
S_5,2023-06-01,51.04,16.71,0.6367,-0.6127,0.3209,12199.952563339264,0,0
S_5,2023-07-01,51.04,16.71,0.5616,-0.5817,0.2069,12199.952563339264,0,0
S_5,2023-08-01,51.04,16.71,0.5141,-0.5243,0.1084,12199.952563339264,0,0
S_5,2023-09-01,51.04,16.71,0.5467,-0.5505,0.1175,12199.952563339264,0,0
S_5,2023-10-01,51.04,16.71,0.5314,-0.541,0.068,12199.952563339264,0,0
S_5,2023-11-01,51.04,16.71,0.5229,-0.5559,0.1364,12199.952563339264,0,0
S_5,2023-12-01,51.04,16.71,0.4952,-0.4703,0.2037,12199.952563339264,0,0
S_5,2024-01-01,51.04,16.71,0.2025,-0.2242,0.5642,12199.952563339264,0,0
S_5,2024-02-01,51.04,16.71,0.4296,-0.5019,0.0379,12199.952563339264,0,0
S_5,2024-03-01,51.04,16.71,0.4796,-0.5157,0.1096,12199.952563339264,0,0
S_5,2024-04-01,51.04,16.71,0.5295,-0.5296,0.1813,12199.952563339264,0,0
S_5,2024-05-01,51.04,16.71,0.5189,-0.5218,0.1962,12199.952563339264,0,0
S_5,2024-06-01,51.04,16.71,0.5598,-0.5361,0.2122,12199.952563339264,0,0
S_5,2024-07-01,51.04,16.71,0.4965,-0.4907,0.1235,12199.952563339264,0,0
S_5,2024-08-01,51.04,16.71,0.5746,-0.5709,0.1644,12199.952563339264,0,0
S_5,2024-09-01,51.04,16.71,0.4768,-0.5082,0.0625,12199.952563339264,0,0
S_5,2024-10-01,51.04,16.71,0.3764,-0.44,-0.0334,12199.952563339264,0,0
S_5,2024-11-01,51.04,16.71,0.4167,-0.465,0.0331,12199.952563339264,0,0
S_5,2024-12-01,51.04,16.71,0.3749,-0.3623,0.3029,12199.952563339264,0,0
S_5,2025-01-01,51.04,16.71,0.4796,-0.5218,0.1109,12199.952563339264,0,0
S_5,2025-02-01,51.04,16.71,0.3018,-0.3323,0.3905,12199.952563339264,0,0
S_5,2025-03-01,51.04,16.71,0.5441,-0.535,0.1332,12199.952563339264,0,0
S_5,2025-04-01,51.04,16.71,0.646,-0.6138,0.2285,12199.952563339264,0,0
S_5,2025-05-01,51.04,16.71,0.7351,-0.6848,0.3997,12199.952563339264,0,0
S_5,2025-06-01,51.04,16.71,0.6359,-0.6231,0.3098,12199.952563339264,0,0
S_5,2025-07-01,51.04,16.71,0.5429,-0.5639,0.1708,12199.952563339264,0,0
S_5,2025-08-01,51.04,16.71,0.4498,-0.5048,0.0317,12199.952563339264,0,0
S_5,2025-09-01,51.04,16.71,0.4705,-0.5017,0.0493,12199.952563339264,0,0
S_5,2025-10-01,51.04,16.71,0.4902,-0.5302,0.0537,12199.952563339264,0,0
S_5,2025-11-01,51.04,16.71,0.5099,-0.5587,0.0581,12199.952563339264,0,0
S_5,2025-12-01,51.04,16.71,0.4801,-0.5237,0.1111,12199.952563339264,0,0
S_5,2026-01-01,51.04,16.71,0.4047,-0.4742,0.0166,12199.952563339264,0,0
S_5,2026-02-01,51.04,16.71,0.3293,-0.4247,-0.0779,12199.952563339264,0,0
S_5,2026-03-01,51.04,16.71,0.3359,-0.417,-0.0658,12199.952563339264,0,0
S_50,2023-06-01,51.04,16.77,0.6176,-0.5851,0.281,9398.22334858242,0,0
S_50,2023-07-01,51.04,16.77,0.4721,-0.4996,0.093,9398.22334858242,0,0
S_50,2023-08-01,51.04,16.77,0.3119,-0.3097,0.0628,9398.22334858242,0,0
S_50,2023-09-01,51.04,16.77,0.5918,-0.5604,0.1532,9398.22334858242,0,0
S_50,2023-10-01,51.04,16.77,0.4841,-0.491,0.0623,9398.22334858242,0,0
S_50,2023-11-01,51.04,16.77,0.4932,-0.5328,0.0831,9398.22334858242,0,0
S_50,2023-12-01,51.04,16.77,0.352,-0.3946,0.1454,9398.22334858242,0,0
S_50,2024-01-01,51.04,16.77,0.1853,-0.2043,0.5192,9398.22334858242,0,0
S_50,2024-02-01,51.04,16.77,0.4373,-0.5018,0.0329,9398.22334858242,0,0
S_50,2024-03-01,51.04,16.77,0.5012,-0.5285,0.1135,9398.22334858242,0,0
S_50,2024-04-01,51.04,16.77,0.5652,-0.5551,0.1941,9398.22334858242,0,0
S_50,2024-05-01,51.04,16.77,0.5595,-0.5418,0.2007,9398.22334858242,0,0
S_50,2024-06-01,51.04,16.77,0.5266,-0.4903,0.1906,9398.22334858242,0,0
S_50,2024-07-01,51.04,16.77,0.4706,-0.4689,0.0639,9398.22334858242,0,0
S_50,2024-08-01,51.04,16.77,0.5221,-0.5215,0.0884,9398.22334858242,0,0
S_50,2024-09-01,51.04,16.77,0.515,-0.5092,0.1333,9398.22334858242,0,0
S_50,2024-10-01,51.04,16.77,0.4591,-0.4742,0.0729,9398.22334858242,0,0
S_50,2024-11-01,51.04,16.77,0.4517,-0.486,0.0475,9398.22334858242,0,0
S_50,2024-12-01,51.04,16.77,0.1267,-0.158,0.0689,9398.22334858242,0,0
S_50,2025-01-01,51.04,16.77,0.3792,-0.4628,0.0064,9398.22334858242,0,0
S_50,2025-02-01,51.04,16.77,0.2092,-0.2584,0.3541,9398.22334858242,0,0
S_50,2025-03-01,51.04,16.77,0.3438,-0.4,-0.0344,9398.22334858242,0,0
S_50,2025-04-01,51.04,16.77,0.3803,-0.4182,-0.0108,9398.22334858242,0,0
S_50,2025-05-01,51.04,16.77,0.5456,-0.5203,0.2063,9398.22334858242,0,0
S_50,2025-06-01,51.04,16.77,0.5791,-0.5675,0.1814,9398.22334858242,0,0
S_50,2025-07-01,51.04,16.77,0.2422,-0.3094,-0.0866,9398.22334858242,0,0
S_50,2025-08-01,51.04,16.77,0.5968,-0.5762,0.1765,9398.22334858242,0,0
S_50,2025-09-01,51.04,16.77,0.5777,-0.5614,0.1545,9398.22334858242,0,0
S_50,2025-10-01,51.04,16.77,0.497,-0.5304,0.0668,9398.22334858242,0,0
S_50,2025-11-01,51.04,16.77,0.4163,-0.4993,-0.021,9398.22334858242,0,0
S_50,2025-12-01,51.04,16.77,0.3578,-0.4386,0.003,9398.22334858242,0,0
S_50,2026-01-01,51.04,16.77,0.0886,-0.0736,0.3713,9398.22334858242,0,0
S_50,2026-02-01,51.04,16.77,0.2871,-0.3855,-0.1028,9398.22334858242,0,0
S_50,2026-03-01,51.04,16.77,0.2908,-0.3765,-0.091,9398.22334858242,0,0
S_51,2023-06-01,51.06,16.77,0.632,-0.6053,0.2918,7623.368673179539,0,0
S_51,2023-07-01,51.06,16.77,0.552,-0.5713,0.1396,7623.368673179539,0,0
S_51,2023-08-01,51.06,16.77,0.2788,-0.292,0.0093,7623.368673179539,0,0
S_51,2023-09-01,51.06,16.77,0.6623,-0.6294,0.1782,7623.368673179539,0,0
S_51,2023-10-01,51.06,16.77,0.6428,-0.6086,0.1563,7623.368673179539,0,0
S_51,2023-11-01,51.06,16.77,0.4846,-0.543,0.0457,7623.368673179539,0,0
S_51,2023-12-01,51.06,16.77,0.2591,-0.3315,0.0614,7623.368673179539,0,0
S_51,2024-01-01,51.06,16.77,0.2011,-0.2357,0.4225,7623.368673179539,0,0
S_51,2024-02-01,51.06,16.77,0.3859,-0.4952,-0.0473,7623.368673179539,0,0
S_51,2024-03-01,51.06,16.77,0.4287,-0.4886,0.0242,7623.368673179539,0,0
S_51,2024-04-01,51.06,16.77,0.4715,-0.4821,0.0957,7623.368673179539,0,0
S_51,2024-05-01,51.06,16.77,0.4746,-0.4877,0.1192,7623.368673179539,0,0
S_51,2024-06-01,51.06,16.77,0.5469,-0.5332,0.1346,7623.368673179539,0,0
S_51,2024-07-01,51.06,16.77,0.5979,-0.5653,0.1955,7623.368673179539,0,0
S_51,2024-08-01,51.06,16.77,0.6772,-0.6469,0.215,7623.368673179539,0,0
S_51,2024-09-01,51.06,16.77,0.5654,-0.5734,0.1395,7623.368673179539,0,0
S_51,2024-10-01,51.06,16.77,0.499,-0.5331,0.075,7623.368673179539,0,0
S_51,2024-11-01,51.06,16.77,0.4326,-0.4928,0.0104,7623.368673179539,0,0
S_51,2024-12-01,51.06,16.77,0.1545,-0.2581,-0.0074,7623.368673179539,0,0
S_51,2025-01-01,51.06,16.77,0.3557,-0.4623,-0.008,7623.368673179539,0,0
S_51,2025-02-01,51.06,16.77,0.151,-0.1934,0.5691,7623.368673179539,0,0
S_51,2025-03-01,51.06,16.77,0.3464,-0.4109,-0.0602,7623.368673179539,0,0
S_51,2025-04-01,51.06,16.77,0.3898,-0.4288,-0.0288,7623.368673179539,0,0
S_51,2025-05-01,51.06,16.77,0.6729,-0.599,0.2844,7623.368673179539,0,0
S_51,2025-06-01,51.06,16.77,0.6238,-0.6133,0.2198,7623.368673179539,0,0
S_51,2025-07-01,51.06,16.77,0.3692,-0.3776,0.0395,7623.368673179539,0,0
S_51,2025-08-01,51.06,16.77,0.7428,-0.6944,0.2985,7623.368673179539,0,0
S_51,2025-09-01,51.06,16.77,0.6772,-0.639,0.2413,7623.368673179539,0,0
S_51,2025-10-01,51.06,16.77,0.5344,-0.5666,0.0919,7623.368673179539,0,0
S_51,2025-11-01,51.06,16.77,0.3915,-0.4942,-0.0575,7623.368673179539,0,0
S_51,2025-12-01,51.06,16.77,0.3671,-0.4565,-0.0116,7623.368673179539,0,0
S_51,2026-01-01,51.06,16.77,0.3232,-0.4267,-0.0708,7623.368673179539,0,0
S_51,2026-02-01,51.06,16.77,0.2794,-0.3969,-0.1301,7623.368673179539,0,0
S_51,2026-03-01,51.06,16.77,0.2763,-0.3839,-0.1261,7623.368673179539,0,0
S_52,2023-06-01,51.08,16.77,0.686,-0.6464,0.327,6148.669471297736,0,0
S_52,2023-07-01,51.08,16.77,0.5369,-0.5579,0.1307,6148.669471297736,0,0
S_52,2023-08-01,51.08,16.77,0.3527,-0.349,0.0742,6148.669471297736,0,0
S_52,2023-09-01,51.08,16.77,0.5795,-0.5649,0.1171,6148.669471297736,0,0
S_52,2023-10-01,51.08,16.77,0.5487,-0.5473,0.0709,6148.669471297736,0,0
S_52,2023-11-01,51.08,16.77,0.5637,-0.5854,0.1208,6148.669471297736,0,0
S_52,2023-12-01,51.08,16.77,0.4098,-0.42,0.1882,6148.669471297736,0,0
S_52,2024-01-01,51.08,16.77,0.2355,-0.2598,0.4981,6148.669471297736,0,0
S_52,2024-02-01,51.08,16.77,0.4605,-0.5299,0.046,6148.669471297736,0,0
S_52,2024-03-01,51.08,16.77,0.5308,-0.5526,0.1285,6148.669471297736,0,0
S_52,2024-04-01,51.08,16.77,0.601,-0.5752,0.211,6148.669471297736,0,0
S_52,2024-05-01,51.08,16.77,0.5935,-0.5698,0.2252,6148.669471297736,0,0
S_52,2024-06-01,51.08,16.77,0.5839,-0.5474,0.1813,6148.669471297736,0,0
S_52,2024-07-01,51.08,16.77,0.5114,-0.4957,0.1144,6148.669471297736,0,0
S_52,2024-08-01,51.08,16.77,0.6078,-0.594,0.124,6148.669471297736,0,0
S_52,2024-09-01,51.08,16.77,0.5505,-0.5427,0.1359,6148.669471297736,0,0
S_52,2024-10-01,51.08,16.77,0.4294,-0.4789,0.0148,6148.669471297736,0,0
S_52,2024-11-01,51.08,16.77,0.4852,-0.5134,0.0517,6148.669471297736,0,0
S_52,2024-12-01,51.08,16.77,0.2286,-0.2702,0.0493,6148.669471297736,0,0
S_52,2025-01-01,51.08,16.77,0.4285,-0.4962,0.0575,6148.669471297736,0,0
S_52,2025-02-01,51.08,16.77,0.1961,-0.2377,0.5107,6148.669471297736,0,0
S_52,2025-03-01,51.08,16.77,0.398,-0.4502,-0.0173,6148.669471297736,0,0
S_52,2025-04-01,51.08,16.77,0.4571,-0.4842,0.0233,6148.669471297736,0,0
S_52,2025-05-01,51.08,16.77,0.645,-0.6032,0.2593,6148.669471297736,0,0
S_52,2025-06-01,51.08,16.77,0.6128,-0.6041,0.2021,6148.669471297736,0,0
S_52,2025-07-01,51.08,16.77,0.4306,-0.4594,0.0214,6148.669471297736,0,0
S_52,2025-08-01,51.08,16.77,0.6227,-0.6032,0.1754,6148.669471297736,0,0
S_52,2025-09-01,51.08,16.77,0.5888,-0.5822,0.1314,6148.669471297736,0,0
S_52,2025-10-01,51.08,16.77,0.527,-0.5592,0.0651,6148.669471297736,0,0
S_52,2025-11-01,51.08,16.77,0.4651,-0.5362,-0.0012,6148.669471297736,0,0
S_52,2025-12-01,51.08,16.77,0.4414,-0.5012,0.0607,6148.669471297736,0,0
S_52,2026-01-01,51.08,16.77,0.3819,-0.4611,-0.0137,6148.669471297736,0,0
S_52,2026-02-01,51.08,16.77,0.3224,-0.4211,-0.088,6148.669471297736,0,0
S_52,2026-03-01,51.08,16.77,0.324,-0.4122,-0.0809,6148.669471297736,0,0
S_53,2023-06-01,51.1,16.77,0.6702,-0.6419,0.356,5053.636350499835,0,0
S_53,2023-07-01,51.1,16.77,0.4977,-0.541,0.1006,5053.636350499835,0,0
S_53,2023-08-01,51.1,16.77,0.3861,-0.3807,0.0807,5053.636350499835,0,0
S_53,2023-09-01,51.1,16.77,0.5686,-0.5545,0.1143,5053.636350499835,0,0
S_53,2023-10-01,51.1,16.77,0.4435,-0.4818,-0.0108,5053.636350499835,0,0
S_53,2023-11-01,51.1,16.77,0.5188,-0.5528,0.075,5053.636350499835,0,0
S_53,2023-12-01,51.1,16.77,0.3819,-0.3968,0.1529,5053.636350499835,0,0
S_53,2024-01-01,51.1,16.77,0.2497,-0.2781,0.4311,5053.636350499835,0,0
S_53,2024-02-01,51.1,16.77,0.4833,-0.537,0.0631,5053.636350499835,0,0
S_53,2024-03-01,51.1,16.77,0.5647,-0.5722,0.1548,5053.636350499835,0,0
S_53,2024-04-01,51.1,16.77,0.6461,-0.6075,0.2465,5053.636350499835,0,0
S_53,2024-05-01,51.1,16.77,0.6573,-0.6238,0.2823,5053.636350499835,0,0
S_53,2024-06-01,51.1,16.77,0.5764,-0.5409,0.1741,5053.636350499835,0,0
S_53,2024-07-01,51.1,16.77,0.4288,-0.4559,0.0129,5053.636350499835,0,0
S_53,2024-08-01,51.1,16.77,0.4709,-0.5045,0.0063,5053.636350499835,0,0
S_53,2024-09-01,51.1,16.77,0.5607,-0.5504,0.1087,5053.636350499835,0,0
S_53,2024-10-01,51.1,16.77,0.5859,-0.5759,0.1262,5053.636350499835,0,0
S_53,2024-11-01,51.1,16.77,0.5596,-0.5551,0.1507,5053.636350499835,0,0
S_53,2024-12-01,51.1,16.77,0.4572,-0.443,0.1873,5053.636350499835,0,0
S_53,2025-01-01,51.1,16.77,0.4988,-0.5374,0.1533,5053.636350499835,0,0
S_53,2025-02-01,51.1,16.77,0.3056,-0.3495,0.4189,5053.636350499835,0,0
S_53,2025-03-01,51.1,16.77,0.4213,-0.4652,0.0083,5053.636350499835,0,0
S_53,2025-04-01,51.1,16.77,0.4851,-0.5065,0.0601,5053.636350499835,0,0
S_53,2025-05-01,51.1,16.77,0.5927,-0.5705,0.2554,5053.636350499835,0,0
S_53,2025-06-01,51.1,16.77,0.6401,-0.6227,0.2504,5053.636350499835,0,0
S_53,2025-07-01,51.1,16.77,0.4645,-0.491,0.0536,5053.636350499835,0,0
S_53,2025-08-01,51.1,16.77,0.5465,-0.5565,0.1131,5053.636350499835,0,0
S_53,2025-09-01,51.1,16.77,0.5294,-0.5463,0.0705,5053.636350499835,0,0
S_53,2025-10-01,51.1,16.77,0.5078,-0.5471,0.0428,5053.636350499835,0,0
S_53,2025-11-01,51.1,16.77,0.4863,-0.5479,0.0151,5053.636350499835,0,0
S_53,2025-12-01,51.1,16.77,0.4244,-0.4995,0.0166,5053.636350499835,0,0
S_53,2026-01-01,51.1,16.77,0.3907,-0.3836,0.0835,5053.636350499835,0,0
S_53,2026-02-01,51.1,16.77,0.339,-0.4307,-0.0851,5053.636350499835,0,0
S_53,2026-03-01,51.1,16.77,0.3407,-0.4192,-0.08,5053.636350499835,0,0
S_54,2023-06-01,51.12,16.77,0.4945,-0.5121,0.1446,3358.716664473822,0,0
S_54,2023-07-01,51.12,16.77,0.6258,-0.6192,0.1861,3358.716664473822,0,0
S_54,2023-08-01,51.12,16.77,0.4526,-0.4238,0.1535,3358.716664473822,0,0
S_54,2023-09-01,51.12,16.77,0.6806,-0.6376,0.2506,3358.716664473822,0,0
S_54,2023-10-01,51.12,16.77,0.5441,-0.5556,0.0755,3358.716664473822,0,0
S_54,2023-11-01,51.12,16.77,0.4876,-0.5509,0.0684,3358.716664473822,0,0
S_54,2023-12-01,51.12,16.77,0.2697,-0.3097,0.1014,3358.716664473822,0,0
S_54,2024-01-01,51.12,16.77,0.2785,-0.3277,0.2836,3358.716664473822,0,0
S_54,2024-02-01,51.12,16.77,0.4456,-0.5219,0.0149,3358.716664473822,0,0
S_54,2024-03-01,51.12,16.77,0.4836,-0.525,0.0841,3358.716664473822,0,0
S_54,2024-04-01,51.12,16.77,0.5216,-0.528,0.1533,3358.716664473822,0,0
S_54,2024-05-01,51.12,16.77,0.545,-0.5427,0.1962,3358.716664473822,0,0
S_54,2024-06-01,51.12,16.77,0.6188,-0.5782,0.1854,3358.716664473822,0,0
S_54,2024-07-01,51.12,16.77,0.5526,-0.548,0.1129,3358.716664473822,0,0
S_54,2024-08-01,51.12,16.77,0.5909,-0.5846,0.1268,3358.716664473822,0,0
S_54,2024-09-01,51.12,16.77,0.4607,-0.5102,-0.0067,3358.716664473822,0,0
S_54,2024-10-01,51.12,16.77,0.4277,-0.4908,-0.0209,3358.716664473822,0,0
S_54,2024-11-01,51.12,16.77,0.4181,-0.4726,0.0131,3358.716664473822,0,0
S_54,2024-12-01,51.12,16.77,0.3159,-0.3373,0.0663,3358.716664473822,0,0
S_54,2025-01-01,51.12,16.77,0.4063,-0.4806,0.0587,3358.716664473822,0,0
S_54,2025-02-01,51.12,16.77,0.2591,-0.293,0.4006,3358.716664473822,0,0
S_54,2025-03-01,51.12,16.77,0.375,-0.4352,-0.0417,3358.716664473822,0,0
S_54,2025-04-01,51.12,16.77,0.4251,-0.4618,-0.0026,3358.716664473822,0,0
S_54,2025-05-01,51.12,16.77,0.4997,-0.5077,0.1444,3358.716664473822,0,0
S_54,2025-06-01,51.12,16.77,0.6878,-0.663,0.2848,3358.716664473822,0,0
S_54,2025-07-01,51.12,16.77,0.5186,-0.5305,0.0669,3358.716664473822,0,0
S_54,2025-08-01,51.12,16.77,0.6292,-0.6205,0.1731,3358.716664473822,0,0
S_54,2025-09-01,51.12,16.77,0.5372,-0.5525,0.0667,3358.716664473822,0,0
S_54,2025-10-01,51.12,16.77,0.4569,-0.5188,-0.0077,3358.716664473822,0,0
S_54,2025-11-01,51.12,16.77,0.3766,-0.485,-0.0821,3358.716664473822,0,0
S_54,2025-12-01,51.12,16.77,0.3617,-0.4639,-0.0259,3358.716664473822,0,0
S_54,2026-01-01,51.12,16.77,0.3246,-0.4327,-0.0741,3358.716664473822,0,0
S_54,2026-02-01,51.12,16.77,0.2874,-0.4015,-0.1223,3358.716664473822,0,0
S_54,2026-03-01,51.12,16.77,0.2949,-0.39,-0.1223,3358.716664473822,0,0
S_55,2023-06-01,51.14,16.77,0.7686,-0.7108,0.4376,2614.072225314547,0,0
S_55,2023-07-01,51.14,16.77,0.4946,-0.5275,0.1249,2614.072225314547,0,0
S_55,2023-08-01,51.14,16.77,0.3799,-0.3967,0.0018,2614.072225314547,0,0
S_55,2023-09-01,51.14,16.77,0.4663,-0.4745,0.0382,2614.072225314547,0,0
S_55,2023-10-01,51.14,16.77,0.6391,-0.6014,0.1991,2614.072225314547,0,0
S_55,2023-11-01,51.14,16.77,0.6267,-0.6321,0.2558,2614.072225314547,0,0
S_55,2023-12-01,51.14,16.77,0.62,-0.5486,0.4208,2614.072225314547,0,0
S_55,2024-01-01,51.14,16.77,0.4075,-0.4358,0.3635,2614.072225314547,0,0
S_55,2024-02-01,51.14,16.77,0.5972,-0.6092,0.2308,2614.072225314547,0,0
S_55,2024-03-01,51.14,16.77,0.6416,-0.622,0.2936,2614.072225314547,0,0
S_55,2024-04-01,51.14,16.77,0.686,-0.6349,0.3564,2614.072225314547,0,0
S_55,2024-05-01,51.14,16.77,0.7057,-0.649,0.3817,2614.072225314547,0,0
S_55,2024-06-01,51.14,16.77,0.6735,-0.5966,0.3064,2614.072225314547,0,0
S_55,2024-07-01,51.14,16.77,0.4704,-0.4737,0.0275,2614.072225314547,0,0
S_55,2024-08-01,51.14,16.77,0.5457,-0.5452,0.1063,2614.072225314547,0,0
S_55,2024-09-01,51.14,16.77,0.4752,-0.4969,0.0431,2614.072225314547,0,0
S_55,2024-10-01,51.14,16.77,0.4865,-0.5107,0.0444,2614.072225314547,0,0
S_55,2024-11-01,51.14,16.77,0.4449,-0.4684,0.0589,2614.072225314547,0,0
S_55,2024-12-01,51.14,16.77,0.4485,-0.4333,0.1453,2614.072225314547,0,0
S_55,2025-01-01,51.14,16.77,0.5441,-0.5614,0.1582,2614.072225314547,0,0
S_55,2025-02-01,51.14,16.77,0.3556,-0.3752,0.4224,2614.072225314547,0,0
S_55,2025-03-01,51.14,16.77,0.4985,-0.5145,0.1025,2614.072225314547,0,0
S_55,2025-04-01,51.14,16.77,0.5705,-0.5693,0.1673,2614.072225314547,0,0
S_55,2025-05-01,51.14,16.77,0.7295,-0.6698,0.3867,2614.072225314547,0,0
S_55,2025-06-01,51.14,16.77,0.6264,-0.6159,0.2387,2614.072225314547,0,0
S_55,2025-07-01,51.14,16.77,0.552,-0.5634,0.1206,2614.072225314547,0,0
S_55,2025-08-01,51.14,16.77,0.4776,-0.5108,0.0025,2614.072225314547,0,0
S_55,2025-09-01,51.14,16.77,0.5103,-0.5209,0.0882,2614.072225314547,0,0
S_55,2025-10-01,51.14,16.77,0.5631,-0.5684,0.1386,2614.072225314547,0,0
S_55,2025-11-01,51.14,16.77,0.6159,-0.6158,0.1889,2614.072225314547,0,0
S_55,2025-12-01,51.14,16.77,0.5487,-0.5615,0.2154,2614.072225314547,0,0
S_55,2026-01-01,51.14,16.77,0.1198,-0.0995,0.6466,2614.072225314547,0,0
S_55,2026-02-01,51.14,16.77,0.3948,-0.4659,-0.0051,2614.072225314547,0,0
S_55,2026-03-01,51.14,16.77,0.39,-0.4555,-0.0084,2614.072225314547,0,0
S_56,2023-06-01,51.16,16.77,0.792,-0.7098,0.3839,3191.577926385069,0,0
S_56,2023-07-01,51.16,16.77,0.6429,-0.626,0.1889,3191.577926385069,0,0
S_56,2023-08-01,51.16,16.77,0.6288,-0.5736,0.1543,3191.577926385069,0,0
S_56,2023-09-01,51.16,16.77,0.6503,-0.6203,0.143,3191.577926385069,0,0
S_56,2023-10-01,51.16,16.77,0.6738,-0.6393,0.1624,3191.577926385069,0,0
S_56,2023-11-01,51.16,16.77,0.6753,-0.6761,0.2143,3191.577926385069,0,0
S_56,2023-12-01,51.16,16.77,0.671,-0.5639,0.4175,3191.577926385069,0,0
S_56,2024-01-01,51.16,16.77,0.4622,-0.4926,0.3015,3191.577926385069,0,0
S_56,2024-02-01,51.16,16.77,0.5879,-0.6438,0.1101,3191.577926385069,0,0
S_56,2024-03-01,51.16,16.77,0.6136,-0.625,0.1512,3191.577926385069,0,0
S_56,2024-04-01,51.16,16.77,0.6392,-0.6062,0.1924,3191.577926385069,0,0
S_56,2024-05-01,51.16,16.77,0.6893,-0.6343,0.2538,3191.577926385069,0,0
S_56,2024-06-01,51.16,16.77,0.7166,-0.6415,0.2596,3191.577926385069,0,0
S_56,2024-07-01,51.16,16.77,0.6197,-0.5946,0.129,3191.577926385069,0,0
S_56,2024-08-01,51.16,16.77,0.6783,-0.6427,0.1637,3191.577926385069,0,0
S_56,2024-09-01,51.16,16.77,0.7018,-0.6608,0.1954,3191.577926385069,0,0
S_56,2024-10-01,51.16,16.77,0.6964,-0.6834,0.1774,3191.577926385069,0,0
S_56,2024-11-01,51.16,16.77,0.6367,-0.6302,0.1837,3191.577926385069,0,0
S_56,2024-12-01,51.16,16.77,0.4214,-0.4063,0.1604,3191.577926385069,0,0
S_56,2025-01-01,51.16,16.77,0.5668,-0.611,0.1382,3191.577926385069,0,0
S_56,2025-02-01,51.16,16.77,0.4474,-0.4942,0.2651,3191.577926385069,0,0
S_56,2025-03-01,51.16,16.77,0.4571,-0.5049,-0.0012,3191.577926385069,0,0
S_56,2025-04-01,51.16,16.77,0.4992,-0.5377,0.0176,3191.577926385069,0,0
S_56,2025-05-01,51.16,16.77,0.7536,-0.6435,0.3242,3191.577926385069,0,0
S_56,2025-06-01,51.16,16.77,0.7812,-0.715,0.3382,3191.577926385069,0,0
S_56,2025-07-01,51.16,16.77,0.6534,-0.6213,0.1737,3191.577926385069,0,0
S_56,2025-08-01,51.16,16.77,0.693,-0.6564,0.2029,3191.577926385069,0,0
S_56,2025-09-01,51.16,16.77,0.692,-0.6645,0.2122,3191.577926385069,0,0
S_56,2025-10-01,51.16,16.77,0.6502,-0.6569,0.1642,3191.577926385069,0,0
S_56,2025-11-01,51.16,16.77,0.6084,-0.6493,0.1163,3191.577926385069,0,0
S_56,2025-12-01,51.16,16.77,0.5676,-0.6174,0.1481,3191.577926385069,0,0
S_56,2026-01-01,51.16,16.77,0.2602,-0.2467,0.5338,3191.577926385069,0,0
S_56,2026-02-01,51.16,16.77,0.4405,-0.518,-0.0348,3191.577926385069,0,0
S_56,2026-03-01,51.16,16.77,0.4335,-0.4997,-0.0356,3191.577926385069,0,0
S_57,2023-06-01,51.18,16.77,0.7841,-0.7036,0.3268,3746.058938902203,0,0
S_57,2023-07-01,51.18,16.77,0.7426,-0.6838,0.2611,3746.058938902203,0,0
S_57,2023-08-01,51.18,16.77,0.6931,-0.6281,0.2287,3746.058938902203,0,0
S_57,2023-09-01,51.18,16.77,0.7586,-0.6961,0.2751,3746.058938902203,0,0
S_57,2023-10-01,51.18,16.77,0.7653,-0.7086,0.2403,3746.058938902203,0,0
S_57,2023-11-01,51.18,16.77,0.6739,-0.6863,0.1987,3746.058938902203,0,0
S_57,2023-12-01,51.18,16.77,0.4093,-0.4133,0.2087,3746.058938902203,0,0
S_57,2024-01-01,51.18,16.77,0.4809,-0.5009,0.3068,3746.058938902203,0,0
S_57,2024-02-01,51.18,16.77,0.6016,-0.6587,0.1077,3746.058938902203,0,0
S_57,2024-03-01,51.18,16.77,0.6241,-0.6302,0.139,3746.058938902203,0,0
S_57,2024-04-01,51.18,16.77,0.6466,-0.6018,0.1702,3746.058938902203,0,0
S_57,2024-05-01,51.18,16.77,0.7172,-0.6518,0.2411,3746.058938902203,0,0
S_57,2024-06-01,51.18,16.77,0.7835,-0.694,0.304,3746.058938902203,0,0
S_57,2024-07-01,51.18,16.77,0.7097,-0.6423,0.2477,3746.058938902203,0,0
S_57,2024-08-01,51.18,16.77,0.7829,-0.7155,0.2707,3746.058938902203,0,0
S_57,2024-09-01,51.18,16.77,0.7899,-0.7259,0.2798,3746.058938902203,0,0
S_57,2024-10-01,51.18,16.77,0.7199,-0.7039,0.1712,3746.058938902203,0,0
S_57,2024-11-01,51.18,16.77,0.6212,-0.6022,0.1708,3746.058938902203,0,0
S_57,2024-12-01,51.18,16.77,0.3567,-0.3343,0.1704,3746.058938902203,0,0
S_57,2025-01-01,51.18,16.77,0.5775,-0.6152,0.1417,3746.058938902203,0,0
S_57,2025-02-01,51.18,16.77,0.516,-0.5427,0.1983,3746.058938902203,0,0
S_57,2025-03-01,51.18,16.77,0.4692,-0.507,-0.0209,3746.058938902203,0,0
S_57,2025-04-01,51.18,16.77,0.5016,-0.5309,-0.0276,3746.058938902203,0,0
S_57,2025-05-01,51.18,16.77,0.7311,-0.6378,0.263,3746.058938902203,0,0
S_57,2025-06-01,51.18,16.77,0.8124,-0.7386,0.3306,3746.058938902203,0,0
S_57,2025-07-01,51.18,16.77,0.7547,-0.6792,0.2887,3746.058938902203,0,0
S_57,2025-08-01,51.18,16.77,0.8085,-0.7311,0.3161,3746.058938902203,0,0
S_57,2025-09-01,51.18,16.77,0.8002,-0.734,0.3071,3746.058938902203,0,0
S_57,2025-10-01,51.18,16.77,0.7242,-0.7086,0.2248,3746.058938902203,0,0
S_57,2025-11-01,51.18,16.77,0.6482,-0.6833,0.1424,3746.058938902203,0,0
S_57,2025-12-01,51.18,16.77,0.6018,-0.6364,0.1832,3746.058938902203,0,0
S_57,2026-01-01,51.18,16.77,0.3392,-0.3101,0.5154,3746.058938902203,0,0
S_57,2026-02-01,51.18,16.77,0.4838,-0.5413,-0.0031,3746.058938902203,0,0
S_57,2026-03-01,51.18,16.77,0.4703,-0.5205,-0.0087,3746.058938902203,0,0
S_58,2023-06-01,51.2,16.77,0.7866,-0.708,0.3342,4425.096477717739,0,0
S_58,2023-07-01,51.2,16.77,0.7377,-0.68,0.2569,4425.096477717739,0,0
S_58,2023-08-01,51.2,16.77,0.5856,-0.5323,0.1975,4425.096477717739,0,0
S_58,2023-09-01,51.2,16.77,0.7701,-0.6993,0.2721,4425.096477717739,0,0
S_58,2023-10-01,51.2,16.77,0.7865,-0.7178,0.26,4425.096477717739,0,0
S_58,2023-11-01,51.2,16.77,0.6827,-0.6899,0.1796,4425.096477717739,0,0
S_58,2023-12-01,51.2,16.77,0.5224,-0.5288,0.1689,4425.096477717739,0,0
S_58,2024-01-01,51.2,16.77,0.4524,-0.4798,0.3007,4425.096477717739,0,0
S_58,2024-02-01,51.2,16.77,0.5959,-0.6516,0.1094,4425.096477717739,0,0
S_58,2024-03-01,51.2,16.77,0.619,-0.6245,0.1382,4425.096477717739,0,0
S_58,2024-04-01,51.2,16.77,0.642,-0.5974,0.1671,4425.096477717739,0,0
S_58,2024-05-01,51.2,16.77,0.6702,-0.625,0.2008,4425.096477717739,0,0
S_58,2024-06-01,51.2,16.77,0.7334,-0.6626,0.2496,4425.096477717739,0,0
S_58,2024-07-01,51.2,16.77,0.617,-0.5709,0.1709,4425.096477717739,0,0
S_58,2024-08-01,51.2,16.77,0.7819,-0.7146,0.247,4425.096477717739,0,0
S_58,2024-09-01,51.2,16.77,0.7562,-0.7028,0.2401,4425.096477717739,0,0
S_58,2024-10-01,51.2,16.77,0.6885,-0.6767,0.1376,4425.096477717739,0,0
S_58,2024-11-01,51.2,16.77,0.6109,-0.5994,0.147,4425.096477717739,0,0
S_58,2024-12-01,51.2,16.77,0.316,-0.3186,0.1217,4425.096477717739,0,0
S_58,2025-01-01,51.2,16.77,0.5523,-0.5955,0.1261,4425.096477717739,0,0
S_58,2025-02-01,51.2,16.77,0.4784,-0.518,0.1997,4425.096477717739,0,0
S_58,2025-03-01,51.2,16.77,0.4688,-0.5098,-0.0237,4425.096477717739,0,0
S_58,2025-04-01,51.2,16.77,0.52,-0.5473,-0.0208,4425.096477717739,0,0
S_58,2025-05-01,51.2,16.77,0.7103,-0.6264,0.2485,4425.096477717739,0,0
S_58,2025-06-01,51.2,16.77,0.8038,-0.7335,0.3294,4425.096477717739,0,0
S_58,2025-07-01,51.2,16.77,0.7579,-0.6855,0.2638,4425.096477717739,0,0
S_58,2025-08-01,51.2,16.77,0.7905,-0.7197,0.2961,4425.096477717739,0,0
S_58,2025-09-01,51.2,16.77,0.7594,-0.7065,0.2705,4425.096477717739,0,0
S_58,2025-10-01,51.2,16.77,0.697,-0.6891,0.193,4425.096477717739,0,0
S_58,2025-11-01,51.2,16.77,0.6345,-0.6718,0.1154,4425.096477717739,0,0
S_58,2025-12-01,51.2,16.77,0.5821,-0.616,0.1845,4425.096477717739,0,0
S_58,2026-01-01,51.2,16.77,0.3485,-0.3431,0.4661,4425.096477717739,0,0
S_58,2026-02-01,51.2,16.77,0.4626,-0.5281,-0.0154,4425.096477717739,0,0
S_58,2026-03-01,51.2,16.77,0.4521,-0.5137,-0.0269,4425.096477717739,0,0
S_59,2023-06-01,51.22,16.77,0.6547,-0.6312,0.2735,5718.539643471043,0,0
S_59,2023-07-01,51.22,16.77,0.5763,-0.5847,0.1435,5718.539643471043,0,0
S_59,2023-08-01,51.22,16.77,0.6734,-0.6117,0.2475,5718.539643471043,0,0
S_59,2023-09-01,51.22,16.77,0.6368,-0.6119,0.1916,5718.539643471043,0,0
S_59,2023-10-01,51.22,16.77,0.7234,-0.6597,0.1967,5718.539643471043,0,0
S_59,2023-11-01,51.22,16.77,0.6257,-0.632,0.1706,5718.539643471043,0,0
S_59,2023-12-01,51.22,16.77,0.4564,-0.4793,0.1801,5718.539643471043,0,0
S_59,2024-01-01,51.22,16.77,0.2742,-0.347,0.2039,5718.539643471043,0,0
S_59,2024-02-01,51.22,16.77,0.3565,-0.4818,0.0186,5718.539643471043,0,0
S_59,2024-03-01,51.22,16.77,0.3974,-0.4729,0.0238,5718.539643471043,0,0
S_59,2024-04-01,51.22,16.77,0.4384,-0.464,0.0289,5718.539643471043,0,0
S_59,2024-05-01,51.22,16.77,0.4448,-0.4718,0.047,5718.539643471043,0,0
S_59,2024-06-01,51.22,16.77,0.6098,-0.5725,0.1719,5718.539643471043,0,0
S_59,2024-07-01,51.22,16.77,0.7254,-0.6491,0.3012,5718.539643471043,0,0
S_59,2024-08-01,51.22,16.77,0.7381,-0.6779,0.2708,5718.539643471043,0,0
S_59,2024-09-01,51.22,16.77,0.7118,-0.6565,0.2116,5718.539643471043,0,0
S_59,2024-10-01,51.22,16.77,0.5532,-0.5775,0.0532,5718.539643471043,0,0
S_59,2024-11-01,51.22,16.77,0.4567,-0.4983,0.0275,5718.539643471043,0,0
S_59,2024-12-01,51.22,16.77,0.167,-0.1461,0.099,5718.539643471043,0,0
S_59,2025-01-01,51.22,16.77,0.3853,-0.4709,0.0246,5718.539643471043,0,0
S_59,2025-02-01,51.22,16.77,0.2917,-0.3602,0.2293,5718.539643471043,0,0
S_59,2025-03-01,51.22,16.77,0.3362,-0.4212,-0.0901,5718.539643471043,0,0
S_59,2025-04-01,51.22,16.77,0.3872,-0.4542,-0.0688,5718.539643471043,0,0
S_59,2025-05-01,51.22,16.77,0.5289,-0.5248,0.1304,5718.539643471043,0,0
S_59,2025-06-01,51.22,16.77,0.6926,-0.6582,0.2588,5718.539643471043,0,0
S_59,2025-07-01,51.22,16.77,0.6986,-0.6354,0.2428,5718.539643471043,0,0
S_59,2025-08-01,51.22,16.77,0.6835,-0.6556,0.2081,5718.539643471043,0,0
S_59,2025-09-01,51.22,16.77,0.6878,-0.6565,0.1988,5718.539643471043,0,0
S_59,2025-10-01,51.22,16.77,0.5687,-0.602,0.0798,5718.539643471043,0,0
S_59,2025-11-01,51.22,16.77,0.4496,-0.5474,-0.0391,5718.539643471043,0,0
S_59,2025-12-01,51.22,16.77,0.384,-0.4807,0.0537,5718.539643471043,0,0
S_59,2026-01-01,51.22,16.77,0.1769,-0.2151,0.4033,5718.539643471043,0,0
S_59,2026-02-01,51.22,16.77,0.2935,-0.4106,-0.1416,5718.539643471043,0,0
S_59,2026-03-01,51.22,16.77,0.2967,-0.4101,-0.1496,5718.539643471043,0,0
S_6,2023-06-01,51.06,16.71,0.7547,-0.7047,0.4405,10890.438633297126,0,0
S_6,2023-07-01,51.06,16.71,0.403,-0.4823,0.0592,10890.438633297126,0,0
S_6,2023-08-01,51.06,16.71,0.3672,-0.436,-0.0828,10890.438633297126,0,0
S_6,2023-09-01,51.06,16.71,0.3705,-0.4273,-0.0332,10890.438633297126,0,0
S_6,2023-10-01,51.06,16.71,0.4786,-0.4813,0.0563,10890.438633297126,0,0
S_6,2023-11-01,51.06,16.71,0.7093,-0.6545,0.3157,10890.438633297126,0,0
S_6,2023-12-01,51.06,16.71,0.4803,-0.4734,0.2389,10890.438633297126,0,0
S_6,2024-01-01,51.06,16.71,0.2874,-0.2995,0.637,10890.438633297126,0,0
S_6,2024-02-01,51.06,16.71,0.5657,-0.5901,0.1608,10890.438633297126,0,0
S_6,2024-03-01,51.06,16.71,0.6076,-0.6048,0.235,10890.438633297126,0,0
S_6,2024-04-01,51.06,16.71,0.6496,-0.6195,0.3092,10890.438633297126,0,0
S_6,2024-05-01,51.06,16.71,0.643,-0.6101,0.3239,10890.438633297126,0,0
S_6,2024-06-01,51.06,16.71,0.5668,-0.5148,0.2712,10890.438633297126,0,0
S_6,2024-07-01,51.06,16.71,0.4742,-0.4843,0.0594,10890.438633297126,0,0
S_6,2024-08-01,51.06,16.71,0.458,-0.4926,0.0309,10890.438633297126,0,0
S_6,2024-09-01,51.06,16.71,0.432,-0.4718,0.0125,10890.438633297126,0,0
S_6,2024-10-01,51.06,16.71,0.437,-0.4734,0.0332,10890.438633297126,0,0
S_6,2024-11-01,51.06,16.71,0.4421,-0.4749,0.054,10890.438633297126,0,0
S_6,2024-12-01,51.06,16.71,0.4156,-0.4017,0.2206,10890.438633297126,0,0
S_6,2025-01-01,51.06,16.71,0.5015,-0.5262,0.1536,10890.438633297126,0,0
S_6,2025-02-01,51.06,16.71,0.3002,-0.319,0.4357,10890.438633297126,0,0
S_6,2025-03-01,51.06,16.71,0.5459,-0.5367,0.1346,10890.438633297126,0,0
S_6,2025-04-01,51.06,16.71,0.6209,-0.5973,0.2014,10890.438633297126,0,0
S_6,2025-05-01,51.06,16.71,0.6542,-0.6266,0.3399,10890.438633297126,0,0
S_6,2025-06-01,51.06,16.71,0.6161,-0.612,0.2667,10890.438633297126,0,0
S_6,2025-07-01,51.06,16.71,0.5458,-0.5656,0.1531,10890.438633297126,0,0
S_6,2025-08-01,51.06,16.71,0.4756,-0.5193,0.0395,10890.438633297126,0,0
S_6,2025-09-01,51.06,16.71,0.3927,-0.4518,-0.0088,10890.438633297126,0,0
S_6,2025-10-01,51.06,16.71,0.4593,-0.503,0.0426,10890.438633297126,0,0
S_6,2025-11-01,51.06,16.71,0.5259,-0.5541,0.0939,10890.438633297126,0,0
S_6,2025-12-01,51.06,16.71,0.5413,-0.5448,0.1967,10890.438633297126,0,0
S_6,2026-01-01,51.06,16.71,0.2022,-0.2004,0.4627,10890.438633297126,0,0
S_6,2026-02-01,51.06,16.71,0.3775,-0.4443,-0.0044,10890.438633297126,0,0
S_6,2026-03-01,51.06,16.71,0.3898,-0.4435,0.0062,10890.438633297126,0,0
S_60,2023-06-01,51.24,16.77,0.6567,-0.6268,0.2595,7464.841019661316,0,0
S_60,2023-07-01,51.24,16.77,0.6635,-0.637,0.213,7464.841019661316,0,0
S_60,2023-08-01,51.24,16.77,0.7305,-0.662,0.2686,7464.841019661316,0,0
S_60,2023-09-01,51.24,16.77,0.7541,-0.6927,0.2768,7464.841019661316,0,0
S_60,2023-10-01,51.24,16.77,0.7067,-0.6531,0.2094,7464.841019661316,0,0
S_60,2023-11-01,51.24,16.77,0.6169,-0.6407,0.1283,7464.841019661316,0,0
S_60,2023-12-01,51.24,16.77,0.4202,-0.4641,0.0829,7464.841019661316,0,0
S_60,2024-01-01,51.24,16.77,0.3281,-0.3882,0.1532,7464.841019661316,0,0
S_60,2024-02-01,51.24,16.77,0.4412,-0.5426,0.0076,7464.841019661316,0,0
S_60,2024-03-01,51.24,16.77,0.507,-0.5418,0.0708,7464.841019661316,0,0
S_60,2024-04-01,51.24,16.77,0.5729,-0.541,0.134,7464.841019661316,0,0
S_60,2024-05-01,51.24,16.77,0.6049,-0.5781,0.1786,7464.841019661316,0,0
S_60,2024-06-01,51.24,16.77,0.6589,-0.6168,0.2,7464.841019661316,0,0
S_60,2024-07-01,51.24,16.77,0.6802,-0.616,0.2482,7464.841019661316,0,0
S_60,2024-08-01,51.24,16.77,0.7307,-0.6805,0.2182,7464.841019661316,0,0
S_60,2024-09-01,51.24,16.77,0.7111,-0.6714,0.2018,7464.841019661316,0,0
S_60,2024-10-01,51.24,16.77,0.5483,-0.5745,0.0599,7464.841019661316,0,0
S_60,2024-11-01,51.24,16.77,0.4888,-0.5225,0.049,7464.841019661316,0,0
S_60,2024-12-01,51.24,16.77,0.4625,-0.5171,0.0304,7464.841019661316,0,0
S_60,2025-01-01,51.24,16.77,0.4362,-0.5117,0.0118,7464.841019661316,0,0
S_60,2025-02-01,51.24,16.77,0.364,-0.4381,0.152,7464.841019661316,0,0
S_60,2025-03-01,51.24,16.77,0.3944,-0.4601,-0.0861,7464.841019661316,0,0
S_60,2025-04-01,51.24,16.77,0.4614,-0.5013,-0.0424,7464.841019661316,0,0
S_60,2025-05-01,51.24,16.77,0.713,-0.631,0.2983,7464.841019661316,0,0
S_60,2025-06-01,51.24,16.77,0.709,-0.6781,0.2691,7464.841019661316,0,0
S_60,2025-07-01,51.24,16.77,0.7159,-0.6524,0.2521,7464.841019661316,0,0
S_60,2025-08-01,51.24,16.77,0.7129,-0.6722,0.2127,7464.841019661316,0,0
S_60,2025-09-01,51.24,16.77,0.7145,-0.6756,0.206,7464.841019661316,0,0
S_60,2025-10-01,51.24,16.77,0.6144,-0.6387,0.0939,7464.841019661316,0,0
S_60,2025-11-01,51.24,16.77,0.5143,-0.6019,-0.0181,7464.841019661316,0,0
S_60,2025-12-01,51.24,16.77,0.433,-0.4916,0.0646,7464.841019661316,0,0
S_60,2026-01-01,51.24,16.77,0.204,-0.2219,0.4132,7464.841019661316,0,0
S_60,2026-02-01,51.24,16.77,0.3611,-0.4593,-0.132,7464.841019661316,0,0
S_60,2026-03-01,51.24,16.77,0.3586,-0.4527,-0.134,7464.841019661316,0,0
S_61,2023-06-01,50.96,16.79,0.7151,-0.665,0.3739,15947.047960674154,0,0
S_61,2023-07-01,50.96,16.79,0.5806,-0.5813,0.2276,15947.047960674154,0,0
S_61,2023-08-01,50.96,16.79,0.5545,-0.5468,0.1049,15947.047960674154,0,0
S_61,2023-09-01,50.96,16.79,0.5991,-0.5816,0.1565,15947.047960674154,0,0
S_61,2023-10-01,50.96,16.79,0.4903,-0.5198,0.0259,15947.047960674154,0,0
S_61,2023-11-01,50.96,16.79,0.5615,-0.5821,0.1215,15947.047960674154,0,0
S_61,2023-12-01,50.96,16.79,0.3914,-0.4457,0.1353,15947.047960674154,0,0
S_61,2024-01-01,50.96,16.79,0.1539,-0.1815,0.6569,15947.047960674154,0,0
S_61,2024-02-01,50.96,16.79,0.4741,-0.5372,0.059,15947.047960674154,0,0
S_61,2024-03-01,50.96,16.79,0.5023,-0.4986,0.1264,15947.047960674154,0,0
S_61,2024-04-01,50.96,16.79,0.5702,-0.5564,0.1849,15947.047960674154,0,0
S_61,2024-05-01,50.96,16.79,0.5961,-0.5793,0.2357,15947.047960674154,0,0
S_61,2024-06-01,50.96,16.79,0.6699,-0.6201,0.2654,15947.047960674154,0,0
S_61,2024-07-01,50.96,16.79,0.4929,-0.4831,0.135,15947.047960674154,0,0
S_61,2024-08-01,50.96,16.79,0.5958,-0.5865,0.1431,15947.047960674154,0,0
S_61,2024-09-01,50.96,16.79,0.5306,-0.5414,0.0776,15947.047960674154,0,0
S_61,2024-10-01,50.96,16.79,0.457,-0.5047,0.0013,15947.047960674154,0,0
S_61,2024-11-01,50.96,16.79,0.4849,-0.5222,0.0494,15947.047960674154,0,0
S_61,2024-12-01,50.96,16.79,0.158,-0.2841,0.0139,15947.047960674154,0,0
S_61,2025-01-01,50.96,16.79,0.4359,-0.5306,0.0379,15947.047960674154,0,0
S_61,2025-02-01,50.96,16.79,0.2905,-0.3377,0.2903,15947.047960674154,0,0
S_61,2025-03-01,50.96,16.79,0.4387,-0.4843,0.0141,15947.047960674154,0,0
S_61,2025-04-01,50.96,16.79,0.5117,-0.5218,0.0839,15947.047960674154,0,0
S_61,2025-05-01,50.96,16.79,0.6207,-0.5899,0.2838,15947.047960674154,0,0
S_61,2025-06-01,50.96,16.79,0.703,-0.6515,0.3465,15947.047960674154,0,0
S_61,2025-07-01,50.96,16.79,0.6325,-0.6127,0.2388,15947.047960674154,0,0
S_61,2025-08-01,50.96,16.79,0.5621,-0.5739,0.131,15947.047960674154,0,0
S_61,2025-09-01,50.96,16.79,0.5502,-0.5614,0.0947,15947.047960674154,0,0
S_61,2025-10-01,50.96,16.79,0.5058,-0.5492,0.0414,15947.047960674154,0,0
S_61,2025-11-01,50.96,16.79,0.4615,-0.5371,-0.012,15947.047960674154,0,0
S_61,2025-12-01,50.96,16.79,0.4361,-0.5122,0.0274,15947.047960674154,0,0
S_61,2026-01-01,50.96,16.79,0.3792,-0.4704,-0.0409,15947.047960674154,0,0
S_61,2026-02-01,50.96,16.79,0.3222,-0.4285,-0.1092,15947.047960674154,0,0
S_61,2026-03-01,50.96,16.79,0.3342,-0.4094,-0.0958,15947.047960674154,0,0
S_62,2023-06-01,50.98,16.79,0.6317,-0.6064,0.3325,14509.12439155469,0,0
S_62,2023-07-01,50.98,16.79,0.4601,-0.5161,0.1273,14509.12439155469,0,0
S_62,2023-08-01,50.98,16.79,0.4583,-0.4763,0.038,14509.12439155469,0,0
S_62,2023-09-01,50.98,16.79,0.5398,-0.5308,0.123,14509.12439155469,0,0
S_62,2023-10-01,50.98,16.79,0.3962,-0.4538,-0.0256,14509.12439155469,0,0
S_62,2023-11-01,50.98,16.79,0.4534,-0.5137,0.1035,14509.12439155469,0,0
S_62,2023-12-01,50.98,16.79,0.3854,-0.4676,0.1271,14509.12439155469,0,0
S_62,2024-01-01,50.98,16.79,0.1248,-0.1472,0.7029,14509.12439155469,0,0
S_62,2024-02-01,50.98,16.79,0.4319,-0.4927,0.0867,14509.12439155469,0,0
S_62,2024-03-01,50.98,16.79,0.4262,-0.4238,0.087,14509.12439155469,0,0
S_62,2024-04-01,50.98,16.79,0.6201,-0.5933,0.3293,14509.12439155469,0,0
S_62,2024-05-01,50.98,16.79,0.5621,-0.556,0.2497,14509.12439155469,0,0
S_62,2024-06-01,50.98,16.79,0.6085,-0.5659,0.2295,14509.12439155469,0,0
S_62,2024-07-01,50.98,16.79,0.4258,-0.4441,0.034,14509.12439155469,0,0
S_62,2024-08-01,50.98,16.79,0.4443,-0.4761,0.0448,14509.12439155469,0,0
S_62,2024-09-01,50.98,16.79,0.4141,-0.4628,0.0163,14509.12439155469,0,0
S_62,2024-10-01,50.98,16.79,0.42,-0.473,0.0245,14509.12439155469,0,0
S_62,2024-11-01,50.98,16.79,0.4675,-0.5039,0.0945,14509.12439155469,0,0
S_62,2024-12-01,50.98,16.79,0.0907,-0.1727,0.0159,14509.12439155469,0,0
S_62,2025-01-01,50.98,16.79,0.4536,-0.5128,0.1344,14509.12439155469,0,0
S_62,2025-02-01,50.98,16.79,0.246,-0.2772,0.4705,14509.12439155469,0,0
S_62,2025-03-01,50.98,16.79,0.4534,-0.49,0.0945,14509.12439155469,0,0
S_62,2025-04-01,50.98,16.79,0.5115,-0.5235,0.1463,14509.12439155469,0,0
S_62,2025-05-01,50.98,16.79,0.5258,-0.5204,0.2726,14509.12439155469,0,0
S_62,2025-06-01,50.98,16.79,0.5993,-0.5826,0.2884,14509.12439155469,0,0
S_62,2025-07-01,50.98,16.79,0.4899,-0.4945,0.0969,14509.12439155469,0,0
S_62,2025-08-01,50.98,16.79,0.5022,-0.5218,0.0991,14509.12439155469,0,0
S_62,2025-09-01,50.98,16.79,0.4381,-0.4824,0.0282,14509.12439155469,0,0
S_62,2025-10-01,50.98,16.79,0.4241,-0.4844,0.0106,14509.12439155469,0,0
S_62,2025-11-01,50.98,16.79,0.4101,-0.4864,-0.0069,14509.12439155469,0,0
S_62,2025-12-01,50.98,16.79,0.4218,-0.4921,0.0703,14509.12439155469,0,0
S_62,2026-01-01,50.98,16.79,0.3688,-0.4492,0.0163,14509.12439155469,0,0
S_62,2026-02-01,50.98,16.79,0.3157,-0.4064,-0.0377,14509.12439155469,0,0
S_62,2026-03-01,50.98,16.79,0.3337,-0.4021,-0.0341,14509.12439155469,0,0
S_63,2023-06-01,51.0,16.79,0.7564,-0.688,0.3798,12846.126033979224,0,0
S_63,2023-07-01,51.0,16.79,0.638,-0.6218,0.2327,12846.126033979224,0,0
S_63,2023-08-01,51.0,16.79,0.6208,-0.5945,0.1542,12846.126033979224,0,0
S_63,2023-09-01,51.0,16.79,0.6606,-0.6199,0.1745,12846.126033979224,0,0
S_63,2023-10-01,51.0,16.79,0.5874,-0.5792,0.0832,12846.126033979224,0,0
S_63,2023-11-01,51.0,16.79,0.5711,-0.5997,0.1081,12846.126033979224,0,0
S_63,2023-12-01,51.0,16.79,0.3771,-0.4494,0.1545,12846.126033979224,0,0
S_63,2024-01-01,51.0,16.79,0.1826,-0.2041,0.5893,12846.126033979224,0,0
S_63,2024-02-01,51.0,16.79,0.4756,-0.5588,0.0185,12846.126033979224,0,0
S_63,2024-03-01,51.0,16.79,0.419,-0.4309,0.0141,12846.126033979224,0,0
S_63,2024-04-01,51.0,16.79,0.5898,-0.5319,0.1102,12846.126033979224,0,0
S_63,2024-05-01,51.0,16.79,0.7027,-0.6445,0.2837,12846.126033979224,0,0
S_63,2024-06-01,51.0,16.79,0.7471,-0.6705,0.3066,12846.126033979224,0,0
S_63,2024-07-01,51.0,16.79,0.5873,-0.5667,0.1105,12846.126033979224,0,0
S_63,2024-08-01,51.0,16.79,0.5904,-0.5899,0.0914,12846.126033979224,0,0
S_63,2024-09-01,51.0,16.79,0.5848,-0.5665,0.1512,12846.126033979224,0,0
S_63,2024-10-01,51.0,16.79,0.544,-0.5653,0.0418,12846.126033979224,0,0
S_63,2024-11-01,51.0,16.79,0.5436,-0.5685,0.062,12846.126033979224,0,0
S_63,2024-12-01,51.0,16.79,0.5148,-0.5672,0.0479,12846.126033979224,0,0
S_63,2025-01-01,51.0,16.79,0.486,-0.5659,0.0338,12846.126033979224,0,0
S_63,2025-02-01,51.0,16.79,0.3381,-0.4028,0.2125,12846.126033979224,0,0
S_63,2025-03-01,51.0,16.79,0.416,-0.4802,-0.068,12846.126033979224,0,0
S_63,2025-04-01,51.0,16.79,0.4685,-0.499,-0.0223,12846.126033979224,0,0
S_63,2025-05-01,51.0,16.79,0.6415,-0.6027,0.2173,12846.126033979224,0,0
S_63,2025-06-01,51.0,16.79,0.7714,-0.7029,0.3498,12846.126033979224,0,0
S_63,2025-07-01,51.0,16.79,0.7239,-0.6772,0.2883,12846.126033979224,0,0
S_63,2025-08-01,51.0,16.79,0.6764,-0.6515,0.2268,12846.126033979224,0,0
S_63,2025-09-01,51.0,16.79,0.6196,-0.6136,0.1529,12846.126033979224,0,0
S_63,2025-10-01,51.0,16.79,0.5424,-0.5842,0.0664,12846.126033979224,0,0
S_63,2025-11-01,51.0,16.79,0.4652,-0.5549,-0.0201,12846.126033979224,0,0
S_63,2025-12-01,51.0,16.79,0.4421,-0.5502,-0.0042,12846.126033979224,0,0
S_63,2026-01-01,51.0,16.79,0.3921,-0.5032,-0.0626,12846.126033979224,0,0
S_63,2026-02-01,51.0,16.79,0.3421,-0.4563,-0.1211,12846.126033979224,0,0
S_63,2026-03-01,51.0,16.79,0.3385,-0.4327,-0.12,12846.126033979224,0,0
S_64,2023-06-01,51.02,16.79,0.5948,-0.5788,0.2566,10761.477088982943,0,0
S_64,2023-07-01,51.02,16.79,0.6679,-0.6469,0.2773,10761.477088982943,0,0
S_64,2023-08-01,51.02,16.79,0.5946,-0.5694,0.2034,10761.477088982943,0,0
S_64,2023-09-01,51.02,16.79,0.6684,-0.641,0.2343,10761.477088982943,0,0
S_64,2023-10-01,51.02,16.79,0.6367,-0.6049,0.1722,10761.477088982943,0,0
S_64,2023-11-01,51.02,16.79,0.5247,-0.5651,0.1338,10761.477088982943,0,0
S_64,2023-12-01,51.02,16.79,0.4813,-0.4224,0.428,10761.477088982943,0,0
S_64,2024-01-01,51.02,16.79,0.1837,-0.2064,0.5434,10761.477088982943,0,0
S_64,2024-02-01,51.02,16.79,0.4243,-0.5071,0.0317,10761.477088982943,0,0
S_64,2024-03-01,51.02,16.79,0.2428,-0.291,0.0063,10761.477088982943,0,0
S_64,2024-04-01,51.02,16.79,0.3938,-0.4135,0.1041,10761.477088982943,0,0
S_64,2024-05-01,51.02,16.79,0.5448,-0.536,0.2019,10761.477088982943,0,0
S_64,2024-06-01,51.02,16.79,0.5863,-0.5538,0.2147,10761.477088982943,0,0
S_64,2024-07-01,51.02,16.79,0.6577,-0.6205,0.232,10761.477088982943,0,0
S_64,2024-08-01,51.02,16.79,0.665,-0.6364,0.2194,10761.477088982943,0,0
S_64,2024-09-01,51.02,16.79,0.528,-0.5333,0.1284,10761.477088982943,0,0
S_64,2024-10-01,51.02,16.79,0.5958,-0.5902,0.1768,10761.477088982943,0,0
S_64,2024-11-01,51.02,16.79,0.4534,-0.5094,0.021,10761.477088982943,0,0
S_64,2024-12-01,51.02,16.79,0.0978,-0.1553,-0.0363,10761.477088982943,0,0
S_64,2025-01-01,51.02,16.79,0.3923,-0.4921,0.0251,10761.477088982943,0,0
S_64,2025-02-01,51.02,16.79,0.2232,-0.2738,0.4364,10761.477088982943,0,0
S_64,2025-03-01,51.02,16.79,0.3759,-0.4348,-0.018,10761.477088982943,0,0
S_64,2025-04-01,51.02,16.79,0.4325,-0.4688,0.0287,10761.477088982943,0,0
S_64,2025-05-01,51.02,16.79,0.595,-0.5561,0.2715,10761.477088982943,0,0
S_64,2025-06-01,51.02,16.79,0.5627,-0.5634,0.223,10761.477088982943,0,0
S_64,2025-07-01,51.02,16.79,0.5658,-0.5623,0.1866,10761.477088982943,0,0
S_64,2025-08-01,51.02,16.79,0.5688,-0.5612,0.1503,10761.477088982943,0,0
S_64,2025-09-01,51.02,16.79,0.4983,-0.5158,0.0825,10761.477088982943,0,0
S_64,2025-10-01,51.02,16.79,0.4505,-0.5056,0.0366,10761.477088982943,0,0
S_64,2025-11-01,51.02,16.79,0.4027,-0.4953,-0.0094,10761.477088982943,0,0
S_64,2025-12-01,51.02,16.79,0.3913,-0.4795,-0.0005,10761.477088982943,0,0
S_64,2026-01-01,51.02,16.79,0.3552,-0.4456,-0.0394,10761.477088982943,0,0
S_64,2026-02-01,51.02,16.79,0.3191,-0.4118,-0.0782,10761.477088982943,0,0
S_64,2026-03-01,51.02,16.79,0.3405,-0.4047,-0.0711,10761.477088982943,0,0
S_65,2023-06-01,51.04,16.79,0.7176,-0.6671,0.3386,8716.684616946155,0,0
S_65,2023-07-01,51.04,16.79,0.6145,-0.6101,0.2025,8716.684616946155,0,0
S_65,2023-08-01,51.04,16.79,0.3724,-0.3764,0.0781,8716.684616946155,0,0
S_65,2023-09-01,51.04,16.79,0.6619,-0.6286,0.1992,8716.684616946155,0,0
S_65,2023-10-01,51.04,16.79,0.6331,-0.6058,0.1548,8716.684616946155,0,0
S_65,2023-11-01,51.04,16.79,0.6175,-0.6191,0.1494,8716.684616946155,0,0
S_65,2023-12-01,51.04,16.79,0.2859,-0.2844,0.1262,8716.684616946155,0,0
S_65,2024-01-01,51.04,16.79,0.234,-0.2519,0.5207,8716.684616946155,0,0
S_65,2024-02-01,51.04,16.79,0.5077,-0.5743,0.0523,8716.684616946155,0,0
S_65,2024-03-01,51.04,16.79,0.3721,-0.3589,0.1369,8716.684616946155,0,0
S_65,2024-04-01,51.04,16.79,0.652,-0.6034,0.2175,8716.684616946155,0,0
S_65,2024-05-01,51.04,16.79,0.6907,-0.6362,0.3005,8716.684616946155,0,0
S_65,2024-06-01,51.04,16.79,0.6905,-0.6305,0.2664,8716.684616946155,0,0
S_65,2024-07-01,51.04,16.79,0.5889,-0.5655,0.149,8716.684616946155,0,0
S_65,2024-08-01,51.04,16.79,0.6193,-0.6039,0.1459,8716.684616946155,0,0
S_65,2024-09-01,51.04,16.79,0.5848,-0.5623,0.1717,8716.684616946155,0,0
S_65,2024-10-01,51.04,16.79,0.1604,-0.1618,-0.1165,8716.684616946155,0,0
S_65,2024-11-01,51.04,16.79,0.5238,-0.5429,0.0606,8716.684616946155,0,0
S_65,2024-12-01,51.04,16.79,0.0008,-0.0305,-0.1767,8716.684616946155,0,0
S_65,2025-01-01,51.04,16.79,0.4911,-0.5501,0.0592,8716.684616946155,0,0
S_65,2025-02-01,51.04,16.79,0.2409,-0.291,0.4446,8716.684616946155,0,0
S_65,2025-03-01,51.04,16.79,0.4804,-0.5034,0.022,8716.684616946155,0,0
S_65,2025-04-01,51.04,16.79,0.5708,-0.5604,0.0958,8716.684616946155,0,0
S_65,2025-05-01,51.04,16.79,0.7306,-0.6521,0.3557,8716.684616946155,0,0
S_65,2025-06-01,51.04,16.79,0.6989,-0.6679,0.3052,8716.684616946155,0,0
S_65,2025-07-01,51.04,16.79,0.6751,-0.6271,0.2421,8716.684616946155,0,0
S_65,2025-08-01,51.04,16.79,0.6283,-0.6112,0.172,8716.684616946155,0,0
S_65,2025-09-01,51.04,16.79,0.6011,-0.5931,0.1419,8716.684616946155,0,0
S_65,2025-10-01,51.04,16.79,0.5842,-0.6007,0.1018,8716.684616946155,0,0
S_65,2025-11-01,51.04,16.79,0.5673,-0.6083,0.0617,8716.684616946155,0,0
S_65,2025-12-01,51.04,16.79,0.4949,-0.5572,0.0588,8716.684616946155,0,0
S_65,2026-01-01,51.04,16.79,-0.1274,0.1207,0.0306,8716.684616946155,0,0
S_65,2026-02-01,51.04,16.79,0.3715,-0.4599,-0.0765,8716.684616946155,0,0
S_65,2026-03-01,51.04,16.79,0.3672,-0.4432,-0.0714,8716.684616946155,0,0
S_66,2023-06-01,51.06,16.79,0.6443,-0.6168,0.2885,6768.271669017946,0,0
S_66,2023-07-01,51.06,16.79,0.6287,-0.6231,0.1983,6768.271669017946,0,0
S_66,2023-08-01,51.06,16.79,0.3397,-0.359,0.0192,6768.271669017946,0,0
S_66,2023-09-01,51.06,16.79,0.7027,-0.6616,0.23,6768.271669017946,0,0
S_66,2023-10-01,51.06,16.79,0.6524,-0.6224,0.1695,6768.271669017946,0,0
S_66,2023-11-01,51.06,16.79,0.5097,-0.5563,0.0587,6768.271669017946,0,0
S_66,2023-12-01,51.06,16.79,0.2559,-0.2929,0.0683,6768.271669017946,0,0
S_66,2024-01-01,51.06,16.79,0.2162,-0.2441,0.43,6768.271669017946,0,0
S_66,2024-02-01,51.06,16.79,0.428,-0.5237,-0.0178,6768.271669017946,0,0
S_66,2024-03-01,51.06,16.79,0.4966,-0.5351,0.0706,6768.271669017946,0,0
S_66,2024-04-01,51.06,16.79,0.5653,-0.5465,0.1589,6768.271669017946,0,0
S_66,2024-05-01,51.06,16.79,0.593,-0.5733,0.2147,6768.271669017946,0,0
S_66,2024-06-01,51.06,16.79,0.6608,-0.6134,0.2237,6768.271669017946,0,0
S_66,2024-07-01,51.06,16.79,0.5991,-0.5755,0.155,6768.271669017946,0,0
S_66,2024-08-01,51.06,16.79,0.6315,-0.61,0.1758,6768.271669017946,0,0
S_66,2024-09-01,51.06,16.79,0.6144,-0.5846,0.2031,6768.271669017946,0,0
S_66,2024-10-01,51.06,16.79,0.5669,-0.5629,0.1488,6768.271669017946,0,0
S_66,2024-11-01,51.06,16.79,0.5195,-0.5412,0.0944,6768.271669017946,0,0
S_66,2024-12-01,51.06,16.79,0.1945,-0.268,0.0556,6768.271669017946,0,0
S_66,2025-01-01,51.06,16.79,0.4645,-0.535,0.0791,6768.271669017946,0,0
S_66,2025-02-01,51.06,16.79,0.2508,-0.2964,0.4565,6768.271669017946,0,0
S_66,2025-03-01,51.06,16.79,0.4488,-0.4853,0.016,6768.271669017946,0,0
S_66,2025-04-01,51.06,16.79,0.5161,-0.5225,0.0685,6768.271669017946,0,0
S_66,2025-05-01,51.06,16.79,0.7103,-0.632,0.3495,6768.271669017946,0,0
S_66,2025-06-01,51.06,16.79,0.655,-0.636,0.2813,6768.271669017946,0,0
S_66,2025-07-01,51.06,16.79,0.5957,-0.5814,0.1764,6768.271669017946,0,0
S_66,2025-08-01,51.06,16.79,0.6526,-0.6236,0.1974,6768.271669017946,0,0
S_66,2025-09-01,51.06,16.79,0.6667,-0.6236,0.2158,6768.271669017946,0,0
S_66,2025-10-01,51.06,16.79,0.5827,-0.5926,0.1099,6768.271669017946,0,0
S_66,2025-11-01,51.06,16.79,0.4987,-0.5615,0.004,6768.271669017946,0,0
S_66,2025-12-01,51.06,16.79,0.4709,-0.5523,0.0253,6768.271669017946,0,0
S_66,2026-01-01,51.06,16.79,0.3046,-0.3849,-0.0551,6768.271669017946,0,0
S_66,2026-02-01,51.06,16.79,0.3409,-0.4382,-0.1105,6768.271669017946,0,0
S_66,2026-03-01,51.06,16.79,0.3325,-0.4199,-0.1113,6768.271669017946,0,0
S_67,2023-06-01,51.08,16.79,0.6353,-0.5845,0.329,5050.2723857274605,0,0
S_67,2023-07-01,51.08,16.79,0.4742,-0.5021,0.0942,5050.2723857274605,0,0
S_67,2023-08-01,51.08,16.79,0.3343,-0.3333,0.0659,5050.2723857274605,0,0
S_67,2023-09-01,51.08,16.79,0.5353,-0.5224,0.1164,5050.2723857274605,0,0
S_67,2023-10-01,51.08,16.79,0.479,-0.4829,0.0627,5050.2723857274605,0,0
S_67,2023-11-01,51.08,16.79,0.4728,-0.5018,0.0898,5050.2723857274605,0,0
S_67,2023-12-01,51.08,16.79,0.2901,-0.2999,0.1785,5050.2723857274605,0,0
S_67,2024-01-01,51.08,16.79,0.2119,-0.2331,0.4541,5050.2723857274605,0,0
S_67,2024-02-01,51.08,16.79,0.4234,-0.4793,0.0635,5050.2723857274605,0,0
S_67,2024-03-01,51.08,16.79,0.5029,-0.5131,0.1405,5050.2723857274605,0,0
S_67,2024-04-01,51.08,16.79,0.5824,-0.5469,0.2174,5050.2723857274605,0,0
S_67,2024-05-01,51.08,16.79,0.608,-0.5671,0.2492,5050.2723857274605,0,0
S_67,2024-06-01,51.08,16.79,0.592,-0.5414,0.1922,5050.2723857274605,0,0
S_67,2024-07-01,51.08,16.79,0.4591,-0.4675,0.0377,5050.2723857274605,0,0
S_67,2024-08-01,51.08,16.79,0.5021,-0.4985,0.0463,5050.2723857274605,0,0
S_67,2024-09-01,51.08,16.79,0.5141,-0.504,0.0913,5050.2723857274605,0,0
S_67,2024-10-01,51.08,16.79,0.4663,-0.4969,0.0267,5050.2723857274605,0,0
S_67,2024-11-01,51.08,16.79,0.4223,-0.4448,0.0325,5050.2723857274605,0,0
S_67,2024-12-01,51.08,16.79,0.3079,-0.3174,0.0699,5050.2723857274605,0,0
S_67,2025-01-01,51.08,16.79,0.3727,-0.4373,0.0369,5050.2723857274605,0,0
S_67,2025-02-01,51.08,16.79,0.2317,-0.2671,0.3882,5050.2723857274605,0,0
S_67,2025-03-01,51.08,16.79,0.4054,-0.4224,0.0247,5050.2723857274605,0,0
S_67,2025-04-01,51.08,16.79,0.4796,-0.4696,0.0736,5050.2723857274605,0,0
S_67,2025-05-01,51.08,16.79,0.5099,-0.4858,0.194,5050.2723857274605,0,0
S_67,2025-06-01,51.08,16.79,0.562,-0.5672,0.1793,5050.2723857274605,0,0
S_67,2025-07-01,51.08,16.79,0.5244,-0.5203,0.1083,5050.2723857274605,0,0
S_67,2025-08-01,51.08,16.79,0.5878,-0.569,0.1506,5050.2723857274605,0,0
S_67,2025-09-01,51.08,16.79,0.531,-0.5215,0.1052,5050.2723857274605,0,0
S_67,2025-10-01,51.08,16.79,0.4652,-0.4992,0.0342,5050.2723857274605,0,0
S_67,2025-11-01,51.08,16.79,0.3994,-0.477,-0.0368,5050.2723857274605,0,0
S_67,2025-12-01,51.08,16.79,0.3898,-0.4712,0.0207,5050.2723857274605,0,0
S_67,2026-01-01,51.08,16.79,-0.0642,0.0852,0.4454,5050.2723857274605,0,0
S_67,2026-02-01,51.08,16.79,0.2917,-0.3823,-0.0804,5050.2723857274605,0,0
S_67,2026-03-01,51.08,16.79,0.3029,-0.378,-0.0703,5050.2723857274605,0,0
S_68,2023-06-01,51.1,16.79,0.6675,-0.6295,0.3099,3826.043540989088,0,0
S_68,2023-07-01,51.1,16.79,0.5765,-0.5893,0.1656,3826.043540989088,0,0
S_68,2023-08-01,51.1,16.79,0.4174,-0.4016,0.1152,3826.043540989088,0,0
S_68,2023-09-01,51.1,16.79,0.6742,-0.6306,0.1965,3826.043540989088,0,0
S_68,2023-10-01,51.1,16.79,0.5527,-0.5515,0.0649,3826.043540989088,0,0
S_68,2023-11-01,51.1,16.79,0.5234,-0.5702,0.0696,3826.043540989088,0,0
S_68,2023-12-01,51.1,16.79,0.2424,-0.2731,0.115,3826.043540989088,0,0
S_68,2024-01-01,51.1,16.79,0.2577,-0.2997,0.3837,3826.043540989088,0,0
S_68,2024-02-01,51.1,16.79,0.453,-0.5376,0.0212,3826.043540989088,0,0
S_68,2024-03-01,51.1,16.79,0.5205,-0.5496,0.0894,3826.043540989088,0,0
S_68,2024-04-01,51.1,16.79,0.588,-0.5617,0.1577,3826.043540989088,0,0
S_68,2024-05-01,51.1,16.79,0.618,-0.5857,0.2056,3826.043540989088,0,0
S_68,2024-06-01,51.1,16.79,0.5895,-0.5652,0.1388,3826.043540989088,0,0
S_68,2024-07-01,51.1,16.79,0.5413,-0.5314,0.091,3826.043540989088,0,0
S_68,2024-08-01,51.1,16.79,0.5549,-0.5603,0.0741,3826.043540989088,0,0
S_68,2024-09-01,51.1,16.79,0.4992,-0.5289,0.0348,3826.043540989088,0,0
S_68,2024-10-01,51.1,16.79,0.534,-0.5431,0.0166,3826.043540989088,0,0
S_68,2024-11-01,51.1,16.79,0.5074,-0.5135,0.0559,3826.043540989088,0,0
S_68,2024-12-01,51.1,16.79,0.4086,-0.4035,0.1049,3826.043540989088,0,0
S_68,2025-01-01,51.1,16.79,0.5061,-0.546,0.1019,3826.043540989088,0,0
S_68,2025-02-01,51.1,16.79,0.2909,-0.3337,0.4204,3826.043540989088,0,0
S_68,2025-03-01,51.1,16.79,0.4646,-0.4935,0.0069,3826.043540989088,0,0
S_68,2025-04-01,51.1,16.79,0.5126,-0.5221,0.0376,3826.043540989088,0,0
S_68,2025-05-01,51.1,16.79,0.5173,-0.5129,0.1363,3826.043540989088,0,0
S_68,2025-06-01,51.1,16.79,0.6169,-0.6147,0.1875,3826.043540989088,0,0
S_68,2025-07-01,51.1,16.79,0.3586,-0.4232,-0.0333,3826.043540989088,0,0
S_68,2025-08-01,51.1,16.79,0.641,-0.6211,0.1693,3826.043540989088,0,0
S_68,2025-09-01,51.1,16.79,0.6186,-0.6106,0.1459,3826.043540989088,0,0
S_68,2025-10-01,51.1,16.79,0.5678,-0.5922,0.081,3826.043540989088,0,0
S_68,2025-11-01,51.1,16.79,0.517,-0.5739,0.0161,3826.043540989088,0,0
S_68,2025-12-01,51.1,16.79,0.489,-0.5646,0.0729,3826.043540989088,0,0
S_68,2026-01-01,51.1,16.79,0.4175,-0.5056,-0.0073,3826.043540989088,0,0
S_68,2026-02-01,51.1,16.79,0.346,-0.4466,-0.0875,3826.043540989088,0,0
S_68,2026-03-01,51.1,16.79,0.3408,-0.4305,-0.0848,3826.043540989088,0,0
S_69,2023-06-01,51.12,16.79,0.7339,-0.6687,0.4017,2433.623491543097,0,0
S_69,2023-07-01,51.12,16.79,0.4617,-0.5072,0.0537,2433.623491543097,0,0
S_69,2023-08-01,51.12,16.79,0.4365,-0.4326,0.0232,2433.623491543097,0,0
S_69,2023-09-01,51.12,16.79,0.486,-0.497,0.0089,2433.623491543097,0,0
S_69,2023-10-01,51.12,16.79,0.4824,-0.4959,0.0156,2433.623491543097,0,0
S_69,2023-11-01,51.12,16.79,0.6387,-0.6218,0.1765,2433.623491543097,0,0
S_69,2023-12-01,51.12,16.79,0.3224,-0.3281,0.1319,2433.623491543097,0,0
S_69,2024-01-01,51.12,16.79,0.372,-0.3957,0.4007,2433.623491543097,0,0
S_69,2024-02-01,51.12,16.79,0.561,-0.5857,0.1438,2433.623491543097,0,0
S_69,2024-03-01,51.12,16.79,0.6053,-0.597,0.2097,2433.623491543097,0,0
S_69,2024-04-01,51.12,16.79,0.6496,-0.6082,0.2756,2433.623491543097,0,0
S_69,2024-05-01,51.12,16.79,0.6807,-0.6319,0.3133,2433.623491543097,0,0
S_69,2024-06-01,51.12,16.79,0.6067,-0.5639,0.1932,2433.623491543097,0,0
S_69,2024-07-01,51.12,16.79,0.4531,-0.4652,-0.0008,2433.623491543097,0,0
S_69,2024-08-01,51.12,16.79,0.5238,-0.5214,0.0421,2433.623491543097,0,0
S_69,2024-09-01,51.12,16.79,0.5383,-0.5406,0.0697,2433.623491543097,0,0
S_69,2024-10-01,51.12,16.79,0.4411,-0.4952,-0.0227,2433.623491543097,0,0
S_69,2024-11-01,51.12,16.79,0.4621,-0.4926,0.0429,2433.623491543097,0,0
S_69,2024-12-01,51.12,16.79,0.3803,-0.3878,0.0938,2433.623491543097,0,0
S_69,2025-01-01,51.12,16.79,0.4841,-0.5301,0.0952,2433.623491543097,0,0
S_69,2025-02-01,51.12,16.79,0.2994,-0.3391,0.3559,2433.623491543097,0,0
S_69,2025-03-01,51.12,16.79,0.4809,-0.5058,0.0391,2433.623491543097,0,0
S_69,2025-04-01,51.12,16.79,0.555,-0.5521,0.1033,2433.623491543097,0,0
S_69,2025-05-01,51.12,16.79,0.7177,-0.658,0.3503,2433.623491543097,0,0
S_69,2025-06-01,51.12,16.79,0.5944,-0.5915,0.2044,2433.623491543097,0,0
S_69,2025-07-01,51.12,16.79,0.5461,-0.5529,0.1152,2433.623491543097,0,0
S_69,2025-08-01,51.12,16.79,0.4978,-0.5142,0.0259,2433.623491543097,0,0
S_69,2025-09-01,51.12,16.79,0.5244,-0.5368,0.0397,2433.623491543097,0,0
S_69,2025-10-01,51.12,16.79,0.532,-0.5584,0.0455,2433.623491543097,0,0
S_69,2025-11-01,51.12,16.79,0.5397,-0.5799,0.0512,2433.623491543097,0,0
S_69,2025-12-01,51.12,16.79,0.5053,-0.5557,0.0963,2433.623491543097,0,0
S_69,2026-01-01,51.12,16.79,0.4302,-0.5024,0.0053,2433.623491543097,0,0
S_69,2026-02-01,51.12,16.79,0.3552,-0.4491,-0.0857,2433.623491543097,0,0
S_69,2026-03-01,51.12,16.79,0.355,-0.4384,-0.0804,2433.623491543097,0,0
S_7,2023-06-01,51.08,16.71,0.8388,-0.7594,0.5853,9460.246648260876,0,0
S_7,2023-07-01,51.08,16.71,0.3591,-0.4678,0.0766,9460.246648260876,0,0
S_7,2023-08-01,51.08,16.71,0.2804,-0.3739,-0.1481,9460.246648260876,0,0
S_7,2023-09-01,51.08,16.71,0.3726,-0.4265,-0.0706,9460.246648260876,0,0
S_7,2023-10-01,51.08,16.71,0.3976,-0.4353,-0.0364,9460.246648260876,0,0
S_7,2023-11-01,51.08,16.71,0.6643,-0.63,0.2452,9460.246648260876,0,0
S_7,2023-12-01,51.08,16.71,0.5368,-0.5299,0.2376,9460.246648260876,0,0
S_7,2024-01-01,51.08,16.71,0.3177,-0.3215,0.6043,9460.246648260876,0,0
S_7,2024-02-01,51.08,16.71,0.5861,-0.5984,0.1733,9460.246648260876,0,0
S_7,2024-03-01,51.08,16.71,0.64,-0.6284,0.2633,9460.246648260876,0,0
S_7,2024-04-01,51.08,16.71,0.694,-0.6585,0.3533,9460.246648260876,0,0
S_7,2024-05-01,51.08,16.71,0.6999,-0.6571,0.4012,9460.246648260876,0,0
S_7,2024-06-01,51.08,16.71,0.5585,-0.501,0.2849,9460.246648260876,0,0
S_7,2024-07-01,51.08,16.71,0.327,-0.3888,-0.0701,9460.246648260876,0,0
S_7,2024-08-01,51.08,16.71,0.3342,-0.4147,-0.0965,9460.246648260876,0,0
S_7,2024-09-01,51.08,16.71,0.4206,-0.4576,-0.0162,9460.246648260876,0,0
S_7,2024-10-01,51.08,16.71,0.4196,-0.4579,-0.0023,9460.246648260876,0,0
S_7,2024-11-01,51.08,16.71,0.4186,-0.4582,0.0115,9460.246648260876,0,0
S_7,2024-12-01,51.08,16.71,0.4776,-0.4442,0.2057,9460.246648260876,0,0
S_7,2025-01-01,51.08,16.71,0.5454,-0.5473,0.1827,9460.246648260876,0,0
S_7,2025-02-01,51.08,16.71,0.4357,-0.4412,0.3137,9460.246648260876,0,0
S_7,2025-03-01,51.08,16.71,0.6222,-0.5801,0.1913,9460.246648260876,0,0
S_7,2025-04-01,51.08,16.71,0.7416,-0.6804,0.3144,9460.246648260876,0,0
S_7,2025-05-01,51.08,16.71,0.7952,-0.7341,0.4921,9460.246648260876,0,0
S_7,2025-06-01,51.08,16.71,0.5661,-0.5918,0.2848,9460.246648260876,0,0
S_7,2025-07-01,51.08,16.71,0.4391,-0.5017,0.0885,9460.246648260876,0,0
S_7,2025-08-01,51.08,16.71,0.3121,-0.4116,-0.1077,9460.246648260876,0,0
S_7,2025-09-01,51.08,16.71,0.3541,-0.4194,-0.0804,9460.246648260876,0,0
S_7,2025-10-01,51.08,16.71,0.4173,-0.4708,-0.0183,9460.246648260876,0,0
S_7,2025-11-01,51.08,16.71,0.4805,-0.5222,0.0437,9460.246648260876,0,0
S_7,2025-12-01,51.08,16.71,0.4997,-0.5245,0.1278,9460.246648260876,0,0
S_7,2026-01-01,51.08,16.71,0.1378,-0.1481,0.5659,9460.246648260876,0,0
S_7,2026-02-01,51.08,16.71,0.3333,-0.4229,-0.0756,9460.246648260876,0,0
S_7,2026-03-01,51.08,16.71,0.3406,-0.4187,-0.0701,9460.246648260876,0,0
S_70,2023-06-01,51.14,16.79,0.6312,-0.5952,0.293,1216.7007448199618,0,0
S_70,2023-07-01,51.14,16.79,0.4205,-0.4684,0.0087,1216.7007448199618,0,0
S_70,2023-08-01,51.14,16.79,0.4542,-0.4653,-0.0297,1216.7007448199618,0,0
S_70,2023-09-01,51.14,16.79,0.5589,-0.527,0.1225,1216.7007448199618,0,0
S_70,2023-10-01,51.14,16.79,0.4521,-0.4621,0.04,1216.7007448199618,0,0
S_70,2023-11-01,51.14,16.79,0.5328,-0.5419,0.1285,1216.7007448199618,0,0
S_70,2023-12-01,51.14,16.79,0.4413,-0.4634,0.188,1216.7007448199618,0,0
S_70,2024-01-01,51.14,16.79,0.3498,-0.3849,0.2476,1216.7007448199618,0,0
S_70,2024-02-01,51.14,16.79,0.5053,-0.5296,0.1095,1216.7007448199618,0,0
S_70,2024-03-01,51.14,16.79,-0.045,0.018,0.0253,1216.7007448199618,0,0
S_70,2024-04-01,51.14,16.79,0.6187,-0.5791,0.2605,1216.7007448199618,0,0
S_70,2024-05-01,51.14,16.79,0.6215,-0.587,0.2584,1216.7007448199618,0,0
S_70,2024-06-01,51.14,16.79,0.5705,-0.5349,0.1408,1216.7007448199618,0,0
S_70,2024-07-01,51.14,16.79,0.4225,-0.4481,-0.0416,1216.7007448199618,0,0
S_70,2024-08-01,51.14,16.79,0.5722,-0.5427,0.0893,1216.7007448199618,0,0
S_70,2024-09-01,51.14,16.79,0.5141,-0.5173,0.0962,1216.7007448199618,0,0
S_70,2024-10-01,51.14,16.79,0.4826,-0.4931,0.036,1216.7007448199618,0,0
S_70,2024-11-01,51.14,16.79,0.4718,-0.4748,0.0912,1216.7007448199618,0,0
S_70,2024-12-01,51.14,16.79,0.3554,-0.3546,0.0894,1216.7007448199618,0,0
S_70,2025-01-01,51.14,16.79,0.4375,-0.4838,0.0716,1216.7007448199618,0,0
S_70,2025-02-01,51.14,16.79,0.319,-0.3604,0.2726,1216.7007448199618,0,0
S_70,2025-03-01,51.14,16.79,0.2875,-0.3601,-0.0635,1216.7007448199618,0,0
S_70,2025-04-01,51.14,16.79,0.312,-0.3758,-0.0579,1216.7007448199618,0,0
S_70,2025-05-01,51.14,16.79,0.6182,-0.5678,0.2425,1216.7007448199618,0,0
S_70,2025-06-01,51.14,16.79,0.545,-0.5571,0.1252,1216.7007448199618,0,0
S_70,2025-07-01,51.14,16.79,0.2337,-0.213,0.0574,1216.7007448199618,0,0
S_70,2025-08-01,51.14,16.79,0.4834,-0.4897,0.0296,1216.7007448199618,0,0
S_70,2025-09-01,51.14,16.79,0.3778,-0.4372,-0.0212,1216.7007448199618,0,0
S_70,2025-10-01,51.14,16.79,0.4398,-0.4802,0.0182,1216.7007448199618,0,0
S_70,2025-11-01,51.14,16.79,0.5018,-0.5233,0.0577,1216.7007448199618,0,0
S_70,2025-12-01,51.14,16.79,0.5336,-0.5321,0.1562,1216.7007448199618,0,0
S_70,2026-01-01,51.14,16.79,0.1183,-0.115,0.4728,1216.7007448199618,0,0
S_70,2026-02-01,51.14,16.79,0.4242,-0.4701,0.0251,1216.7007448199618,0,0
S_70,2026-03-01,51.14,16.79,0.435,-0.4685,0.0441,1216.7007448199618,0,0
S_71,2023-06-01,51.16,16.79,0.642,-0.6065,0.2982,1936.0636528547705,0,0
S_71,2023-07-01,51.16,16.79,0.4444,-0.5012,0.0404,1936.0636528547705,0,0
S_71,2023-08-01,51.16,16.79,0.4885,-0.4949,0.0112,1936.0636528547705,0,0
S_71,2023-09-01,51.16,16.79,0.5345,-0.5255,0.0948,1936.0636528547705,0,0
S_71,2023-10-01,51.16,16.79,0.5214,-0.5205,0.0685,1936.0636528547705,0,0
S_71,2023-11-01,51.16,16.79,0.4863,-0.5236,0.0899,1936.0636528547705,0,0
S_71,2023-12-01,51.16,16.79,0.3258,-0.3827,0.0985,1936.0636528547705,0,0
S_71,2024-01-01,51.16,16.79,0.3267,-0.381,0.1636,1936.0636528547705,0,0
S_71,2024-02-01,51.16,16.79,0.4712,-0.5152,0.0994,1936.0636528547705,0,0
S_71,2024-03-01,51.16,16.79,0.5414,-0.544,0.1662,1936.0636528547705,0,0
S_71,2024-04-01,51.16,16.79,0.6115,-0.5729,0.2329,1936.0636528547705,0,0
S_71,2024-05-01,51.16,16.79,0.6281,-0.5935,0.255,1936.0636528547705,0,0
S_71,2024-06-01,51.16,16.79,0.6184,-0.5669,0.1952,1936.0636528547705,0,0
S_71,2024-07-01,51.16,16.79,0.3853,-0.4354,-0.044,1936.0636528547705,0,0
S_71,2024-08-01,51.16,16.79,0.4994,-0.5022,0.0449,1936.0636528547705,0,0
S_71,2024-09-01,51.16,16.79,0.5603,-0.5458,0.1271,1936.0636528547705,0,0
S_71,2024-10-01,51.16,16.79,0.5048,-0.5237,0.0602,1936.0636528547705,0,0
S_71,2024-11-01,51.16,16.79,0.4905,-0.4807,0.1159,1936.0636528547705,0,0
S_71,2024-12-01,51.16,16.79,0.3892,-0.3827,0.121,1936.0636528547705,0,0
S_71,2025-01-01,51.16,16.79,0.4752,-0.5145,0.1166,1936.0636528547705,0,0
S_71,2025-02-01,51.16,16.79,0.3275,-0.3636,0.3489,1936.0636528547705,0,0
S_71,2025-03-01,51.16,16.79,0.3871,-0.4359,0.014,1936.0636528547705,0,0
S_71,2025-04-01,51.16,16.79,0.4448,-0.4733,0.0595,1936.0636528547705,0,0
S_71,2025-05-01,51.16,16.79,0.6474,-0.5856,0.3386,1936.0636528547705,0,0
S_71,2025-06-01,51.16,16.79,0.5973,-0.5886,0.2154,1936.0636528547705,0,0
S_71,2025-07-01,51.16,16.79,0.4029,-0.4445,-0.039,1936.0636528547705,0,0
S_71,2025-08-01,51.16,16.79,0.5211,-0.5177,0.0588,1936.0636528547705,0,0
S_71,2025-09-01,51.16,16.79,0.4921,-0.512,0.0528,1936.0636528547705,0,0
S_71,2025-10-01,51.16,16.79,0.4881,-0.5176,0.0487,1936.0636528547705,0,0
S_71,2025-11-01,51.16,16.79,0.4841,-0.5232,0.0446,1936.0636528547705,0,0
S_71,2025-12-01,51.16,16.79,0.4989,-0.5255,0.1457,1936.0636528547705,0,0
S_71,2026-01-01,51.16,16.79,0.0454,-0.0396,0.7013,1936.0636528547705,0,0
S_71,2026-02-01,51.16,16.79,0.3806,-0.4472,-0.0225,1936.0636528547705,0,0
S_71,2026-03-01,51.16,16.79,0.3863,-0.4426,-0.0128,1936.0636528547705,0,0
S_72,2023-06-01,51.18,16.79,0.67,-0.624,0.2759,2360.4833464144017,0,0
S_72,2023-07-01,51.18,16.79,0.5171,-0.5372,0.0718,2360.4833464144017,0,0
S_72,2023-08-01,51.18,16.79,0.472,-0.4597,0.0489,2360.4833464144017,0,0
S_72,2023-09-01,51.18,16.79,0.5608,-0.5439,0.11,2360.4833464144017,0,0
S_72,2023-10-01,51.18,16.79,0.5723,-0.5624,0.0896,2360.4833464144017,0,0
S_72,2023-11-01,51.18,16.79,0.5209,-0.5648,0.0902,2360.4833464144017,0,0
S_72,2023-12-01,51.18,16.79,0.4102,-0.4429,0.1326,2360.4833464144017,0,0
S_72,2024-01-01,51.18,16.79,0.3279,-0.3873,0.164,2360.4833464144017,0,0
S_72,2024-02-01,51.18,16.79,0.4504,-0.5265,0.0788,2360.4833464144017,0,0
S_72,2024-03-01,51.18,16.79,0.5003,-0.5259,0.1127,2360.4833464144017,0,0
S_72,2024-04-01,51.18,16.79,0.5501,-0.5254,0.1466,2360.4833464144017,0,0
S_72,2024-05-01,51.18,16.79,0.6,-0.5679,0.192,2360.4833464144017,0,0
S_72,2024-06-01,51.18,16.79,0.6102,-0.5576,0.1735,2360.4833464144017,0,0
S_72,2024-07-01,51.18,16.79,0.4898,-0.4874,0.0356,2360.4833464144017,0,0
S_72,2024-08-01,51.18,16.79,0.6429,-0.6048,0.1502,2360.4833464144017,0,0
S_72,2024-09-01,51.18,16.79,0.6097,-0.5885,0.1339,2360.4833464144017,0,0
S_72,2024-10-01,51.18,16.79,0.5309,-0.5549,0.0354,2360.4833464144017,0,0
S_72,2024-11-01,51.18,16.79,0.541,-0.5396,0.1087,2360.4833464144017,0,0
S_72,2024-12-01,51.18,16.79,0.2956,-0.293,0.0968,2360.4833464144017,0,0
S_72,2025-01-01,51.18,16.79,0.4415,-0.5037,0.0563,2360.4833464144017,0,0
S_72,2025-02-01,51.18,16.79,0.3621,-0.4174,0.177,2360.4833464144017,0,0
S_72,2025-03-01,51.18,16.79,0.3684,-0.4315,-0.0463,2360.4833464144017,0,0
S_72,2025-04-01,51.18,16.79,0.3941,-0.444,-0.0275,2360.4833464144017,0,0
S_72,2025-05-01,51.18,16.79,0.5442,-0.5251,0.1769,2360.4833464144017,0,0
S_72,2025-06-01,51.18,16.79,0.6384,-0.6164,0.2046,2360.4833464144017,0,0
S_72,2025-07-01,51.18,16.79,0.5588,-0.5397,0.1126,2360.4833464144017,0,0
S_72,2025-08-01,51.18,16.79,0.6543,-0.6208,0.1722,2360.4833464144017,0,0
S_72,2025-09-01,51.18,16.79,0.6107,-0.5941,0.147,2360.4833464144017,0,0
S_72,2025-10-01,51.18,16.79,0.543,-0.5698,0.0725,2360.4833464144017,0,0
S_72,2025-11-01,51.18,16.79,0.4752,-0.5456,-0.002,2360.4833464144017,0,0
S_72,2025-12-01,51.18,16.79,0.4287,-0.4951,0.0805,2360.4833464144017,0,0
S_72,2026-01-01,51.18,16.79,0.1157,-0.1173,0.5909,2360.4833464144017,0,0
S_72,2026-02-01,51.18,16.79,0.3271,-0.4264,-0.0949,2360.4833464144017,0,0
S_72,2026-03-01,51.18,16.79,0.324,-0.4173,-0.0992,2360.4833464144017,0,0
S_73,2023-06-01,51.2,16.79,0.7719,-0.6977,0.3247,3206.1302202323163,0,0
S_73,2023-07-01,51.2,16.79,0.6919,-0.6496,0.2084,3206.1302202323163,0,0
S_73,2023-08-01,51.2,16.79,0.5998,-0.5496,0.1785,3206.1302202323163,0,0
S_73,2023-09-01,51.2,16.79,0.7233,-0.6674,0.2214,3206.1302202323163,0,0
S_73,2023-10-01,51.2,16.79,0.7483,-0.6882,0.2276,3206.1302202323163,0,0
S_73,2023-11-01,51.2,16.79,0.6451,-0.6613,0.1503,3206.1302202323163,0,0
S_73,2023-12-01,51.2,16.79,0.4865,-0.5029,0.1482,3206.1302202323163,0,0
S_73,2024-01-01,51.2,16.79,0.3947,-0.4374,0.2788,3206.1302202323163,0,0
S_73,2024-02-01,51.2,16.79,0.5361,-0.6132,0.074,3206.1302202323163,0,0
S_73,2024-03-01,51.2,16.79,0.5641,-0.5888,0.1034,3206.1302202323163,0,0
S_73,2024-04-01,51.2,16.79,0.5922,-0.5645,0.1327,3206.1302202323163,0,0
S_73,2024-05-01,51.2,16.79,0.6282,-0.5939,0.1721,3206.1302202323163,0,0
S_73,2024-06-01,51.2,16.79,0.7663,-0.6771,0.303,3206.1302202323163,0,0
S_73,2024-07-01,51.2,16.79,0.6782,-0.6037,0.257,3206.1302202323163,0,0
S_73,2024-08-01,51.2,16.79,0.7314,-0.6799,0.1968,3206.1302202323163,0,0
S_73,2024-09-01,51.2,16.79,0.7098,-0.6689,0.2102,3206.1302202323163,0,0
S_73,2024-10-01,51.2,16.79,0.6844,-0.6624,0.1394,3206.1302202323163,0,0
S_73,2024-11-01,51.2,16.79,0.6108,-0.5911,0.1552,3206.1302202323163,0,0
S_73,2024-12-01,51.2,16.79,0.3181,-0.3023,0.1547,3206.1302202323163,0,0
S_73,2025-01-01,51.2,16.79,0.5294,-0.578,0.1162,3206.1302202323163,0,0
S_73,2025-02-01,51.2,16.79,0.4308,-0.4801,0.2139,3206.1302202323163,0,0
S_73,2025-03-01,51.2,16.79,0.438,-0.4936,-0.029,3206.1302202323163,0,0
S_73,2025-04-01,51.2,16.79,0.489,-0.5277,-0.0204,3206.1302202323163,0,0
S_73,2025-05-01,51.2,16.79,0.6232,-0.5771,0.1818,3206.1302202323163,0,0
S_73,2025-06-01,51.2,16.79,0.8111,-0.7315,0.3339,3206.1302202323163,0,0
S_73,2025-07-01,51.2,16.79,0.7395,-0.663,0.251,3206.1302202323163,0,0
S_73,2025-08-01,51.2,16.79,0.7432,-0.6854,0.2357,3206.1302202323163,0,0
S_73,2025-09-01,51.2,16.79,0.7043,-0.6756,0.1983,3206.1302202323163,0,0
S_73,2025-10-01,51.2,16.79,0.6359,-0.6509,0.1296,3206.1302202323163,0,0
S_73,2025-11-01,51.2,16.79,0.5675,-0.6262,0.0608,3206.1302202323163,0,0
S_73,2025-12-01,51.2,16.79,0.5096,-0.5517,0.1413,3206.1302202323163,0,0
S_73,2026-01-01,51.2,16.79,0.2804,-0.2777,0.4648,3206.1302202323163,0,0
S_73,2026-02-01,51.2,16.79,0.41,-0.4957,-0.0524,3206.1302202323163,0,0
S_73,2026-03-01,51.2,16.79,0.4016,-0.4826,-0.065,3206.1302202323163,0,0
S_74,2023-06-01,51.22,16.79,0.6186,-0.6114,0.2411,4837.714195186279,0,0
S_74,2023-07-01,51.22,16.79,0.5668,-0.5866,0.1197,4837.714195186279,0,0
S_74,2023-08-01,51.22,16.79,0.6295,-0.6003,0.1728,4837.714195186279,0,0
S_74,2023-09-01,51.22,16.79,0.607,-0.5978,0.1533,4837.714195186279,0,0
S_74,2023-10-01,51.22,16.79,0.5299,-0.5416,0.0738,4837.714195186279,0,0
S_74,2023-11-01,51.22,16.79,0.5895,-0.6022,0.1593,4837.714195186279,0,0
S_74,2023-12-01,51.22,16.79,0.4837,-0.5033,0.1494,4837.714195186279,0,0
S_74,2024-01-01,51.22,16.79,0.3206,-0.389,0.2013,4837.714195186279,0,0
S_74,2024-02-01,51.22,16.79,0.4175,-0.5272,0.0129,4837.714195186279,0,0
S_74,2024-03-01,51.22,16.79,0.4508,-0.5128,0.0463,4837.714195186279,0,0
S_74,2024-04-01,51.22,16.79,0.4841,-0.4984,0.0797,4837.714195186279,0,0
S_74,2024-05-01,51.22,16.79,0.5533,-0.5461,0.1607,4837.714195186279,0,0
S_74,2024-06-01,51.22,16.79,0.6359,-0.6041,0.2297,4837.714195186279,0,0
S_74,2024-07-01,51.22,16.79,0.5049,-0.5164,0.0918,4837.714195186279,0,0
S_74,2024-08-01,51.22,16.79,0.5389,-0.5615,0.0642,4837.714195186279,0,0
S_74,2024-09-01,51.22,16.79,0.5934,-0.5816,0.1085,4837.714195186279,0,0
S_74,2024-10-01,51.22,16.79,0.5635,-0.5685,0.0644,4837.714195186279,0,0
S_74,2024-11-01,51.22,16.79,0.5647,-0.5504,0.1145,4837.714195186279,0,0
S_74,2024-12-01,51.22,16.79,0.219,-0.1555,0.1974,4837.714195186279,0,0
S_74,2025-01-01,51.22,16.79,0.4766,-0.5193,0.0957,4837.714195186279,0,0
S_74,2025-02-01,51.22,16.79,0.367,-0.4232,0.2689,4837.714195186279,0,0
S_74,2025-03-01,51.22,16.79,0.4075,-0.4666,-0.0445,4837.714195186279,0,0
S_74,2025-04-01,51.22,16.79,0.4151,-0.4712,-0.0341,4837.714195186279,0,0
S_74,2025-05-01,51.22,16.79,0.557,-0.5451,0.1604,4837.714195186279,0,0
S_74,2025-06-01,51.22,16.79,0.7039,-0.676,0.3127,4837.714195186279,0,0
S_74,2025-07-01,51.22,16.79,0.638,-0.6043,0.2384,4837.714195186279,0,0
S_74,2025-08-01,51.22,16.79,0.6481,-0.6301,0.19,4837.714195186279,0,0
S_74,2025-09-01,51.22,16.79,0.4575,-0.5142,0.0081,4837.714195186279,0,0
S_74,2025-10-01,51.22,16.79,0.4672,-0.5302,-0.0071,4837.714195186279,0,0
S_74,2025-11-01,51.22,16.79,0.4768,-0.5462,-0.0223,4837.714195186279,0,0
S_74,2025-12-01,51.22,16.79,0.4575,-0.4961,0.1011,4837.714195186279,0,0
S_74,2026-01-01,51.22,16.79,0.1797,-0.2033,0.5528,4837.714195186279,0,0
S_74,2026-02-01,51.22,16.79,0.3825,-0.464,-0.0722,4837.714195186279,0,0
S_74,2026-03-01,51.22,16.79,0.3811,-0.4558,-0.0736,4837.714195186279,0,0
S_75,2023-06-01,51.24,16.79,0.6904,-0.6609,0.3441,6813.926733180992,0,0
S_75,2023-07-01,51.24,16.79,0.4787,-0.5182,0.0858,6813.926733180992,0,0
S_75,2023-08-01,51.24,16.79,0.4797,-0.4804,0.0984,6813.926733180992,0,0
S_75,2023-09-01,51.24,16.79,0.6887,-0.6297,0.2146,6813.926733180992,0,0
S_75,2023-10-01,51.24,16.79,0.5467,-0.5486,0.0953,6813.926733180992,0,0
S_75,2023-11-01,51.24,16.79,0.3836,-0.4932,-0.0167,6813.926733180992,0,0
S_75,2023-12-01,51.24,16.79,0.3009,-0.3873,0.0027,6813.926733180992,0,0
S_75,2024-01-01,51.24,16.79,0.2475,-0.3327,0.0747,6813.926733180992,0,0
S_75,2024-02-01,51.24,16.79,0.3765,-0.4748,0.0277,6813.926733180992,0,0
S_75,2024-03-01,51.24,16.79,0.47,-0.5086,0.0927,6813.926733180992,0,0
S_75,2024-04-01,51.24,16.79,0.5636,-0.5424,0.1577,6813.926733180992,0,0
S_75,2024-05-01,51.24,16.79,0.6324,-0.5994,0.2407,6813.926733180992,0,0
S_75,2024-06-01,51.24,16.79,0.6796,-0.6163,0.2776,6813.926733180992,0,0
S_75,2024-07-01,51.24,16.79,0.5462,-0.5278,0.1216,6813.926733180992,0,0
S_75,2024-08-01,51.24,16.79,0.5095,-0.5329,0.031,6813.926733180992,0,0
S_75,2024-09-01,51.24,16.79,0.7184,-0.6521,0.2448,6813.926733180992,0,0
S_75,2024-10-01,51.24,16.79,0.6072,-0.5962,0.1231,6813.926733180992,0,0
S_75,2024-11-01,51.24,16.79,0.5317,-0.5344,0.1094,6813.926733180992,0,0
S_75,2024-12-01,51.24,16.79,0.431,-0.489,0.0368,6813.926733180992,0,0
S_75,2025-01-01,51.24,16.79,0.3304,-0.4437,-0.0357,6813.926733180992,0,0
S_75,2025-02-01,51.24,16.79,0.2697,-0.3762,0.0848,6813.926733180992,0,0
S_75,2025-03-01,51.24,16.79,0.2663,-0.3747,-0.1368,6813.926733180992,0,0
S_75,2025-04-01,51.24,16.79,0.296,-0.3882,-0.1209,6813.926733180992,0,0
S_75,2025-05-01,51.24,16.79,0.5699,-0.5422,0.1653,6813.926733180992,0,0
S_75,2025-06-01,51.24,16.79,0.6976,-0.6708,0.245,6813.926733180992,0,0
S_75,2025-07-01,51.24,16.79,0.6686,-0.6258,0.1967,6813.926733180992,0,0
S_75,2025-08-01,51.24,16.79,0.7275,-0.6753,0.2221,6813.926733180992,0,0
S_75,2025-09-01,51.24,16.79,0.7106,-0.6721,0.2194,6813.926733180992,0,0
S_75,2025-10-01,51.24,16.79,0.6386,-0.6389,0.1248,6813.926733180992,0,0
S_75,2025-11-01,51.24,16.79,0.5666,-0.6057,0.0303,6813.926733180992,0,0
S_75,2025-12-01,51.24,16.79,0.4481,-0.4915,0.1061,6813.926733180992,0,0
S_75,2026-01-01,51.24,16.79,0.1659,-0.1846,0.4515,6813.926733180992,0,0
S_75,2026-02-01,51.24,16.79,0.3264,-0.4364,-0.1481,6813.926733180992,0,0
S_75,2026-03-01,51.24,16.79,0.3075,-0.423,-0.1492,6813.926733180992,0,0
S_76,2023-06-01,50.96,16.81,0.6824,-0.6439,0.2986,14892.8901715824,0,0
S_76,2023-07-01,50.96,16.81,0.6513,-0.6259,0.2598,14892.8901715824,0,0
S_76,2023-08-01,50.96,16.81,0.6365,-0.6035,0.1604,14892.8901715824,0,0
S_76,2023-09-01,50.96,16.81,0.6335,-0.6151,0.1461,14892.8901715824,0,0
S_76,2023-10-01,50.96,16.81,0.596,-0.5982,0.0723,14892.8901715824,0,0
S_76,2023-11-01,50.96,16.81,0.5665,-0.5895,0.0795,14892.8901715824,0,0
S_76,2023-12-01,50.96,16.81,0.4068,-0.4644,0.1602,14892.8901715824,0,0
S_76,2024-01-01,50.96,16.81,0.1585,-0.1817,0.6628,14892.8901715824,0,0
S_76,2024-02-01,50.96,16.81,0.4719,-0.552,-0.0041,14892.8901715824,0,0
S_76,2024-03-01,50.96,16.81,0.492,-0.5056,0.0526,14892.8901715824,0,0
S_76,2024-04-01,50.96,16.81,0.5986,-0.5814,0.1763,14892.8901715824,0,0
S_76,2024-05-01,50.96,16.81,0.6418,-0.6162,0.233,14892.8901715824,0,0
S_76,2024-06-01,50.96,16.81,0.7004,-0.6453,0.2637,14892.8901715824,0,0
S_76,2024-07-01,50.96,16.81,0.5708,-0.557,0.1365,14892.8901715824,0,0
S_76,2024-08-01,50.96,16.81,0.6075,-0.6046,0.1123,14892.8901715824,0,0
S_76,2024-09-01,50.96,16.81,0.5714,-0.567,0.0955,14892.8901715824,0,0
S_76,2024-10-01,50.96,16.81,0.5259,-0.5535,0.0197,14892.8901715824,0,0
S_76,2024-11-01,50.96,16.81,0.5169,-0.5489,0.0393,14892.8901715824,0,0
S_76,2024-12-01,50.96,16.81,0.1934,-0.2595,0.1181,14892.8901715824,0,0
S_76,2025-01-01,50.96,16.81,0.4416,-0.5551,-0.0252,14892.8901715824,0,0
S_76,2025-02-01,50.96,16.81,0.2787,-0.3291,0.2629,14892.8901715824,0,0
S_76,2025-03-01,50.96,16.81,0.4052,-0.4766,-0.0732,14892.8901715824,0,0
S_76,2025-04-01,50.96,16.81,0.4656,-0.5033,-0.0162,14892.8901715824,0,0
S_76,2025-05-01,50.96,16.81,0.6494,-0.6049,0.2497,14892.8901715824,0,0
S_76,2025-06-01,50.96,16.81,0.7197,-0.6689,0.342,14892.8901715824,0,0
S_76,2025-07-01,50.96,16.81,0.671,-0.6404,0.2575,14892.8901715824,0,0
S_76,2025-08-01,50.96,16.81,0.6224,-0.6119,0.173,14892.8901715824,0,0
S_76,2025-09-01,50.96,16.81,0.573,-0.5806,0.0853,14892.8901715824,0,0
S_76,2025-10-01,50.96,16.81,0.5375,-0.5741,0.0292,14892.8901715824,0,0
S_76,2025-11-01,50.96,16.81,0.502,-0.5676,-0.027,14892.8901715824,0,0
S_76,2025-12-01,50.96,16.81,0.4541,-0.5332,-0.0101,14892.8901715824,0,0
S_76,2026-01-01,50.96,16.81,0.4046,-0.4973,-0.0759,14892.8901715824,0,0
S_76,2026-02-01,50.96,16.81,0.3551,-0.4614,-0.1417,14892.8901715824,0,0
S_76,2026-03-01,50.96,16.81,0.3507,-0.4312,-0.1269,14892.8901715824,0,0
S_77,2023-06-01,50.98,16.81,0.8408,-0.7624,0.6061,13441.16549326596,0,0
S_77,2023-07-01,50.98,16.81,0.4229,-0.499,0.1793,13441.16549326596,0,0
S_77,2023-08-01,50.98,16.81,0.4666,-0.4602,0.0561,13441.16549326596,0,0
S_77,2023-09-01,50.98,16.81,0.3378,-0.4343,-0.0856,13441.16549326596,0,0
S_77,2023-10-01,50.98,16.81,0.3064,-0.3909,-0.1009,13441.16549326596,0,0
S_77,2023-11-01,50.98,16.81,0.7418,-0.6744,0.3209,13441.16549326596,0,0
S_77,2023-12-01,50.98,16.81,0.6268,-0.5992,0.34,13441.16549326596,0,0
S_77,2024-01-01,50.98,16.81,0.2476,-0.2465,0.762,13441.16549326596,0,0
S_77,2024-02-01,50.98,16.81,0.5958,-0.6006,0.1717,13441.16549326596,0,0
S_77,2024-03-01,50.98,16.81,0.6038,-0.5749,0.2271,13441.16549326596,0,0
S_77,2024-04-01,50.98,16.81,0.7261,-0.6582,0.4684,13441.16549326596,0,0
S_77,2024-05-01,50.98,16.81,0.7391,-0.6717,0.4326,13441.16549326596,0,0
S_77,2024-06-01,50.98,16.81,0.5631,-0.5579,0.2627,13441.16549326596,0,0
S_77,2024-07-01,50.98,16.81,0.3392,-0.401,-0.0517,13441.16549326596,0,0
S_77,2024-08-01,50.98,16.81,0.3536,-0.4154,-0.0396,13441.16549326596,0,0
S_77,2024-09-01,50.98,16.81,0.4127,-0.4623,-0.0045,13441.16549326596,0,0
S_77,2024-10-01,50.98,16.81,0.4628,-0.5051,0.0388,13441.16549326596,0,0
S_77,2024-11-01,50.98,16.81,0.4466,-0.4969,0.0543,13441.16549326596,0,0
S_77,2024-12-01,50.98,16.81,0.4738,-0.5224,0.0996,13441.16549326596,0,0
S_77,2025-01-01,50.98,16.81,0.501,-0.5478,0.1448,13441.16549326596,0,0
S_77,2025-02-01,50.98,16.81,0.1993,-0.214,0.6311,13441.16549326596,0,0
S_77,2025-03-01,50.98,16.81,0.5425,-0.5395,0.1381,13441.16549326596,0,0
S_77,2025-04-01,50.98,16.81,0.6301,-0.5991,0.2268,13441.16549326596,0,0
S_77,2025-05-01,50.98,16.81,0.6793,-0.645,0.4101,13441.16549326596,0,0
S_77,2025-06-01,50.98,16.81,0.6884,-0.6646,0.4001,13441.16549326596,0,0
S_77,2025-07-01,50.98,16.81,0.5631,-0.5748,0.2224,13441.16549326596,0,0
S_77,2025-08-01,50.98,16.81,0.4378,-0.485,0.0448,13441.16549326596,0,0
S_77,2025-09-01,50.98,16.81,0.3993,-0.4606,-0.0297,13441.16549326596,0,0
S_77,2025-10-01,50.98,16.81,0.4596,-0.5093,0.0325,13441.16549326596,0,0
S_77,2025-11-01,50.98,16.81,0.5198,-0.558,0.0946,13441.16549326596,0,0
S_77,2025-12-01,50.98,16.81,0.5579,-0.5784,0.209,13441.16549326596,0,0
S_77,2026-01-01,50.98,16.81,0.4728,-0.5168,0.1072,13441.16549326596,0,0
S_77,2026-02-01,50.98,16.81,0.3877,-0.4552,0.0055,13441.16549326596,0,0
S_77,2026-03-01,50.98,16.81,0.3923,-0.447,0.0051,13441.16549326596,0,0
S_78,2023-06-01,51.0,16.81,0.6205,-0.6,0.2777,11897.905348101373,0,0
S_78,2023-07-01,51.0,16.81,0.6386,-0.6315,0.2709,11897.905348101373,0,0
S_78,2023-08-01,51.0,16.81,0.6474,-0.6138,0.2251,11897.905348101373,0,0
S_78,2023-09-01,51.0,16.81,0.5805,-0.5689,0.0826,11897.905348101373,0,0
S_78,2023-10-01,51.0,16.81,0.4598,-0.5128,-0.0575,11897.905348101373,0,0
S_78,2023-11-01,51.0,16.81,0.4612,-0.5353,0.0173,11897.905348101373,0,0
S_78,2023-12-01,51.0,16.81,0.5429,-0.6085,0.1793,11897.905348101373,0,0
S_78,2024-01-01,51.0,16.81,0.1282,-0.1545,0.6161,11897.905348101373,0,0
S_78,2024-02-01,51.0,16.81,0.4109,-0.5058,-0.0401,11897.905348101373,0,0
S_78,2024-03-01,51.0,16.81,0.404,-0.4346,0.0096,11897.905348101373,0,0
S_78,2024-04-01,51.0,16.81,0.505,-0.5118,0.1102,11897.905348101373,0,0
S_78,2024-05-01,51.0,16.81,0.6059,-0.589,0.2108,11897.905348101373,0,0
S_78,2024-06-01,51.0,16.81,0.6743,-0.6306,0.2607,11897.905348101373,0,0
S_78,2024-07-01,51.0,16.81,0.5378,-0.5425,0.112,11897.905348101373,0,0
S_78,2024-08-01,51.0,16.81,0.5275,-0.5583,0.0606,11897.905348101373,0,0
S_78,2024-09-01,51.0,16.81,0.5547,-0.5604,0.0727,11897.905348101373,0,0
S_78,2024-10-01,51.0,16.81,0.4036,-0.481,-0.0642,11897.905348101373,0,0
S_78,2024-11-01,51.0,16.81,0.4388,-0.5024,-0.0293,11897.905348101373,0,0
S_78,2024-12-01,51.0,16.81,0.4368,-0.5196,-0.0253,11897.905348101373,0,0
S_78,2025-01-01,51.0,16.81,0.4349,-0.5369,-0.0213,11897.905348101373,0,0
S_78,2025-02-01,51.0,16.81,0.287,-0.3522,0.2391,11897.905348101373,0,0
S_78,2025-03-01,51.0,16.81,0.3981,-0.4645,-0.0902,11897.905348101373,0,0
S_78,2025-04-01,51.0,16.81,0.4809,-0.5101,-0.0082,11897.905348101373,0,0
S_78,2025-05-01,51.0,16.81,0.6085,-0.5928,0.2099,11897.905348101373,0,0
S_78,2025-06-01,51.0,16.81,0.7618,-0.7038,0.3774,11897.905348101373,0,0
S_78,2025-07-01,51.0,16.81,0.6616,-0.6433,0.2569,11897.905348101373,0,0
S_78,2025-08-01,51.0,16.81,0.5613,-0.5828,0.1364,11897.905348101373,0,0
S_78,2025-09-01,51.0,16.81,0.5112,-0.5391,0.0529,11897.905348101373,0,0
S_78,2025-10-01,51.0,16.81,0.4754,-0.5342,0.0043,11897.905348101373,0,0
S_78,2025-11-01,51.0,16.81,0.4395,-0.5293,-0.0443,11897.905348101373,0,0
S_78,2025-12-01,51.0,16.81,0.4433,-0.539,0.0135,11897.905348101373,0,0
S_78,2026-01-01,51.0,16.81,0.387,-0.4896,-0.065,11897.905348101373,0,0
S_78,2026-02-01,51.0,16.81,0.3307,-0.4403,-0.1435,11897.905348101373,0,0
S_78,2026-03-01,51.0,16.81,0.3293,-0.4161,-0.1389,11897.905348101373,0,0
S_79,2023-06-01,51.02,16.81,0.6405,-0.6196,0.3708,10294.632437154196,0,0
S_79,2023-07-01,51.02,16.81,0.495,-0.5413,0.1932,10294.632437154196,0,0
S_79,2023-08-01,51.02,16.81,0.4659,-0.4551,0.1384,10294.632437154196,0,0
S_79,2023-09-01,51.02,16.81,0.4602,-0.4905,0.0697,10294.632437154196,0,0
S_79,2023-10-01,51.02,16.81,0.4489,-0.4704,0.0496,10294.632437154196,0,0
S_79,2023-11-01,51.02,16.81,0.5411,-0.5652,0.1765,10294.632437154196,0,0
S_79,2023-12-01,51.02,16.81,0.169,-0.2091,0.0859,10294.632437154196,0,0
S_79,2024-01-01,51.02,16.81,0.2189,-0.232,0.6527,10294.632437154196,0,0
S_79,2024-02-01,51.02,16.81,0.4858,-0.5301,0.1347,10294.632437154196,0,0
S_79,2024-03-01,51.02,16.81,0.5575,-0.529,0.2211,10294.632437154196,0,0
S_79,2024-04-01,51.02,16.81,0.5552,-0.5422,0.2404,10294.632437154196,0,0
S_79,2024-05-01,51.02,16.81,0.5528,-0.5554,0.2597,10294.632437154196,0,0
S_79,2024-06-01,51.02,16.81,0.5978,-0.5639,0.2303,10294.632437154196,0,0
S_79,2024-07-01,51.02,16.81,0.4837,-0.4903,0.1182,10294.632437154196,0,0
S_79,2024-08-01,51.02,16.81,0.4623,-0.4985,0.064,10294.632437154196,0,0
S_79,2024-09-01,51.02,16.81,0.46,-0.4838,0.0673,10294.632437154196,0,0
S_79,2024-10-01,51.02,16.81,0.651,-0.6093,0.3059,10294.632437154196,0,0
S_79,2024-11-01,51.02,16.81,0.4609,-0.4959,0.1058,10294.632437154196,0,0
S_79,2024-12-01,51.02,16.81,0.1965,-0.2333,0.1252,10294.632437154196,0,0
S_79,2025-01-01,51.02,16.81,0.4974,-0.5351,0.1786,10294.632437154196,0,0
S_79,2025-02-01,51.02,16.81,0.2517,-0.2687,0.5698,10294.632437154196,0,0
S_79,2025-03-01,51.02,16.81,0.5011,-0.5139,0.146,10294.632437154196,0,0
S_79,2025-04-01,51.02,16.81,0.5615,-0.5596,0.205,10294.632437154196,0,0
S_79,2025-05-01,51.02,16.81,0.5725,-0.5633,0.3104,10294.632437154196,0,0
S_79,2025-06-01,51.02,16.81,0.605,-0.6017,0.301,10294.632437154196,0,0
S_79,2025-07-01,51.02,16.81,0.5312,-0.55,0.1861,10294.632437154196,0,0
S_79,2025-08-01,51.02,16.81,0.4574,-0.4983,0.0712,10294.632437154196,0,0
S_79,2025-09-01,51.02,16.81,0.393,-0.4461,0.0087,10294.632437154196,0,0
S_79,2025-10-01,51.02,16.81,0.3929,-0.4606,0.0082,10294.632437154196,0,0
S_79,2025-11-01,51.02,16.81,0.3927,-0.4751,0.0077,10294.632437154196,0,0
S_79,2025-12-01,51.02,16.81,0.4368,-0.502,0.0951,10294.632437154196,0,0
S_79,2026-01-01,51.02,16.81,0.3806,-0.455,0.032,10294.632437154196,0,0
S_79,2026-02-01,51.02,16.81,0.3243,-0.408,-0.0311,10294.632437154196,0,0
S_79,2026-03-01,51.02,16.81,0.3324,-0.4009,-0.0286,10294.632437154196,0,0
S_8,2023-06-01,51.1,16.71,0.8258,-0.7453,0.5268,8076.924726854547,0,0
S_8,2023-07-01,51.1,16.71,0.4059,-0.4889,0.0564,8076.924726854547,0,0
S_8,2023-08-01,51.1,16.71,0.4056,-0.4499,-0.0672,8076.924726854547,0,0
S_8,2023-09-01,51.1,16.71,0.4616,-0.4877,-0.0226,8076.924726854547,0,0
S_8,2023-10-01,51.1,16.71,0.33,-0.4129,-0.0958,8076.924726854547,0,0
S_8,2023-11-01,51.1,16.71,0.6036,-0.5978,0.146,8076.924726854547,0,0
S_8,2023-12-01,51.1,16.71,0.432,-0.426,0.1967,8076.924726854547,0,0
S_8,2024-01-01,51.1,16.71,0.3519,-0.3629,0.4716,8076.924726854547,0,0
S_8,2024-02-01,51.1,16.71,0.5938,-0.6042,0.1423,8076.924726854547,0,0
S_8,2024-03-01,51.1,16.71,0.6816,-0.6574,0.262,8076.924726854547,0,0
S_8,2024-04-01,51.1,16.71,0.7694,-0.7105,0.3817,8076.924726854547,0,0
S_8,2024-05-01,51.1,16.71,0.7734,-0.7118,0.4191,8076.924726854547,0,0
S_8,2024-06-01,51.1,16.71,0.6085,-0.5734,0.2109,8076.924726854547,0,0
S_8,2024-07-01,51.1,16.71,0.3451,-0.4154,-0.1051,8076.924726854547,0,0
S_8,2024-08-01,51.1,16.71,0.3257,-0.4047,-0.0882,8076.924726854547,0,0
S_8,2024-09-01,51.1,16.71,0.4796,-0.4938,0.0623,8076.924726854547,0,0
S_8,2024-10-01,51.1,16.71,0.6795,-0.63,0.2497,8076.924726854547,0,0
S_8,2024-11-01,51.1,16.71,0.6441,-0.6063,0.2698,8076.924726854547,0,0
S_8,2024-12-01,51.1,16.71,0.5199,-0.4794,0.2898,8076.924726854547,0,0
S_8,2025-01-01,51.1,16.71,0.6232,-0.6124,0.2968,8076.924726854547,0,0
S_8,2025-02-01,51.1,16.71,0.3339,-0.3482,0.5511,8076.924726854547,0,0
S_8,2025-03-01,51.1,16.71,0.6195,-0.5933,0.234,8076.924726854547,0,0
S_8,2025-04-01,51.1,16.71,0.7377,-0.6802,0.3499,8076.924726854547,0,0
S_8,2025-05-01,51.1,16.71,0.7146,-0.6426,0.5068,8076.924726854547,0,0
S_8,2025-06-01,51.1,16.71,0.592,-0.5878,0.2881,8076.924726854547,0,0
S_8,2025-07-01,51.1,16.71,0.3355,-0.3888,-0.0313,8076.924726854547,0,0
S_8,2025-08-01,51.1,16.71,0.5523,-0.5388,0.0826,8076.924726854547,0,0
S_8,2025-09-01,51.1,16.71,0.3657,-0.4364,-0.0514,8076.924726854547,0,0
S_8,2025-10-01,51.1,16.71,0.382,-0.4619,-0.0366,8076.924726854547,0,0
S_8,2025-11-01,51.1,16.71,0.3984,-0.4874,-0.0218,8076.924726854547,0,0
S_8,2025-12-01,51.1,16.71,0.4377,-0.491,0.0681,8076.924726854547,0,0
S_8,2026-01-01,51.1,16.71,0.1295,-0.1496,0.6352,8076.924726854547,0,0
S_8,2026-02-01,51.1,16.71,0.3271,-0.4187,-0.0684,8076.924726854547,0,0
S_8,2026-03-01,51.1,16.71,0.3436,-0.4165,-0.0575,8076.924726854547,0,0
S_80,2023-06-01,51.04,16.81,0.6116,-0.6045,0.2908,8200.007119833177,0,0
S_80,2023-07-01,51.04,16.81,0.4508,-0.5162,0.1092,8200.007119833177,0,0
S_80,2023-08-01,51.04,16.81,0.436,-0.4394,0.0837,8200.007119833177,0,0
S_80,2023-09-01,51.04,16.81,0.5288,-0.5416,0.0891,8200.007119833177,0,0
S_80,2023-10-01,51.04,16.81,0.5381,-0.5372,0.0805,8200.007119833177,0,0
S_80,2023-11-01,51.04,16.81,0.549,-0.5706,0.1342,8200.007119833177,0,0
S_80,2023-12-01,51.04,16.81,0.2428,-0.2711,0.0399,8200.007119833177,0,0
S_80,2024-01-01,51.04,16.81,0.1689,-0.1912,0.5959,8200.007119833177,0,0
S_80,2024-02-01,51.04,16.81,0.4532,-0.5187,0.0635,8200.007119833177,0,0
S_80,2024-03-01,51.04,16.81,0.5065,-0.4934,0.1955,8200.007119833177,0,0
S_80,2024-04-01,51.04,16.81,0.4171,-0.4608,0.0382,8200.007119833177,0,0
S_80,2024-05-01,51.04,16.81,0.5427,-0.546,0.2048,8200.007119833177,0,0
S_80,2024-06-01,51.04,16.81,0.6034,-0.5618,0.2184,8200.007119833177,0,0
S_80,2024-07-01,51.04,16.81,0.4739,-0.4825,0.1174,8200.007119833177,0,0
S_80,2024-08-01,51.04,16.81,0.587,-0.5685,0.1843,8200.007119833177,0,0
S_80,2024-09-01,51.04,16.81,0.4651,-0.4975,0.0271,8200.007119833177,0,0
S_80,2024-10-01,51.04,16.81,0.4409,-0.484,0.0139,8200.007119833177,0,0
S_80,2024-11-01,51.04,16.81,0.4167,-0.4706,0.0007,8200.007119833177,0,0
S_80,2024-12-01,51.04,16.81,0.1767,-0.2575,0.0447,8200.007119833177,0,0
S_80,2025-01-01,51.04,16.81,0.4746,-0.519,0.0911,8200.007119833177,0,0
S_80,2025-02-01,51.04,16.81,0.2238,-0.246,0.5395,8200.007119833177,0,0
S_80,2025-03-01,51.04,16.81,0.532,-0.5317,0.0975,8200.007119833177,0,0
S_80,2025-04-01,51.04,16.81,0.6112,-0.5994,0.19,8200.007119833177,0,0
S_80,2025-05-01,51.04,16.81,0.7129,-0.6651,0.4223,8200.007119833177,0,0
S_80,2025-06-01,51.04,16.81,0.5821,-0.599,0.2624,8200.007119833177,0,0
S_80,2025-07-01,51.04,16.81,0.4709,-0.5086,0.108,8200.007119833177,0,0
S_80,2025-08-01,51.04,16.81,0.4453,-0.5029,0.0348,8200.007119833177,0,0
S_80,2025-09-01,51.04,16.81,0.4465,-0.4869,0.0109,8200.007119833177,0,0
S_80,2025-10-01,51.04,16.81,0.4356,-0.4962,-0.0142,8200.007119833177,0,0
S_80,2025-11-01,51.04,16.81,0.4247,-0.5054,-0.0393,8200.007119833177,0,0
S_80,2025-12-01,51.04,16.81,0.4338,-0.5152,0.0483,8200.007119833177,0,0
S_80,2026-01-01,51.04,16.81,0.373,-0.4613,-0.0193,8200.007119833177,0,0
S_80,2026-02-01,51.04,16.81,0.3121,-0.4074,-0.0869,8200.007119833177,0,0
S_80,2026-03-01,51.04,16.81,0.3166,-0.4004,-0.0862,8200.007119833177,0,0
S_81,2023-06-01,51.06,16.81,0.5853,-0.5794,0.2595,6109.181139309905,0,0
S_81,2023-07-01,51.06,16.81,0.5088,-0.5385,0.1432,6109.181139309905,0,0
S_81,2023-08-01,51.06,16.81,0.5175,-0.4934,0.1269,6109.181139309905,0,0
S_81,2023-09-01,51.06,16.81,0.6123,-0.5869,0.1716,6109.181139309905,0,0
S_81,2023-10-01,51.06,16.81,0.5322,-0.5345,0.0667,6109.181139309905,0,0
S_81,2023-11-01,51.06,16.81,0.4726,-0.5366,0.05,6109.181139309905,0,0
S_81,2023-12-01,51.06,16.81,0.2674,-0.304,0.0851,6109.181139309905,0,0
S_81,2024-01-01,51.06,16.81,0.1631,-0.1917,0.546,6109.181139309905,0,0
S_81,2024-02-01,51.06,16.81,0.4059,-0.4892,0.0322,6109.181139309905,0,0
S_81,2024-03-01,51.06,16.81,0.4476,-0.4957,0.0857,6109.181139309905,0,0
S_81,2024-04-01,51.06,16.81,0.4892,-0.5022,0.1393,6109.181139309905,0,0
S_81,2024-05-01,51.06,16.81,0.5012,-0.5124,0.1715,6109.181139309905,0,0
S_81,2024-06-01,51.06,16.81,0.5809,-0.5571,0.1796,6109.181139309905,0,0
S_81,2024-07-01,51.06,16.81,0.6113,-0.5701,0.2055,6109.181139309905,0,0
S_81,2024-08-01,51.06,16.81,0.5786,-0.5697,0.1474,6109.181139309905,0,0
S_81,2024-09-01,51.06,16.81,0.544,-0.5445,0.1126,6109.181139309905,0,0
S_81,2024-10-01,51.06,16.81,0.4675,-0.537,0.0638,6109.181139309905,0,0
S_81,2024-11-01,51.06,16.81,0.432,-0.4849,0.0317,6109.181139309905,0,0
S_81,2024-12-01,51.06,16.81,0.327,-0.3564,0.1167,6109.181139309905,0,0
S_81,2025-01-01,51.06,16.81,0.3943,-0.4761,0.0578,6109.181139309905,0,0
S_81,2025-02-01,51.06,16.81,0.2083,-0.2447,0.4623,6109.181139309905,0,0
S_81,2025-03-01,51.06,16.81,0.4075,-0.4553,0.006,6109.181139309905,0,0
S_81,2025-04-01,51.06,16.81,0.4462,-0.4793,0.046,6109.181139309905,0,0
S_81,2025-05-01,51.06,16.81,0.5234,-0.5224,0.2,6109.181139309905,0,0
S_81,2025-06-01,51.06,16.81,0.5823,-0.5831,0.2118,6109.181139309905,0,0
S_81,2025-07-01,51.06,16.81,0.4919,-0.5089,0.0857,6109.181139309905,0,0
S_81,2025-08-01,51.06,16.81,0.5461,-0.5571,0.1106,6109.181139309905,0,0
S_81,2025-09-01,51.06,16.81,0.5535,-0.547,0.1118,6109.181139309905,0,0
S_81,2025-10-01,51.06,16.81,0.5234,-0.5483,0.0822,6109.181139309905,0,0
S_81,2025-11-01,51.06,16.81,0.4932,-0.5496,0.0527,6109.181139309905,0,0
S_81,2025-12-01,51.06,16.81,0.469,-0.5358,0.1119,6109.181139309905,0,0
S_81,2026-01-01,51.06,16.81,0.3986,-0.4795,0.0275,6109.181139309905,0,0
S_81,2026-02-01,51.06,16.81,0.3283,-0.4232,-0.0568,6109.181139309905,0,0
S_81,2026-03-01,51.06,16.81,0.326,-0.4134,-0.0565,6109.181139309905,0,0
S_82,2023-06-01,51.08,16.81,0.6885,-0.6487,0.3008,4138.897714803536,0,0
S_82,2023-07-01,51.08,16.81,0.6741,-0.6459,0.2378,4138.897714803536,0,0
S_82,2023-08-01,51.08,16.81,0.4997,-0.4803,0.1479,4138.897714803536,0,0
S_82,2023-09-01,51.08,16.81,0.7098,-0.6636,0.233,4138.897714803536,0,0
S_82,2023-10-01,51.08,16.81,0.6638,-0.6278,0.1731,4138.897714803536,0,0
S_82,2023-11-01,51.08,16.81,0.5388,-0.5875,0.0836,4138.897714803536,0,0
S_82,2023-12-01,51.08,16.81,0.2887,-0.3333,0.145,4138.897714803536,0,0
S_82,2024-01-01,51.08,16.81,0.2238,-0.2565,0.4368,4138.897714803536,0,0
S_82,2024-02-01,51.08,16.81,0.4431,-0.542,0.0035,4138.897714803536,0,0
S_82,2024-03-01,51.08,16.81,0.503,-0.5424,0.073,4138.897714803536,0,0
S_82,2024-04-01,51.08,16.81,0.563,-0.5427,0.1425,4138.897714803536,0,0
S_82,2024-05-01,51.08,16.81,0.5931,-0.5765,0.1712,4138.897714803536,0,0
S_82,2024-06-01,51.08,16.81,0.6846,-0.6298,0.2194,4138.897714803536,0,0
S_82,2024-07-01,51.08,16.81,0.6265,-0.5797,0.2026,4138.897714803536,0,0
S_82,2024-08-01,51.08,16.81,0.7387,-0.6842,0.2415,4138.897714803536,0,0
S_82,2024-09-01,51.08,16.81,0.5789,-0.5717,0.1661,4138.897714803536,0,0
S_82,2024-10-01,51.08,16.81,0.4862,-0.5355,-0.005,4138.897714803536,0,0
S_82,2024-11-01,51.08,16.81,0.448,-0.5013,-0.0018,4138.897714803536,0,0
S_82,2024-12-01,51.08,16.81,0.2963,-0.3262,0.0231,4138.897714803536,0,0
S_82,2025-01-01,51.08,16.81,0.4033,-0.4963,-0.0196,4138.897714803536,0,0
S_82,2025-02-01,51.08,16.81,0.2915,-0.3593,0.2601,4138.897714803536,0,0
S_82,2025-03-01,51.08,16.81,0.3861,-0.4476,-0.0834,4138.897714803536,0,0
S_82,2025-04-01,51.08,16.81,0.4475,-0.4797,-0.0364,4138.897714803536,0,0
S_82,2025-05-01,51.08,16.81,0.7113,-0.6236,0.2962,4138.897714803536,0,0
S_82,2025-06-01,51.08,16.81,0.7264,-0.6913,0.2818,4138.897714803536,0,0
S_82,2025-07-01,51.08,16.81,0.7095,-0.6629,0.2511,4138.897714803536,0,0
S_82,2025-08-01,51.08,16.81,0.743,-0.6906,0.272,4138.897714803536,0,0
S_82,2025-09-01,51.08,16.81,0.679,-0.6445,0.2038,4138.897714803536,0,0
S_82,2025-10-01,51.08,16.81,0.5808,-0.6033,0.1,4138.897714803536,0,0
S_82,2025-11-01,51.08,16.81,0.4825,-0.562,-0.0037,4138.897714803536,0,0
S_82,2025-12-01,51.08,16.81,0.4556,-0.5552,0.0187,4138.897714803536,0,0
S_82,2026-01-01,51.08,16.81,0.3973,-0.5008,-0.0482,4138.897714803536,0,0
S_82,2026-02-01,51.08,16.81,0.339,-0.4464,-0.1152,4138.897714803536,0,0
S_82,2026-03-01,51.08,16.81,0.3376,-0.4294,-0.107,4138.897714803536,0,0
S_83,2023-06-01,51.1,16.81,0.7129,-0.6579,0.2904,2594.4511589129984,0,0
S_83,2023-07-01,51.1,16.81,0.7208,-0.6693,0.2486,2594.4511589129984,0,0
S_83,2023-08-01,51.1,16.81,0.579,-0.5504,0.1707,2594.4511589129984,0,0
S_83,2023-09-01,51.1,16.81,0.771,-0.7029,0.2697,2594.4511589129984,0,0
S_83,2023-10-01,51.1,16.81,0.6999,-0.6493,0.1866,2594.4511589129984,0,0
S_83,2023-11-01,51.1,16.81,0.5714,-0.6129,0.0837,2594.4511589129984,0,0
S_83,2023-12-01,51.1,16.81,0.338,-0.3908,0.1752,2594.4511589129984,0,0
S_83,2024-01-01,51.1,16.81,0.2687,-0.3069,0.3413,2594.4511589129984,0,0
S_83,2024-02-01,51.1,16.81,0.466,-0.5637,-0.0045,2594.4511589129984,0,0
S_83,2024-03-01,51.1,16.81,0.5587,-0.5801,0.0946,2594.4511589129984,0,0
S_83,2024-04-01,51.1,16.81,0.6514,-0.5965,0.1936,2594.4511589129984,0,0
S_83,2024-05-01,51.1,16.81,0.7107,-0.6455,0.2614,2594.4511589129984,0,0
S_83,2024-06-01,51.1,16.81,0.7027,-0.642,0.2216,2594.4511589129984,0,0
S_83,2024-07-01,51.1,16.81,0.6283,-0.5915,0.1484,2594.4511589129984,0,0
S_83,2024-08-01,51.1,16.81,0.6959,-0.6506,0.1814,2594.4511589129984,0,0
S_83,2024-09-01,51.1,16.81,0.6471,-0.6182,0.1735,2594.4511589129984,0,0
S_83,2024-10-01,51.1,16.81,0.606,-0.6011,0.0634,2594.4511589129984,0,0
S_83,2024-11-01,51.1,16.81,0.5618,-0.5591,0.0787,2594.4511589129984,0,0
S_83,2024-12-01,51.1,16.81,0.3695,-0.3781,0.065,2594.4511589129984,0,0
S_83,2025-01-01,51.1,16.81,0.4925,-0.5587,0.0344,2594.4511589129984,0,0
S_83,2025-02-01,51.1,16.81,0.3672,-0.4381,0.2247,2594.4511589129984,0,0
S_83,2025-03-01,51.1,16.81,0.4264,-0.482,-0.0574,2594.4511589129984,0,0
S_83,2025-04-01,51.1,16.81,0.4726,-0.5083,-0.0362,2594.4511589129984,0,0
S_83,2025-05-01,51.1,16.81,0.621,-0.574,0.1897,2594.4511589129984,0,0
S_83,2025-06-01,51.1,16.81,0.7469,-0.6959,0.291,2594.4511589129984,0,0
S_83,2025-07-01,51.1,16.81,0.6926,-0.6347,0.2414,2594.4511589129984,0,0
S_83,2025-08-01,51.1,16.81,0.7662,-0.7025,0.2784,2594.4511589129984,0,0
S_83,2025-09-01,51.1,16.81,0.6966,-0.6648,0.1975,2594.4511589129984,0,0
S_83,2025-10-01,51.1,16.81,0.6123,-0.6328,0.103,2594.4511589129984,0,0
S_83,2025-11-01,51.1,16.81,0.5281,-0.6009,0.0084,2594.4511589129984,0,0
S_83,2025-12-01,51.1,16.81,0.5086,-0.599,0.0334,2594.4511589129984,0,0
S_83,2026-01-01,51.1,16.81,0.4407,-0.5376,-0.038,2594.4511589129984,0,0
S_83,2026-02-01,51.1,16.81,0.3728,-0.4762,-0.1094,2594.4511589129984,0,0
S_83,2026-03-01,51.1,16.81,0.3687,-0.4576,-0.1028,2594.4511589129984,0,0
S_84,2023-06-01,51.12,16.81,0.7069,-0.6478,0.3757,1523.8956538703992,0,0
S_84,2023-07-01,51.12,16.81,0.5168,-0.5443,0.1174,1523.8956538703992,0,0
S_84,2023-08-01,51.12,16.81,0.5802,-0.5602,0.1341,1523.8956538703992,0,0
S_84,2023-09-01,51.12,16.81,0.6325,-0.5904,0.1628,1523.8956538703992,0,0
S_84,2023-10-01,51.12,16.81,0.4115,-0.4588,-0.0137,1523.8956538703992,0,0
S_84,2023-11-01,51.12,16.81,0.5415,-0.565,0.1035,1523.8956538703992,0,0
S_84,2023-12-01,51.12,16.81,0.4702,-0.5065,0.2313,1523.8956538703992,0,0
S_84,2024-01-01,51.12,16.81,0.3057,-0.3381,0.3269,1523.8956538703992,0,0
S_84,2024-02-01,51.12,16.81,0.5137,-0.5552,0.1076,1523.8956538703992,0,0
S_84,2024-03-01,51.12,16.81,0.5736,-0.5718,0.1664,1523.8956538703992,0,0
S_84,2024-04-01,51.12,16.81,0.6334,-0.5884,0.2251,1523.8956538703992,0,0
S_84,2024-05-01,51.12,16.81,0.6266,-0.5966,0.2369,1523.8956538703992,0,0
S_84,2024-06-01,51.12,16.81,0.5904,-0.5593,0.1524,1523.8956538703992,0,0
S_84,2024-07-01,51.12,16.81,0.5248,-0.526,0.0648,1523.8956538703992,0,0
S_84,2024-08-01,51.12,16.81,0.5607,-0.5549,0.0792,1523.8956538703992,0,0
S_84,2024-09-01,51.12,16.81,0.6759,-0.631,0.2241,1523.8956538703992,0,0
S_84,2024-10-01,51.12,16.81,0.6121,-0.5986,0.1523,1523.8956538703992,0,0
S_84,2024-11-01,51.12,16.81,0.56,-0.5472,0.1558,1523.8956538703992,0,0
S_84,2024-12-01,51.12,16.81,0.3479,-0.3614,0.1067,1523.8956538703992,0,0
S_84,2025-01-01,51.12,16.81,0.46,-0.5284,0.065,1523.8956538703992,0,0
S_84,2025-02-01,51.12,16.81,0.3395,-0.4062,0.2236,1523.8956538703992,0,0
S_84,2025-03-01,51.12,16.81,0.4078,-0.4598,-0.0225,1523.8956538703992,0,0
S_84,2025-04-01,51.12,16.81,0.4807,-0.5006,0.0222,1523.8956538703992,0,0
S_84,2025-05-01,51.12,16.81,0.5533,-0.5422,0.1734,1523.8956538703992,0,0
S_84,2025-06-01,51.12,16.81,0.589,-0.5853,0.1535,1523.8956538703992,0,0
S_84,2025-07-01,51.12,16.81,0.6654,-0.6219,0.225,1523.8956538703992,0,0
S_84,2025-08-01,51.12,16.81,0.6745,-0.6373,0.2156,1523.8956538703992,0,0
S_84,2025-09-01,51.12,16.81,0.5832,-0.5764,0.1209,1523.8956538703992,0,0
S_84,2025-10-01,51.12,16.81,0.5222,-0.5549,0.0512,1523.8956538703992,0,0
S_84,2025-11-01,51.12,16.81,0.4613,-0.5334,-0.0185,1523.8956538703992,0,0
S_84,2025-12-01,51.12,16.81,0.443,-0.5313,0.0406,1523.8956538703992,0,0
S_84,2026-01-01,51.12,16.81,0.023,-0.0467,0.2618,1523.8956538703992,0,0
S_84,2026-02-01,51.12,16.81,0.3323,-0.4329,-0.0861,1523.8956538703992,0,0
S_84,2026-03-01,51.12,16.81,0.3332,-0.4224,-0.0863,1523.8956538703992,0,0
S_85,2023-06-01,51.14,16.81,0.632,-0.602,0.2766,123.62824571182684,0,0
S_85,2023-07-01,51.14,16.81,0.6088,-0.6097,0.171,123.62824571182684,0,0
S_85,2023-08-01,51.14,16.81,0.5868,-0.5752,0.1207,123.62824571182684,0,0
S_85,2023-09-01,51.14,16.81,0.626,-0.5983,0.1757,123.62824571182684,0,0
S_85,2023-10-01,51.14,16.81,0.5528,-0.559,0.083,123.62824571182684,0,0
S_85,2023-11-01,51.14,16.81,0.556,-0.5867,0.1134,123.62824571182684,0,0
S_85,2023-12-01,51.14,16.81,0.4316,-0.4813,0.1835,123.62824571182684,0,0
S_85,2024-01-01,51.14,16.81,0.3529,-0.4003,0.2621,123.62824571182684,0,0
S_85,2024-02-01,51.14,16.81,0.5035,-0.5679,0.0795,123.62824571182684,0,0
S_85,2024-03-01,51.14,16.81,0.545,-0.565,0.1296,123.62824571182684,0,0
S_85,2024-04-01,51.14,16.81,0.5865,-0.562,0.1796,123.62824571182684,0,0
S_85,2024-05-01,51.14,16.81,0.6466,-0.6046,0.2374,123.62824571182684,0,0
S_85,2024-06-01,51.14,16.81,0.6687,-0.6033,0.2243,123.62824571182684,0,0
S_85,2024-07-01,51.14,16.81,0.5551,-0.5369,0.0754,123.62824571182684,0,0
S_85,2024-08-01,51.14,16.81,0.5827,-0.563,0.0917,123.62824571182684,0,0
S_85,2024-09-01,51.14,16.81,0.617,-0.5965,0.1155,123.62824571182684,0,0
S_85,2024-10-01,51.14,16.81,0.4646,-0.5118,-0.0289,123.62824571182684,0,0
S_85,2024-11-01,51.14,16.81,0.5399,-0.5487,0.0854,123.62824571182684,0,0
S_85,2024-12-01,51.14,16.81,0.3074,-0.336,0.0102,123.62824571182684,0,0
S_85,2025-01-01,51.14,16.81,0.4286,-0.5134,-0.0039,123.62824571182684,0,0
S_85,2025-02-01,51.14,16.81,0.3114,-0.3791,0.2764,123.62824571182684,0,0
S_85,2025-03-01,51.14,16.81,0.4327,-0.4744,-0.037,123.62824571182684,0,0
S_85,2025-04-01,51.14,16.81,0.522,-0.5307,0.0297,123.62824571182684,0,0
S_85,2025-05-01,51.14,16.81,0.626,-0.5939,0.2507,123.62824571182684,0,0
S_85,2025-06-01,51.14,16.81,0.5925,-0.5964,0.1756,123.62824571182684,0,0
S_85,2025-07-01,51.14,16.81,0.6725,-0.6243,0.2184,123.62824571182684,0,0
S_85,2025-08-01,51.14,16.81,0.634,-0.6236,0.1572,123.62824571182684,0,0
S_85,2025-09-01,51.14,16.81,0.6013,-0.5919,0.143,123.62824571182684,0,0
S_85,2025-10-01,51.14,16.81,0.5366,-0.571,0.0735,123.62824571182684,0,0
S_85,2025-11-01,51.14,16.81,0.4718,-0.5501,0.0041,123.62824571182684,0,0
S_85,2025-12-01,51.14,16.81,0.4741,-0.5465,0.0606,123.62824571182684,0,0
S_85,2026-01-01,51.14,16.81,0.4116,-0.4922,0.0073,123.62824571182684,0,0
S_85,2026-02-01,51.14,16.81,0.3492,-0.4378,-0.046,123.62824571182684,0,0
S_85,2026-03-01,51.14,16.81,0.3529,-0.4288,-0.041,123.62824571182684,0,0
S_86,2023-06-01,51.16,16.81,0.5957,-0.5716,0.2576,1107.4803238024615,0,0
S_86,2023-07-01,51.16,16.81,0.4179,-0.4671,0.0383,1107.4803238024615,0,0
S_86,2023-08-01,51.16,16.81,0.4226,-0.4365,-0.0016,1107.4803238024615,0,0
S_86,2023-09-01,51.16,16.81,0.4751,-0.4784,0.0468,1107.4803238024615,0,0
S_86,2023-10-01,51.16,16.81,0.4733,-0.4837,0.028,1107.4803238024615,0,0
S_86,2023-11-01,51.16,16.81,0.4786,-0.5189,0.0863,1107.4803238024615,0,0
S_86,2023-12-01,51.16,16.81,0.3873,-0.428,0.1223,1107.4803238024615,0,0
S_86,2024-01-01,51.16,16.81,0.2849,-0.3469,0.1699,1107.4803238024615,0,0
S_86,2024-02-01,51.16,16.81,0.3923,-0.4681,0.0529,1107.4803238024615,0,0
S_86,2024-03-01,51.16,16.81,0.4518,-0.4828,0.1001,1107.4803238024615,0,0
S_86,2024-04-01,51.16,16.81,0.5113,-0.4975,0.1473,1107.4803238024615,0,0
S_86,2024-05-01,51.16,16.81,0.5332,-0.52,0.1683,1107.4803238024615,0,0
S_86,2024-06-01,51.16,16.81,0.542,-0.5115,0.1394,1107.4803238024615,0,0
S_86,2024-07-01,51.16,16.81,0.3885,-0.4074,0.0035,1107.4803238024615,0,0
S_86,2024-08-01,51.16,16.81,0.4792,-0.485,0.0548,1107.4803238024615,0,0
S_86,2024-09-01,51.16,16.81,0.5117,-0.5105,0.086,1107.4803238024615,0,0
S_86,2024-10-01,51.16,16.81,0.4106,-0.4574,-0.0176,1107.4803238024615,0,0
S_86,2024-11-01,51.16,16.81,0.1889,-0.1825,0.0514,1107.4803238024615,0,0
S_86,2024-12-01,51.16,16.81,0.2894,-0.3059,0.0465,1107.4803238024615,0,0
S_86,2025-01-01,51.16,16.81,0.3863,-0.4504,0.0437,1107.4803238024615,0,0
S_86,2025-02-01,51.16,16.81,0.2455,-0.3051,0.3223,1107.4803238024615,0,0
S_86,2025-03-01,51.16,16.81,0.3575,-0.4094,-0.0204,1107.4803238024615,0,0
S_86,2025-04-01,51.16,16.81,0.409,-0.4405,0.0151,1107.4803238024615,0,0
S_86,2025-05-01,51.16,16.81,0.558,-0.5275,0.195,1107.4803238024615,0,0
S_86,2025-06-01,51.16,16.81,0.5167,-0.5272,0.1395,1107.4803238024615,0,0
S_86,2025-07-01,51.16,16.81,0.4153,-0.4397,0.0149,1107.4803238024615,0,0
S_86,2025-08-01,51.16,16.81,0.5044,-0.5097,0.0676,1107.4803238024615,0,0
S_86,2025-09-01,51.16,16.81,0.4916,-0.4974,0.0729,1107.4803238024615,0,0
S_86,2025-10-01,51.16,16.81,0.4766,-0.5031,0.059,1107.4803238024615,0,0
S_86,2025-11-01,51.16,16.81,0.4615,-0.5088,0.0451,1107.4803238024615,0,0
S_86,2025-12-01,51.16,16.81,0.4401,-0.4913,0.112,1107.4803238024615,0,0
S_86,2026-01-01,51.16,16.81,0.0466,-0.0298,0.6669,1107.4803238024615,0,0
S_86,2026-02-01,51.16,16.81,0.3119,-0.3968,-0.0622,1107.4803238024615,0,0
S_86,2026-03-01,51.16,16.81,0.3024,-0.3837,-0.0614,1107.4803238024615,0,0
S_87,2023-06-01,51.18,16.81,0.697,-0.6494,0.2983,990.510390736507,0,0
S_87,2023-07-01,51.18,16.81,0.5553,-0.5689,0.1212,990.510390736507,0,0
S_87,2023-08-01,51.18,16.81,0.5379,-0.523,0.0999,990.510390736507,0,0
S_87,2023-09-01,51.18,16.81,0.5991,-0.5767,0.135,990.510390736507,0,0
S_87,2023-10-01,51.18,16.81,0.5417,-0.5363,0.0822,990.510390736507,0,0
S_87,2023-11-01,51.18,16.81,0.5921,-0.6164,0.1557,990.510390736507,0,0
S_87,2023-12-01,51.18,16.81,0.4731,-0.4756,0.2074,990.510390736507,0,0
S_87,2024-01-01,51.18,16.81,0.3677,-0.4108,0.2383,990.510390736507,0,0
S_87,2024-02-01,51.18,16.81,0.499,-0.5735,0.0978,990.510390736507,0,0
S_87,2024-03-01,51.18,16.81,0.5349,-0.5591,0.1265,990.510390736507,0,0
S_87,2024-04-01,51.18,16.81,0.5708,-0.5447,0.1552,990.510390736507,0,0
S_87,2024-05-01,51.18,16.81,0.6082,-0.5772,0.1997,990.510390736507,0,0
S_87,2024-06-01,51.18,16.81,0.6563,-0.5959,0.224,990.510390736507,0,0
S_87,2024-07-01,51.18,16.81,0.6637,-0.6026,0.213,990.510390736507,0,0
S_87,2024-08-01,51.18,16.81,0.6744,-0.6322,0.1892,990.510390736507,0,0
S_87,2024-09-01,51.18,16.81,0.6741,-0.6368,0.1934,990.510390736507,0,0
S_87,2024-10-01,51.18,16.81,0.5028,-0.5416,0.0195,990.510390736507,0,0
S_87,2024-11-01,51.18,16.81,0.5465,-0.5458,0.1067,990.510390736507,0,0
S_87,2024-12-01,51.18,16.81,0.2837,-0.2777,0.1127,990.510390736507,0,0
S_87,2025-01-01,51.18,16.81,0.4574,-0.5166,0.0629,990.510390736507,0,0
S_87,2025-02-01,51.18,16.81,0.3539,-0.4093,0.2327,990.510390736507,0,0
S_87,2025-03-01,51.18,16.81,0.4274,-0.4682,-0.0261,990.510390736507,0,0
S_87,2025-04-01,51.18,16.81,0.4865,-0.5091,0.0112,990.510390736507,0,0
S_87,2025-05-01,51.18,16.81,0.7007,-0.6487,0.3494,990.510390736507,0,0
S_87,2025-06-01,51.18,16.81,0.6539,-0.6374,0.2333,990.510390736507,0,0
S_87,2025-07-01,51.18,16.81,0.4723,-0.481,0.0553,990.510390736507,0,0
S_87,2025-08-01,51.18,16.81,0.6372,-0.6123,0.1597,990.510390736507,0,0
S_87,2025-09-01,51.18,16.81,0.6273,-0.606,0.1584,990.510390736507,0,0
S_87,2025-10-01,51.18,16.81,0.5913,-0.6038,0.1116,990.510390736507,0,0
S_87,2025-11-01,51.18,16.81,0.5553,-0.6016,0.0648,990.510390736507,0,0
S_87,2025-12-01,51.18,16.81,0.4988,-0.5329,0.1318,990.510390736507,0,0
S_87,2026-01-01,51.18,16.81,0.2519,-0.2353,0.5391,990.510390736507,0,0
S_87,2026-02-01,51.18,16.81,0.3867,-0.4677,-0.0652,990.510390736507,0,0
S_87,2026-03-01,51.18,16.81,0.3696,-0.4492,-0.0734,990.510390736507,0,0
S_88,2023-06-01,51.2,16.81,0.7438,-0.6874,0.3281,2210.625683987344,0,0
S_88,2023-07-01,51.2,16.81,0.6084,-0.6036,0.185,2210.625683987344,0,0
S_88,2023-08-01,51.2,16.81,0.5932,-0.5595,0.172,2210.625683987344,0,0
S_88,2023-09-01,51.2,16.81,0.6293,-0.6053,0.1692,2210.625683987344,0,0
S_88,2023-10-01,51.2,16.81,0.697,-0.6106,0.2381,2210.625683987344,0,0
S_88,2023-11-01,51.2,16.81,0.6933,-0.6766,0.2429,2210.625683987344,0,0
S_88,2023-12-01,51.2,16.81,0.5616,-0.5398,0.2214,2210.625683987344,0,0
S_88,2024-01-01,51.2,16.81,0.4622,-0.4866,0.2811,2210.625683987344,0,0
S_88,2024-02-01,51.2,16.81,0.5747,-0.6265,0.1098,2210.625683987344,0,0
S_88,2024-03-01,51.2,16.81,0.5512,-0.5735,0.1,2210.625683987344,0,0
S_88,2024-04-01,51.2,16.81,0.5276,-0.5205,0.0902,2210.625683987344,0,0
S_88,2024-05-01,51.2,16.81,0.5557,-0.5383,0.1352,2210.625683987344,0,0
S_88,2024-06-01,51.2,16.81,0.6533,-0.595,0.2058,2210.625683987344,0,0
S_88,2024-07-01,51.2,16.81,0.6839,-0.6266,0.2287,2210.625683987344,0,0
S_88,2024-08-01,51.2,16.81,0.7669,-0.7076,0.2754,2210.625683987344,0,0
S_88,2024-09-01,51.2,16.81,0.7251,-0.6833,0.2406,2210.625683987344,0,0
S_88,2024-10-01,51.2,16.81,0.5946,-0.5987,0.1169,2210.625683987344,0,0
S_88,2024-11-01,51.2,16.81,0.5516,-0.5484,0.1402,2210.625683987344,0,0
S_88,2024-12-01,51.2,16.81,0.2854,-0.26,0.1586,2210.625683987344,0,0
S_88,2025-01-01,51.2,16.81,0.5352,-0.5656,0.1413,2210.625683987344,0,0
S_88,2025-02-01,51.2,16.81,0.451,-0.4712,0.2876,2210.625683987344,0,0
S_88,2025-03-01,51.2,16.81,0.4744,-0.4962,0.0226,2210.625683987344,0,0
S_88,2025-04-01,51.2,16.81,0.5248,-0.5356,0.0411,2210.625683987344,0,0
S_88,2025-05-01,51.2,16.81,0.6768,-0.6111,0.2695,2210.625683987344,0,0
S_88,2025-06-01,51.2,16.81,0.7149,-0.6876,0.2878,2210.625683987344,0,0
S_88,2025-07-01,51.2,16.81,0.6715,-0.6272,0.2187,2210.625683987344,0,0
S_88,2025-08-01,51.2,16.81,0.7358,-0.6767,0.2663,2210.625683987344,0,0
S_88,2025-09-01,51.2,16.81,0.7098,-0.6708,0.2453,2210.625683987344,0,0
S_88,2025-10-01,51.2,16.81,0.658,-0.6576,0.1764,2210.625683987344,0,0
S_88,2025-11-01,51.2,16.81,0.6062,-0.6443,0.1075,2210.625683987344,0,0
S_88,2025-12-01,51.2,16.81,0.5191,-0.5415,0.1511,2210.625683987344,0,0
S_88,2026-01-01,51.2,16.81,0.3094,-0.2938,0.5337,2210.625683987344,0,0
S_88,2026-02-01,51.2,16.81,0.4575,-0.5136,-0.0231,2210.625683987344,0,0
S_88,2026-03-01,51.2,16.81,0.4502,-0.5027,-0.0265,2210.625683987344,0,0
S_89,2023-06-01,51.22,16.81,0.7267,-0.6793,0.3552,4244.216239528772,0,0
S_89,2023-07-01,51.22,16.81,0.5656,-0.5834,0.1483,4244.216239528772,0,0
S_89,2023-08-01,51.22,16.81,0.5891,-0.5593,0.1162,4244.216239528772,0,0
S_89,2023-09-01,51.22,16.81,0.5879,-0.5774,0.1194,4244.216239528772,0,0
S_89,2023-10-01,51.22,16.81,0.7925,-0.7352,0.2979,4244.216239528772,0,0
S_89,2023-11-01,51.22,16.81,0.6262,-0.623,0.1661,4244.216239528772,0,0
S_89,2023-12-01,51.22,16.81,0.5081,-0.5057,0.1469,4244.216239528772,0,0
S_89,2024-01-01,51.22,16.81,0.332,-0.3861,0.272,4244.216239528772,0,0
S_89,2024-02-01,51.22,16.81,0.4601,-0.5465,0.0419,4244.216239528772,0,0
S_89,2024-03-01,51.22,16.81,0.4782,-0.5276,0.0666,4244.216239528772,0,0
S_89,2024-04-01,51.22,16.81,0.4962,-0.5088,0.0914,4244.216239528772,0,0
S_89,2024-05-01,51.22,16.81,0.5304,-0.5318,0.1396,4244.216239528772,0,0
S_89,2024-06-01,51.22,16.81,0.6533,-0.6043,0.2317,4244.216239528772,0,0
S_89,2024-07-01,51.22,16.81,0.65,-0.6052,0.2256,4244.216239528772,0,0
S_89,2024-08-01,51.22,16.81,0.679,-0.64,0.2059,4244.216239528772,0,0
S_89,2024-09-01,51.22,16.81,0.6283,-0.608,0.1458,4244.216239528772,0,0
S_89,2024-10-01,51.22,16.81,0.5072,-0.5401,0.0266,4244.216239528772,0,0
S_89,2024-11-01,51.22,16.81,0.4814,-0.5036,0.0567,4244.216239528772,0,0
S_89,2024-12-01,51.22,16.81,0.1854,-0.1553,0.1234,4244.216239528772,0,0
S_89,2025-01-01,51.22,16.81,0.4132,-0.4824,0.0554,4244.216239528772,0,0
S_89,2025-02-01,51.22,16.81,0.3068,-0.367,0.2814,4244.216239528772,0,0
S_89,2025-03-01,51.22,16.81,0.3763,-0.4403,-0.0489,4244.216239528772,0,0
S_89,2025-04-01,51.22,16.81,0.4393,-0.4831,-0.0088,4244.216239528772,0,0
S_89,2025-05-01,51.22,16.81,0.5983,-0.5717,0.1968,4244.216239528772,0,0
S_89,2025-06-01,51.22,16.81,0.6854,-0.6592,0.2655,4244.216239528772,0,0
S_89,2025-07-01,51.22,16.81,0.625,-0.5936,0.1805,4244.216239528772,0,0
S_89,2025-08-01,51.22,16.81,0.6631,-0.6399,0.1756,4244.216239528772,0,0
S_89,2025-09-01,51.22,16.81,0.6068,-0.6032,0.1262,4244.216239528772,0,0
S_89,2025-10-01,51.22,16.81,0.5236,-0.5684,0.0418,4244.216239528772,0,0
S_89,2025-11-01,51.22,16.81,0.4405,-0.5337,-0.0426,4244.216239528772,0,0
S_89,2025-12-01,51.22,16.81,0.358,-0.438,0.0438,4244.216239528772,0,0
S_89,2026-01-01,51.22,16.81,0.1502,-0.1759,0.5014,4244.216239528772,0,0
S_89,2026-02-01,51.22,16.81,0.3071,-0.4176,-0.1202,4244.216239528772,0,0
S_89,2026-03-01,51.22,16.81,0.3067,-0.4137,-0.1179,4244.216239528772,0,0
S_9,2023-06-01,51.12,16.71,0.8254,-0.7431,0.5727,7132.92987537034,0,0
S_9,2023-07-01,51.12,16.71,0.3717,-0.4612,0.0676,7132.92987537034,0,0
S_9,2023-08-01,51.12,16.71,0.4087,-0.4449,-0.0576,7132.92987537034,0,0
S_9,2023-09-01,51.12,16.71,0.5786,-0.5519,0.1265,7132.92987537034,0,0
S_9,2023-10-01,51.12,16.71,0.4797,-0.5009,0.0619,7132.92987537034,0,0
S_9,2023-11-01,51.12,16.71,0.4587,-0.5127,0.0785,7132.92987537034,0,0
S_9,2023-12-01,51.12,16.71,0.331,-0.33,0.1558,7132.92987537034,0,0
S_9,2024-01-01,51.12,16.71,0.3267,-0.3643,0.2296,7132.92987537034,0,0
S_9,2024-02-01,51.12,16.71,0.5337,-0.5515,0.1355,7132.92987537034,0,0
S_9,2024-03-01,51.12,16.71,0.6494,-0.6248,0.2682,7132.92987537034,0,0
S_9,2024-04-01,51.12,16.71,0.7652,-0.6981,0.4009,7132.92987537034,0,0
S_9,2024-05-01,51.12,16.71,0.7539,-0.6988,0.4249,7132.92987537034,0,0
S_9,2024-06-01,51.12,16.71,0.6562,-0.5985,0.25,7132.92987537034,0,0
S_9,2024-07-01,51.12,16.71,0.3076,-0.3837,-0.1453,7132.92987537034,0,0
S_9,2024-08-01,51.12,16.71,0.3496,-0.4067,-0.0687,7132.92987537034,0,0
S_9,2024-09-01,51.12,16.71,0.5456,-0.5245,0.1043,7132.92987537034,0,0
S_9,2024-10-01,51.12,16.71,0.6728,-0.6262,0.2383,7132.92987537034,0,0
S_9,2024-11-01,51.12,16.71,0.705,-0.642,0.3241,7132.92987537034,0,0
S_9,2024-12-01,51.12,16.71,0.5455,-0.5068,0.2831,7132.92987537034,0,0
S_9,2025-01-01,51.12,16.71,0.6332,-0.6263,0.2937,7132.92987537034,0,0
S_9,2025-02-01,51.12,16.71,0.2138,-0.236,0.6644,7132.92987537034,0,0
S_9,2025-03-01,51.12,16.71,0.5528,-0.5545,0.2007,7132.92987537034,0,0
S_9,2025-04-01,51.12,16.71,0.6554,-0.6307,0.3033,7132.92987537034,0,0
S_9,2025-05-01,51.12,16.71,0.7193,-0.6477,0.4964,7132.92987537034,0,0
S_9,2025-06-01,51.12,16.71,0.5823,-0.58,0.2844,7132.92987537034,0,0
S_9,2025-07-01,51.12,16.71,0.1677,-0.2653,-0.1301,7132.92987537034,0,0
S_9,2025-08-01,51.12,16.71,0.5798,-0.546,0.101,7132.92987537034,0,0
S_9,2025-09-01,51.12,16.71,0.3199,-0.4285,-0.062,7132.92987537034,0,0
S_9,2025-10-01,51.12,16.71,0.3304,-0.4368,-0.074,7132.92987537034,0,0
S_9,2025-11-01,51.12,16.71,0.3408,-0.4451,-0.0861,7132.92987537034,0,0
S_9,2025-12-01,51.12,16.71,0.4069,-0.4607,0.0642,7132.92987537034,0,0
S_9,2026-01-01,51.12,16.71,0.0916,-0.103,0.6332,7132.92987537034,0,0
S_9,2026-02-01,51.12,16.71,0.2952,-0.3952,-0.0623,7132.92987537034,0,0
S_9,2026-03-01,51.12,16.71,0.3252,-0.3988,-0.0556,7132.92987537034,0,0
S_90,2023-06-01,51.24,16.81,0.653,-0.6138,0.3008,6384.869133637413,0,0
S_90,2023-07-01,51.24,16.81,0.5867,-0.5786,0.174,6384.869133637413,0,0
S_90,2023-08-01,51.24,16.81,0.518,-0.4737,0.1509,6384.869133637413,0,0
S_90,2023-09-01,51.24,16.81,0.5914,-0.572,0.1329,6384.869133637413,0,0
S_90,2023-10-01,51.24,16.81,0.5005,-0.5105,0.0518,6384.869133637413,0,0
S_90,2023-11-01,51.24,16.81,0.4563,-0.521,0.0329,6384.869133637413,0,0
S_90,2023-12-01,51.24,16.81,0.3683,-0.4213,0.0741,6384.869133637413,0,0
S_90,2024-01-01,51.24,16.81,0.2623,-0.3322,0.1785,6384.869133637413,0,0
S_90,2024-02-01,51.24,16.81,0.3685,-0.4557,0.023,6384.869133637413,0,0
S_90,2024-03-01,51.24,16.81,0.457,-0.4944,0.083,6384.869133637413,0,0
S_90,2024-04-01,51.24,16.81,0.5455,-0.5331,0.1429,6384.869133637413,0,0
S_90,2024-05-01,51.24,16.81,0.5859,-0.5657,0.2019,6384.869133637413,0,0
S_90,2024-06-01,51.24,16.81,0.6254,-0.5805,0.2125,6384.869133637413,0,0
S_90,2024-07-01,51.24,16.81,0.5429,-0.523,0.1149,6384.869133637413,0,0
S_90,2024-08-01,51.24,16.81,0.5701,-0.5618,0.099,6384.869133637413,0,0
S_90,2024-09-01,51.24,16.81,0.5589,-0.5512,0.1049,6384.869133637413,0,0
S_90,2024-10-01,51.24,16.81,0.4332,-0.4858,-0.0198,6384.869133637413,0,0
S_90,2024-11-01,51.24,16.81,0.4191,-0.4591,0.0234,6384.869133637413,0,0
S_90,2024-12-01,51.24,16.81,0.3722,-0.4382,-0.0012,6384.869133637413,0,0
S_90,2025-01-01,51.24,16.81,0.3253,-0.4173,-0.0258,6384.869133637413,0,0
S_90,2025-02-01,51.24,16.81,0.272,-0.3608,0.1328,6384.869133637413,0,0
S_90,2025-03-01,51.24,16.81,0.276,-0.3613,-0.1076,6384.869133637413,0,0
S_90,2025-04-01,51.24,16.81,0.3389,-0.4011,-0.0753,6384.869133637413,0,0
S_90,2025-05-01,51.24,16.81,0.5454,-0.5269,0.1589,6384.869133637413,0,0
S_90,2025-06-01,51.24,16.81,0.632,-0.613,0.2063,6384.869133637413,0,0
S_90,2025-07-01,51.24,16.81,0.579,-0.5659,0.1251,6384.869133637413,0,0
S_90,2025-08-01,51.24,16.81,0.6354,-0.6102,0.1604,6384.869133637413,0,0
S_90,2025-09-01,51.24,16.81,0.6265,-0.5928,0.1583,6384.869133637413,0,0
S_90,2025-10-01,51.24,16.81,0.5524,-0.5623,0.0908,6384.869133637413,0,0
S_90,2025-11-01,51.24,16.81,0.4782,-0.5318,0.0232,6384.869133637413,0,0
S_90,2025-12-01,51.24,16.81,0.3995,-0.456,0.115,6384.869133637413,0,0
S_90,2026-01-01,51.24,16.81,0.16,-0.188,0.4818,6384.869133637413,0,0
S_90,2026-02-01,51.24,16.81,0.2693,-0.3758,-0.1161,6384.869133637413,0,0
S_90,2026-03-01,51.24,16.81,0.2619,-0.3707,-0.131,6384.869133637413,0,0
S_91,2023-06-01,50.96,16.83,0.7526,-0.6915,0.4203,13900.696550902425,0,0
S_91,2023-07-01,50.96,16.83,0.5614,-0.5817,0.2079,13900.696550902425,0,0
S_91,2023-08-01,50.96,16.83,0.5805,-0.5544,0.1296,13900.696550902425,0,0
S_91,2023-09-01,50.96,16.83,0.6195,-0.5949,0.1502,13900.696550902425,0,0
S_91,2023-10-01,50.96,16.83,0.5362,-0.5558,0.0135,13900.696550902425,0,0
S_91,2023-11-01,50.96,16.83,0.6196,-0.6187,0.156,13900.696550902425,0,0
S_91,2023-12-01,50.96,16.83,0.449,-0.5012,0.2363,13900.696550902425,0,0
S_91,2024-01-01,50.96,16.83,0.1682,-0.1889,0.6655,13900.696550902425,0,0
S_91,2024-02-01,50.96,16.83,0.503,-0.5654,0.0488,13900.696550902425,0,0
S_91,2024-03-01,50.96,16.83,0.5359,-0.5303,0.1017,13900.696550902425,0,0
S_91,2024-04-01,50.96,16.83,0.6644,-0.6315,0.278,13900.696550902425,0,0
S_91,2024-05-01,50.96,16.83,0.6562,-0.6241,0.2696,13900.696550902425,0,0
S_91,2024-06-01,50.96,16.83,0.6869,-0.6297,0.2636,13900.696550902425,0,0
S_91,2024-07-01,50.96,16.83,0.5156,-0.5119,0.1009,13900.696550902425,0,0
S_91,2024-08-01,50.96,16.83,0.6059,-0.5951,0.1235,13900.696550902425,0,0
S_91,2024-09-01,50.96,16.83,0.5871,-0.5846,0.1097,13900.696550902425,0,0
S_91,2024-10-01,50.96,16.83,0.4808,-0.5226,-0.0191,13900.696550902425,0,0
S_91,2024-11-01,50.96,16.83,0.4959,-0.5322,0.0296,13900.696550902425,0,0
S_91,2024-12-01,50.96,16.83,0.2147,-0.3145,0.0077,13900.696550902425,0,0
S_91,2025-01-01,50.96,16.83,0.4806,-0.5663,0.0248,13900.696550902425,0,0
S_91,2025-02-01,50.96,16.83,0.2371,-0.2728,0.4125,13900.696550902425,0,0
S_91,2025-03-01,50.96,16.83,0.4343,-0.4888,-0.0501,13900.696550902425,0,0
S_91,2025-04-01,50.96,16.83,0.5016,-0.5211,0.0116,13900.696550902425,0,0
S_91,2025-05-01,50.96,16.83,0.7233,-0.6581,0.3252,13900.696550902425,0,0
S_91,2025-06-01,50.96,16.83,0.7003,-0.6663,0.358,13900.696550902425,0,0
S_91,2025-07-01,50.96,16.83,0.6198,-0.617,0.232,13900.696550902425,0,0
S_91,2025-08-01,50.96,16.83,0.5393,-0.5677,0.1059,13900.696550902425,0,0
S_91,2025-09-01,50.96,16.83,0.5804,-0.5852,0.1011,13900.696550902425,0,0
S_91,2025-10-01,50.96,16.83,0.5446,-0.5731,0.056,13900.696550902425,0,0
S_91,2025-11-01,50.96,16.83,0.5088,-0.5609,0.011,13900.696550902425,0,0
S_91,2025-12-01,50.96,16.83,0.463,-0.5402,0.0332,13900.696550902425,0,0
S_91,2026-01-01,50.96,16.83,0.392,-0.4882,-0.0546,13900.696550902425,0,0
S_91,2026-02-01,50.96,16.83,0.3211,-0.4362,-0.1423,13900.696550902425,0,0
S_91,2026-03-01,50.96,16.83,0.3167,-0.4147,-0.1333,13900.696550902425,0,0
S_92,2023-06-01,50.98,16.83,0.6775,-0.6362,0.3094,12364.24594647767,0,0
S_92,2023-07-01,50.98,16.83,0.6348,-0.6203,0.244,12364.24594647767,0,0
S_92,2023-08-01,50.98,16.83,0.5996,-0.5497,0.2011,12364.24594647767,0,0
S_92,2023-09-01,50.98,16.83,0.6231,-0.619,0.1741,12364.24594647767,0,0
S_92,2023-10-01,50.98,16.83,0.5434,-0.5614,0.0605,12364.24594647767,0,0
S_92,2023-11-01,50.98,16.83,0.6267,-0.629,0.1746,12364.24594647767,0,0
S_92,2023-12-01,50.98,16.83,0.5603,-0.5039,0.4967,12364.24594647767,0,0
S_92,2024-01-01,50.98,16.83,0.1956,-0.2126,0.6084,12364.24594647767,0,0
S_92,2024-02-01,50.98,16.83,0.4986,-0.5662,0.0361,12364.24594647767,0,0
S_92,2024-03-01,50.98,16.83,0.4654,-0.4825,0.0546,12364.24594647767,0,0
S_92,2024-04-01,50.98,16.83,0.5479,-0.5406,0.148,12364.24594647767,0,0
S_92,2024-05-01,50.98,16.83,0.6304,-0.5988,0.2415,12364.24594647767,0,0
S_92,2024-06-01,50.98,16.83,0.6457,-0.6079,0.2534,12364.24594647767,0,0
S_92,2024-07-01,50.98,16.83,0.5685,-0.5531,0.1497,12364.24594647767,0,0
S_92,2024-08-01,50.98,16.83,0.6763,-0.6433,0.2024,12364.24594647767,0,0
S_92,2024-09-01,50.98,16.83,0.586,-0.5867,0.1314,12364.24594647767,0,0
S_92,2024-10-01,50.98,16.83,0.504,-0.5461,-0.0125,12364.24594647767,0,0
S_92,2024-11-01,50.98,16.83,0.484,-0.5321,0.0075,12364.24594647767,0,0
S_92,2024-12-01,50.98,16.83,0.1795,-0.175,0.1256,12364.24594647767,0,0
S_92,2025-01-01,50.98,16.83,0.4164,-0.5265,-0.041,12364.24594647767,0,0
S_92,2025-02-01,50.98,16.83,0.2671,-0.3291,0.2806,12364.24594647767,0,0
S_92,2025-03-01,50.98,16.83,0.3496,-0.4327,-0.1138,12364.24594647767,0,0
S_92,2025-04-01,50.98,16.83,0.388,-0.4453,-0.0798,12364.24594647767,0,0
S_92,2025-05-01,50.98,16.83,0.5394,-0.5273,0.1296,12364.24594647767,0,0
S_92,2025-06-01,50.98,16.83,0.7342,-0.6916,0.3097,12364.24594647767,0,0
S_92,2025-07-01,50.98,16.83,0.7304,-0.6878,0.291,12364.24594647767,0,0
S_92,2025-08-01,50.98,16.83,0.7266,-0.684,0.2724,12364.24594647767,0,0
S_92,2025-09-01,50.98,16.83,0.6089,-0.6132,0.1374,12364.24594647767,0,0
S_92,2025-10-01,50.98,16.83,0.5166,-0.5658,0.0388,12364.24594647767,0,0
S_92,2025-11-01,50.98,16.83,0.4243,-0.5183,-0.0597,12364.24594647767,0,0
S_92,2025-12-01,50.98,16.83,0.3934,-0.518,-0.0715,12364.24594647767,0,0
S_92,2026-01-01,50.98,16.83,0.3476,-0.4683,-0.1152,12364.24594647767,0,0
S_92,2026-02-01,50.98,16.83,0.3018,-0.4186,-0.1588,12364.24594647767,0,0
S_92,2026-03-01,50.98,16.83,0.3037,-0.3973,-0.1489,12364.24594647767,0,0
S_93,2023-06-01,51.0,16.83,0.7013,-0.6704,0.3652,10953.594163227584,0,0
S_93,2023-07-01,51.0,16.83,0.4781,-0.5299,0.1263,10953.594163227584,0,0
S_93,2023-08-01,51.0,16.83,0.42,-0.4676,0.0085,10953.594163227584,0,0
S_93,2023-09-01,51.0,16.83,0.4065,-0.4567,-0.0603,10953.594163227584,0,0
S_93,2023-10-01,51.0,16.83,0.4036,-0.4585,-0.0514,10953.594163227584,0,0
S_93,2023-11-01,51.0,16.83,0.5877,-0.5909,0.1649,10953.594163227584,0,0
S_93,2023-12-01,51.0,16.83,0.1956,-0.1843,0.5252,10953.594163227584,0,0
S_93,2024-01-01,51.0,16.83,0.2014,-0.2133,0.6688,10953.594163227584,0,0
S_93,2024-02-01,51.0,16.83,0.4735,-0.5393,0.0427,10953.594163227584,0,0
S_93,2024-03-01,51.0,16.83,0.4261,-0.4342,0.0488,10953.594163227584,0,0
S_93,2024-04-01,51.0,16.83,0.4877,-0.493,0.1161,10953.594163227584,0,0
S_93,2024-05-01,51.0,16.83,0.5493,-0.5519,0.1834,10953.594163227584,0,0
S_93,2024-06-01,51.0,16.83,0.5646,-0.5538,0.1352,10953.594163227584,0,0
S_93,2024-07-01,51.0,16.83,0.4309,-0.4634,-0.0201,10953.594163227584,0,0
S_93,2024-08-01,51.0,16.83,0.4989,-0.5256,0.0396,10953.594163227584,0,0
S_93,2024-09-01,51.0,16.83,0.4962,-0.5132,0.0538,10953.594163227584,0,0
S_93,2024-10-01,51.0,16.83,0.4782,-0.5228,0.0633,10953.594163227584,0,0
S_93,2024-11-01,51.0,16.83,0.5209,-0.5455,0.0965,10953.594163227584,0,0
S_93,2024-12-01,51.0,16.83,0.5074,-0.5481,0.1008,10953.594163227584,0,0
S_93,2025-01-01,51.0,16.83,0.4939,-0.5507,0.1052,10953.594163227584,0,0
S_93,2025-02-01,51.0,16.83,0.3103,-0.3472,0.3618,10953.594163227584,0,0
S_93,2025-03-01,51.0,16.83,0.471,-0.5038,0.056,10953.594163227584,0,0
S_93,2025-04-01,51.0,16.83,0.5455,-0.5494,0.1197,10953.594163227584,0,0
S_93,2025-05-01,51.0,16.83,0.6248,-0.594,0.3063,10953.594163227584,0,0
S_93,2025-06-01,51.0,16.83,0.6569,-0.6197,0.3383,10953.594163227584,0,0
S_93,2025-07-01,51.0,16.83,0.5492,-0.5572,0.186,10953.594163227584,0,0
S_93,2025-08-01,51.0,16.83,0.4414,-0.4946,0.0338,10953.594163227584,0,0
S_93,2025-09-01,51.0,16.83,0.4634,-0.4995,0.0255,10953.594163227584,0,0
S_93,2025-10-01,51.0,16.83,0.4263,-0.4896,-0.0129,10953.594163227584,0,0
S_93,2025-11-01,51.0,16.83,0.3892,-0.4797,-0.0513,10953.594163227584,0,0
S_93,2025-12-01,51.0,16.83,0.4258,-0.5113,0.0169,10953.594163227584,0,0
S_93,2026-01-01,51.0,16.83,0.3624,-0.4584,-0.05,10953.594163227584,0,0
S_93,2026-02-01,51.0,16.83,0.2989,-0.4054,-0.1169,10953.594163227584,0,0
S_93,2026-03-01,51.0,16.83,0.3055,-0.3923,-0.1092,10953.594163227584,0,0
S_94,2023-06-01,51.02,16.83,0.7206,-0.684,0.4618,9298.41469926228,0,0
S_94,2023-07-01,51.02,16.83,0.5095,-0.5452,0.2463,9298.41469926228,0,0
S_94,2023-08-01,51.02,16.83,0.3884,-0.42,0.0272,9298.41469926228,0,0
S_94,2023-09-01,51.02,16.83,0.4271,-0.4654,0.0244,9298.41469926228,0,0
S_94,2023-10-01,51.02,16.83,0.4075,-0.4497,-0.0126,9298.41469926228,0,0
S_94,2023-11-01,51.02,16.83,0.5518,-0.5652,0.1749,9298.41469926228,0,0
S_94,2023-12-01,51.02,16.83,0.3991,-0.4089,0.4181,9298.41469926228,0,0
S_94,2024-01-01,51.02,16.83,0.2464,-0.2525,0.6613,9298.41469926228,0,0
S_94,2024-02-01,51.02,16.83,0.4829,-0.5222,0.1206,9298.41469926228,0,0
S_94,2024-03-01,51.02,16.83,0.4848,-0.4631,0.1665,9298.41469926228,0,0
S_94,2024-04-01,51.02,16.83,0.5216,-0.5144,0.2126,9298.41469926228,0,0
S_94,2024-05-01,51.02,16.83,0.5584,-0.5658,0.2587,9298.41469926228,0,0
S_94,2024-06-01,51.02,16.83,0.5976,-0.575,0.2261,9298.41469926228,0,0
S_94,2024-07-01,51.02,16.83,0.4596,-0.487,0.0617,9298.41469926228,0,0
S_94,2024-08-01,51.02,16.83,0.4922,-0.524,0.066,9298.41469926228,0,0
S_94,2024-09-01,51.02,16.83,0.4227,-0.4709,0.0152,9298.41469926228,0,0
S_94,2024-10-01,51.02,16.83,0.3045,-0.3805,-0.125,9298.41469926228,0,0
S_94,2024-11-01,51.02,16.83,0.3568,-0.4272,-0.016,9298.41469926228,0,0
S_94,2024-12-01,51.02,16.83,0.3944,-0.4583,0.0422,9298.41469926228,0,0
S_94,2025-01-01,51.02,16.83,0.4321,-0.4894,0.1004,9298.41469926228,0,0
S_94,2025-02-01,51.02,16.83,0.2488,-0.2671,0.4882,9298.41469926228,0,0
S_94,2025-03-01,51.02,16.83,0.4728,-0.493,0.086,9298.41469926228,0,0
S_94,2025-04-01,51.02,16.83,0.5451,-0.5471,0.1632,9298.41469926228,0,0
S_94,2025-05-01,51.02,16.83,0.5873,-0.5926,0.2807,9298.41469926228,0,0
S_94,2025-06-01,51.02,16.83,0.6579,-0.634,0.3307,9298.41469926228,0,0
S_94,2025-07-01,51.02,16.83,0.5452,-0.5678,0.1845,9298.41469926228,0,0
S_94,2025-08-01,51.02,16.83,0.4326,-0.5016,0.0383,9298.41469926228,0,0
S_94,2025-09-01,51.02,16.83,0.4265,-0.4715,0.0193,9298.41469926228,0,0
S_94,2025-10-01,51.02,16.83,0.4328,-0.4895,0.0226,9298.41469926228,0,0
S_94,2025-11-01,51.02,16.83,0.4392,-0.5075,0.026,9298.41469926228,0,0
S_94,2025-12-01,51.02,16.83,0.463,-0.5199,0.1351,9298.41469926228,0,0
S_94,2026-01-01,51.02,16.83,0.4003,-0.4708,0.0512,9298.41469926228,0,0
S_94,2026-02-01,51.02,16.83,0.3376,-0.4217,-0.0326,9298.41469926228,0,0
S_94,2026-03-01,51.02,16.83,0.3478,-0.4126,-0.0306,9298.41469926228,0,0
S_95,2023-06-01,51.04,16.83,0.5781,-0.5691,0.2676,7796.744007056143,0,0
S_95,2023-07-01,51.04,16.83,0.4321,-0.4899,0.0719,7796.744007056143,0,0
S_95,2023-08-01,51.04,16.83,0.5589,-0.5352,0.1182,7796.744007056143,0,0
S_95,2023-09-01,51.04,16.83,0.5806,-0.572,0.1201,7796.744007056143,0,0
S_95,2023-10-01,51.04,16.83,0.5379,-0.5441,0.055,7796.744007056143,0,0
S_95,2023-11-01,51.04,16.83,0.5248,-0.5736,0.0754,7796.744007056143,0,0
S_95,2023-12-01,51.04,16.83,0.2056,-0.2648,-0.0284,7796.744007056143,0,0
S_95,2024-01-01,51.04,16.83,0.1767,-0.1967,0.5978,7796.744007056143,0,0
S_95,2024-02-01,51.04,16.83,0.4806,-0.539,0.0476,7796.744007056143,0,0
S_95,2024-03-01,51.04,16.83,0.5342,-0.5138,0.1881,7796.744007056143,0,0
S_95,2024-04-01,51.04,16.83,0.4683,-0.4812,0.0421,7796.744007056143,0,0
S_95,2024-05-01,51.04,16.83,0.5403,-0.5406,0.1986,7796.744007056143,0,0
S_95,2024-06-01,51.04,16.83,0.5601,-0.5327,0.1997,7796.744007056143,0,0
S_95,2024-07-01,51.04,16.83,0.4786,-0.4799,0.0855,7796.744007056143,0,0
S_95,2024-08-01,51.04,16.83,0.5251,-0.5408,0.0864,7796.744007056143,0,0
S_95,2024-09-01,51.04,16.83,0.5331,-0.5374,0.0736,7796.744007056143,0,0
S_95,2024-10-01,51.04,16.83,0.4698,-0.5051,0.0062,7796.744007056143,0,0
S_95,2024-11-01,51.04,16.83,0.4066,-0.4728,-0.0612,7796.744007056143,0,0
S_95,2024-12-01,51.04,16.83,0.0904,-0.1063,0.0578,7796.744007056143,0,0
S_95,2025-01-01,51.04,16.83,0.4633,-0.5197,0.023,7796.744007056143,0,0
S_95,2025-02-01,51.04,16.83,0.3275,-0.3656,0.2729,7796.744007056143,0,0
S_95,2025-03-01,51.04,16.83,0.4727,-0.4923,0.0217,7796.744007056143,0,0
S_95,2025-04-01,51.04,16.83,0.547,-0.5477,0.1128,7796.744007056143,0,0
S_95,2025-05-01,51.04,16.83,0.6122,-0.5958,0.276,7796.744007056143,0,0
S_95,2025-06-01,51.04,16.83,0.6242,-0.6072,0.2758,7796.744007056143,0,0
S_95,2025-07-01,51.04,16.83,0.3955,-0.4464,0.0343,7796.744007056143,0,0
S_95,2025-08-01,51.04,16.83,0.4677,-0.5176,0.0254,7796.744007056143,0,0
S_95,2025-09-01,51.04,16.83,0.4951,-0.5227,0.0124,7796.744007056143,0,0
S_95,2025-10-01,51.04,16.83,0.444,-0.505,-0.0389,7796.744007056143,0,0
S_95,2025-11-01,51.04,16.83,0.3929,-0.4872,-0.0902,7796.744007056143,0,0
S_95,2025-12-01,51.04,16.83,0.426,-0.5121,-0.0229,7796.744007056143,0,0
S_95,2026-01-01,51.04,16.83,0.3683,-0.4614,-0.0897,7796.744007056143,0,0
S_95,2026-02-01,51.04,16.83,0.3106,-0.4106,-0.1565,7796.744007056143,0,0
S_95,2026-03-01,51.04,16.83,0.3163,-0.3976,-0.1464,7796.744007056143,0,0
S_96,2023-06-01,51.06,16.83,0.6655,-0.6276,0.3362,5694.590757082613,0,0
S_96,2023-07-01,51.06,16.83,0.4472,-0.5012,0.0847,5694.590757082613,0,0
S_96,2023-08-01,51.06,16.83,0.4696,-0.4728,0.0375,5694.590757082613,0,0
S_96,2023-09-01,51.06,16.83,0.5631,-0.5432,0.1242,5694.590757082613,0,0
S_96,2023-10-01,51.06,16.83,0.473,-0.4927,0.011,5694.590757082613,0,0
S_96,2023-11-01,51.06,16.83,0.5469,-0.5601,0.0985,5694.590757082613,0,0
S_96,2023-12-01,51.06,16.83,0.2415,-0.2681,0.0726,5694.590757082613,0,0
S_96,2024-01-01,51.06,16.83,0.1985,-0.217,0.5821,5694.590757082613,0,0
S_96,2024-02-01,51.06,16.83,0.4771,-0.521,0.0566,5694.590757082613,0,0
S_96,2024-03-01,51.06,16.83,0.3933,-0.377,0.1397,5694.590757082613,0,0
S_96,2024-04-01,51.06,16.83,0.6266,-0.6078,0.2443,5694.590757082613,0,0
S_96,2024-05-01,51.06,16.83,0.585,-0.576,0.2255,5694.590757082613,0,0
S_96,2024-06-01,51.06,16.83,0.5923,-0.5583,0.1807,5694.590757082613,0,0
S_96,2024-07-01,51.06,16.83,0.4439,-0.4618,0.0399,5694.590757082613,0,0
S_96,2024-08-01,51.06,16.83,0.4881,-0.5095,0.0388,5694.590757082613,0,0
S_96,2024-09-01,51.06,16.83,0.4972,-0.5117,0.0548,5694.590757082613,0,0
S_96,2024-10-01,51.06,16.83,0.4546,-0.4746,0.0357,5694.590757082613,0,0
S_96,2024-11-01,51.06,16.83,0.4779,-0.5015,0.0628,5694.590757082613,0,0
S_96,2024-12-01,51.06,16.83,0.3132,-0.35,0.085,5694.590757082613,0,0
S_96,2025-01-01,51.06,16.83,0.3959,-0.4766,0.0373,5694.590757082613,0,0
S_96,2025-02-01,51.06,16.83,0.2817,-0.3317,0.2993,5694.590757082613,0,0
S_96,2025-03-01,51.06,16.83,0.3914,-0.4448,-0.0118,5694.590757082613,0,0
S_96,2025-04-01,51.06,16.83,0.4425,-0.4738,0.0288,5694.590757082613,0,0
S_96,2025-05-01,51.06,16.83,0.4959,-0.4996,0.1554,5694.590757082613,0,0
S_96,2025-06-01,51.06,16.83,0.6295,-0.6082,0.2537,5694.590757082613,0,0
S_96,2025-07-01,51.06,16.83,0.5384,-0.5439,0.1165,5694.590757082613,0,0
S_96,2025-08-01,51.06,16.83,0.5927,-0.5871,0.1586,5694.590757082613,0,0
S_96,2025-09-01,51.06,16.83,0.4984,-0.5244,0.0498,5694.590757082613,0,0
S_96,2025-10-01,51.06,16.83,0.4499,-0.5052,-0.0011,5694.590757082613,0,0
S_96,2025-11-01,51.06,16.83,0.4014,-0.486,-0.0521,5694.590757082613,0,0
S_96,2025-12-01,51.06,16.83,0.4057,-0.4907,0.0085,5694.590757082613,0,0
S_96,2026-01-01,51.06,16.83,0.3579,-0.4488,-0.0508,5694.590757082613,0,0
S_96,2026-02-01,51.06,16.83,0.3101,-0.407,-0.1102,5694.590757082613,0,0
S_96,2026-03-01,51.06,16.83,0.3149,-0.3949,-0.1015,5694.590757082613,0,0
S_97,2023-06-01,51.08,16.83,0.6297,-0.6073,0.2238,3534.511095614605,0,0
S_97,2023-07-01,51.08,16.83,0.6349,-0.615,0.2109,3534.511095614605,0,0
S_97,2023-08-01,51.08,16.83,0.5073,-0.5032,0.0841,3534.511095614605,0,0
S_97,2023-09-01,51.08,16.83,0.66,-0.6291,0.1783,3534.511095614605,0,0
S_97,2023-10-01,51.08,16.83,0.6044,-0.5914,0.1204,3534.511095614605,0,0
S_97,2023-11-01,51.08,16.83,0.5112,-0.5664,0.0433,3534.511095614605,0,0
S_97,2023-12-01,51.08,16.83,0.246,-0.2866,0.099,3534.511095614605,0,0
S_97,2024-01-01,51.08,16.83,0.192,-0.2282,0.4059,3534.511095614605,0,0
S_97,2024-02-01,51.08,16.83,0.4102,-0.5102,-0.0457,3534.511095614605,0,0
S_97,2024-03-01,51.08,16.83,0.458,-0.5085,0.0193,3534.511095614605,0,0
S_97,2024-04-01,51.08,16.83,0.5059,-0.5067,0.0843,3534.511095614605,0,0
S_97,2024-05-01,51.08,16.83,0.5355,-0.5376,0.0964,3534.511095614605,0,0
S_97,2024-06-01,51.08,16.83,0.5863,-0.5588,0.1283,3534.511095614605,0,0
S_97,2024-07-01,51.08,16.83,0.6019,-0.5688,0.1676,3534.511095614605,0,0
S_97,2024-08-01,51.08,16.83,0.7081,-0.6639,0.2195,3534.511095614605,0,0
S_97,2024-09-01,51.08,16.83,0.5759,-0.5731,0.1279,3534.511095614605,0,0
S_97,2024-10-01,51.08,16.83,0.4611,-0.5225,-0.0196,3534.511095614605,0,0
S_97,2024-11-01,51.08,16.83,0.4471,-0.4967,0.0026,3534.511095614605,0,0
S_97,2024-12-01,51.08,16.83,0.291,-0.3169,0.0118,3534.511095614605,0,0
S_97,2025-01-01,51.08,16.83,0.3947,-0.481,-0.0264,3534.511095614605,0,0
S_97,2025-02-01,51.08,16.83,0.3233,-0.3924,0.1147,3534.511095614605,0,0
S_97,2025-03-01,51.08,16.83,0.3614,-0.4274,-0.1087,3534.511095614605,0,0
S_97,2025-04-01,51.08,16.83,0.4152,-0.4614,-0.0668,3534.511095614605,0,0
S_97,2025-05-01,51.08,16.83,0.4626,-0.4716,0.0739,3534.511095614605,0,0
S_97,2025-06-01,51.08,16.83,0.71,-0.6663,0.2683,3534.511095614605,0,0
S_97,2025-07-01,51.08,16.83,0.6378,-0.6064,0.2034,3534.511095614605,0,0
S_97,2025-08-01,51.08,16.83,0.7128,-0.6691,0.2576,3534.511095614605,0,0
S_97,2025-09-01,51.08,16.83,0.6341,-0.6198,0.1505,3534.511095614605,0,0
S_97,2025-10-01,51.08,16.83,0.5396,-0.5748,0.0486,3534.511095614605,0,0
S_97,2025-11-01,51.08,16.83,0.4452,-0.5298,-0.0532,3534.511095614605,0,0
S_97,2025-12-01,51.08,16.83,0.4156,-0.5159,-0.0041,3534.511095614605,0,0
S_97,2026-01-01,51.08,16.83,0.0754,-0.0741,0.3455,3534.511095614605,0,0
S_97,2026-02-01,51.08,16.83,0.3191,-0.4231,-0.1373,3534.511095614605,0,0
S_97,2026-03-01,51.08,16.83,0.3169,-0.4083,-0.1339,3534.511095614605,0,0
S_98,2023-06-01,51.1,16.83,0.7642,-0.6938,0.3585,1511.4306172008778,0,0
S_98,2023-07-01,51.1,16.83,0.6888,-0.6489,0.2297,1511.4306172008778,0,0
S_98,2023-08-01,51.1,16.83,0.531,-0.5049,0.1242,1511.4306172008778,0,0
S_98,2023-09-01,51.1,16.83,0.7205,-0.6681,0.241,1511.4306172008778,0,0
S_98,2023-10-01,51.1,16.83,0.6708,-0.6283,0.1696,1511.4306172008778,0,0
S_98,2023-11-01,51.1,16.83,0.6206,-0.6322,0.1336,1511.4306172008778,0,0
S_98,2023-12-01,51.1,16.83,0.2214,-0.2583,0.3364,1511.4306172008778,0,0
S_98,2024-01-01,51.1,16.83,0.2742,-0.3097,0.3628,1511.4306172008778,0,0
S_98,2024-02-01,51.1,16.83,0.4783,-0.5623,0.0319,1511.4306172008778,0,0
S_98,2024-03-01,51.1,16.83,0.5506,-0.5706,0.1112,1511.4306172008778,0,0
S_98,2024-04-01,51.1,16.83,0.6228,-0.5788,0.1906,1511.4306172008778,0,0
S_98,2024-05-01,51.1,16.83,0.6758,-0.6255,0.2413,1511.4306172008778,0,0
S_98,2024-06-01,51.1,16.83,0.6737,-0.6165,0.2229,1511.4306172008778,0,0
S_98,2024-07-01,51.1,16.83,0.6352,-0.5958,0.1553,1511.4306172008778,0,0
S_98,2024-08-01,51.1,16.83,0.7351,-0.6803,0.2261,1511.4306172008778,0,0
S_98,2024-09-01,51.1,16.83,0.5871,-0.552,0.2098,1511.4306172008778,0,0
S_98,2024-10-01,51.1,16.83,0.5387,-0.5628,0.0211,1511.4306172008778,0,0
S_98,2024-11-01,51.1,16.83,0.4999,-0.5205,0.0371,1511.4306172008778,0,0
S_98,2024-12-01,51.1,16.83,0.3415,-0.355,0.0495,1511.4306172008778,0,0
S_98,2025-01-01,51.1,16.83,0.4506,-0.5245,0.0154,1511.4306172008778,0,0
S_98,2025-02-01,51.1,16.83,0.3597,-0.4194,0.1559,1511.4306172008778,0,0
S_98,2025-03-01,51.1,16.83,0.4141,-0.4645,-0.0543,1511.4306172008778,0,0
S_98,2025-04-01,51.1,16.83,0.4974,-0.5134,-0.0003,1511.4306172008778,0,0
S_98,2025-05-01,51.1,16.83,0.6343,-0.586,0.2412,1511.4306172008778,0,0
S_98,2025-06-01,51.1,16.83,0.7366,-0.6879,0.2903,1511.4306172008778,0,0
S_98,2025-07-01,51.1,16.83,0.6085,-0.587,0.1684,1511.4306172008778,0,0
S_98,2025-08-01,51.1,16.83,0.7262,-0.6769,0.2415,1511.4306172008778,0,0
S_98,2025-09-01,51.1,16.83,0.7182,-0.6737,0.2163,1511.4306172008778,0,0
S_98,2025-10-01,51.1,16.83,0.6374,-0.6376,0.131,1511.4306172008778,0,0
S_98,2025-11-01,51.1,16.83,0.5566,-0.6014,0.0458,1511.4306172008778,0,0
S_98,2025-12-01,51.1,16.83,0.5065,-0.5881,0.0564,1511.4306172008778,0,0
S_98,2026-01-01,51.1,16.83,0.4304,-0.5238,-0.0241,1511.4306172008778,0,0
S_98,2026-02-01,51.1,16.83,0.3543,-0.4595,-0.1046,1511.4306172008778,0,0
S_98,2026-03-01,51.1,16.83,0.3491,-0.4409,-0.1028,1511.4306172008778,0,0
S_99,2023-06-01,51.12,16.83,0.7168,-0.6596,0.3033,372.4822459180336,0,0
S_99,2023-07-01,51.12,16.83,0.7321,-0.6877,0.2618,372.4822459180336,0,0
S_99,2023-08-01,51.12,16.83,0.7252,-0.6766,0.2472,372.4822459180336,0,0
S_99,2023-09-01,51.12,16.83,0.7872,-0.7159,0.2931,372.4822459180336,0,0
S_99,2023-10-01,51.12,16.83,0.7114,-0.6634,0.1975,372.4822459180336,0,0
S_99,2023-11-01,51.12,16.83,0.592,-0.6173,0.1113,372.4822459180336,0,0
S_99,2023-12-01,51.12,16.83,0.4768,-0.3329,0.6553,372.4822459180336,0,0
S_99,2024-01-01,51.12,16.83,0.3007,-0.3371,0.3391,372.4822459180336,0,0
S_99,2024-02-01,51.12,16.83,0.4971,-0.5816,0.01,372.4822459180336,0,0
S_99,2024-03-01,51.12,16.83,0.5692,-0.5874,0.0988,372.4822459180336,0,0
S_99,2024-04-01,51.12,16.83,0.6413,-0.5931,0.1877,372.4822459180336,0,0
S_99,2024-05-01,51.12,16.83,0.6924,-0.6373,0.2422,372.4822459180336,0,0
S_99,2024-06-01,51.12,16.83,0.6565,-0.6183,0.177,372.4822459180336,0,0
S_99,2024-07-01,51.12,16.83,0.6715,-0.6199,0.1829,372.4822459180336,0,0
S_99,2024-08-01,51.12,16.83,0.7614,-0.6986,0.2341,372.4822459180336,0,0
S_99,2024-09-01,51.12,16.83,0.6255,-0.5835,0.2463,372.4822459180336,0,0
S_99,2024-10-01,51.12,16.83,0.6221,-0.6194,0.0932,372.4822459180336,0,0
S_99,2024-11-01,51.12,16.83,0.5905,-0.5819,0.1199,372.4822459180336,0,0
S_99,2024-12-01,51.12,16.83,0.3665,-0.3796,0.0657,372.4822459180336,0,0
S_99,2025-01-01,51.12,16.83,0.4821,-0.5503,0.0218,372.4822459180336,0,0
S_99,2025-02-01,51.12,16.83,0.401,-0.4633,0.1402,372.4822459180336,0,0
S_99,2025-03-01,51.12,16.83,0.4386,-0.4829,-0.0529,372.4822459180336,0,0
S_99,2025-04-01,51.12,16.83,0.5557,-0.5532,0.0306,372.4822459180336,0,0
S_99,2025-05-01,51.12,16.83,0.7887,-0.6784,0.3823,372.4822459180336,0,0
S_99,2025-06-01,51.12,16.83,0.7289,-0.6866,0.2831,372.4822459180336,0,0
S_99,2025-07-01,51.12,16.83,0.614,-0.5914,0.1515,372.4822459180336,0,0
S_99,2025-08-01,51.12,16.83,0.6767,-0.6485,0.1868,372.4822459180336,0,0
S_99,2025-09-01,51.12,16.83,0.7404,-0.6828,0.2235,372.4822459180336,0,0
S_99,2025-10-01,51.12,16.83,0.6836,-0.6629,0.1548,372.4822459180336,0,0
S_99,2025-11-01,51.12,16.83,0.6267,-0.643,0.086,372.4822459180336,0,0
S_99,2025-12-01,51.12,16.83,0.5295,-0.5995,0.0478,372.4822459180336,0,0
S_99,2026-01-01,51.12,16.83,0.4534,-0.5362,-0.0336,372.4822459180336,0,0
S_99,2026-02-01,51.12,16.83,0.3772,-0.4729,-0.1149,372.4822459180336,0,0
S_99,2026-03-01,51.12,16.83,0.369,-0.4532,-0.1152,372.4822459180336,0,0
