Sektor_ID,Lat,Lon,Data,NDVI,NDWI,NDMI
S_1,50.96,16.71,2023-06-01,0.7008,-0.6606,0.346
S_1,50.96,16.71,2023-07-01,0.6203,-0.6261,0.251
S_1,50.96,16.71,2023-08-01,0.5897,-0.5835,0.1402
S_1,50.96,16.71,2023-09-01,0.6351,-0.619,0.1824
S_1,50.96,16.71,2023-10-01,0.5356,-0.55,0.0885
S_1,50.96,16.71,2023-11-01,0.6535,-0.6459,0.1834
S_1,50.96,16.71,2023-12-01,0.3419,-0.4025,0.0758
S_1,50.96,16.71,2024-01-01,0.1972,-0.2103,0.6759
S_1,50.96,16.71,2024-02-01,0.5107,-0.5668,0.0849
S_1,50.96,16.71,2024-03-01,0.4168054311832883,-0.4785372048884848,-0.0232090319048032
S_1,50.96,16.71,2024-04-01,0.6935,-0.6379,0.3224
S_1,50.96,16.71,2024-05-01,0.7666,-0.7026,0.3974
S_1,50.96,16.71,2024-06-01,0.6463,-0.574,0.3588
S_1,50.96,16.71,2024-07-01,0.5112,-0.5184,0.0768
S_1,50.96,16.71,2024-08-01,0.4469,-0.4929,0.0198
S_1,50.96,16.71,2024-09-01,0.5473,-0.5464,0.1386
S_1,50.96,16.71,2024-10-01,0.5912,-0.5795,0.1434
S_1,50.96,16.71,2024-11-01,0.6142,-0.5989,0.1936
S_1,50.96,16.71,2024-12-01,0.1458523347098554,-0.2091240117223881,0.028642413068643
S_1,50.96,16.71,2025-01-01,0.562,-0.6082,0.1677
S_1,50.96,16.71,2025-02-01,0.4,-0.4302,0.2892
S_1,50.96,16.71,2025-03-01,0.5072,-0.5386,0.093
S_1,50.96,16.71,2025-04-01,0.6088,-0.5927,0.1795
S_1,50.96,16.71,2025-05-01,0.7836,-0.6835,0.4413
S_1,50.96,16.71,2025-06-01,0.7363,-0.6732,0.4301
S_1,50.96,16.71,2025-07-01,0.3429398417321327,-0.3531609025542703,0.0784614996929759
S_1,50.96,16.71,2025-08-01,0.4685,-0.5098,0.0459
S_1,50.96,16.71,2025-09-01,0.4713,-0.5053,0.0563
S_1,50.96,16.71,2025-10-01,0.3426974905964867,-0.3082045220003083,0.1219531421228725
S_1,50.96,16.71,2025-11-01,0.5472,-0.5902,0.0963
S_1,50.96,16.71,2025-12-01,0.5058,-0.5368,0.1105
S_1,50.96,16.71,2026-01-01,0.0972897744935785,-0.1049415157958921,0.3449331083970512
S_1,50.96,16.71,2026-02-01,0.3711,-0.4629,-0.0486
S_1,50.96,16.71,2026-03-01,0.3693,-0.4499,-0.041
S_2,50.98,16.71,2023-06-01,0.7079,-0.6623,0.4145
S_2,50.98,16.71,2023-07-01,0.5303,-0.5647,0.1972
S_2,50.98,16.71,2023-08-01,0.5195,-0.5307,0.0836
S_2,50.98,16.71,2023-09-01,0.5471,-0.5515,0.1313
S_2,50.98,16.71,2023-10-01,0.5159,-0.5257,0.0836
S_2,50.98,16.71,2023-11-01,0.5134,-0.5538,0.1407
S_2,50.98,16.71,2023-12-01,0.3529,-0.366,0.0711
S_2,50.98,16.71,2024-01-01,0.1563,-0.1738,0.6742
S_2,50.98,16.71,2024-02-01,0.4587,-0.5211,0.0865
S_2,50.98,16.71,2024-03-01,0.4145081756006845,-0.4825724683346465,-0.0348133358340246
S_2,50.98,16.71,2024-04-01,0.6135,-0.5793,0.2434
S_2,50.98,16.71,2024-05-01,0.6216,-0.6025,0.2903
S_2,50.98,16.71,2024-06-01,0.5413,-0.4884,0.3014
S_2,50.98,16.71,2024-07-01,0.4689,-0.4858,0.0477
S_2,50.98,16.71,2024-08-01,0.5273,-0.545,0.0811
S_2,50.98,16.71,2024-09-01,0.3934,-0.424,0.0864
S_2,50.98,16.71,2024-10-01,0.398,-0.4548,-0.014
S_2,50.98,16.71,2024-11-01,0.4392,-0.4885,0.0372
S_2,50.98,16.71,2024-12-01,0.1181477630230632,-0.1755232740799932,0.0202653277382085
S_2,50.98,16.71,2025-01-01,0.4779,-0.5425,0.1181
S_2,50.98,16.71,2025-02-01,0.3349,-0.3733,0.3063
S_2,50.98,16.71,2025-03-01,0.5161,-0.5304,0.1144
S_2,50.98,16.71,2025-04-01,0.6008,-0.588,0.1948
S_2,50.98,16.71,2025-05-01,0.7084,-0.6604,0.3866
S_2,50.98,16.71,2025-06-01,0.6591,-0.6342,0.3446
S_2,50.98,16.71,2025-07-01,0.2908828760815973,-0.3129879101072703,0.0360879398845966
S_2,50.98,16.71,2025-08-01,0.4225,-0.4834,0.0123
S_2,50.98,16.71,2025-09-01,0.4563,-0.4877,0.056
S_2,50.98,16.71,2025-10-01,0.3427869221115099,-0.3083332169969115,0.1218483302291679
S_2,50.98,16.71,2025-11-01,0.4929,-0.5483,0.0698
S_2,50.98,16.71,2025-12-01,0.483,-0.5289,0.1443
S_2,50.98,16.71,2026-01-01,0.0991679792345767,-0.1072370840664994,0.3502956536361594
S_2,50.98,16.71,2026-02-01,0.3519,-0.4435,-0.0233
S_2,50.98,16.71,2026-03-01,0.3548,-0.4336,-0.0161
S_3,51.0,16.71,2023-06-01,0.6924,-0.6659,0.4228
S_3,51.0,16.71,2023-07-01,0.4483,-0.5149,0.1395
S_3,51.0,16.71,2023-08-01,0.3747,-0.4408,-0.0337
S_3,51.0,16.71,2023-09-01,0.4216,-0.465,0.0065
S_3,51.0,16.71,2023-10-01,0.4409,-0.4721,0.008
S_3,51.0,16.71,2023-11-01,0.5158,-0.5472,0.1909
S_3,51.0,16.71,2023-12-01,0.4194,-0.4291,0.2096
S_3,51.0,16.71,2024-01-01,0.1695,-0.186,0.7029
S_3,51.0,16.71,2024-02-01,0.4721,-0.5099,0.1664
S_3,51.0,16.71,2024-03-01,0.4172676846357397,-0.4819154899821177,-0.0310851253943529
S_3,51.0,16.71,2024-04-01,0.6074,-0.5826,0.3286
S_3,51.0,16.71,2024-05-01,0.6039,-0.5873,0.3435
S_3,51.0,16.71,2024-06-01,0.4825,-0.4463,0.2488
S_3,51.0,16.71,2024-07-01,0.3738,-0.4037,-0.0048
S_3,51.0,16.71,2024-08-01,0.4973,-0.501,0.091
S_3,51.0,16.71,2024-09-01,0.3485,-0.4222,-0.026
S_3,51.0,16.71,2024-10-01,0.3022,-0.3835,-0.0425
S_3,51.0,16.71,2024-11-01,0.365,-0.4331,0.0251
S_3,51.0,16.71,2024-12-01,0.1159563850827699,-0.1800600071761789,0.0218176772142717
S_3,51.0,16.71,2025-01-01,0.4835,-0.5223,0.1914
S_3,51.0,16.71,2025-02-01,0.2406,-0.252,0.5844
S_3,51.0,16.71,2025-03-01,0.5731,-0.5568,0.2005
S_3,51.0,16.71,2025-04-01,0.6739,-0.6334,0.2915
S_3,51.0,16.71,2025-05-01,0.739,-0.6944,0.4533
S_3,51.0,16.71,2025-06-01,0.614,-0.6054,0.3336
S_3,51.0,16.71,2025-07-01,0.2753231907236167,-0.3066790054227503,0.0208218383995052
S_3,51.0,16.71,2025-08-01,0.2851,-0.3885,-0.0893
S_3,51.0,16.71,2025-09-01,0.3174,-0.386,-0.0452
S_3,51.0,16.71,2025-10-01,0.3690868273044657,-0.3360017817379397,0.1196160602728497
S_3,51.0,16.71,2025-11-01,0.3902,-0.4701,0.0262
S_3,51.0,16.71,2025-12-01,0.4186,-0.4768,0.1349
S_3,51.0,16.71,2026-01-01,0.1288740000354468,-0.1386268457732691,0.3963033068910289
S_3,51.0,16.71,2026-02-01,0.3069,-0.398,-0.0036
S_3,51.0,16.71,2026-03-01,0.331,-0.4016,0.0046
S_4,51.02,16.71,2023-06-01,0.7382,-0.6845,0.455
S_4,51.02,16.71,2023-07-01,0.3776,-0.4745,0.0712
S_4,51.02,16.71,2023-08-01,0.3092,-0.3814,-0.0808
S_4,51.02,16.71,2023-09-01,0.3123,-0.3833,-0.0797
S_4,51.02,16.71,2023-10-01,0.3643,-0.41,-0.0314
S_4,51.02,16.71,2023-11-01,0.5829,-0.5751,0.2198
S_4,51.02,16.71,2023-12-01,0.3302,-0.3562,0.1097
S_4,51.02,16.71,2024-01-01,0.2117,-0.2228,0.6746
S_4,51.02,16.71,2024-02-01,0.4907,-0.523,0.1499
S_4,51.02,16.71,2024-03-01,0.4044722023262777,-0.4618559574353179,-0.0216725414864169
S_4,51.02,16.71,2024-04-01,0.5873,-0.5701,0.2702
S_4,51.02,16.71,2024-05-01,0.6159,-0.5927,0.3137
S_4,51.02,16.71,2024-06-01,0.5318,-0.5095,0.2163
S_4,51.02,16.71,2024-07-01,0.3237,-0.3692,-0.0542
S_4,51.02,16.71,2024-08-01,0.3842,-0.4329,-0.017
S_4,51.02,16.71,2024-09-01,0.4157,-0.4472,0.0388
S_4,51.02,16.71,2024-10-01,0.4339,-0.4575,0.0425
S_4,51.02,16.71,2024-11-01,0.4993,-0.5062,0.1248
S_4,51.02,16.71,2024-12-01,0.1023,-0.1971,0.0148
S_4,51.02,16.71,2025-01-01,0.5141,-0.5388,0.2011
S_4,51.02,16.71,2025-02-01,0.2689,-0.2895,0.4869
S_4,51.02,16.71,2025-03-01,0.5168,-0.521,0.1599
S_4,51.02,16.71,2025-04-01,0.5933,-0.5769,0.2308
S_4,51.02,16.71,2025-05-01,0.6245,-0.5984,0.3515
S_4,51.02,16.71,2025-06-01,0.545,-0.5634,0.2458
S_4,51.02,16.71,2025-07-01,0.3213579764532751,-0.355089528094365,-0.0017799161363607
S_4,51.02,16.71,2025-08-01,0.4026,-0.4566,0.0133
S_4,51.02,16.71,2025-09-01,0.3902,-0.445,0.0013
S_4,51.02,16.71,2025-10-01,0.369156386152586,-0.3361507470360572,0.1193565115557541
S_4,51.02,16.71,2025-11-01,0.4071,-0.4827,0.0132
S_4,51.02,16.71,2025-12-01,0.4258,-0.4838,0.0941
S_4,51.02,16.71,2026-01-01,0.1319544125236011,-0.1405029483794793,0.4044933020088005
S_4,51.02,16.71,2026-02-01,0.3065,-0.3966,-0.0442
S_4,51.02,16.71,2026-03-01,0.3221,-0.3949,-0.0242
S_5,51.04,16.71,2023-06-01,0.6367,-0.6127,0.3209
S_5,51.04,16.71,2023-07-01,0.5616,-0.5817,0.2069
S_5,51.04,16.71,2023-08-01,0.5141,-0.5243,0.1084
S_5,51.04,16.71,2023-09-01,0.5467,-0.5505,0.1175
S_5,51.04,16.71,2023-10-01,0.5314,-0.541,0.068
S_5,51.04,16.71,2023-11-01,0.5229,-0.5559,0.1364
S_5,51.04,16.71,2023-12-01,0.4952,-0.4703,0.2037
S_5,51.04,16.71,2024-01-01,0.2025,-0.2242,0.5642
S_5,51.04,16.71,2024-02-01,0.4296,-0.5019,0.0379
S_5,51.04,16.71,2024-03-01,0.3815601234773745,-0.4271881086031137,0.0002692055098868
S_5,51.04,16.71,2024-04-01,0.5295,-0.5296,0.1813
S_5,51.04,16.71,2024-05-01,0.5189,-0.5218,0.1962
S_5,51.04,16.71,2024-06-01,0.5598,-0.5361,0.2122
S_5,51.04,16.71,2024-07-01,0.4965,-0.4907,0.1235
S_5,51.04,16.71,2024-08-01,0.5746,-0.5709,0.1644
S_5,51.04,16.71,2024-09-01,0.4768,-0.5082,0.0625
S_5,51.04,16.71,2024-10-01,0.3764,-0.44,-0.0334
S_5,51.04,16.71,2024-11-01,0.4167,-0.465,0.0331
S_5,51.04,16.71,2024-12-01,0.3749,-0.3623,0.3029
S_5,51.04,16.71,2025-01-01,0.4796,-0.5218,0.1109
S_5,51.04,16.71,2025-02-01,0.3018,-0.3323,0.3905
S_5,51.04,16.71,2025-03-01,0.5441,-0.535,0.1332
S_5,51.04,16.71,2025-04-01,0.646,-0.6138,0.2285
S_5,51.04,16.71,2025-05-01,0.7351,-0.6848,0.3997
S_5,51.04,16.71,2025-06-01,0.6359,-0.6231,0.3098
S_5,51.04,16.71,2025-07-01,0.3154416459786613,-0.3583303693640082,-0.0142541952381653
S_5,51.04,16.71,2025-08-01,0.4498,-0.5048,0.0317
S_5,51.04,16.71,2025-09-01,0.4705,-0.5017,0.0493
S_5,51.04,16.71,2025-10-01,0.3692313265106982,-0.3363183826330437,0.1190553523064697
S_5,51.04,16.71,2025-11-01,0.5099,-0.5587,0.0581
S_5,51.04,16.71,2025-12-01,0.4801,-0.5237,0.1111
S_5,51.04,16.71,2026-01-01,0.1504290254639227,-0.151709149661965,0.4599036193560488
S_5,51.04,16.71,2026-02-01,0.3293,-0.4247,-0.0779
S_5,51.04,16.71,2026-03-01,0.3359,-0.417,-0.0658
S_6,51.06,16.71,2023-06-01,0.7547,-0.7047,0.4405
S_6,51.06,16.71,2023-07-01,0.403,-0.4823,0.0592
S_6,51.06,16.71,2023-08-01,0.3672,-0.436,-0.0828
S_6,51.06,16.71,2023-09-01,0.3705,-0.4273,-0.0332
S_6,51.06,16.71,2023-10-01,0.4786,-0.4813,0.0563
S_6,51.06,16.71,2023-11-01,0.7093,-0.6545,0.3157
S_6,51.06,16.71,2023-12-01,0.4803,-0.4734,0.2389
S_6,51.06,16.71,2024-01-01,0.2874,-0.2995,0.637
S_6,51.06,16.71,2024-02-01,0.5657,-0.5901,0.1608
S_6,51.06,16.71,2024-03-01,0.3769581214789179,-0.4192004946890723,0.0077478201498379
S_6,51.06,16.71,2024-04-01,0.6496,-0.6195,0.3092
S_6,51.06,16.71,2024-05-01,0.643,-0.6101,0.3239
S_6,51.06,16.71,2024-06-01,0.5668,-0.5148,0.2712
S_6,51.06,16.71,2024-07-01,0.4742,-0.4843,0.0594
S_6,51.06,16.71,2024-08-01,0.458,-0.4926,0.0309
S_6,51.06,16.71,2024-09-01,0.432,-0.4718,0.0125
S_6,51.06,16.71,2024-10-01,0.4292892672211778,-0.4688172279280272,0.0213617409344202
S_6,51.06,16.71,2024-11-01,0.4421,-0.4749,0.054
S_6,51.06,16.71,2024-12-01,0.4156,-0.4017,0.2206
S_6,51.06,16.71,2025-01-01,0.5015,-0.5262,0.1536
S_6,51.06,16.71,2025-02-01,0.3002,-0.319,0.4357
S_6,51.06,16.71,2025-03-01,0.5459,-0.5367,0.1346
S_6,51.06,16.71,2025-04-01,0.6209,-0.5973,0.2014
S_6,51.06,16.71,2025-05-01,0.6542,-0.6266,0.3399
S_6,51.06,16.71,2025-06-01,0.6161,-0.612,0.2667
S_6,51.06,16.71,2025-07-01,0.368859940503863,-0.3968795995842351,0.0285899152481781
S_6,51.06,16.71,2025-08-01,0.4756,-0.5193,0.0395
S_6,51.06,16.71,2025-09-01,0.3927,-0.4518,-0.0088
S_6,51.06,16.71,2025-10-01,0.3693107096272622,-0.336503360757747,0.1187141289781289
S_6,51.06,16.71,2025-11-01,0.5259,-0.5541,0.0939
S_6,51.06,16.71,2025-12-01,0.5413,-0.5448,0.1967
S_6,51.06,16.71,2026-01-01,0.2022,-0.2004,0.4627
S_6,51.06,16.71,2026-02-01,0.3775,-0.4443,-0.0044
S_6,51.06,16.71,2026-03-01,0.3898,-0.4435,0.0062
S_7,51.08,16.71,2023-06-01,0.8388,-0.7594,0.5853
S_7,51.08,16.71,2023-07-01,0.3591,-0.4678,0.0766
S_7,51.08,16.71,2023-08-01,0.2804,-0.3739,-0.1481
S_7,51.08,16.71,2023-09-01,0.3726,-0.4265,-0.0706
S_7,51.08,16.71,2023-10-01,0.3976,-0.4353,-0.0364
S_7,51.08,16.71,2023-11-01,0.6643,-0.63,0.2452
S_7,51.08,16.71,2023-12-01,0.5368,-0.5299,0.2376
S_7,51.08,16.71,2024-01-01,0.3177,-0.3215,0.6043
S_7,51.08,16.71,2024-02-01,0.5861,-0.5984,0.1733
S_7,51.08,16.71,2024-03-01,0.2412030557677577,-0.2826260024436523,0.0219187967332789
S_7,51.08,16.71,2024-04-01,0.694,-0.6585,0.3533
S_7,51.08,16.71,2024-05-01,0.6999,-0.6571,0.4012
S_7,51.08,16.71,2024-06-01,0.5585,-0.501,0.2849
S_7,51.08,16.71,2024-07-01,0.327,-0.3888,-0.0701
S_7,51.08,16.71,2024-08-01,0.3342,-0.4147,-0.0965
S_7,51.08,16.71,2024-09-01,0.4206,-0.4576,-0.0162
S_7,51.08,16.71,2024-10-01,0.5564829840057094,-0.5542150144812166,0.1270535627573761
S_7,51.08,16.71,2024-11-01,0.4186,-0.4582,0.0115
S_7,51.08,16.71,2024-12-01,0.4776,-0.4442,0.2057
S_7,51.08,16.71,2025-01-01,0.5454,-0.5473,0.1827
S_7,51.08,16.71,2025-02-01,0.4357,-0.4412,0.3137
S_7,51.08,16.71,2025-03-01,0.6222,-0.5801,0.1913
S_7,51.08,16.71,2025-04-01,0.7416,-0.6804,0.3144
S_7,51.08,16.71,2025-05-01,0.7952,-0.7341,0.4921
S_7,51.08,16.71,2025-06-01,0.5661,-0.5918,0.2848
S_7,51.08,16.71,2025-07-01,0.3670844016911279,-0.3972498317898606,0.0243544211770281
S_7,51.08,16.71,2025-08-01,0.3121,-0.4116,-0.1077
S_7,51.08,16.71,2025-09-01,0.3541,-0.4194,-0.0804
S_7,51.08,16.71,2025-10-01,0.3693934388609005,-0.3367032147009985,0.1183374535595198
S_7,51.08,16.71,2025-11-01,0.4805,-0.5222,0.0437
S_7,51.08,16.71,2025-12-01,0.4997,-0.5245,0.1278
S_7,51.08,16.71,2026-01-01,0.1378,-0.1481,0.5659
S_7,51.08,16.71,2026-02-01,0.3333,-0.4229,-0.0756
S_7,51.08,16.71,2026-03-01,0.3406,-0.4187,-0.0701
S_8,51.1,16.71,2023-06-01,0.8258,-0.7453,0.5268
S_8,51.1,16.71,2023-07-01,0.4059,-0.4889,0.0564
S_8,51.1,16.71,2023-08-01,0.4056,-0.4499,-0.0672
S_8,51.1,16.71,2023-09-01,0.4616,-0.4877,-0.0226
S_8,51.1,16.71,2023-10-01,0.33,-0.4129,-0.0958
S_8,51.1,16.71,2023-11-01,0.6036,-0.5978,0.146
S_8,51.1,16.71,2023-12-01,0.432,-0.426,0.1967
S_8,51.1,16.71,2024-01-01,0.3519,-0.3629,0.4716
S_8,51.1,16.71,2024-02-01,0.5938,-0.6042,0.1423
S_8,51.1,16.71,2024-03-01,0.2515191304260559,-0.2640487499885544,0.0876803859973481
S_8,51.1,16.71,2024-04-01,0.7694,-0.7105,0.3817
S_8,51.1,16.71,2024-05-01,0.7734,-0.7118,0.4191
S_8,51.1,16.71,2024-06-01,0.6085,-0.5734,0.2109
S_8,51.1,16.71,2024-07-01,0.3451,-0.4154,-0.1051
S_8,51.1,16.71,2024-08-01,0.3257,-0.4047,-0.0882
S_8,51.1,16.71,2024-09-01,0.4796,-0.4938,0.0623
S_8,51.1,16.71,2024-10-01,0.6795,-0.63,0.2497
S_8,51.1,16.71,2024-11-01,0.6441,-0.6063,0.2698
S_8,51.1,16.71,2024-12-01,0.5199,-0.4794,0.2898
S_8,51.1,16.71,2025-01-01,0.6232,-0.6124,0.2968
S_8,51.1,16.71,2025-02-01,0.3339,-0.3482,0.5511
S_8,51.1,16.71,2025-03-01,0.6195,-0.5933,0.234
S_8,51.1,16.71,2025-04-01,0.7377,-0.6802,0.3499
S_8,51.1,16.71,2025-05-01,0.7146,-0.6426,0.5068
S_8,51.1,16.71,2025-06-01,0.592,-0.5878,0.2881
S_8,51.1,16.71,2025-07-01,0.3355,-0.3888,-0.0313
S_8,51.1,16.71,2025-08-01,0.5523,-0.5388,0.0826
S_8,51.1,16.71,2025-09-01,0.3657,-0.4364,-0.0514
S_8,51.1,16.71,2025-10-01,0.3694783345797616,-0.3369142811551595,0.1179333763229196
S_8,51.1,16.71,2025-11-01,0.3984,-0.4874,-0.0218
S_8,51.1,16.71,2025-12-01,0.4377,-0.491,0.0681
S_8,51.1,16.71,2026-01-01,0.1295,-0.1496,0.6352
S_8,51.1,16.71,2026-02-01,0.3271,-0.4187,-0.0684
S_8,51.1,16.71,2026-03-01,0.3436,-0.4165,-0.0575
S_9,51.12,16.71,2023-06-01,0.8254,-0.7431,0.5727
S_9,51.12,16.71,2023-07-01,0.3717,-0.4612,0.0676
S_9,51.12,16.71,2023-08-01,0.4087,-0.4449,-0.0576
S_9,51.12,16.71,2023-09-01,0.5786,-0.5519,0.1265
S_9,51.12,16.71,2023-10-01,0.4797,-0.5009,0.0619
S_9,51.12,16.71,2023-11-01,0.4587,-0.5127,0.0785
S_9,51.12,16.71,2023-12-01,0.331,-0.33,0.1558
S_9,51.12,16.71,2024-01-01,0.3267,-0.3643,0.2296
S_9,51.12,16.71,2024-02-01,0.5337,-0.5515,0.1355
S_9,51.12,16.71,2024-03-01,0.2349254320295742,-0.2481784602206485,0.0845375710404414
S_9,51.12,16.71,2024-04-01,0.7652,-0.6981,0.4009
S_9,51.12,16.71,2024-05-01,0.7539,-0.6988,0.4249
S_9,51.12,16.71,2024-06-01,0.6562,-0.5985,0.25
S_9,51.12,16.71,2024-07-01,0.3076,-0.3837,-0.1453
S_9,51.12,16.71,2024-08-01,0.3496,-0.4067,-0.0687
S_9,51.12,16.71,2024-09-01,0.5456,-0.5245,0.1043
S_9,51.12,16.71,2024-10-01,0.6728,-0.6262,0.2383
S_9,51.12,16.71,2024-11-01,0.705,-0.642,0.3241
S_9,51.12,16.71,2024-12-01,0.5455,-0.5068,0.2831
S_9,51.12,16.71,2025-01-01,0.6332,-0.6263,0.2937
S_9,51.12,16.71,2025-02-01,0.2138,-0.236,0.6644
S_9,51.12,16.71,2025-03-01,0.5528,-0.5545,0.2007
S_9,51.12,16.71,2025-04-01,0.6554,-0.6307,0.3033
S_9,51.12,16.71,2025-05-01,0.7193,-0.6477,0.4964
S_9,51.12,16.71,2025-06-01,0.5823,-0.58,0.2844
S_9,51.12,16.71,2025-07-01,0.1677,-0.2653,-0.1301
S_9,51.12,16.71,2025-08-01,0.5798,-0.546,0.101
S_9,51.12,16.71,2025-09-01,0.3199,-0.4285,-0.062
S_9,51.12,16.71,2025-10-01,0.3632849762027165,-0.3399649500586889,0.0992639444346737
S_9,51.12,16.71,2025-11-01,0.3408,-0.4451,-0.0861
S_9,51.12,16.71,2025-12-01,0.4069,-0.4607,0.0642
S_9,51.12,16.71,2026-01-01,0.0916,-0.103,0.6332
S_9,51.12,16.71,2026-02-01,0.2952,-0.3952,-0.0623
S_9,51.12,16.71,2026-03-01,0.3252,-0.3988,-0.0556
S_10,51.14,16.71,2023-06-01,0.7378,-0.6797,0.49
S_10,51.14,16.71,2023-07-01,0.4434,-0.5073,0.1642
S_10,51.14,16.71,2023-08-01,0.3911,-0.4125,-0.0066
S_10,51.14,16.71,2023-09-01,0.3771,-0.4291,-0.0378
S_10,51.14,16.71,2023-10-01,0.4664,-0.4715,0.0502
S_10,51.14,16.71,2023-11-01,0.6588,-0.6429,0.2566
S_10,51.14,16.71,2023-12-01,0.4249,-0.3844,0.2687
S_10,51.14,16.71,2024-01-01,0.4518,-0.4664,0.4052
S_10,51.14,16.71,2024-02-01,0.6037,-0.6123,0.2446
S_10,51.14,16.71,2024-03-01,0.2521354982330116,-0.25297406488569,0.10888709880315
S_10,51.14,16.71,2024-04-01,0.6779,-0.6453,0.3629
S_10,51.14,16.71,2024-05-01,0.6701,-0.6373,0.3905
S_10,51.14,16.71,2024-06-01,0.6624,-0.5933,0.3315
S_10,51.14,16.71,2024-07-01,0.3621,-0.4299,-0.0573
S_10,51.14,16.71,2024-08-01,0.4694,-0.495,0.0366
S_10,51.14,16.71,2024-09-01,0.4919,-0.5097,0.0647
S_10,51.14,16.71,2024-10-01,0.3897,-0.4464,0.0112
S_10,51.14,16.71,2024-11-01,0.5004,-0.5028,0.1494
S_10,51.14,16.71,2024-12-01,0.4633,-0.441,0.2095
S_10,51.14,16.71,2025-01-01,0.5454,-0.5585,0.224
S_10,51.14,16.71,2025-02-01,0.2296,-0.247,0.6498
S_10,51.14,16.71,2025-03-01,0.5799,-0.5645,0.2028
S_10,51.14,16.71,2025-04-01,0.6736,-0.6376,0.2976
S_10,51.14,16.71,2025-05-01,0.6679,-0.6276,0.4233
S_10,51.14,16.71,2025-06-01,0.6006,-0.5912,0.3272
S_10,51.14,16.71,2025-07-01,0.2181,-0.2939,-0.0938
S_10,51.14,16.71,2025-08-01,0.4142,-0.4675,-0.0093
S_10,51.14,16.71,2025-09-01,0.4109,-0.4602,-0.0009
S_10,51.14,16.71,2025-10-01,0.3630400659822822,-0.3399045202188238,0.0988280597517346
S_10,51.14,16.71,2025-11-01,0.542,-0.5665,0.1447
S_10,51.14,16.71,2025-12-01,0.5603,-0.547,0.2613
S_10,51.14,16.71,2026-01-01,0.2145,-0.2124,0.654
S_10,51.14,16.71,2026-02-01,0.3895,-0.449,0.0011
S_10,51.14,16.71,2026-03-01,0.4013,-0.4524,0.0029
S_11,51.16,16.71,2023-06-01,0.7205,-0.6665,0.4548
S_11,51.16,16.71,2023-07-01,0.3764,-0.4709,0.0578
S_11,51.16,16.71,2023-08-01,0.3232,-0.3419,-0.032
S_11,51.16,16.71,2023-09-01,0.5325,-0.5251,0.0945
S_11,51.16,16.71,2023-10-01,0.5811,-0.5522,0.1317
S_11,51.16,16.71,2023-11-01,0.5663,-0.577,0.1622
S_11,51.16,16.71,2023-12-01,0.3391,-0.3175,0.1669
S_11,51.16,16.71,2024-01-01,0.3353,-0.3888,0.2004
S_11,51.16,16.71,2024-02-01,0.458,-0.5087,0.0804
S_11,51.16,16.71,2024-03-01,0.2446230582174795,-0.2461195124029796,0.1067635172880298
S_11,51.16,16.71,2024-04-01,0.5082,-0.5148,0.1686
S_11,51.16,16.71,2024-05-01,0.4883,-0.4976,0.1804
S_11,51.16,16.71,2024-06-01,0.5311,-0.5081,0.1505
S_11,51.16,16.71,2024-07-01,0.4765,-0.4895,0.0647
S_11,51.16,16.71,2024-08-01,0.5702,-0.5513,0.1314
S_11,51.16,16.71,2024-09-01,0.4834,-0.5119,0.0374
S_11,51.16,16.71,2024-10-01,0.3134,-0.3974,-0.0885
S_11,51.16,16.71,2024-11-01,0.3813,-0.4316,-0.0078
S_11,51.16,16.71,2024-12-01,0.3039,-0.3231,0.0309
S_11,51.16,16.71,2025-01-01,0.4024,-0.4682,0.053
S_11,51.16,16.71,2025-02-01,0.1362,-0.1665,0.6176
S_11,51.16,16.71,2025-03-01,0.4477,-0.469,0.0435
S_11,51.16,16.71,2025-04-01,0.5291,-0.5275,0.1193
S_11,51.16,16.71,2025-05-01,0.5744,-0.5651,0.2552
S_11,51.16,16.71,2025-06-01,0.5466,-0.5583,0.2
S_11,51.16,16.71,2025-07-01,0.4576278923421114,-0.4620998984873276,0.0772334987945647
S_11,51.16,16.71,2025-08-01,0.45,-0.4934,0.0193
S_11,51.16,16.71,2025-09-01,0.3983,-0.4534,-0.0218
S_11,51.16,16.71,2025-10-01,0.3627853230700757,-0.3398390301065438,0.0983901918635373
S_11,51.16,16.71,2025-11-01,0.5063,-0.5491,0.0958
S_11,51.16,16.71,2025-12-01,0.4649,-0.5027,0.1527
S_11,51.16,16.71,2026-01-01,0.1476,-0.1665,0.6012
S_11,51.16,16.71,2026-02-01,0.3246,-0.407,-0.0401
S_11,51.16,16.71,2026-03-01,0.3343,-0.4097,-0.049
S_12,51.18,16.71,2023-06-01,0.7522,-0.6815,0.3165
S_12,51.18,16.71,2023-07-01,0.6986,-0.6526,0.2407
S_12,51.18,16.71,2023-08-01,0.4409,-0.4072,0.1506
S_12,51.18,16.71,2023-09-01,0.7294,-0.6747,0.2647
S_12,51.18,16.71,2023-10-01,0.7139,-0.6682,0.2312
S_12,51.18,16.71,2023-11-01,0.6982,-0.6898,0.2638
S_12,51.18,16.71,2023-12-01,0.3039,-0.3078,0.1452
S_12,51.18,16.71,2024-01-01,0.5502,-0.5562,0.3361
S_12,51.18,16.71,2024-02-01,0.6521,-0.6761,0.1671
S_12,51.18,16.71,2024-03-01,0.2429284975797432,-0.244572371230694,0.1062807979352205
S_12,51.18,16.71,2024-04-01,0.6325,-0.5905,0.1885
S_12,51.18,16.71,2024-05-01,0.6573,-0.6113,0.2273
S_12,51.18,16.71,2024-06-01,0.7365,-0.6599,0.2611
S_12,51.18,16.71,2024-07-01,0.7427,-0.6632,0.2841
S_12,51.18,16.71,2024-08-01,0.7703,-0.7071,0.2746
S_12,51.18,16.71,2024-09-01,0.7005,-0.6766,0.216
S_12,51.18,16.71,2024-10-01,0.6575,-0.6574,0.1653
S_12,51.18,16.71,2024-11-01,0.6606,-0.6317,0.2653
S_12,51.18,16.71,2024-12-01,0.434,-0.4072,0.2004
S_12,51.18,16.71,2025-01-01,0.6336,-0.6484,0.2019
S_12,51.18,16.71,2025-02-01,0.4616,-0.4613,0.4359
S_12,51.18,16.71,2025-03-01,0.5379,-0.5445,0.0588
S_12,51.18,16.71,2025-04-01,0.5846,-0.5809,0.0624
S_12,51.18,16.71,2025-05-01,0.6699,-0.5952,0.2437
S_12,51.18,16.71,2025-06-01,0.752,-0.7064,0.3001
S_12,51.18,16.71,2025-07-01,0.6955154980399385,-0.6289239490359665,0.2577018221775571
S_12,51.18,16.71,2025-08-01,0.7472,-0.6934,0.2773
S_12,51.18,16.71,2025-09-01,0.761,-0.7086,0.3011
S_12,51.18,16.71,2025-10-01,0.362527639532285,-0.3397695805880081,0.0979646277083305
S_12,51.18,16.71,2025-11-01,0.6751,-0.693,0.2143
S_12,51.18,16.71,2025-12-01,0.5887,-0.5951,0.2143
S_12,51.18,16.71,2026-01-01,0.4082,-0.3717,0.5101
S_12,51.18,16.71,2026-02-01,0.5074,-0.546,0.0515
S_12,51.18,16.71,2026-03-01,0.4914,-0.525,0.0414
S_13,51.2,16.71,2023-06-01,0.8646,-0.7541,0.3959
S_13,51.2,16.71,2023-07-01,0.8624,-0.7745,0.3669
S_13,51.2,16.71,2023-08-01,0.7463,-0.6837,0.3056
S_13,51.2,16.71,2023-09-01,0.8404,-0.7702,0.3099
S_13,51.2,16.71,2023-10-01,0.8261,-0.763,0.2536
S_13,51.2,16.71,2023-11-01,0.653,-0.6968,0.0734
S_13,51.2,16.71,2023-12-01,0.2536,-0.2991,0.0415
S_13,51.2,16.71,2024-01-01,0.3667,-0.4096,0.1998
S_13,51.2,16.71,2024-02-01,0.5176,-0.6344,-0.0127
S_13,51.2,16.71,2024-03-01,0.2450276474997041,-0.2464862466818916,0.106868348264277
S_13,51.2,16.71,2024-04-01,0.5667,-0.5383,0.0994
S_13,51.2,16.71,2024-05-01,0.7085,-0.6315,0.2118
S_13,51.2,16.71,2024-06-01,0.8395,-0.738,0.3509
S_13,51.2,16.71,2024-07-01,0.7844,-0.6936,0.3307
S_13,51.2,16.71,2024-08-01,0.8668,-0.7882,0.3206
S_13,51.2,16.71,2024-09-01,0.8178,-0.7568,0.2511
S_13,51.2,16.71,2024-10-01,0.6764,-0.6892,0.0545
S_13,51.2,16.71,2024-11-01,0.5643,-0.5802,0.0501
S_13,51.2,16.71,2024-12-01,0.2883,-0.3081,0.0419
S_13,51.2,16.71,2025-01-01,0.4969,-0.579,0.0412
S_13,51.2,16.71,2025-02-01,0.3694,-0.421,0.1865
S_13,51.2,16.71,2025-03-01,0.4071,-0.4614,-0.0613
S_13,51.2,16.71,2025-04-01,0.4534,-0.4998,-0.067
S_13,51.2,16.71,2025-05-01,0.7651,-0.6408,0.3341
S_13,51.2,16.71,2025-06-01,0.8947,-0.8027,0.4161
S_13,51.2,16.71,2025-07-01,0.8191,-0.7309,0.3542
S_13,51.2,16.71,2025-08-01,0.8633,-0.7845,0.3508
S_13,51.2,16.71,2025-09-01,0.8161,-0.7594,0.2732
S_13,51.2,16.71,2025-10-01,0.3622738209517147,-0.339697362525961,0.0975644286411255
S_13,51.2,16.71,2025-11-01,0.6177,-0.6911,0.0196
S_13,51.2,16.71,2025-12-01,0.5262,-0.5942,0.09
S_13,51.2,16.71,2026-01-01,0.3262,-0.3353,0.3129
S_13,51.2,16.71,2026-02-01,0.4141,-0.5051,-0.0773
S_13,51.2,16.71,2026-03-01,0.4063,-0.4899,-0.0728
S_14,51.22,16.71,2023-06-01,0.7775,-0.701,0.3117
S_14,51.22,16.71,2023-07-01,0.7246,-0.6762,0.231
S_14,51.22,16.71,2023-08-01,0.7423,-0.6744,0.2545
S_14,51.22,16.71,2023-09-01,0.779,-0.7106,0.2467
S_14,51.22,16.71,2023-10-01,0.7667,-0.7074,0.1982
S_14,51.22,16.71,2023-11-01,0.6215,-0.6462,0.095
S_14,51.22,16.71,2023-12-01,0.2385,-0.2587,0.0984
S_14,51.22,16.71,2024-01-01,0.3767,-0.4151,0.2563
S_14,51.22,16.71,2024-02-01,0.5051,-0.5887,0.0429
S_14,51.22,16.71,2024-03-01,0.2489309562164198,-0.2500464060505472,0.107965650782724
S_14,51.22,16.71,2024-04-01,0.5976,-0.5625,0.124
S_14,51.22,16.71,2024-05-01,0.6826,-0.6247,0.193
S_14,51.22,16.71,2024-06-01,0.7257,-0.649,0.2431
S_14,51.22,16.71,2024-07-01,0.64,-0.587,0.2207
S_14,51.22,16.71,2024-08-01,0.7752,-0.709,0.2271
S_14,51.22,16.71,2024-09-01,0.7429,-0.6947,0.1935
S_14,51.22,16.71,2024-10-01,0.6502,-0.6552,0.0814
S_14,51.22,16.71,2024-11-01,0.5811,-0.5802,0.1059
S_14,51.22,16.71,2024-12-01,0.2007,-0.186,0.0762
S_14,51.22,16.71,2025-01-01,0.4895,-0.5477,0.0833
S_14,51.22,16.71,2025-02-01,0.4147,-0.4674,0.1921
S_14,51.22,16.71,2025-03-01,0.4196,-0.4741,-0.0558
S_14,51.22,16.71,2025-04-01,0.4696,-0.5108,-0.0581
S_14,51.22,16.71,2025-05-01,0.6725,-0.6074,0.2205
S_14,51.22,16.71,2025-06-01,0.7948,-0.7302,0.299
S_14,51.22,16.71,2025-07-01,0.7434,-0.677,0.238
S_14,51.22,16.71,2025-08-01,0.7815,-0.7149,0.2579
S_14,51.22,16.71,2025-09-01,0.7418,-0.7002,0.2066
S_14,51.22,16.71,2025-10-01,0.3620301078701126,-0.339623679852185,0.0972002091360932
S_14,51.22,16.71,2025-11-01,0.5948,-0.6513,0.0608
S_14,51.22,16.71,2025-12-01,0.4915,-0.5528,0.0983
S_14,51.22,16.71,2026-01-01,0.3185,-0.332,0.3601
S_14,51.22,16.71,2026-02-01,0.4062,-0.4887,-0.0809
S_14,51.22,16.71,2026-03-01,0.4017,-0.4831,-0.0817
S_15,51.24,16.71,2023-06-01,0.7209,-0.6534,0.3575
S_15,51.24,16.71,2023-07-01,0.5182,-0.5327,0.0942
S_15,51.24,16.71,2023-08-01,0.5404,-0.5203,0.0498
S_15,51.24,16.71,2023-09-01,0.5786,-0.5542,0.0831
S_15,51.24,16.71,2023-10-01,0.5214,-0.522,0.0284
S_15,51.24,16.71,2023-11-01,0.4811,-0.5238,0.041
S_15,51.24,16.71,2023-12-01,0.2307,-0.2363,0.1039
S_15,51.24,16.71,2024-01-01,0.2675,-0.3335,0.1906
S_15,51.24,16.71,2024-02-01,0.3848,-0.4686,0.003
S_15,51.24,16.71,2024-03-01,0.2533779063951372,-0.2541030326459466,0.1092174848433559
S_15,51.24,16.71,2024-04-01,0.5774,-0.5527,0.1524
S_15,51.24,16.71,2024-05-01,0.6303,-0.5913,0.2146
S_15,51.24,16.71,2024-06-01,0.5713,-0.5358,0.1586
S_15,51.24,16.71,2024-07-01,0.4532,-0.4422,0.0458
S_15,51.24,16.71,2024-08-01,0.6057,-0.5719,0.1216
S_15,51.24,16.71,2024-09-01,0.4832,-0.4842,0.1608
S_15,51.24,16.71,2024-10-01,0.4881,-0.5109,0.0008
S_15,51.24,16.71,2024-11-01,0.4781,-0.4828,0.0505
S_15,51.24,16.71,2024-12-01,0.0704,-0.0587,0.0204
S_15,51.24,16.71,2025-01-01,0.3669,-0.4377,0.0065
S_15,51.24,16.71,2025-02-01,0.2243,-0.2899,0.2343
S_15,51.24,16.71,2025-03-01,0.2999,-0.376,-0.1035
S_15,51.24,16.71,2025-04-01,0.347,-0.4109,-0.0814
S_15,51.24,16.71,2025-05-01,0.5558,-0.5348,0.1544
S_15,51.24,16.71,2025-06-01,0.6398,-0.6132,0.2187
S_15,51.24,16.71,2025-07-01,0.5614,-0.5421,0.1106
S_15,51.24,16.71,2025-08-01,0.6219,-0.5876,0.1494
S_15,51.24,16.71,2025-09-01,0.5761,-0.5651,0.0978
S_15,51.24,16.71,2025-10-01,0.352805811703167,-0.342858703812712,0.0757692728514842
S_15,51.24,16.71,2025-11-01,0.4137,-0.4969,-0.0295
S_15,51.24,16.71,2025-12-01,0.361,-0.4482,0.0559
S_15,51.24,16.71,2026-01-01,0.1182,-0.1329,0.4723
S_15,51.24,16.71,2026-02-01,0.2667,-0.3748,-0.1313
S_15,51.24,16.71,2026-03-01,0.2613,-0.3678,-0.1433
S_16,50.96,16.73,2023-06-01,0.7789,-0.7107,0.4615
S_16,50.96,16.73,2023-07-01,0.4917,-0.5312,0.1918
S_16,50.96,16.73,2023-08-01,0.3975,-0.4538,-0.0401
S_16,50.96,16.73,2023-09-01,0.4543,-0.4856,0.0215
S_16,50.96,16.73,2023-10-01,0.6054,-0.5804,0.142
S_16,50.96,16.73,2023-11-01,0.6442,-0.6493,0.167
S_16,50.96,16.73,2023-12-01,0.505,-0.4966,0.1932
S_16,50.96,16.73,2024-01-01,0.1793,-0.1958,0.7034
S_16,50.96,16.73,2024-02-01,0.4602,-0.5397,0.0475
S_16,50.96,16.73,2024-03-01,0.4211644716920528,-0.4785873724538907,-0.0145754670858881
S_16,50.96,16.73,2024-04-01,0.5437,-0.5304,0.2323
S_16,50.96,16.73,2024-05-01,0.6265,-0.5901,0.2865
S_16,50.96,16.73,2024-06-01,0.6456,-0.5731,0.319
S_16,50.96,16.73,2024-07-01,0.4583,-0.4838,0.0613
S_16,50.96,16.73,2024-08-01,0.4987,-0.5245,0.063
S_16,50.96,16.73,2024-09-01,0.5427,-0.5458,0.1354
S_16,50.96,16.73,2024-10-01,0.5055,-0.5292,0.0553
S_16,50.96,16.73,2024-11-01,0.5428,-0.5538,0.1114
S_16,50.96,16.73,2024-12-01,0.1559590052109568,-0.2305609958952433,0.0171589525256209
S_16,50.96,16.73,2025-01-01,0.5287,-0.5754,0.1382
S_16,50.96,16.73,2025-02-01,0.416,-0.4472,0.2081
S_16,50.96,16.73,2025-03-01,0.4296,-0.4782,0.0038
S_16,50.96,16.73,2025-04-01,0.5066,-0.5232,0.0572
S_16,50.96,16.73,2025-05-01,0.6647,-0.623,0.2827
S_16,50.96,16.73,2025-06-01,0.699,-0.6742,0.3171
S_16,50.96,16.73,2025-07-01,0.3260495882169839,-0.3360356177205728,0.0793235845438924
S_16,50.96,16.73,2025-08-01,0.5628,-0.5768,0.1435
S_16,50.96,16.73,2025-09-01,0.5706,-0.5754,0.1128
S_16,50.96,16.73,2025-10-01,0.3427368068935209,-0.3081860204194089,0.1221227773604256
S_16,50.96,16.73,2025-11-01,0.4402,-0.5228,-0.0077
S_16,50.96,16.73,2025-12-01,0.4035,-0.4905,0.0127
S_16,50.96,16.73,2026-01-01,0.0962976730851872,-0.1040089779812474,0.341564276682847
S_16,50.96,16.73,2026-02-01,0.295,-0.4186,-0.1232
S_16,50.96,16.73,2026-03-01,0.2975,-0.4039,-0.1158
S_17,50.98,16.73,2023-06-01,0.8128,-0.7309,0.489
S_17,50.98,16.73,2023-07-01,0.5663,-0.5796,0.2095
S_17,50.98,16.73,2023-08-01,0.5462,-0.5419,0.0914
S_17,50.98,16.73,2023-09-01,0.5669,-0.5638,0.1264
S_17,50.98,16.73,2023-10-01,0.5158,-0.5285,0.0755
S_17,50.98,16.73,2023-11-01,0.5578,-0.5767,0.1488
S_17,50.98,16.73,2023-12-01,0.4133,-0.4243,0.129
S_17,50.98,16.73,2024-01-01,0.1969,-0.2171,0.6113
S_17,50.98,16.73,2024-02-01,0.4799,-0.5469,0.0444
S_17,50.98,16.73,2024-03-01,0.3822,-0.4937,-0.0967
S_17,50.98,16.73,2024-04-01,0.59,-0.5715,0.2652
S_17,50.98,16.73,2024-05-01,0.6982,-0.6481,0.3222
S_17,50.98,16.73,2024-06-01,0.6535,-0.5939,0.3021
S_17,50.98,16.73,2024-07-01,0.5092,-0.5094,0.0901
S_17,50.98,16.73,2024-08-01,0.5888,-0.583,0.1169
S_17,50.98,16.73,2024-09-01,0.5597,-0.5642,0.1153
S_17,50.98,16.73,2024-10-01,0.4722,-0.5134,0.0103
S_17,50.98,16.73,2024-11-01,0.4804,-0.5268,0.032
S_17,50.98,16.73,2024-12-01,0.122,-0.1737,-0.004
S_17,50.98,16.73,2025-01-01,0.4774,-0.5577,0.0567
S_17,50.98,16.73,2025-02-01,0.3395,-0.3811,0.2445
S_17,50.98,16.73,2025-03-01,0.4806,-0.5109,0.0317
S_17,50.98,16.73,2025-04-01,0.5563,-0.5558,0.1009
S_17,50.98,16.73,2025-05-01,0.6996,-0.6431,0.3308
S_17,50.98,16.73,2025-06-01,0.7051,-0.6695,0.322
S_17,50.98,16.73,2025-07-01,0.342761927605384,-0.3534119806120632,0.0772376814447365
S_17,50.98,16.73,2025-08-01,0.598,-0.6023,0.1481
S_17,50.98,16.73,2025-09-01,0.5711,-0.5746,0.1274
S_17,50.98,16.73,2025-10-01,0.3428418175776614,-0.3083294041810236,0.122021612351297
S_17,50.98,16.73,2025-11-01,0.4758,-0.5594,0.0127
S_17,50.98,16.73,2025-12-01,0.4645,-0.5401,0.0479
S_17,50.98,16.73,2026-01-01,0.0980637992800825,-0.1065163544896555,0.3456784678229134
S_17,50.98,16.73,2026-02-01,0.3549,-0.4508,-0.0713
S_17,50.98,16.73,2026-03-01,0.3614,-0.4356,-0.0606
S_18,51.0,16.73,2023-06-01,0.788,-0.7256,0.5319
S_18,51.0,16.73,2023-07-01,0.3918,-0.4779,0.1232
S_18,51.0,16.73,2023-08-01,0.3128,-0.3866,-0.1068
S_18,51.0,16.73,2023-09-01,0.3846,-0.4343,-0.0451
S_18,51.0,16.73,2023-10-01,0.2835,-0.3625,-0.0894
S_18,51.0,16.73,2023-11-01,0.5012,-0.534,0.1466
S_18,51.0,16.73,2023-12-01,0.3202,-0.3646,0.0747
S_18,51.0,16.73,2024-01-01,0.1541,-0.1727,0.7266
S_18,51.0,16.73,2024-02-01,0.4816,-0.5121,0.1409
S_18,51.0,16.73,2024-03-01,0.4209471174473658,-0.4851247221646463,-0.0330671574486605
S_18,51.0,16.73,2024-04-01,0.6824,-0.6393,0.3723
S_18,51.0,16.73,2024-05-01,0.6842,-0.6478,0.3871
S_18,51.0,16.73,2024-06-01,0.6102,-0.5572,0.3228
S_18,51.0,16.73,2024-07-01,0.3374,-0.3964,-0.0542
S_18,51.0,16.73,2024-08-01,0.3589,-0.4205,-0.0404
S_18,51.0,16.73,2024-09-01,0.3628,-0.4213,-0.0176
S_18,51.0,16.73,2024-10-01,0.3887,-0.4385,0.0216
S_18,51.0,16.73,2024-11-01,0.4522,-0.4862,0.0997
S_18,51.0,16.73,2024-12-01,0.1186200046738626,-0.173739464380232,0.0289619875261696
S_18,51.0,16.73,2025-01-01,0.5067,-0.5378,0.2234
S_18,51.0,16.73,2025-02-01,0.2838,-0.297,0.5219
S_18,51.0,16.73,2025-03-01,0.5636,-0.5542,0.2017
S_18,51.0,16.73,2025-04-01,0.6613,-0.628,0.2892
S_18,51.0,16.73,2025-05-01,0.674,-0.638,0.4262
S_18,51.0,16.73,2025-06-01,0.5907,-0.5871,0.3107
S_18,51.0,16.73,2025-07-01,0.296367566319076,-0.3205335037019273,0.0294535289584841
S_18,51.0,16.73,2025-08-01,0.3593,-0.4361,-0.0409
S_18,51.0,16.73,2025-09-01,0.341,-0.4128,-0.0508
S_18,51.0,16.73,2025-10-01,0.3690507259540159,-0.3358909350354528,0.1198504269053326
S_18,51.0,16.73,2025-11-01,0.4648,-0.5152,0.0667
S_18,51.0,16.73,2025-12-01,0.4854,-0.5164,0.1609
S_18,51.0,16.73,2026-01-01,0.1027918650535536,-0.1123927381113313,0.3590276926994116
S_18,51.0,16.73,2026-02-01,0.3307,-0.4179,-0.0059
S_18,51.0,16.73,2026-03-01,0.3528,-0.4214,0.004
S_19,51.02,16.73,2023-06-01,0.7038,-0.6592,0.3927
S_19,51.02,16.73,2023-07-01,0.4154,-0.4912,0.0609
S_19,51.02,16.73,2023-08-01,0.3654,-0.4158,-0.0381
S_19,51.02,16.73,2023-09-01,0.4171,-0.4534,-0.0029
S_19,51.02,16.73,2023-10-01,0.3549,-0.4122,-0.0488
S_19,51.02,16.73,2023-11-01,0.5249,-0.5473,0.151
S_19,51.02,16.73,2023-12-01,0.4379,-0.451,0.1595
S_19,51.02,16.73,2024-01-01,0.1705,-0.1888,0.6408
S_19,51.02,16.73,2024-02-01,0.4222,-0.4826,0.0805
S_19,51.02,16.73,2024-03-01,0.4026549097885102,-0.4584287606826446,-0.0202488593472812
S_19,51.02,16.73,2024-04-01,0.609,-0.5804,0.2868
S_19,51.02,16.73,2024-05-01,0.5224,-0.5266,0.214
S_19,51.02,16.73,2024-06-01,0.4114,-0.3937,0.1587
S_19,51.02,16.73,2024-07-01,0.4134,-0.4399,0.0076
S_19,51.02,16.73,2024-08-01,0.4472,-0.4753,0.0384
S_19,51.02,16.73,2024-09-01,0.3906,-0.4344,0.015
S_19,51.02,16.73,2024-10-01,0.3756,-0.429,0.0016
S_19,51.02,16.73,2024-11-01,0.4182,-0.4631,0.0585
S_19,51.02,16.73,2024-12-01,0.1287,-0.1898,0.0056
S_19,51.02,16.73,2025-01-01,0.4108,-0.469,0.1153
S_19,51.02,16.73,2025-02-01,0.215,-0.2461,0.4231
S_19,51.02,16.73,2025-03-01,0.4176,-0.4525,0.0695
S_19,51.02,16.73,2025-04-01,0.4717,-0.4855,0.113
S_19,51.02,16.73,2025-05-01,0.5156,-0.524,0.1982
S_19,51.02,16.73,2025-06-01,0.5394,-0.5416,0.2136
S_19,51.02,16.73,2025-07-01,0.3187126936955037,-0.3536669213388373,-0.0058753327691521
S_19,51.02,16.73,2025-08-01,0.4352,-0.475,0.0524
S_19,51.02,16.73,2025-09-01,0.413,-0.4533,0.0301
S_19,51.02,16.73,2025-10-01,0.3691268402044357,-0.3360512713778736,0.1195741960733529
S_19,51.02,16.73,2025-11-01,0.3817,-0.464,-0.011
S_19,51.02,16.73,2025-12-01,0.382,-0.4499,0.0633
S_19,51.02,16.73,2026-01-01,0.1305,-0.1383,0.4655
S_19,51.02,16.73,2026-02-01,0.278,-0.374,-0.059
S_19,51.02,16.73,2026-03-01,0.2914,-0.3724,-0.0491
S_20,51.04,16.73,2023-06-01,0.6705,-0.6355,0.3439
S_20,51.04,16.73,2023-07-01,0.4876,-0.5355,0.1291
S_20,51.04,16.73,2023-08-01,0.4563,-0.4809,0.0382
S_20,51.04,16.73,2023-09-01,0.5072,-0.5188,0.0805
S_20,51.04,16.73,2023-10-01,0.4417,-0.4759,0.0181
S_20,51.04,16.73,2023-11-01,0.5621,-0.5784,0.1647
S_20,51.04,16.73,2023-12-01,0.4278,-0.4281,0.1842
S_20,51.04,16.73,2024-01-01,0.2121,-0.228,0.6223
S_20,51.04,16.73,2024-02-01,0.4864,-0.5346,0.095
S_20,51.04,16.73,2024-03-01,0.3769552668095381,-0.4190948718902404,0.0075640507514703
S_20,51.04,16.73,2024-04-01,0.6112,-0.5903,0.2869
S_20,51.04,16.73,2024-05-01,0.5915,-0.5754,0.263
S_20,51.04,16.73,2024-06-01,0.5549,-0.5205,0.2067
S_20,51.04,16.73,2024-07-01,0.4007,-0.4161,0.0096
S_20,51.04,16.73,2024-08-01,0.4727,-0.5054,0.0353
S_20,51.04,16.73,2024-09-01,0.4185,-0.45,0.0526
S_20,51.04,16.73,2024-10-01,0.3239,-0.4036,-0.0776
S_20,51.04,16.73,2024-11-01,0.4159,-0.472,0.0183
S_20,51.04,16.73,2024-12-01,0.2099,-0.2484,0.0674
S_20,51.04,16.73,2025-01-01,0.412,-0.4811,0.0711
S_20,51.04,16.73,2025-02-01,0.2227,-0.2548,0.4554
S_20,51.04,16.73,2025-03-01,0.4402,-0.4673,0.0484
S_20,51.04,16.73,2025-04-01,0.5051,-0.5178,0.1056
S_20,51.04,16.73,2025-05-01,0.5747,-0.5631,0.2622
S_20,51.04,16.73,2025-06-01,0.6346,-0.6153,0.2736
S_20,51.04,16.73,2025-07-01,0.3220093295971431,-0.3555310903307204,-0.0013615554557373
S_20,51.04,16.73,2025-08-01,0.5414,-0.5607,0.1087
S_20,51.04,16.73,2025-09-01,0.4324,-0.4814,0.0265
S_20,51.04,16.73,2025-10-01,0.3692095757952261,-0.3362350156148136,0.1192453253719442
S_20,51.04,16.73,2025-11-01,0.4023,-0.4907,-0.0371
S_20,51.04,16.73,2025-12-01,0.4035,-0.4657,0.05
S_20,51.04,16.73,2026-01-01,0.1273668180992668,-0.1339232718857951,0.390192222284544
S_20,51.04,16.73,2026-02-01,0.3167,-0.4077,-0.0705
S_20,51.04,16.73,2026-03-01,0.3349,-0.4076,-0.0535
S_21,51.06,16.73,2023-06-01,0.7493,-0.6785,0.4835
S_21,51.06,16.73,2023-07-01,0.3769,-0.4726,0.0348
S_21,51.06,16.73,2023-08-01,0.3686,-0.4148,-0.0578
S_21,51.06,16.73,2023-09-01,0.4249,-0.4548,-0.0014
S_21,51.06,16.73,2023-10-01,0.3144,-0.3809,-0.0692
S_21,51.06,16.73,2023-11-01,0.5687,-0.5654,0.1744
S_21,51.06,16.73,2023-12-01,0.4247,-0.4395,0.1817
S_21,51.06,16.73,2024-01-01,0.259,-0.2693,0.6093
S_21,51.06,16.73,2024-02-01,0.5333,-0.5526,0.1446
S_21,51.06,16.73,2024-03-01,0.3714190585658337,-0.4026237640286199,0.0628659915971496
S_21,51.06,16.73,2024-04-01,0.6405,-0.6158,0.2821
S_21,51.06,16.73,2024-05-01,0.6491,-0.6276,0.3169
S_21,51.06,16.73,2024-06-01,0.4943,-0.4839,0.1721
S_21,51.06,16.73,2024-07-01,0.3812,-0.4222,-0.03
S_21,51.06,16.73,2024-08-01,0.3969,-0.4528,-0.0421
S_21,51.06,16.73,2024-09-01,0.3689,-0.4293,-0.0077
S_21,51.06,16.73,2024-10-01,0.2094741815094919,-0.2717305307007818,-0.1096555401216
S_21,51.06,16.73,2024-11-01,0.4218,-0.4694,0.0491
S_21,51.06,16.73,2024-12-01,0.3886,-0.3888,0.2164
S_21,51.06,16.73,2025-01-01,0.4393,-0.4933,0.1418
S_21,51.06,16.73,2025-02-01,0.2548,-0.2851,0.4558
S_21,51.06,16.73,2025-03-01,0.4594,-0.4756,0.0833
S_21,51.06,16.73,2025-04-01,0.5223,-0.5281,0.1352
S_21,51.06,16.73,2025-05-01,0.5943,-0.5763,0.3012
S_21,51.06,16.73,2025-06-01,0.5766,-0.5883,0.2261
S_21,51.06,16.73,2025-07-01,0.3721957276383074,-0.3912029277076198,0.0424927999264716
S_21,51.06,16.73,2025-08-01,0.4959,-0.5267,0.0685
S_21,51.06,16.73,2025-09-01,0.348,-0.4181,-0.0379
S_21,51.06,16.73,2025-10-01,0.36929776110308,-0.3364410353168333,0.1188641406341053
S_21,51.06,16.73,2025-11-01,0.4317,-0.4965,0.0244
S_21,51.06,16.73,2025-12-01,0.446,-0.4868,0.1241
S_21,51.06,16.73,2026-01-01,0.1765714323765889,-0.1854889901250073,0.4112076910773279
S_21,51.06,16.73,2026-02-01,0.3188,-0.4083,-0.0444
S_21,51.06,16.73,2026-03-01,0.3362,-0.4083,-0.0362
S_22,51.08,16.73,2023-06-01,0.7713,-0.6913,0.4774
S_22,51.08,16.73,2023-07-01,0.3712,-0.4695,0.0397
S_22,51.08,16.73,2023-08-01,0.4119,-0.4251,0.0413
S_22,51.08,16.73,2023-09-01,0.5417,-0.5285,0.1091
S_22,51.08,16.73,2023-10-01,0.4936,-0.506,0.0503
S_22,51.08,16.73,2023-11-01,0.6191,-0.6201,0.1952
S_22,51.08,16.73,2023-12-01,0.5281,-0.5581,0.2011
S_22,51.08,16.73,2024-01-01,0.2899,-0.3102,0.5348
S_22,51.08,16.73,2024-02-01,0.5287,-0.5764,0.116
S_22,51.08,16.73,2024-03-01,0.2705585774732682,-0.2820096073523663,0.0916660691138258
S_22,51.08,16.73,2024-04-01,0.6274,-0.6052,0.2788
S_22,51.08,16.73,2024-05-01,0.6831,-0.6379,0.3428
S_22,51.08,16.73,2024-06-01,0.639,-0.5781,0.2893
S_22,51.08,16.73,2024-07-01,0.4069,-0.4424,-0.0079
S_22,51.08,16.73,2024-08-01,0.4014,-0.4562,-0.0454
S_22,51.08,16.73,2024-09-01,0.4335,-0.4675,-0.0116
S_22,51.08,16.73,2024-10-01,0.4124494008633474,-0.4683082140849505,-0.0010550760029482
S_22,51.08,16.73,2024-11-01,0.5547,-0.536,0.1541
S_22,51.08,16.73,2024-12-01,0.3391,-0.4229,0.1571
S_22,51.08,16.73,2025-01-01,0.576,-0.569,0.2533
S_22,51.08,16.73,2025-02-01,0.2661,-0.2851,0.5444
S_22,51.08,16.73,2025-03-01,0.5887,-0.5662,0.1903
S_22,51.08,16.73,2025-04-01,0.7071,-0.6581,0.2993
S_22,51.08,16.73,2025-05-01,0.7543,-0.6876,0.4657
S_22,51.08,16.73,2025-06-01,0.533,-0.569,0.2484
S_22,51.08,16.73,2025-07-01,0.2759,-0.3163,0.003
S_22,51.08,16.73,2025-08-01,0.445,-0.4841,-0.0032
S_22,51.08,16.73,2025-09-01,0.4713,-0.5122,0.0301
S_22,51.08,16.73,2025-10-01,0.3693900437713473,-0.336666694389953,0.1184351106335539
S_22,51.08,16.73,2025-11-01,0.4589,-0.5271,0.0071
S_22,51.08,16.73,2025-12-01,0.4177,-0.4855,0.0677
S_22,51.08,16.73,2026-01-01,0.2412,-0.2738,0.3004
S_22,51.08,16.73,2026-02-01,0.3034,-0.4043,-0.074
S_22,51.08,16.73,2026-03-01,0.3067,-0.3943,-0.0747
S_23,51.1,16.73,2023-06-01,0.7629,-0.7025,0.4493
S_23,51.1,16.73,2023-07-01,0.4784,-0.5238,0.1055
S_23,51.1,16.73,2023-08-01,0.4211,-0.4302,0.0325
S_23,51.1,16.73,2023-09-01,0.5325,-0.5344,0.0672
S_23,51.1,16.73,2023-10-01,0.4167,-0.4601,-0.0217
S_23,51.1,16.73,2023-11-01,0.5767,-0.5844,0.1331
S_23,51.1,16.73,2023-12-01,0.4327,-0.4457,0.1823
S_23,51.1,16.73,2024-01-01,0.3047,-0.3282,0.4074
S_23,51.1,16.73,2024-02-01,0.5224,-0.5687,0.0857
S_23,51.1,16.73,2024-03-01,0.2465182358790196,-0.2590007432676209,0.0872289482528063
S_23,51.1,16.73,2024-04-01,0.6841,-0.6398,0.2819
S_23,51.1,16.73,2024-05-01,0.6862,-0.6417,0.3256
S_23,51.1,16.73,2024-06-01,0.6381,-0.5976,0.2099
S_23,51.1,16.73,2024-07-01,0.4358,-0.4604,-0.0175
S_23,51.1,16.73,2024-08-01,0.4856,-0.5135,0.0209
S_23,51.1,16.73,2024-09-01,0.4642,-0.4934,0.0374
S_23,51.1,16.73,2024-10-01,0.4276,-0.4769,-0.0116
S_23,51.1,16.73,2024-11-01,0.4768,-0.5045,0.0658
S_23,51.1,16.73,2024-12-01,0.3832,-0.371,0.1418
S_23,51.1,16.73,2025-01-01,0.5018,-0.5355,0.1315
S_23,51.1,16.73,2025-02-01,0.1423,-0.1716,0.6853
S_23,51.1,16.73,2025-03-01,0.5449,-0.536,0.1214
S_23,51.1,16.73,2025-04-01,0.6539,-0.6152,0.2158
S_23,51.1,16.73,2025-05-01,0.7817,-0.7103,0.4556
S_23,51.1,16.73,2025-06-01,0.5946,-0.5993,0.2543
S_23,51.1,16.73,2025-07-01,0.5064,-0.5013,0.1164
S_23,51.1,16.73,2025-08-01,0.4484,-0.498,-0.0219
S_23,51.1,16.73,2025-09-01,0.4488,-0.4779,0.0131
S_23,51.1,16.73,2025-10-01,0.3694850430511472,-0.3369077205568477,0.1179676676433789
S_23,51.1,16.73,2025-11-01,0.4916,-0.5439,0.0417
S_23,51.1,16.73,2025-12-01,0.4979,-0.5343,0.1114
S_23,51.1,16.73,2026-01-01,0.1222,-0.1348,0.616
S_23,51.1,16.73,2026-02-01,0.3537,-0.4391,-0.0719
S_23,51.1,16.73,2026-03-01,0.3581,-0.4291,-0.0627
S_24,51.12,16.73,2023-06-01,0.7759,-0.7185,0.4749
S_24,51.12,16.73,2023-07-01,0.4371,-0.5052,0.0894
S_24,51.12,16.73,2023-08-01,0.4472,-0.4746,0.0014
S_24,51.12,16.73,2023-09-01,0.4732,-0.4991,0.0554
S_24,51.12,16.73,2023-10-01,0.4823,-0.5029,0.0405
S_24,51.12,16.73,2023-11-01,0.603,-0.6081,0.2169
S_24,51.12,16.73,2023-12-01,0.4217,-0.4083,0.2349
S_24,51.12,16.73,2024-01-01,0.3452,-0.3801,0.3241
S_24,51.12,16.73,2024-02-01,0.5271,-0.5728,0.1617
S_24,51.12,16.73,2024-03-01,0.2512166280082945,-0.2521269174971514,0.1086158795392655
S_24,51.12,16.73,2024-04-01,0.6723,-0.6212,0.3477
S_24,51.12,16.73,2024-05-01,0.6832,-0.6269,0.3807
S_24,51.12,16.73,2024-06-01,0.6378,-0.5671,0.2767
S_24,51.12,16.73,2024-07-01,0.4156,-0.4348,-0.0099
S_24,51.12,16.73,2024-08-01,0.5866,-0.5485,0.1774
S_24,51.12,16.73,2024-09-01,0.5277,-0.5199,0.0736
S_24,51.12,16.73,2024-10-01,0.5439,-0.5374,0.1081
S_24,51.12,16.73,2024-11-01,0.6272,-0.5807,0.2138
S_24,51.12,16.73,2024-12-01,0.552,-0.4997,0.2608
S_24,51.12,16.73,2025-01-01,0.6302,-0.6117,0.2527
S_24,51.12,16.73,2025-02-01,0.2701,-0.2816,0.6042
S_24,51.12,16.73,2025-03-01,0.6197,-0.5962,0.2144
S_24,51.12,16.73,2025-04-01,0.6899,-0.6519,0.2871
S_24,51.12,16.73,2025-05-01,0.7196,-0.6632,0.4257
S_24,51.12,16.73,2025-06-01,0.5527,-0.5769,0.2361
S_24,51.12,16.73,2025-07-01,0.4293,-0.4709,0.0276
S_24,51.12,16.73,2025-08-01,0.4933,-0.5073,0.0171
S_24,51.12,16.73,2025-09-01,0.4069,-0.4691,-0.026
S_24,51.12,16.73,2025-10-01,0.3633951390142232,-0.3400137020680635,0.0993550571522728
S_24,51.12,16.73,2025-11-01,0.4989,-0.5367,0.0374
S_24,51.12,16.73,2025-12-01,0.5183,-0.5381,0.1295
S_24,51.12,16.73,2026-01-01,0.1195,-0.115,0.5979
S_24,51.12,16.73,2026-02-01,0.3685,-0.4441,-0.0481
S_24,51.12,16.73,2026-03-01,0.3726,-0.4385,-0.0479
S_25,51.14,16.73,2023-06-01,0.6767,-0.6261,0.361
S_25,51.14,16.73,2023-07-01,0.5434,-0.566,0.1591
S_25,51.14,16.73,2023-08-01,0.5489,-0.5007,0.152
S_25,51.14,16.73,2023-09-01,0.5792,-0.5739,0.1116
S_25,51.14,16.73,2023-10-01,0.536,-0.5295,0.0631
S_25,51.14,16.73,2023-11-01,0.5379,-0.5724,0.0921
S_25,51.14,16.73,2023-12-01,0.3407,-0.3615,0.1398
S_25,51.14,16.73,2024-01-01,0.3597,-0.4112,0.2136
S_25,51.14,16.73,2024-02-01,0.4941,-0.5489,0.0801
S_25,51.14,16.73,2024-03-01,0.2316991405898872,-0.2343236682833275,0.1031119118608522
S_25,51.14,16.73,2024-04-01,0.6382,-0.6106,0.2634
S_25,51.14,16.73,2024-05-01,0.6387,-0.6135,0.291
S_25,51.14,16.73,2024-06-01,0.6111,-0.5606,0.226
S_25,51.14,16.73,2024-07-01,0.4956,-0.4902,0.0606
S_25,51.14,16.73,2024-08-01,0.5252,-0.5402,0.0224
S_25,51.14,16.73,2024-09-01,0.4692,-0.5013,0.0221
S_25,51.14,16.73,2024-10-01,0.4727,-0.5065,0.0099
S_25,51.14,16.73,2024-11-01,0.3808,-0.4332,0.0025
S_25,51.14,16.73,2024-12-01,0.3971,-0.4057,0.1182
S_25,51.14,16.73,2025-01-01,0.4801,-0.5343,0.1216
S_25,51.14,16.73,2025-02-01,0.2124,-0.2585,0.5132
S_25,51.14,16.73,2025-03-01,0.4672,-0.49,0.0757
S_25,51.14,16.73,2025-04-01,0.5386,-0.5468,0.1536
S_25,51.14,16.73,2025-05-01,0.5726,-0.5462,0.3062
S_25,51.14,16.73,2025-06-01,0.674,-0.6378,0.3091
S_25,51.14,16.73,2025-07-01,0.5029,-0.5015,0.0915
S_25,51.14,16.73,2025-08-01,0.5404,-0.5442,0.0981
S_25,51.14,16.73,2025-09-01,0.4645,-0.5024,0.0073
S_25,51.14,16.73,2025-10-01,0.3631141770854819,-0.3399461693140561,0.0988473892469524
S_25,51.14,16.73,2025-11-01,0.4873,-0.5415,0.039
S_25,51.14,16.73,2025-12-01,0.414,-0.4746,0.0723
S_25,51.14,16.73,2026-01-01,0.1589,-0.1677,0.6029
S_25,51.14,16.73,2026-02-01,0.3876,-0.4537,-0.0332
S_25,51.14,16.73,2026-03-01,0.3995,-0.4557,-0.0255
S_26,51.16,16.73,2023-06-01,0.6365,-0.6052,0.3359
S_26,51.16,16.73,2023-07-01,0.3984,-0.4615,0.0561
S_26,51.16,16.73,2023-08-01,0.3065,-0.3017,0.0388
S_26,51.16,16.73,2023-09-01,0.4515,-0.4598,0.0447
S_26,51.16,16.73,2023-10-01,0.4607,-0.4681,0.0445
S_26,51.16,16.73,2023-11-01,0.599,-0.5889,0.1816
S_26,51.16,16.73,2023-12-01,0.3584,-0.3676,0.1387
S_26,51.16,16.73,2024-01-01,0.3636,-0.4035,0.2576
S_26,51.16,16.73,2024-02-01,0.5121,-0.5412,0.125
S_26,51.16,16.73,2024-03-01,0.224175091519213,-0.2274600577427787,0.1009879429900212
S_26,51.16,16.73,2024-04-01,0.5755,-0.5587,0.2328
S_26,51.16,16.73,2024-05-01,0.5734,-0.5529,0.2539
S_26,51.16,16.73,2024-06-01,0.5736,-0.5278,0.1956
S_26,51.16,16.73,2024-07-01,0.3915,-0.4186,-0.0062
S_26,51.16,16.73,2024-08-01,0.458,-0.4695,0.0299
S_26,51.16,16.73,2024-09-01,0.4677,-0.4796,0.0517
S_26,51.16,16.73,2024-10-01,0.4711,-0.4964,0.0469
S_26,51.16,16.73,2024-11-01,0.4972,-0.4934,0.1346
S_26,51.16,16.73,2024-12-01,0.3904,-0.3869,0.1192
S_26,51.16,16.73,2025-01-01,0.4711,-0.507,0.126
S_26,51.16,16.73,2025-02-01,0.2624,-0.3011,0.386
S_26,51.16,16.73,2025-03-01,0.4516,-0.4723,0.0887
S_26,51.16,16.73,2025-04-01,0.523,-0.5257,0.1582
S_26,51.16,16.73,2025-05-01,0.6315,-0.5882,0.3563
S_26,51.16,16.73,2025-06-01,0.5144,-0.5151,0.2013
S_26,51.16,16.73,2025-07-01,0.4993035533712354,-0.4906806132415064,0.1037501045882321
S_26,51.16,16.73,2025-08-01,0.4394,-0.4539,0.0386
S_26,51.16,16.73,2025-09-01,0.3727,-0.42,-0.022
S_26,51.16,16.73,2025-10-01,0.3628209212692868,-0.3398726632104856,0.0983365838093957
S_26,51.16,16.73,2025-11-01,0.5013,-0.5244,0.0843
S_26,51.16,16.73,2025-12-01,0.3969,-0.4303,0.0875
S_26,51.16,16.73,2026-01-01,0.1226,-0.1379,0.6011
S_26,51.16,16.73,2026-02-01,0.3291,-0.4004,-0.0373
S_26,51.16,16.73,2026-03-01,0.3224,-0.3897,-0.0453
S_27,51.18,16.73,2023-06-01,0.677,-0.6247,0.245
S_27,51.18,16.73,2023-07-01,0.6424,-0.6024,0.1912
S_27,51.18,16.73,2023-08-01,0.4237,-0.3916,0.1335
S_27,51.18,16.73,2023-09-01,0.6753,-0.6258,0.2284
S_27,51.18,16.73,2023-10-01,0.6626,-0.6223,0.1908
S_27,51.18,16.73,2023-11-01,0.5924,-0.6183,0.1631
S_27,51.18,16.73,2023-12-01,0.2769,-0.2965,0.1289
S_27,51.18,16.73,2024-01-01,0.4419,-0.4747,0.2757
S_27,51.18,16.73,2024-02-01,0.5256,-0.585,0.0981
S_27,51.18,16.73,2024-03-01,0.2263546183391894,-0.2294471936792503,0.1015975349883101
S_27,51.18,16.73,2024-04-01,0.5764,-0.5522,0.1406
S_27,51.18,16.73,2024-05-01,0.6236,-0.5843,0.1978
S_27,51.18,16.73,2024-06-01,0.6677,-0.6071,0.2066
S_27,51.18,16.73,2024-07-01,0.64,-0.585,0.2092
S_27,51.18,16.73,2024-08-01,0.7057,-0.6477,0.2347
S_27,51.18,16.73,2024-09-01,0.6971,-0.6514,0.2368
S_27,51.18,16.73,2024-10-01,0.6136,-0.6225,0.1313
S_27,51.18,16.73,2024-11-01,0.6303,-0.6024,0.257
S_27,51.18,16.73,2024-12-01,0.361,-0.3584,0.1456
S_27,51.18,16.73,2025-01-01,0.5144,-0.5661,0.1216
S_27,51.18,16.73,2025-02-01,0.4206,-0.456,0.2336
S_27,51.18,16.73,2025-03-01,0.4223,-0.4667,-0.0081
S_27,51.18,16.73,2025-04-01,0.4512,-0.4866,-0.0165
S_27,51.18,16.73,2025-05-01,0.6258,-0.5717,0.1927
S_27,51.18,16.73,2025-06-01,0.6846,-0.6359,0.2464
S_27,51.18,16.73,2025-07-01,0.4955,-0.4705,0.109
S_27,51.18,16.73,2025-08-01,0.7044,-0.6433,0.2546
S_27,51.18,16.73,2025-09-01,0.6817,-0.6407,0.2328
S_27,51.18,16.73,2025-10-01,0.3625243980335926,-0.3397944648556854,0.09784198977133
S_27,51.18,16.73,2025-11-01,0.6059,-0.63,0.1517
S_27,51.18,16.73,2025-12-01,0.636,-0.6065,0.2795
S_27,51.18,16.73,2026-01-01,0.3024,-0.2888,0.4954
S_27,51.18,16.73,2026-02-01,0.4315,-0.4911,-0.0032
S_27,51.18,16.73,2026-03-01,0.409,-0.4662,-0.0146
S_28,51.2,16.73,2023-06-01,0.7685,-0.6892,0.3096
S_28,51.2,16.73,2023-07-01,0.7716,-0.697,0.2808
S_28,51.2,16.73,2023-08-01,0.6679,-0.599,0.225
S_28,51.2,16.73,2023-09-01,0.769,-0.7029,0.238
S_28,51.2,16.73,2023-10-01,0.74,-0.6887,0.1711
S_28,51.2,16.73,2023-11-01,0.5851,-0.6417,0.0149
S_28,51.2,16.73,2023-12-01,0.3249,-0.3652,0.1213
S_28,51.2,16.73,2024-01-01,0.3055,-0.3734,0.2242
S_28,51.2,16.73,2024-02-01,0.4239,-0.5529,-0.023
S_28,51.2,16.73,2024-03-01,0.2329447674951751,-0.2354578026368443,0.1034506447973409
S_28,51.2,16.73,2024-04-01,0.5336,-0.5296,0.0858
S_28,51.2,16.73,2024-05-01,0.6426,-0.5965,0.1792
S_28,51.2,16.73,2024-06-01,0.7272,-0.6456,0.2513
S_28,51.2,16.73,2024-07-01,0.7267,-0.6293,0.267
S_28,51.2,16.73,2024-08-01,0.7997,-0.722,0.2782
S_28,51.2,16.73,2024-09-01,0.7652,-0.7089,0.2238
S_28,51.2,16.73,2024-10-01,0.6226,-0.6439,0.0294
S_28,51.2,16.73,2024-11-01,0.5355,-0.5603,0.0306
S_28,51.2,16.73,2024-12-01,0.291,-0.3214,0.0373
S_28,51.2,16.73,2025-01-01,0.4116,-0.5254,-0.0063
S_28,51.2,16.73,2025-02-01,0.3382,-0.4283,0.0869
S_28,51.2,16.73,2025-03-01,0.3446,-0.4342,-0.0913
S_28,51.2,16.73,2025-04-01,0.3764,-0.4564,-0.0949
S_28,51.2,16.73,2025-05-01,0.5695,-0.5418,0.1259
S_28,51.2,16.73,2025-06-01,0.8152,-0.7313,0.3398
S_28,51.2,16.73,2025-07-01,0.7433,-0.658,0.2937
S_28,51.2,16.73,2025-08-01,0.7895,-0.7142,0.2868
S_28,51.2,16.73,2025-09-01,0.738,-0.6947,0.2005
S_28,51.2,16.73,2025-10-01,0.3622333741102844,-0.3397128978053456,0.0973810303823243
S_28,51.2,16.73,2025-11-01,0.5526,-0.6307,-0.0189
S_28,51.2,16.73,2025-12-01,0.4123,-0.5228,0.0311
S_28,51.2,16.73,2026-01-01,0.2416,-0.2824,0.3393
S_28,51.2,16.73,2026-02-01,0.3404,-0.4529,-0.1101
S_28,51.2,16.73,2026-03-01,0.337,-0.4453,-0.104
S_29,51.22,16.73,2023-06-01,0.706,-0.6544,0.2898
S_29,51.22,16.73,2023-07-01,0.6234,-0.6028,0.1574
S_29,51.22,16.73,2023-08-01,0.6569,-0.6085,0.1528
S_29,51.22,16.73,2023-09-01,0.6831,-0.636,0.1822
S_29,51.22,16.73,2023-10-01,0.6569,-0.6178,0.1325
S_29,51.22,16.73,2023-11-01,0.5836,-0.6132,0.1069
S_29,51.22,16.73,2023-12-01,0.4104,-0.462,0.1385
S_29,51.22,16.73,2024-01-01,0.3271,-0.3853,0.2298
S_29,51.22,16.73,2024-02-01,0.4484,-0.534,0.0586
S_29,51.22,16.73,2024-03-01,0.2404548363677391,-0.2423082520218209,0.1055646442405429
S_29,51.22,16.73,2024-04-01,0.555,-0.5347,0.1162
S_29,51.22,16.73,2024-05-01,0.6082,-0.5742,0.1706
S_29,51.22,16.73,2024-06-01,0.6448,-0.5849,0.218
S_29,51.22,16.73,2024-07-01,0.6922,-0.6167,0.2198
S_29,51.22,16.73,2024-08-01,0.7099,-0.6554,0.1938
S_29,51.22,16.73,2024-09-01,0.6625,-0.6304,0.1607
S_29,51.22,16.73,2024-10-01,0.5414,-0.564,0.0289
S_29,51.22,16.73,2024-11-01,0.4954,-0.5144,0.049
S_29,51.22,16.73,2024-12-01,0.1495,-0.1246,0.0716
S_29,51.22,16.73,2025-01-01,0.4156,-0.4924,0.0296
S_29,51.22,16.73,2025-02-01,0.3478,-0.4178,0.1565
S_29,51.22,16.73,2025-03-01,0.3581,-0.4325,-0.0911
S_29,51.22,16.73,2025-04-01,0.4041,-0.4631,-0.0781
S_29,51.22,16.73,2025-05-01,0.5579,-0.5283,0.1444
S_29,51.22,16.73,2025-06-01,0.7174,-0.6728,0.2569
S_29,51.22,16.73,2025-07-01,0.6875,-0.6328,0.211
S_29,51.22,16.73,2025-08-01,0.7536,-0.6871,0.2634
S_29,51.22,16.73,2025-09-01,0.7305,-0.6726,0.2315
S_29,51.22,16.73,2025-10-01,0.3619557128516105,-0.339629428377465,0.0969673635124475
S_29,51.22,16.73,2025-11-01,0.5222,-0.591,0.0107
S_29,51.22,16.73,2025-12-01,0.4247,-0.503,0.0593
S_29,51.22,16.73,2026-01-01,0.2315,-0.2604,0.4129
S_29,51.22,16.73,2026-02-01,0.3455,-0.4406,-0.105
S_29,51.22,16.73,2026-03-01,0.3432,-0.4355,-0.1054
S_30,51.24,16.73,2023-06-01,0.6605,-0.6275,0.2927
S_30,51.24,16.73,2023-07-01,0.5469,-0.5678,0.112
S_30,51.24,16.73,2023-08-01,0.6142,-0.5865,0.1137
S_30,51.24,16.73,2023-09-01,0.6285,-0.6034,0.1466
S_30,51.24,16.73,2023-10-01,0.5319,-0.5389,0.0513
S_30,51.24,16.73,2023-11-01,0.4991,-0.5571,0.051
S_30,51.24,16.73,2023-12-01,0.385,-0.4211,0.1401
S_30,51.24,16.73,2024-01-01,0.2876,-0.3628,0.1712
S_30,51.24,16.73,2024-02-01,0.4217,-0.5155,0.0175
S_30,51.24,16.73,2024-03-01,0.247456421764861,-0.2486956156984934,0.1075370927485997
S_30,51.24,16.73,2024-04-01,0.5328,-0.5295,0.1316
S_30,51.24,16.73,2024-05-01,0.6138,-0.585,0.2031
S_30,51.24,16.73,2024-06-01,0.6392,-0.5926,0.2186
S_30,51.24,16.73,2024-07-01,0.5373,-0.5199,0.1044
S_30,51.24,16.73,2024-08-01,0.5924,-0.5833,0.1066
S_30,51.24,16.73,2024-09-01,0.6082,-0.5939,0.1099
S_30,51.24,16.73,2024-10-01,0.4661,-0.5226,-0.0057
S_30,51.24,16.73,2024-11-01,0.4197,-0.4693,0.0078
S_30,51.24,16.73,2024-12-01,0.1360661650944951,-0.1201478930786029,0.0551541197215188
S_30,51.24,16.73,2025-01-01,0.3932,-0.4826,-0.0004
S_30,51.24,16.73,2025-02-01,0.2605,-0.3255,0.2828
S_30,51.24,16.73,2025-03-01,0.347,-0.4247,-0.0837
S_30,51.24,16.73,2025-04-01,0.4099,-0.4662,-0.0433
S_30,51.24,16.73,2025-05-01,0.6246,-0.5869,0.2107
S_30,51.24,16.73,2025-06-01,0.6435,-0.6282,0.2355
S_30,51.24,16.73,2025-07-01,0.5237,-0.5274,0.0539
S_30,51.24,16.73,2025-08-01,0.5614,-0.571,0.0738
S_30,51.24,16.73,2025-09-01,0.5386,-0.5536,0.0735
S_30,51.24,16.73,2025-10-01,0.3528481299070082,-0.3428633342300175,0.0757853927621403
S_30,51.24,16.73,2025-11-01,0.4795,-0.5556,0.006
S_30,51.24,16.73,2025-12-01,0.4525,-0.5047,0.126
S_30,51.24,16.73,2026-01-01,0.1793,-0.2008,0.5274
S_30,51.24,16.73,2026-02-01,0.3542,-0.442,-0.0845
S_30,51.24,16.73,2026-03-01,0.351,-0.4394,-0.0851
S_31,50.96,16.75,2023-06-01,0.67,-0.6315,0.3341
S_31,50.96,16.75,2023-07-01,0.5166,-0.5693,0.1764
S_31,50.96,16.75,2023-08-01,0.5021,-0.5145,0.0646
S_31,50.96,16.75,2023-09-01,0.5242,-0.5296,0.0803
S_31,50.96,16.75,2023-10-01,0.496,-0.527,0.0151
S_31,50.96,16.75,2023-11-01,0.4361,-0.518,0.0847
S_31,50.96,16.75,2023-12-01,0.404,-0.4434,0.1565
S_31,50.96,16.75,2024-01-01,0.1173,-0.144,0.7392
S_31,50.96,16.75,2024-02-01,0.4171,-0.5086,0.0264
S_31,50.96,16.75,2024-03-01,0.4507,-0.4751,0.0689
S_31,50.96,16.75,2024-04-01,0.5456,-0.5296,0.2238
S_31,50.96,16.75,2024-05-01,0.5101,-0.5133,0.1773
S_31,50.96,16.75,2024-06-01,0.5919,-0.5506,0.2092
S_31,50.96,16.75,2024-07-01,0.5291,-0.5128,0.1805
S_31,50.96,16.75,2024-08-01,0.5449,-0.5559,0.1091
S_31,50.96,16.75,2024-09-01,0.411,-0.4839,-0.0062
S_31,50.96,16.75,2024-10-01,0.35,-0.4421,-0.0943
S_31,50.96,16.75,2024-11-01,0.4062,-0.4775,-0.0354
S_31,50.96,16.75,2024-12-01,0.1819,-0.2804,0.0177
S_31,50.96,16.75,2025-01-01,0.4352,-0.5258,0.0305
S_31,50.96,16.75,2025-02-01,0.2644,-0.2965,0.283
S_31,50.96,16.75,2025-03-01,0.4298,-0.4784,-0.0067
S_31,50.96,16.75,2025-04-01,0.5051,-0.52,0.0615
S_31,50.96,16.75,2025-05-01,0.7234,-0.6599,0.3573
S_31,50.96,16.75,2025-06-01,0.6157,-0.6166,0.3096
S_31,50.96,16.75,2025-07-01,0.2869769205232023,-0.2967097930634054,0.0803648754025232
S_31,50.96,16.75,2025-08-01,0.4215,-0.4818,0.0363
S_31,50.96,16.75,2025-09-01,0.4816,-0.5143,0.0273
S_31,50.96,16.75,2025-10-01,0.342772976859575,-0.3081555569447594,0.1223176737534078
S_31,50.96,16.75,2025-11-01,0.5478,-0.5822,0.0943
S_31,50.96,16.75,2025-12-01,0.5007,-0.5458,0.1467
S_31,50.96,16.75,2026-01-01,0.09451269962048,-0.1019518814823105,0.3364254913807381
S_31,50.96,16.75,2026-02-01,0.3443,-0.4471,-0.0773
S_31,50.96,16.75,2026-03-01,0.3463,-0.4329,-0.0726
S_32,50.98,16.75,2023-06-01,0.6837,-0.6149,0.3789
S_32,50.98,16.75,2023-07-01,0.5206,-0.5237,0.1857
S_32,50.98,16.75,2023-08-01,0.5584,-0.5288,0.132
S_32,50.98,16.75,2023-09-01,0.542,-0.5209,0.1436
S_32,50.98,16.75,2023-10-01,0.5066,-0.4973,0.0971
S_32,50.98,16.75,2023-11-01,0.4888,-0.4914,0.133
S_32,50.98,16.75,2023-12-01,0.2713,-0.3244,0.1393
S_32,50.98,16.75,2024-01-01,0.1755,-0.1835,0.5419
S_32,50.98,16.75,2024-02-01,0.4274,-0.4879,0.0593
S_32,50.98,16.75,2024-03-01,0.5107,-0.532,-0.0176
S_32,50.98,16.75,2024-04-01,0.6506,-0.5947,0.2729
S_32,50.98,16.75,2024-05-01,0.6534,-0.5904,0.3045
S_32,50.98,16.75,2024-06-01,0.6617,-0.6016,0.2663
S_32,50.98,16.75,2024-07-01,0.6001,-0.567,0.1565
S_32,50.98,16.75,2024-08-01,0.5265,-0.5192,0.0995
S_32,50.98,16.75,2024-09-01,0.4774,-0.4657,0.1034
S_32,50.98,16.75,2024-10-01,0.4405,-0.4477,0.031
S_32,50.98,16.75,2024-11-01,0.4249,-0.4482,0.0418
S_32,50.98,16.75,2024-12-01,0.143774999994246,-0.2051249999871821,0.0356750000091944
S_32,50.98,16.75,2025-01-01,0.4026,-0.4738,0.0045
S_32,50.98,16.75,2025-02-01,0.2539,-0.2873,0.2418
S_32,50.98,16.75,2025-03-01,0.4152,-0.436,0.0153
S_32,50.98,16.75,2025-04-01,0.4905,-0.475,0.0819
S_32,50.98,16.75,2025-05-01,0.7571,-0.6794,0.3782
S_32,50.98,16.75,2025-06-01,0.6348,-0.591,0.3007
S_32,50.98,16.75,2025-07-01,0.3297880966986083,-0.3397931110734666,0.0793423150302577
S_32,50.98,16.75,2025-08-01,0.5438,-0.5223,0.1507
S_32,50.98,16.75,2025-09-01,0.5111,-0.5014,0.1171
S_32,50.98,16.75,2025-10-01,0.3428967573689129,-0.308315256308186,0.1222248516522093
S_32,50.98,16.75,2025-11-01,0.4108,-0.4776,-0.0003
S_32,50.98,16.75,2025-12-01,0.3812,-0.4552,-0.0192
S_32,50.98,16.75,2026-01-01,0.0947527596105488,-0.1029062302184139,0.3354715825693783
S_32,50.98,16.75,2026-02-01,0.3014,-0.387,-0.0958
S_32,50.98,16.75,2026-03-01,0.29,-0.3609,-0.0814
S_33,51.0,16.75,2023-06-01,0.7359,-0.6826,0.4603
S_33,51.0,16.75,2023-07-01,0.484,-0.5288,0.1914
S_33,51.0,16.75,2023-08-01,0.3995,-0.4325,-0.004
S_33,51.0,16.75,2023-09-01,0.4697,-0.4816,0.048
S_33,51.0,16.75,2023-10-01,0.4014,-0.4473,-0.0374
S_33,51.0,16.75,2023-11-01,0.5522,-0.5697,0.1535
S_33,51.0,16.75,2023-12-01,0.3219249999980052,-0.3657000000041691,0.1176250000037525
S_33,51.0,16.75,2024-01-01,0.1494,-0.1644,0.7314
S_33,51.0,16.75,2024-02-01,0.5142,-0.5454,0.1019
S_33,51.0,16.75,2024-03-01,0.4491164590331557,-0.4928134446570528,-0.0164298010207177
S_33,51.0,16.75,2024-04-01,0.6365,-0.6066,0.3332
S_33,51.0,16.75,2024-05-01,0.6352,-0.6152,0.317
S_33,51.0,16.75,2024-06-01,0.5069,-0.468,0.2291
S_33,51.0,16.75,2024-07-01,0.4142,-0.4371,0.0233
S_33,51.0,16.75,2024-08-01,0.4833,-0.5137,0.0302
S_33,51.0,16.75,2024-09-01,0.388,-0.4555,-0.0471
S_33,51.0,16.75,2024-10-01,0.3343,-0.4194,-0.0905
S_33,51.0,16.75,2024-11-01,0.4067,-0.4679,-0.032
S_33,51.0,16.75,2024-12-01,0.1167,-0.1412,0.0953
S_33,51.0,16.75,2025-01-01,0.4754,-0.5251,0.1016
S_33,51.0,16.75,2025-02-01,0.3319,-0.3666,0.3134
S_33,51.0,16.75,2025-03-01,0.5377,-0.5429,0.1003
S_33,51.0,16.75,2025-04-01,0.6239,-0.6024,0.1875
S_33,51.0,16.75,2025-05-01,0.7388,-0.6939,0.4002
S_33,51.0,16.75,2025-06-01,0.6769,-0.6445,0.3621
S_33,51.0,16.75,2025-07-01,0.3656741930647165,-0.3775068923694604,0.073602887804485
S_33,51.0,16.75,2025-08-01,0.3933,-0.4699,-0.0116
S_33,51.0,16.75,2025-09-01,0.42,-0.4713,-0.0215
S_33,51.0,16.75,2025-10-01,0.3430211286616995,-0.3084886974496732,0.1220941457053892
S_33,51.0,16.75,2025-11-01,0.4442,-0.5154,-0.007
S_33,51.0,16.75,2025-12-01,0.418,-0.4896,0.0604
S_33,51.0,16.75,2026-01-01,0.0954971429316661,-0.1059498848832867,0.3315543499726776
S_33,51.0,16.75,2026-02-01,0.3066,-0.4127,-0.0928
S_33,51.0,16.75,2026-03-01,0.3127,-0.3965,-0.0868
S_34,51.02,16.75,2023-06-01,0.5691,-0.5481,0.2384
S_34,51.02,16.75,2023-07-01,0.4672,-0.4903,0.1159
S_34,51.02,16.75,2023-08-01,0.4234,-0.4389,0.0468
S_34,51.02,16.75,2023-09-01,0.4363,-0.4569,0.045
S_34,51.02,16.75,2023-10-01,0.4283,-0.4455,0.0218
S_34,51.02,16.75,2023-11-01,0.4513,-0.485,0.1023
S_34,51.02,16.75,2023-12-01,0.3006,-0.33,0.1267
S_34,51.02,16.75,2024-01-01,0.1282,-0.1519,0.5773
S_34,51.02,16.75,2024-02-01,0.3345,-0.4074,0.0421
S_34,51.02,16.75,2024-03-01,0.3880104425315938,-0.4354845065187332,-0.0224816467966171
S_34,51.02,16.75,2024-04-01,0.4493,-0.4457,0.1461
S_34,51.02,16.75,2024-05-01,0.4057,-0.4116,0.1313
S_34,51.02,16.75,2024-06-01,0.4701,-0.4435,0.1624
S_34,51.02,16.75,2024-07-01,0.4339,-0.429,0.0959
S_34,51.02,16.75,2024-08-01,0.4042,-0.4221,0.0753
S_34,51.02,16.75,2024-09-01,0.3941,-0.4116,0.0659
S_34,51.02,16.75,2024-10-01,0.2854,-0.3354,-0.0362
S_34,51.02,16.75,2024-11-01,0.338,-0.3809,0.0078
S_34,51.02,16.75,2024-12-01,0.051,-0.0631,0.21
S_34,51.02,16.75,2025-01-01,0.3142,-0.3823,0.0408
S_34,51.02,16.75,2025-02-01,0.2034,-0.246,0.2387
S_34,51.02,16.75,2025-03-01,0.3196,-0.3588,0.0103
S_34,51.02,16.75,2025-04-01,0.3684,-0.3866,0.0434
S_34,51.02,16.75,2025-05-01,0.5046,-0.4796,0.1784
S_34,51.02,16.75,2025-06-01,0.4573,-0.4584,0.1747
S_34,51.02,16.75,2025-07-01,0.4150669896686129,-0.4311451780497135,0.0506162674113054
S_34,51.02,16.75,2025-08-01,0.3851,-0.4096,0.0606
S_34,51.02,16.75,2025-09-01,0.3953,-0.4137,0.0525
S_34,51.02,16.75,2025-10-01,0.3690902179829211,-0.3359279353433057,0.1198447234326701
S_34,51.02,16.75,2025-11-01,0.3585,-0.4122,0.0083
S_34,51.02,16.75,2025-12-01,0.3197,-0.3813,0.0316
S_34,51.02,16.75,2026-01-01,0.1042,-0.1419,0.2816
S_34,51.02,16.75,2026-02-01,0.2325,-0.3167,-0.0736
S_34,51.02,16.75,2026-03-01,0.2348,-0.3083,-0.0613
S_35,51.04,16.75,2023-06-01,0.6204,-0.5874,0.2824
S_35,51.04,16.75,2023-07-01,0.5028,-0.5196,0.1361
S_35,51.04,16.75,2023-08-01,0.422,-0.4166,0.0893
S_35,51.04,16.75,2023-09-01,0.5592,-0.5423,0.1471
S_35,51.04,16.75,2023-10-01,0.4942,-0.4984,0.0721
S_35,51.04,16.75,2023-11-01,0.539,-0.5536,0.124
S_35,51.04,16.75,2023-12-01,0.327,-0.3548,0.1249
S_35,51.04,16.75,2024-01-01,0.2002,-0.2199,0.5238
S_35,51.04,16.75,2024-02-01,0.4401,-0.5003,0.0506
S_35,51.04,16.75,2024-03-01,0.3742766938553357,-0.3833314096569132,0.0865425539945873
S_35,51.04,16.75,2024-04-01,0.6089,-0.5784,0.2279
S_35,51.04,16.75,2024-05-01,0.5648,-0.5431,0.2132
S_35,51.04,16.75,2024-06-01,0.5377,-0.5063,0.1849
S_35,51.04,16.75,2024-07-01,0.4819,-0.4715,0.0997
S_35,51.04,16.75,2024-08-01,0.5037,-0.5115,0.09
S_35,51.04,16.75,2024-09-01,0.5124,-0.5071,0.1207
S_35,51.04,16.75,2024-10-01,-0.169,0.1767,-0.2347
S_35,51.04,16.75,2024-11-01,0.474,-0.4993,0.073
S_35,51.04,16.75,2024-12-01,0.1159,-0.1539,0.0746
S_35,51.04,16.75,2025-01-01,0.4088,-0.478,0.0457
S_35,51.04,16.75,2025-02-01,0.2508,-0.2986,0.318
S_35,51.04,16.75,2025-03-01,0.3875,-0.4275,0.0125
S_35,51.04,16.75,2025-04-01,0.4522,-0.4705,0.054
S_35,51.04,16.75,2025-05-01,0.5658,-0.5341,0.234
S_35,51.04,16.75,2025-06-01,0.5913,-0.5751,0.2225
S_35,51.04,16.75,2025-07-01,0.3873559147508869,-0.407964520723922,0.0319458096037383
S_35,51.04,16.75,2025-08-01,0.5448,-0.5395,0.1327
S_35,51.04,16.75,2025-09-01,0.512,-0.5243,0.1016
S_35,51.04,16.75,2025-10-01,0.369181947369778,-0.3361288616227283,0.1194880905958032
S_35,51.04,16.75,2025-11-01,0.4592,-0.5207,0.009
S_35,51.04,16.75,2025-12-01,0.4082,-0.4604,0.0411
S_35,51.04,16.75,2026-01-01,0.0877,-0.0769,0.3404
S_35,51.04,16.75,2026-02-01,0.3263,-0.4092,-0.0767
S_35,51.04,16.75,2026-03-01,0.3288,-0.3993,-0.0608
S_36,51.06,16.75,2023-06-01,0.722,-0.671,0.4021
S_36,51.06,16.75,2023-07-01,0.4524,-0.4985,0.0817
S_36,51.06,16.75,2023-08-01,0.3288,-0.3401,0.0261
S_36,51.06,16.75,2023-09-01,0.4147,-0.4539,-0.0179
S_36,51.06,16.75,2023-10-01,0.4019,-0.4465,-0.0407
S_36,51.06,16.75,2023-11-01,0.5075,-0.5407,0.0853
S_36,51.06,16.75,2023-12-01,0.3439,-0.389,0.0994
S_36,51.06,16.75,2024-01-01,0.1987,-0.2251,0.5406
S_36,51.06,16.75,2024-02-01,0.4281,-0.5018,0.0383
S_36,51.06,16.75,2024-03-01,0.379124286679099,-0.3865083541102804,0.0926485956538234
S_36,51.06,16.75,2024-04-01,0.5598,-0.5475,0.1896
S_36,51.06,16.75,2024-05-01,0.5812,-0.5666,0.2302
S_36,51.06,16.75,2024-06-01,0.5717,-0.5324,0.2112
S_36,51.06,16.75,2024-07-01,0.4449,-0.46,0.0358
S_36,51.06,16.75,2024-08-01,0.4661,-0.4984,0.0192
S_36,51.06,16.75,2024-09-01,0.4498,-0.4797,0.0377
S_36,51.06,16.75,2024-10-01,0.1824325066605883,-0.2380406848548115,-0.1128536041333945
S_36,51.06,16.75,2024-11-01,0.4573,-0.4899,0.0277
S_36,51.06,16.75,2024-12-01,0.1765,-0.2685,0.0176
S_36,51.06,16.75,2025-01-01,0.4142,-0.485,0.0713
S_36,51.06,16.75,2025-02-01,0.1744,-0.2204,0.5134
S_36,51.06,16.75,2025-03-01,0.4212,-0.4541,0.0099
S_36,51.06,16.75,2025-04-01,0.493,-0.5038,0.0714
S_36,51.06,16.75,2025-05-01,0.6234,-0.5812,0.277
S_36,51.06,16.75,2025-06-01,0.5531,-0.5747,0.1853
S_36,51.06,16.75,2025-07-01,0.3371646214547436,-0.3658050939605278,0.0083726083799636
S_36,51.06,16.75,2025-08-01,0.5561,-0.5564,0.1173
S_36,51.06,16.75,2025-09-01,0.5448,-0.5513,0.0907
S_36,51.06,16.75,2025-10-01,0.3692803394663009,-0.3363585235929764,0.11906274961279
S_36,51.06,16.75,2025-11-01,0.4367,-0.5197,-0.0403
S_36,51.06,16.75,2025-12-01,0.3862,-0.4636,0.0361
S_36,51.06,16.75,2026-01-01,0.1411756492707908,-0.1479546860591945,0.3657836869621755
S_36,51.06,16.75,2026-02-01,0.2927,-0.4022,-0.1123
S_36,51.06,16.75,2026-03-01,0.2951,-0.3952,-0.109
S_37,51.08,16.75,2023-06-01,0.6169,-0.5907,0.2531
S_37,51.08,16.75,2023-07-01,0.5804,-0.5855,0.1794
S_37,51.08,16.75,2023-08-01,0.5194,-0.488,0.1953
S_37,51.08,16.75,2023-09-01,0.6442,-0.6096,0.2047
S_37,51.08,16.75,2023-10-01,0.5234,-0.5435,0.0456
S_37,51.08,16.75,2023-11-01,0.5051,-0.5609,0.0282
S_37,51.08,16.75,2023-12-01,0.3917,-0.4301,0.1424
S_37,51.08,16.75,2024-01-01,0.2257,-0.2583,0.4867
S_37,51.08,16.75,2024-02-01,0.4483,-0.5335,0.0098
S_37,51.08,16.75,2024-03-01,0.275720204739965,-0.2863110425512359,0.0939501689083241
S_37,51.08,16.75,2024-04-01,0.5827,-0.5774,0.1644
S_37,51.08,16.75,2024-05-01,0.5906,-0.5813,0.1979
S_37,51.08,16.75,2024-06-01,0.5955,-0.5609,0.1701
S_37,51.08,16.75,2024-07-01,0.5807,-0.5522,0.1655
S_37,51.08,16.75,2024-08-01,0.5938,-0.5838,0.1337
S_37,51.08,16.75,2024-09-01,0.5058,-0.5262,0.0687
S_37,51.08,16.75,2024-10-01,0.2592,-0.3654,-0.1062
S_37,51.08,16.75,2024-11-01,0.4256,-0.4806,-0.0234
S_37,51.08,16.75,2024-12-01,0.305,-0.3408,0.0369
S_37,51.08,16.75,2025-01-01,0.4128,-0.4934,0.0242
S_37,51.08,16.75,2025-02-01,0.1345,-0.1821,0.6113
S_37,51.08,16.75,2025-03-01,0.4353,-0.4719,-0.0191
S_37,51.08,16.75,2025-04-01,0.531,-0.5381,0.0658
S_37,51.08,16.75,2025-05-01,0.702,-0.6419,0.3389
S_37,51.08,16.75,2025-06-01,0.6365,-0.6228,0.2706
S_37,51.08,16.75,2025-07-01,0.4156,-0.4289,0.0482
S_37,51.08,16.75,2025-08-01,0.5228,-0.5406,0.0869
S_37,51.08,16.75,2025-09-01,0.5256,-0.5341,0.0645
S_37,51.08,16.75,2025-10-01,0.3693836217092157,-0.3366142573921717,0.1185721414356446
S_37,51.08,16.75,2025-11-01,0.5109,-0.5624,0.0223
S_37,51.08,16.75,2025-12-01,0.4587,-0.5115,0.0788
S_37,51.08,16.75,2026-01-01,0.1611,-0.1826,0.4335
S_37,51.08,16.75,2026-02-01,0.3482,-0.4447,-0.0896
S_37,51.08,16.75,2026-03-01,0.3423,-0.4299,-0.0915
S_38,51.1,16.75,2023-06-01,0.6549,-0.6278,0.3072
S_38,51.1,16.75,2023-07-01,0.5224,-0.5589,0.1109
S_38,51.1,16.75,2023-08-01,0.4581,-0.4476,0.0942
S_38,51.1,16.75,2023-09-01,0.584,-0.5739,0.1399
S_38,51.1,16.75,2023-10-01,0.4822,-0.5024,0.042
S_38,51.1,16.75,2023-11-01,0.5886,-0.5992,0.1625
S_38,51.1,16.75,2023-12-01,0.4555,-0.4579,0.2094
S_38,51.1,16.75,2024-01-01,0.3371,-0.3599,0.4499
S_38,51.1,16.75,2024-02-01,0.5238,-0.5721,0.1042
S_38,51.1,16.75,2024-03-01,0.2702407142858556,-0.2694632785769282,0.1139518996802808
S_38,51.1,16.75,2024-04-01,0.6013,-0.5841,0.2034
S_38,51.1,16.75,2024-05-01,0.5896,-0.5804,0.2201
S_38,51.1,16.75,2024-06-01,0.5689,-0.5376,0.1383
S_38,51.1,16.75,2024-07-01,0.528,-0.5351,0.0693
S_38,51.1,16.75,2024-08-01,0.6012,-0.5953,0.0981
S_38,51.1,16.75,2024-09-01,0.6692,-0.6315,0.2195
S_38,51.1,16.75,2024-10-01,0.3407,-0.44,-0.0882
S_38,51.1,16.75,2024-11-01,0.3245,-0.4245,-0.0649
S_38,51.1,16.75,2024-12-01,0.2802,-0.3219,0.0376
S_38,51.1,16.75,2025-01-01,0.3334,-0.4403,-0.0193
S_38,51.1,16.75,2025-02-01,0.1374,-0.1851,0.578
S_38,51.1,16.75,2025-03-01,0.4109,-0.4464,-0.0356
S_38,51.1,16.75,2025-04-01,0.4816,-0.5021,0.0224
S_38,51.1,16.75,2025-05-01,0.7975,-0.7199,0.4188
S_38,51.1,16.75,2025-06-01,0.6159,-0.6303,0.2385
S_38,51.1,16.75,2025-07-01,0.3749,-0.4453,-0.0114
S_38,51.1,16.75,2025-08-01,0.3389,-0.4303,-0.0675
S_38,51.1,16.75,2025-09-01,0.481,-0.5018,0.0388
S_38,51.1,16.75,2025-10-01,0.3694901171826589,-0.3368911653871557,0.118026899991085
S_38,51.1,16.75,2025-11-01,0.5935,-0.5955,0.105
S_38,51.1,16.75,2025-12-01,0.5558,-0.5615,0.1754
S_38,51.1,16.75,2026-01-01,0.1479,-0.1657,0.3817
S_38,51.1,16.75,2026-02-01,0.449,-0.5062,-0.0005
S_38,51.1,16.75,2026-03-01,0.4489,-0.4954,0.0088
S_39,51.12,16.75,2023-06-01,0.584,-0.5765,0.2523
S_39,51.12,16.75,2023-07-01,0.5364,-0.5639,0.1347
S_39,51.12,16.75,2023-08-01,0.4223,-0.4072,0.1132
S_39,51.12,16.75,2023-09-01,0.6044,-0.5877,0.1464
S_39,51.12,16.75,2023-10-01,0.5318,-0.5346,0.0675
S_39,51.12,16.75,2023-11-01,0.4869,-0.5494,0.0805
S_39,51.12,16.75,2023-12-01,0.3386,-0.388,0.1313
S_39,51.12,16.75,2024-01-01,0.279,-0.3344,0.2557
S_39,51.12,16.75,2024-02-01,0.4309,-0.5121,0.0406
S_39,51.12,16.75,2024-03-01,0.2269656789930158,-0.2299943450230237,0.1017596183839855
S_39,51.12,16.75,2024-04-01,0.523,-0.5276,0.1634
S_39,51.12,16.75,2024-05-01,0.5264,-0.5284,0.1887
S_39,51.12,16.75,2024-06-01,0.5833,-0.5487,0.1662
S_39,51.12,16.75,2024-07-01,0.584,-0.5659,0.1546
S_39,51.12,16.75,2024-08-01,0.5803,-0.5754,0.1339
S_39,51.12,16.75,2024-09-01,0.4698,-0.5093,0.0281
S_39,51.12,16.75,2024-10-01,0.3906,-0.4649,-0.0235
S_39,51.12,16.75,2024-11-01,0.3878,-0.4536,0.0096
S_39,51.12,16.75,2024-12-01,0.3312,-0.3616,0.068
S_39,51.12,16.75,2025-01-01,0.4155,-0.4833,0.0877
S_39,51.12,16.75,2025-02-01,0.2396,-0.2741,0.4462
S_39,51.12,16.75,2025-03-01,0.4159,-0.4561,0.0329
S_39,51.12,16.75,2025-04-01,0.4806,-0.4969,0.0836
S_39,51.12,16.75,2025-05-01,0.6058,-0.5805,0.2786
S_39,51.12,16.75,2025-06-01,0.6457,-0.6336,0.2611
S_39,51.12,16.75,2025-07-01,0.3998,-0.4383,-0.0127
S_39,51.12,16.75,2025-08-01,0.5678,-0.5744,0.1174
S_39,51.12,16.75,2025-09-01,0.514,-0.5296,0.0739
S_39,51.12,16.75,2025-10-01,0.369598454154157,-0.3371820666676108,0.1174455461864076
S_39,51.12,16.75,2025-11-01,0.4124,-0.4924,-0.0148
S_39,51.12,16.75,2025-12-01,0.4246,-0.4821,0.0845
S_39,51.12,16.75,2026-01-01,0.1189,-0.1107,0.5976
S_39,51.12,16.75,2026-02-01,0.3075,-0.4058,-0.0658
S_39,51.12,16.75,2026-03-01,0.3238,-0.403,-0.0623
S_40,51.14,16.75,2023-06-01,0.6419,-0.6271,0.3493
S_40,51.14,16.75,2023-07-01,0.527,-0.5602,0.1944
S_40,51.14,16.75,2023-08-01,0.3653,-0.3593,0.1043
S_40,51.14,16.75,2023-09-01,0.4871,-0.4987,0.0803
S_40,51.14,16.75,2023-10-01,0.6303,-0.5926,0.2136
S_40,51.14,16.75,2023-11-01,0.6166,-0.6283,0.265
S_40,51.14,16.75,2023-12-01,0.5094,-0.4751,0.3116
S_40,51.14,16.75,2024-01-01,0.4012,-0.4247,0.4128
S_40,51.14,16.75,2024-02-01,0.5825,-0.5982,0.225
S_40,51.14,16.75,2024-03-01,0.1963184826534131,-0.2020446897932929,0.0931316304221996
S_40,51.14,16.75,2024-04-01,0.6253,-0.6012,0.34
S_40,51.14,16.75,2024-05-01,0.6121,-0.5853,0.3564
S_40,51.14,16.75,2024-06-01,0.6492,-0.5703,0.3523
S_40,51.14,16.75,2024-07-01,0.5642,-0.5398,0.1643
S_40,51.14,16.75,2024-08-01,0.5297,-0.5486,0.1116
S_40,51.14,16.75,2024-09-01,0.3288,-0.4142,-0.0789
S_40,51.14,16.75,2024-10-01,0.326,-0.402,-0.0763
S_40,51.14,16.75,2024-11-01,0.4596,-0.4525,0.0593
S_40,51.14,16.75,2024-12-01,0.4711,-0.4472,0.1574
S_40,51.14,16.75,2025-01-01,0.5718,-0.5678,0.1997
S_40,51.14,16.75,2025-02-01,0.344,-0.3464,0.502
S_40,51.14,16.75,2025-03-01,0.6354,-0.6001,0.2276
S_40,51.14,16.75,2025-04-01,0.7453,-0.6911,0.3524
S_40,51.14,16.75,2025-05-01,0.7848,-0.7288,0.5118
S_40,51.14,16.75,2025-06-01,0.5729,-0.6043,0.2761
S_40,51.14,16.75,2025-07-01,0.488629220617974,-0.5014630734572182,0.0647705806972146
S_40,51.14,16.75,2025-08-01,0.3162,-0.4107,-0.0981
S_40,51.14,16.75,2025-09-01,0.4127,-0.4459,0.0017
S_40,51.14,16.75,2025-10-01,0.3632038755583749,-0.3399946560533303,0.0988765061220054
S_40,51.14,16.75,2025-11-01,0.5639,-0.583,0.1813
S_40,51.14,16.75,2025-12-01,0.592,-0.5736,0.3166
S_40,51.14,16.75,2026-01-01,0.1515,-0.1399,0.7141
S_40,51.14,16.75,2026-02-01,0.42,-0.4691,0.0428
S_40,51.14,16.75,2026-03-01,0.4157,-0.4639,0.0314
S_41,51.16,16.75,2023-06-01,0.6793,-0.6327,0.3388
S_41,51.16,16.75,2023-07-01,0.4344,-0.4821,0.0561
S_41,51.16,16.75,2023-08-01,0.3798,-0.385,0.0465
S_41,51.16,16.75,2023-09-01,0.496,-0.4858,0.0825
S_41,51.16,16.75,2023-10-01,0.5667,-0.5456,0.148
S_41,51.16,16.75,2023-11-01,0.6357,-0.6203,0.2284
S_41,51.16,16.75,2023-12-01,0.4088,-0.3848,0.2206
S_41,51.16,16.75,2024-01-01,0.402,-0.4293,0.3354
S_41,51.16,16.75,2024-02-01,0.5399,-0.5614,0.1616
S_41,51.16,16.75,2024-03-01,0.1928866492614485,-0.1989149437389075,0.0921631105931212
S_41,51.16,16.75,2024-04-01,0.6087,-0.5766,0.2602
S_41,51.16,16.75,2024-05-01,0.62,-0.5766,0.2909
S_41,51.16,16.75,2024-06-01,0.607,-0.545,0.2348
S_41,51.16,16.75,2024-07-01,0.5509,-0.5176,0.1161
S_41,51.16,16.75,2024-08-01,0.4839,-0.4916,0.0596
S_41,51.16,16.75,2024-09-01,0.4751,-0.4844,0.0541
S_41,51.16,16.75,2024-10-01,0.4679,-0.4958,0.0333
S_41,51.16,16.75,2024-11-01,0.5374,-0.5124,0.1437
S_41,51.16,16.75,2024-12-01,0.3862,-0.3766,0.1189
S_41,51.16,16.75,2025-01-01,0.4797,-0.5098,0.123
S_41,51.16,16.75,2025-02-01,0.3101,-0.3425,0.3388
S_41,51.16,16.75,2025-03-01,0.4647,-0.4837,0.0796
S_41,51.16,16.75,2025-04-01,0.5172,-0.5217,0.1339
S_41,51.16,16.75,2025-05-01,0.7138,-0.6517,0.5121
S_41,51.16,16.75,2025-06-01,0.5722,-0.5643,0.2262
S_41,51.16,16.75,2025-07-01,0.6268428647468318,-0.588512626578357,0.1835488314148635
S_41,51.16,16.75,2025-08-01,0.404,-0.442,0.0098
S_41,51.16,16.75,2025-09-01,0.527,-0.5188,0.1166
S_41,51.16,16.75,2025-10-01,0.3628629263653509,-0.339911824547708,0.0982730944156415
S_41,51.16,16.75,2025-11-01,0.566,-0.5795,0.1646
S_41,51.16,16.75,2025-12-01,0.5461,-0.5495,0.265
S_41,51.16,16.75,2026-01-01,0.1482,-0.1492,0.6303
S_41,51.16,16.75,2026-02-01,0.3538,-0.425,-0.0198
S_41,51.16,16.75,2026-03-01,0.3512,-0.4178,-0.025
S_42,51.18,16.75,2023-06-01,0.7816,-0.7033,0.3604
S_42,51.18,16.75,2023-07-01,0.6905,-0.6545,0.2356
S_42,51.18,16.75,2023-08-01,0.6674,-0.6069,0.2342
S_42,51.18,16.75,2023-09-01,0.7247,-0.6691,0.2431
S_42,51.18,16.75,2023-10-01,0.7071,-0.6614,0.1882
S_42,51.18,16.75,2023-11-01,0.6276,-0.6459,0.1232
S_42,51.18,16.75,2023-12-01,0.2818,-0.2874,0.1343
S_42,51.18,16.75,2024-01-01,0.3925,-0.4373,0.2279
S_42,51.18,16.75,2024-02-01,0.5102,-0.5925,0.0376
S_42,51.18,16.75,2024-03-01,0.2053495931435565,-0.2102809731366772,0.0956673814491761
S_42,51.18,16.75,2024-04-01,0.6238,-0.5858,0.1671
S_42,51.18,16.75,2024-05-01,0.6958,-0.6354,0.2455
S_42,51.18,16.75,2024-06-01,0.7431,-0.6649,0.273
S_42,51.18,16.75,2024-07-01,0.6919,-0.6355,0.2136
S_42,51.18,16.75,2024-08-01,0.7063,-0.6577,0.2127
S_42,51.18,16.75,2024-09-01,0.7229,-0.67,0.216
S_42,51.18,16.75,2024-10-01,0.6317,-0.6321,0.0785
S_42,51.18,16.75,2024-11-01,0.5998,-0.591,0.1004
S_42,51.18,16.75,2024-12-01,0.3272,-0.3303,0.0677
S_42,51.18,16.75,2025-01-01,0.4592,-0.5375,0.0298
S_42,51.18,16.75,2025-02-01,0.3626,-0.42,0.1833
S_42,51.18,16.75,2025-03-01,0.3973,-0.4579,-0.0755
S_42,51.18,16.75,2025-04-01,0.4502,-0.493,-0.0501
S_42,51.18,16.75,2025-05-01,0.6762,-0.6004,0.2418
S_42,51.18,16.75,2025-06-01,0.7521,-0.6944,0.3
S_42,51.18,16.75,2025-07-01,0.7808,-0.7007,0.3112
S_42,51.18,16.75,2025-08-01,0.7344,-0.677,0.266
S_42,51.18,16.75,2025-09-01,0.7077,-0.6646,0.2235
S_42,51.18,16.75,2025-10-01,0.3625185817620183,-0.3398235136155904,0.0976916287660721
S_42,51.18,16.75,2025-11-01,0.5683,-0.6234,0.0358
S_42,51.18,16.75,2025-12-01,0.5383,-0.5839,0.1345
S_42,51.18,16.75,2026-01-01,0.2243,-0.2304,0.4764
S_42,51.18,16.75,2026-02-01,0.3741,-0.4651,-0.096
S_42,51.18,16.75,2026-03-01,0.3654,-0.4482,-0.0948
S_43,51.2,16.75,2023-06-01,0.6726,-0.6329,0.2512
S_43,51.2,16.75,2023-07-01,0.6272,-0.6053,0.1601
S_43,51.2,16.75,2023-08-01,0.7003,-0.6335,0.2036
S_43,51.2,16.75,2023-09-01,0.7139,-0.656,0.2273
S_43,51.2,16.75,2023-10-01,0.7093,-0.6503,0.1754
S_43,51.2,16.75,2023-11-01,0.5749,-0.61,0.0864
S_43,51.2,16.75,2023-12-01,0.424,-0.4622,0.1178
S_43,51.2,16.75,2024-01-01,0.3124,-0.3802,0.1878
S_43,51.2,16.75,2024-02-01,0.4252,-0.5323,-0.0063
S_43,51.2,16.75,2024-03-01,0.2199602410674578,-0.2236068487875944,0.0997785479098638
S_43,51.2,16.75,2024-04-01,0.5299,-0.5275,0.0807
S_43,51.2,16.75,2024-05-01,0.5852,-0.5637,0.1397
S_43,51.2,16.75,2024-06-01,0.7045,-0.6289,0.2463
S_43,51.2,16.75,2024-07-01,0.6625,-0.5937,0.2093
S_43,51.2,16.75,2024-08-01,0.7058,-0.647,0.2136
S_43,51.2,16.75,2024-09-01,0.6695,-0.6326,0.1671
S_43,51.2,16.75,2024-10-01,0.6091,-0.6129,0.0558
S_43,51.2,16.75,2024-11-01,0.567,-0.5559,0.0978
S_43,51.2,16.75,2024-12-01,0.3065,-0.3071,0.0852
S_43,51.2,16.75,2025-01-01,0.4653,-0.5346,0.048
S_43,51.2,16.75,2025-02-01,0.3932,-0.4618,0.0881
S_43,51.2,16.75,2025-03-01,0.3944,-0.4596,-0.058
S_43,51.2,16.75,2025-04-01,0.4399,-0.4903,-0.0434
S_43,51.2,16.75,2025-05-01,0.6546,-0.6001,0.2062
S_43,51.2,16.75,2025-06-01,0.6775,-0.6447,0.2243
S_43,51.2,16.75,2025-07-01,0.6807,-0.6181,0.1977
S_43,51.2,16.75,2025-08-01,0.7161,-0.6555,0.2352
S_43,51.2,16.75,2025-09-01,0.7001,-0.6555,0.1977
S_43,51.2,16.75,2025-10-01,0.3621822302165062,-0.3397310676474032,0.0971558094824866
S_43,51.2,16.75,2025-11-01,0.557,-0.6026,0.0234
S_43,51.2,16.75,2025-12-01,0.4477,-0.5131,0.0816
S_43,51.2,16.75,2026-01-01,0.1905,-0.2105,0.4685
S_43,51.2,16.75,2026-02-01,0.3428,-0.4412,-0.1191
S_43,51.2,16.75,2026-03-01,0.3364,-0.4319,-0.1194
S_44,51.22,16.75,2023-06-01,0.4356,-0.4751,0.0785
S_44,51.22,16.75,2023-07-01,0.5949,-0.5823,0.1651
S_44,51.22,16.75,2023-08-01,0.7359,-0.6566,0.3138
S_44,51.22,16.75,2023-09-01,0.7336,-0.6736,0.2936
S_44,51.22,16.75,2023-10-01,0.7195,-0.6489,0.2252
S_44,51.22,16.75,2023-11-01,0.4945,-0.5559,0.0744
S_44,51.22,16.75,2023-12-01,0.3596,-0.4376,0.0799
S_44,51.22,16.75,2024-01-01,0.2182,-0.3145,0.1166
S_44,51.22,16.75,2024-02-01,0.3064,-0.4347,0.0102
S_44,51.22,16.75,2024-03-01,0.2324107604459269,-0.2349638734673891,0.1032844862368769
S_44,51.22,16.75,2024-04-01,0.3956,-0.4378,0.0061
S_44,51.22,16.75,2024-05-01,0.4095,-0.4479,0.0336
S_44,51.22,16.75,2024-06-01,0.5318,-0.5106,0.1432
S_44,51.22,16.75,2024-07-01,0.6711,-0.6136,0.2365
S_44,51.22,16.75,2024-08-01,0.6005,-0.5891,0.1577
S_44,51.22,16.75,2024-09-01,0.6637,-0.624,0.1929
S_44,51.22,16.75,2024-10-01,0.4611,-0.5221,-0.0022
S_44,51.22,16.75,2024-11-01,0.4093,-0.4697,0.0171
S_44,51.22,16.75,2024-12-01,0.1453,-0.1349,0.06
S_44,51.22,16.75,2025-01-01,0.3368,-0.4409,0.0069
S_44,51.22,16.75,2025-02-01,0.2419,-0.322,0.184
S_44,51.22,16.75,2025-03-01,0.2844,-0.3806,-0.104
S_44,51.22,16.75,2025-04-01,0.319,-0.4037,-0.0906
S_44,51.22,16.75,2025-05-01,0.482,-0.4924,0.0949
S_44,51.22,16.75,2025-06-01,0.6458,-0.6147,0.262
S_44,51.22,16.75,2025-07-01,0.5671,-0.5472,0.1357
S_44,51.22,16.75,2025-08-01,0.6309,-0.6017,0.1762
S_44,51.22,16.75,2025-09-01,0.5709,-0.5681,0.1083
S_44,51.22,16.75,2025-10-01,0.3366964607412314,-0.3275769358921016,0.0703565358596543
S_44,51.22,16.75,2025-11-01,0.4197,-0.5065,-0.0598
S_44,51.22,16.75,2025-12-01,0.3775,-0.4558,0.0434
S_44,51.22,16.75,2026-01-01,0.1232,-0.162,0.5134
S_44,51.22,16.75,2026-02-01,0.2884,-0.3943,-0.1246
S_44,51.22,16.75,2026-03-01,0.2808,-0.3854,-0.1249
S_45,51.24,16.75,2023-06-01,0.4775,-0.508,0.1184
S_45,51.24,16.75,2023-07-01,0.5552,-0.5635,0.1199
S_45,51.24,16.75,2023-08-01,0.7159,-0.6484,0.2622
S_45,51.24,16.75,2023-09-01,0.7602,-0.6902,0.2765
S_45,51.24,16.75,2023-10-01,0.648,-0.6123,0.1563
S_45,51.24,16.75,2023-11-01,0.4176,-0.5319,-0.0267
S_45,51.24,16.75,2023-12-01,0.3226,-0.4252,0.0356
S_45,51.24,16.75,2024-01-01,0.2299,-0.3191,0.1524
S_45,51.24,16.75,2024-02-01,0.3363,-0.4755,-0.0753
S_45,51.24,16.75,2024-03-01,0.2423315214824999,-0.2440145195096077,0.1060803256774031
S_45,51.24,16.75,2024-04-01,0.3855,-0.4357,-0.0208
S_45,51.24,16.75,2024-05-01,0.44,-0.4759,0.0218
S_45,51.24,16.75,2024-06-01,0.5493,-0.5365,0.14
S_45,51.24,16.75,2024-07-01,0.6101,-0.57,0.2007
S_45,51.24,16.75,2024-08-01,0.6678,-0.6566,0.2084
S_45,51.24,16.75,2024-09-01,0.688,-0.6541,0.1888
S_45,51.24,16.75,2024-10-01,0.3747,-0.4819,-0.0357
S_45,51.24,16.75,2024-11-01,0.3349,-0.4347,-0.0456
S_45,51.24,16.75,2024-12-01,0.1387335854397052,-0.1220445235237956,0.0654833329072951
S_45,51.24,16.75,2025-01-01,0.3518,-0.4528,-0.008
S_45,51.24,16.75,2025-02-01,0.2277,-0.2935,0.3136
S_45,51.24,16.75,2025-03-01,0.3559,-0.4268,-0.0634
S_45,51.24,16.75,2025-04-01,0.4583,-0.4956,0.0038
S_45,51.24,16.75,2025-05-01,0.6209,-0.594,0.2405
S_45,51.24,16.75,2025-06-01,0.635,-0.6342,0.2563
S_45,51.24,16.75,2025-07-01,0.5034,-0.5037,0.0919
S_45,51.24,16.75,2025-08-01,0.5261,-0.565,0.0618
S_45,51.24,16.75,2025-09-01,0.4949,-0.5329,0.0482
S_45,51.24,16.75,2025-10-01,0.3528991033247043,-0.3428714959932109,0.0758051629834454
S_45,51.24,16.75,2025-11-01,0.4535,-0.544,-0.0118
S_45,51.24,16.75,2025-12-01,0.4353,-0.4889,0.1195
S_45,51.24,16.75,2026-01-01,0.1621,-0.1917,0.5336
S_45,51.24,16.75,2026-02-01,0.3587,-0.4433,-0.0669
S_45,51.24,16.75,2026-03-01,0.3588,-0.4429,-0.07
S_46,50.96,16.77,2023-06-01,0.6447,-0.6095,0.3308
S_46,50.96,16.77,2023-07-01,0.4741,-0.5225,0.099
S_46,50.96,16.77,2023-08-01,0.5832,-0.5485,0.1184
S_46,50.96,16.77,2023-09-01,0.6164,-0.5828,0.1761
S_46,50.96,16.77,2023-10-01,0.4792,-0.5049,0.0102
S_46,50.96,16.77,2023-11-01,0.5024,-0.5409,0.0953
S_46,50.96,16.77,2023-12-01,0.4092,-0.4484,0.1225
S_46,50.96,16.77,2024-01-01,0.1194,-0.1463,0.7475
S_46,50.96,16.77,2024-02-01,0.475,-0.5271,0.0688
S_46,50.96,16.77,2024-03-01,0.3134,-0.3798,-0.013
S_46,50.96,16.77,2024-04-01,0.6042,-0.5869,0.2304
S_46,50.96,16.77,2024-05-01,0.6131,-0.5998,0.2559
S_46,50.96,16.77,2024-06-01,0.6097,-0.5839,0.1877
S_46,50.96,16.77,2024-07-01,0.4046,-0.4068,0.0655
S_46,50.96,16.77,2024-08-01,0.4874,-0.5119,0.0502
S_46,50.96,16.77,2024-09-01,0.5499,-0.546,0.0895
S_46,50.96,16.77,2024-10-01,0.3974,-0.4577,-0.0374
S_46,50.96,16.77,2024-11-01,0.427,-0.4793,0.0063
S_46,50.96,16.77,2024-12-01,0.1733,-0.2494,0.0436
S_46,50.96,16.77,2025-01-01,0.4079,-0.5017,0.0237
S_46,50.96,16.77,2025-02-01,0.2592,-0.312,0.3115
S_46,50.96,16.77,2025-03-01,0.4061,-0.4571,-0.0058
S_46,50.96,16.77,2025-04-01,0.4334,-0.4695,0.0217
S_46,50.96,16.77,2025-05-01,0.5749,-0.5588,0.1876
S_46,50.96,16.77,2025-06-01,0.6471,-0.6195,0.2316
S_46,50.96,16.77,2025-07-01,0.1203,-0.1313,0.0773
S_46,50.96,16.77,2025-08-01,0.6283,-0.6141,0.1812
S_46,50.96,16.77,2025-09-01,0.5841,-0.5748,0.1271
S_46,50.96,16.77,2025-10-01,0.3428030072405015,-0.3081092457646547,0.1225402873458367
S_46,50.96,16.77,2025-11-01,0.4037,-0.4892,-0.0437
S_46,50.96,16.77,2025-12-01,0.35,-0.4585,-0.0037
S_46,50.96,16.77,2026-01-01,0.0927811046909617,-0.0986171022517631,0.3384406094332781
S_46,50.96,16.77,2026-02-01,0.2623,-0.3842,-0.1069
S_46,50.96,16.77,2026-03-01,0.2827,-0.3759,-0.0968
S_47,50.98,16.77,2023-06-01,0.7595,-0.698,0.426
S_47,50.98,16.77,2023-07-01,0.5508,-0.5835,0.1929
S_47,50.98,16.77,2023-08-01,0.5204,-0.5241,0.0952
S_47,50.98,16.77,2023-09-01,0.5775,-0.575,0.158
S_47,50.98,16.77,2023-10-01,0.5129,-0.5375,0.076
S_47,50.98,16.77,2023-11-01,0.611,-0.6015,0.1932
S_47,50.98,16.77,2023-12-01,0.4506,-0.4705,0.1756
S_47,50.98,16.77,2024-01-01,0.1893,-0.2086,0.6284
S_47,50.98,16.77,2024-02-01,0.5101,-0.5682,0.0814
S_47,50.98,16.77,2024-03-01,0.4171926606364503,-0.4424723669504109,0.0179035052152943
S_47,50.98,16.77,2024-04-01,0.7218,-0.6631,0.3726
S_47,50.98,16.77,2024-05-01,0.7248,-0.665,0.3655
S_47,50.98,16.77,2024-06-01,0.6189,-0.5828,0.2688
S_47,50.98,16.77,2024-07-01,0.5464,-0.5345,0.127
S_47,50.98,16.77,2024-08-01,0.5177,-0.5362,0.0884
S_47,50.98,16.77,2024-09-01,0.5813,-0.5775,0.143
S_47,50.98,16.77,2024-10-01,0.4431,-0.4842,0.0037
S_47,50.98,16.77,2024-11-01,0.4398,-0.492,0.0055
S_47,50.98,16.77,2024-12-01,0.1545,-0.2252,0.0337
S_47,50.98,16.77,2025-01-01,0.3993,-0.5063,0.003
S_47,50.98,16.77,2025-02-01,0.2211,-0.274,0.4145
S_47,50.98,16.77,2025-03-01,0.3924,-0.4467,-0.0374
S_47,50.98,16.77,2025-04-01,0.458,-0.4758,0.0266
S_47,50.98,16.77,2025-05-01,0.6426,-0.592,0.2789
S_47,50.98,16.77,2025-06-01,0.7063,-0.6613,0.3296
S_47,50.98,16.77,2025-07-01,0.3413466095645412,-0.3499597595841403,0.0837467290447142
S_47,50.98,16.77,2025-08-01,0.6438,-0.6263,0.2144
S_47,50.98,16.77,2025-09-01,0.5801,-0.5772,0.1389
S_47,50.98,16.77,2025-10-01,0.3429492213433228,-0.3082867228449354,0.1224623861510217
S_47,50.98,16.77,2025-11-01,0.4173,-0.5074,-0.0466
S_47,50.98,16.77,2025-12-01,0.3951,-0.5005,-0.0265
S_47,50.98,16.77,2026-01-01,0.0912561521994608,-0.0970193656852063,0.3336888880088669
S_47,50.98,16.77,2026-02-01,0.2955,-0.4071,-0.1134
S_47,50.98,16.77,2026-03-01,0.2979,-0.3877,-0.1069
S_48,51.0,16.77,2023-06-01,0.8444,-0.7534,0.474
S_48,51.0,16.77,2023-07-01,0.6548,-0.6412,0.2415
S_48,51.0,16.77,2023-08-01,0.5939,-0.5665,0.1496
S_48,51.0,16.77,2023-09-01,0.6705,-0.6349,0.1883
S_48,51.0,16.77,2023-10-01,0.6426,-0.6194,0.1491
S_48,51.0,16.77,2023-11-01,0.6243,-0.6338,0.1577
S_48,51.0,16.77,2023-12-01,0.3956,-0.4438,0.1298
S_48,51.0,16.77,2024-01-01,0.241,-0.2591,0.5277
S_48,51.0,16.77,2024-02-01,0.491,-0.5753,0.0136
S_48,51.0,16.77,2024-03-01,0.4014883869397807,-0.4205017718121577,0.021666466717221
S_48,51.0,16.77,2024-04-01,0.6687,-0.5989,0.2823
S_48,51.0,16.77,2024-05-01,0.678,-0.6253,0.28
S_48,51.0,16.77,2024-06-01,0.7014,-0.6424,0.2668
S_48,51.0,16.77,2024-07-01,0.6926,-0.6413,0.2217
S_48,51.0,16.77,2024-08-01,0.7472,-0.696,0.242
S_48,51.0,16.77,2024-09-01,0.6664,-0.6409,0.1979
S_48,51.0,16.77,2024-10-01,0.5447,-0.5689,0.049
S_48,51.0,16.77,2024-11-01,0.5223,-0.5632,0.0307
S_48,51.0,16.77,2024-12-01,0.0951509103878936,-0.1380908000340574,0.090054864195383
S_48,51.0,16.77,2025-01-01,0.4927,-0.5846,0.0245
S_48,51.0,16.77,2025-02-01,0.3509,-0.4068,0.2371
S_48,51.0,16.77,2025-03-01,0.4671,-0.5157,-0.0284
S_48,51.0,16.77,2025-04-01,0.545,-0.5474,0.0446
S_48,51.0,16.77,2025-05-01,0.6867,-0.627,0.3085
S_48,51.0,16.77,2025-06-01,0.7816,-0.7295,0.3571
S_48,51.0,16.77,2025-07-01,0.3850752745033259,-0.394770414947399,0.0799041128789029
S_48,51.0,16.77,2025-08-01,0.7222,-0.6928,0.2496
S_48,51.0,16.77,2025-09-01,0.7109,-0.6792,0.2268
S_48,51.0,16.77,2025-10-01,0.3430996301917712,-0.3084833127446139,0.1223416156859038
S_48,51.0,16.77,2025-11-01,0.5337,-0.6053,-0.0023
S_48,51.0,16.77,2025-12-01,0.4901,-0.5768,0.0155
S_48,51.0,16.77,2026-01-01,0.0866669686357522,-0.0912806512224391,0.3220972139808243
S_48,51.0,16.77,2026-02-01,0.3713,-0.4781,-0.1186
S_48,51.0,16.77,2026-03-01,0.362,-0.4477,-0.1089
S_49,51.02,16.77,2023-06-01,0.7638,-0.6974,0.3942
S_49,51.02,16.77,2023-07-01,0.5918,-0.5855,0.2097
S_49,51.02,16.77,2023-08-01,0.4361,-0.4351,0.0812
S_49,51.02,16.77,2023-09-01,0.5625,-0.5566,0.1023
S_49,51.02,16.77,2023-10-01,0.6078,-0.5795,0.128
S_49,51.02,16.77,2023-11-01,0.6481,-0.6364,0.2018
S_49,51.02,16.77,2023-12-01,0.4309,-0.4362,0.2227
S_49,51.02,16.77,2024-01-01,0.2386,-0.2521,0.5526
S_49,51.02,16.77,2024-02-01,0.5245,-0.5794,0.0848
S_49,51.02,16.77,2024-03-01,0.370920713773758,-0.3822550791053604,0.0767353247097053
S_49,51.02,16.77,2024-04-01,0.6701,-0.5766,0.2274
S_49,51.02,16.77,2024-05-01,0.6813,-0.6202,0.3169
S_49,51.02,16.77,2024-06-01,0.6333,-0.5727,0.2673
S_49,51.02,16.77,2024-07-01,0.5661,-0.5373,0.1369
S_49,51.02,16.77,2024-08-01,0.6,-0.585,0.1402
S_49,51.02,16.77,2024-09-01,0.6031,-0.5717,0.1776
S_49,51.02,16.77,2024-10-01,0.4959,-0.5241,0.0256
S_49,51.02,16.77,2024-11-01,0.5191,-0.5404,0.055
S_49,51.02,16.77,2024-12-01,0.0174,-0.0234,0.1936
S_49,51.02,16.77,2025-01-01,0.4913,-0.5539,0.0487
S_49,51.02,16.77,2025-02-01,0.3563,-0.414,0.2268
S_49,51.02,16.77,2025-03-01,0.4815,-0.5043,0.0248
S_49,51.02,16.77,2025-04-01,0.5695,-0.5584,0.1057
S_49,51.02,16.77,2025-05-01,0.6239,-0.5797,0.3418
S_49,51.02,16.77,2025-06-01,0.7259,-0.6755,0.3405
S_49,51.02,16.77,2025-07-01,0.4199796979273723,-0.4404440049337092,0.0575061026174341
S_49,51.02,16.77,2025-08-01,0.5646,-0.5721,0.1286
S_49,51.02,16.77,2025-09-01,0.5907,-0.5821,0.1397
S_49,51.02,16.77,2025-10-01,0.3432475804328734,-0.3086959291933701,0.1221673571010353
S_49,51.02,16.77,2025-11-01,0.4948,-0.5582,0.0118
S_49,51.02,16.77,2025-12-01,0.4732,-0.5374,0.0252
S_49,51.02,16.77,2026-01-01,0.0537,-0.0433,0.262
S_49,51.02,16.77,2026-02-01,0.359,-0.4458,-0.0958
S_49,51.02,16.77,2026-03-01,0.3564,-0.4274,-0.0866
S_50,51.04,16.77,2023-06-01,0.6176,-0.5851,0.281
S_50,51.04,16.77,2023-07-01,0.4721,-0.4996,0.093
S_50,51.04,16.77,2023-08-01,0.3119,-0.3097,0.0628
S_50,51.04,16.77,2023-09-01,0.5918,-0.5604,0.1532
S_50,51.04,16.77,2023-10-01,0.4841,-0.491,0.0623
S_50,51.04,16.77,2023-11-01,0.4932,-0.5328,0.0831
S_50,51.04,16.77,2023-12-01,0.352,-0.3946,0.1454
S_50,51.04,16.77,2024-01-01,0.1853,-0.2043,0.5192
S_50,51.04,16.77,2024-02-01,0.4373,-0.5018,0.0329
S_50,51.04,16.77,2024-03-01,0.3708738521725075,-0.3782785305266978,0.0924569944808627
S_50,51.04,16.77,2024-04-01,0.5652,-0.5551,0.1941
S_50,51.04,16.77,2024-05-01,0.5595,-0.5418,0.2007
S_50,51.04,16.77,2024-06-01,0.5266,-0.4903,0.1906
S_50,51.04,16.77,2024-07-01,0.4706,-0.4689,0.0639
S_50,51.04,16.77,2024-08-01,0.5221,-0.5215,0.0884
S_50,51.04,16.77,2024-09-01,0.515,-0.5092,0.1333
S_50,51.04,16.77,2024-10-01,0.4591,-0.4742,0.0729
S_50,51.04,16.77,2024-11-01,0.4517,-0.486,0.0475
S_50,51.04,16.77,2024-12-01,0.1267,-0.158,0.0689
S_50,51.04,16.77,2025-01-01,0.3792,-0.4628,0.0064
S_50,51.04,16.77,2025-02-01,0.2092,-0.2584,0.3541
S_50,51.04,16.77,2025-03-01,0.3438,-0.4,-0.0344
S_50,51.04,16.77,2025-04-01,0.3803,-0.4182,-0.0108
S_50,51.04,16.77,2025-05-01,0.5456,-0.5203,0.2063
S_50,51.04,16.77,2025-06-01,0.5791,-0.5675,0.1814
S_50,51.04,16.77,2025-07-01,0.2422,-0.3094,-0.0866
S_50,51.04,16.77,2025-08-01,0.5968,-0.5762,0.1765
S_50,51.04,16.77,2025-09-01,0.5777,-0.5614,0.1545
S_50,51.04,16.77,2025-10-01,0.3691470557062616,-0.3359932943086469,0.1198000989074982
S_50,51.04,16.77,2025-11-01,0.4163,-0.4993,-0.021
S_50,51.04,16.77,2025-12-01,0.3578,-0.4386,0.003
S_50,51.04,16.77,2026-01-01,0.0886,-0.0736,0.3713
S_50,51.04,16.77,2026-02-01,0.2871,-0.3855,-0.1028
S_50,51.04,16.77,2026-03-01,0.2908,-0.3765,-0.091
S_51,51.06,16.77,2023-06-01,0.632,-0.6053,0.2918
S_51,51.06,16.77,2023-07-01,0.552,-0.5713,0.1396
S_51,51.06,16.77,2023-08-01,0.2788,-0.292,0.0093
S_51,51.06,16.77,2023-09-01,0.6623,-0.6294,0.1782
S_51,51.06,16.77,2023-10-01,0.6428,-0.6086,0.1563
S_51,51.06,16.77,2023-11-01,0.4846,-0.543,0.0457
S_51,51.06,16.77,2023-12-01,0.2591,-0.3315,0.0614
S_51,51.06,16.77,2024-01-01,0.2011,-0.2357,0.4225
S_51,51.06,16.77,2024-02-01,0.3859,-0.4952,-0.0473
S_51,51.06,16.77,2024-03-01,0.4067938910526837,-0.4048948025434956,0.1356569949939748
S_51,51.06,16.77,2024-04-01,0.4715,-0.4821,0.0957
S_51,51.06,16.77,2024-05-01,0.4746,-0.4877,0.1192
S_51,51.06,16.77,2024-06-01,0.5469,-0.5332,0.1346
S_51,51.06,16.77,2024-07-01,0.5979,-0.5653,0.1955
S_51,51.06,16.77,2024-08-01,0.6772,-0.6469,0.215
S_51,51.06,16.77,2024-09-01,0.5654,-0.5734,0.1395
S_51,51.06,16.77,2024-10-01,0.2789166565827468,-0.3182375764729903,-0.0449159664224628
S_51,51.06,16.77,2024-11-01,0.4326,-0.4928,0.0104
S_51,51.06,16.77,2024-12-01,0.1545,-0.2581,-0.0074
S_51,51.06,16.77,2025-01-01,0.3557,-0.4623,-0.008
S_51,51.06,16.77,2025-02-01,0.151,-0.1934,0.5691
S_51,51.06,16.77,2025-03-01,0.3464,-0.4109,-0.0602
S_51,51.06,16.77,2025-04-01,0.3898,-0.4288,-0.0288
S_51,51.06,16.77,2025-05-01,0.6729,-0.599,0.2844
S_51,51.06,16.77,2025-06-01,0.6238,-0.6133,0.2198
S_51,51.06,16.77,2025-07-01,0.3692,-0.3776,0.0395
S_51,51.06,16.77,2025-08-01,0.7428,-0.6944,0.2985
S_51,51.06,16.77,2025-09-01,0.6772,-0.639,0.2413
S_51,51.06,16.77,2025-10-01,0.3692575165280496,-0.3362491996027416,0.1193276342766017
S_51,51.06,16.77,2025-11-01,0.3915,-0.4942,-0.0575
S_51,51.06,16.77,2025-12-01,0.3671,-0.4565,-0.0116
S_51,51.06,16.77,2026-01-01,0.1666937807598242,-0.1880357504909895,0.252892773823335
S_51,51.06,16.77,2026-02-01,0.2794,-0.3969,-0.1301
S_51,51.06,16.77,2026-03-01,0.2763,-0.3839,-0.1261
S_52,51.08,16.77,2023-06-01,0.686,-0.6464,0.327
S_52,51.08,16.77,2023-07-01,0.5369,-0.5579,0.1307
S_52,51.08,16.77,2023-08-01,0.3527,-0.349,0.0742
S_52,51.08,16.77,2023-09-01,0.5795,-0.5649,0.1171
S_52,51.08,16.77,2023-10-01,0.5487,-0.5473,0.0709
S_52,51.08,16.77,2023-11-01,0.5637,-0.5854,0.1208
S_52,51.08,16.77,2023-12-01,0.4098,-0.42,0.1882
S_52,51.08,16.77,2024-01-01,0.2355,-0.2598,0.4981
S_52,51.08,16.77,2024-02-01,0.4605,-0.5299,0.046
S_52,51.08,16.77,2024-03-01,0.3814030593817266,-0.3810911028383459,0.1231577655906934
S_52,51.08,16.77,2024-04-01,0.601,-0.5752,0.211
S_52,51.08,16.77,2024-05-01,0.5935,-0.5698,0.2252
S_52,51.08,16.77,2024-06-01,0.5839,-0.5474,0.1813
S_52,51.08,16.77,2024-07-01,0.5114,-0.4957,0.1144
S_52,51.08,16.77,2024-08-01,0.6078,-0.594,0.124
S_52,51.08,16.77,2024-09-01,0.5505,-0.5427,0.1359
S_52,51.08,16.77,2024-10-01,0.4294,-0.4789,0.0148
S_52,51.08,16.77,2024-11-01,0.4852,-0.5134,0.0517
S_52,51.08,16.77,2024-12-01,0.2286,-0.2702,0.0493
S_52,51.08,16.77,2025-01-01,0.4285,-0.4962,0.0575
S_52,51.08,16.77,2025-02-01,0.1961,-0.2377,0.5107
S_52,51.08,16.77,2025-03-01,0.398,-0.4502,-0.0173
S_52,51.08,16.77,2025-04-01,0.4571,-0.4842,0.0233
S_52,51.08,16.77,2025-05-01,0.645,-0.6032,0.2593
S_52,51.08,16.77,2025-06-01,0.6128,-0.6041,0.2021
S_52,51.08,16.77,2025-07-01,0.4306,-0.4594,0.0214
S_52,51.08,16.77,2025-08-01,0.6227,-0.6032,0.1754
S_52,51.08,16.77,2025-09-01,0.5888,-0.5822,0.1314
S_52,51.08,16.77,2025-10-01,0.3693735897357887,-0.3365398873526403,0.1187652192586146
S_52,51.08,16.77,2025-11-01,0.4651,-0.5362,-0.0012
S_52,51.08,16.77,2025-12-01,0.4414,-0.5012,0.0607
S_52,51.08,16.77,2026-01-01,0.1597421191577838,-0.1613569905566988,0.3324162833525148
S_52,51.08,16.77,2026-02-01,0.3224,-0.4211,-0.088
S_52,51.08,16.77,2026-03-01,0.324,-0.4122,-0.0809
S_53,51.1,16.77,2023-06-01,0.6702,-0.6419,0.356
S_53,51.1,16.77,2023-07-01,0.4977,-0.541,0.1006
S_53,51.1,16.77,2023-08-01,0.3861,-0.3807,0.0807
S_53,51.1,16.77,2023-09-01,0.5686,-0.5545,0.1143
S_53,51.1,16.77,2023-10-01,0.4435,-0.4818,-0.0108
S_53,51.1,16.77,2023-11-01,0.5188,-0.5528,0.075
S_53,51.1,16.77,2023-12-01,0.3819,-0.3968,0.1529
S_53,51.1,16.77,2024-01-01,0.2497,-0.2781,0.4311
S_53,51.1,16.77,2024-02-01,0.4833,-0.537,0.0631
S_53,51.1,16.77,2024-03-01,0.2633278316719115,-0.2631354909347453,0.1119559861834274
S_53,51.1,16.77,2024-04-01,0.6461,-0.6075,0.2465
S_53,51.1,16.77,2024-05-01,0.6573,-0.6238,0.2823
S_53,51.1,16.77,2024-06-01,0.5764,-0.5409,0.1741
S_53,51.1,16.77,2024-07-01,0.4288,-0.4559,0.0129
S_53,51.1,16.77,2024-08-01,0.4709,-0.5045,0.0063
S_53,51.1,16.77,2024-09-01,0.5607,-0.5504,0.1087
S_53,51.1,16.77,2024-10-01,0.5859,-0.5759,0.1262
S_53,51.1,16.77,2024-11-01,0.5596,-0.5551,0.1507
S_53,51.1,16.77,2024-12-01,0.4572,-0.443,0.1873
S_53,51.1,16.77,2025-01-01,0.4988,-0.5374,0.1533
S_53,51.1,16.77,2025-02-01,0.3056,-0.3495,0.4189
S_53,51.1,16.77,2025-03-01,0.4213,-0.4652,0.0083
S_53,51.1,16.77,2025-04-01,0.4851,-0.5065,0.0601
S_53,51.1,16.77,2025-05-01,0.5927,-0.5705,0.2554
S_53,51.1,16.77,2025-06-01,0.6401,-0.6227,0.2504
S_53,51.1,16.77,2025-07-01,0.4645,-0.491,0.0536
S_53,51.1,16.77,2025-08-01,0.5465,-0.5565,0.1131
S_53,51.1,16.77,2025-09-01,0.5294,-0.5463,0.0705
S_53,51.1,16.77,2025-10-01,0.3694930575449396,-0.3368598930666222,0.1181238652129003
S_53,51.1,16.77,2025-11-01,0.4863,-0.5479,0.0151
S_53,51.1,16.77,2025-12-01,0.4244,-0.4995,0.0166
S_53,51.1,16.77,2026-01-01,0.3907,-0.3836,0.0835
S_53,51.1,16.77,2026-02-01,0.339,-0.4307,-0.0851
S_53,51.1,16.77,2026-03-01,0.3407,-0.4192,-0.08
S_54,51.12,16.77,2023-06-01,0.4945,-0.5121,0.1446
S_54,51.12,16.77,2023-07-01,0.6258,-0.6192,0.1861
S_54,51.12,16.77,2023-08-01,0.4526,-0.4238,0.1535
S_54,51.12,16.77,2023-09-01,0.6806,-0.6376,0.2506
S_54,51.12,16.77,2023-10-01,0.5441,-0.5556,0.0755
S_54,51.12,16.77,2023-11-01,0.4876,-0.5509,0.0684
S_54,51.12,16.77,2023-12-01,0.2697,-0.3097,0.1014
S_54,51.12,16.77,2024-01-01,0.2785,-0.3277,0.2836
S_54,51.12,16.77,2024-02-01,0.4456,-0.5219,0.0149
S_54,51.12,16.77,2024-03-01,0.1876475163720164,-0.1941198592304943,0.0906600877276533
S_54,51.12,16.77,2024-04-01,0.5216,-0.528,0.1533
S_54,51.12,16.77,2024-05-01,0.545,-0.5427,0.1962
S_54,51.12,16.77,2024-06-01,0.6188,-0.5782,0.1854
S_54,51.12,16.77,2024-07-01,0.5526,-0.548,0.1129
S_54,51.12,16.77,2024-08-01,0.5909,-0.5846,0.1268
S_54,51.12,16.77,2024-09-01,0.4607,-0.5102,-0.0067
S_54,51.12,16.77,2024-10-01,0.4277,-0.4908,-0.0209
S_54,51.12,16.77,2024-11-01,0.4181,-0.4726,0.0131
S_54,51.12,16.77,2024-12-01,0.3159,-0.3373,0.0663
S_54,51.12,16.77,2025-01-01,0.4063,-0.4806,0.0587
S_54,51.12,16.77,2025-02-01,0.2591,-0.293,0.4006
S_54,51.12,16.77,2025-03-01,0.375,-0.4352,-0.0417
S_54,51.12,16.77,2025-04-01,0.4251,-0.4618,-0.0026
S_54,51.12,16.77,2025-05-01,0.4997,-0.5077,0.1444
S_54,51.12,16.77,2025-06-01,0.6878,-0.663,0.2848
S_54,51.12,16.77,2025-07-01,0.5186,-0.5305,0.0669
S_54,51.12,16.77,2025-08-01,0.6292,-0.6205,0.1731
S_54,51.12,16.77,2025-09-01,0.5372,-0.5525,0.0667
S_54,51.12,16.77,2025-10-01,0.3696145840910226,-0.3372005478858227,0.1174270132095146
S_54,51.12,16.77,2025-11-01,0.3766,-0.485,-0.0821
S_54,51.12,16.77,2025-12-01,0.3617,-0.4639,-0.0259
S_54,51.12,16.77,2026-01-01,0.1979929730487069,-0.1917850322890261,0.4309567413320629
S_54,51.12,16.77,2026-02-01,0.2874,-0.4015,-0.1223
S_54,51.12,16.77,2026-03-01,0.2949,-0.39,-0.1223
S_55,51.14,16.77,2023-06-01,0.7686,-0.7108,0.4376
S_55,51.14,16.77,2023-07-01,0.4946,-0.5275,0.1249
S_55,51.14,16.77,2023-08-01,0.3799,-0.3967,0.0018
S_55,51.14,16.77,2023-09-01,0.4663,-0.4745,0.0382
S_55,51.14,16.77,2023-10-01,0.6391,-0.6014,0.1991
S_55,51.14,16.77,2023-11-01,0.6267,-0.6321,0.2558
S_55,51.14,16.77,2023-12-01,0.62,-0.5486,0.4208
S_55,51.14,16.77,2024-01-01,0.4075,-0.4358,0.3635
S_55,51.14,16.77,2024-02-01,0.5972,-0.6092,0.2308
S_55,51.14,16.77,2024-03-01,0.1268732121589792,-0.1387068967691956,0.0735812955408053
S_55,51.14,16.77,2024-04-01,0.686,-0.6349,0.3564
S_55,51.14,16.77,2024-05-01,0.7057,-0.649,0.3817
S_55,51.14,16.77,2024-06-01,0.6735,-0.5966,0.3064
S_55,51.14,16.77,2024-07-01,0.4704,-0.4737,0.0275
S_55,51.14,16.77,2024-08-01,0.5457,-0.5452,0.1063
S_55,51.14,16.77,2024-09-01,0.4752,-0.4969,0.0431
S_55,51.14,16.77,2024-10-01,0.4865,-0.5107,0.0444
S_55,51.14,16.77,2024-11-01,0.4449,-0.4684,0.0589
S_55,51.14,16.77,2024-12-01,0.4485,-0.4333,0.1453
S_55,51.14,16.77,2025-01-01,0.5441,-0.5614,0.1582
S_55,51.14,16.77,2025-02-01,0.3556,-0.3752,0.4224
S_55,51.14,16.77,2025-03-01,0.4985,-0.5145,0.1025
S_55,51.14,16.77,2025-04-01,0.5705,-0.5693,0.1673
S_55,51.14,16.77,2025-05-01,0.7295,-0.6698,0.3867
S_55,51.14,16.77,2025-06-01,0.6264,-0.6159,0.2387
S_55,51.14,16.77,2025-07-01,0.4554498671794044,-0.4517606319464564,0.0779636954046973
S_55,51.14,16.77,2025-08-01,0.4776,-0.5108,0.0025
S_55,51.14,16.77,2025-09-01,0.5103,-0.5209,0.0882
S_55,51.14,16.77,2025-10-01,0.3633137092271085,-0.3400513158342804,0.0989199472694878
S_55,51.14,16.77,2025-11-01,0.6159,-0.6158,0.1889
S_55,51.14,16.77,2025-12-01,0.5487,-0.5615,0.2154
S_55,51.14,16.77,2026-01-01,0.1198,-0.0995,0.6466
S_55,51.14,16.77,2026-02-01,0.3948,-0.4659,-0.0051
S_55,51.14,16.77,2026-03-01,0.39,-0.4555,-0.0084
S_56,51.16,16.77,2023-06-01,0.792,-0.7098,0.3839
S_56,51.16,16.77,2023-07-01,0.6429,-0.626,0.1889
S_56,51.16,16.77,2023-08-01,0.6288,-0.5736,0.1543
S_56,51.16,16.77,2023-09-01,0.6503,-0.6203,0.143
S_56,51.16,16.77,2023-10-01,0.6738,-0.6393,0.1624
S_56,51.16,16.77,2023-11-01,0.6753,-0.6761,0.2143
S_56,51.16,16.77,2023-12-01,0.671,-0.5639,0.4175
S_56,51.16,16.77,2024-01-01,0.4622,-0.4926,0.3015
S_56,51.16,16.77,2024-02-01,0.5879,-0.6438,0.1101
S_56,51.16,16.77,2024-03-01,0.147269542573239,-0.1573061045769203,0.0793141228629608
S_56,51.16,16.77,2024-04-01,0.6392,-0.6062,0.1924
S_56,51.16,16.77,2024-05-01,0.6893,-0.6343,0.2538
S_56,51.16,16.77,2024-06-01,0.7166,-0.6415,0.2596
S_56,51.16,16.77,2024-07-01,0.6197,-0.5946,0.129
S_56,51.16,16.77,2024-08-01,0.6783,-0.6427,0.1637
S_56,51.16,16.77,2024-09-01,0.7018,-0.6608,0.1954
S_56,51.16,16.77,2024-10-01,0.6964,-0.6834,0.1774
S_56,51.16,16.77,2024-11-01,0.6367,-0.6302,0.1837
S_56,51.16,16.77,2024-12-01,0.4214,-0.4063,0.1604
S_56,51.16,16.77,2025-01-01,0.5668,-0.611,0.1382
S_56,51.16,16.77,2025-02-01,0.4474,-0.4942,0.2651
S_56,51.16,16.77,2025-03-01,0.4571,-0.5049,-0.0012
S_56,51.16,16.77,2025-04-01,0.4992,-0.5377,0.0176
S_56,51.16,16.77,2025-05-01,0.7536,-0.6435,0.3242
S_56,51.16,16.77,2025-06-01,0.7812,-0.715,0.3382
S_56,51.16,16.77,2025-07-01,0.6534,-0.6213,0.1737
S_56,51.16,16.77,2025-08-01,0.693,-0.6564,0.2029
S_56,51.16,16.77,2025-09-01,0.692,-0.6645,0.2122
S_56,51.16,16.77,2025-10-01,0.3629127787466752,-0.3399576571174837,0.0981965553720674
S_56,51.16,16.77,2025-11-01,0.6084,-0.6493,0.1163
S_56,51.16,16.77,2025-12-01,0.5676,-0.6174,0.1481
S_56,51.16,16.77,2026-01-01,0.2602,-0.2467,0.5338
S_56,51.16,16.77,2026-02-01,0.4405,-0.518,-0.0348
S_56,51.16,16.77,2026-03-01,0.4335,-0.4997,-0.0356
S_57,51.18,16.77,2023-06-01,0.7841,-0.7036,0.3268
S_57,51.18,16.77,2023-07-01,0.7426,-0.6838,0.2611
S_57,51.18,16.77,2023-08-01,0.6931,-0.6281,0.2287
S_57,51.18,16.77,2023-09-01,0.7586,-0.6961,0.2751
S_57,51.18,16.77,2023-10-01,0.7653,-0.7086,0.2403
S_57,51.18,16.77,2023-11-01,0.6739,-0.6863,0.1987
S_57,51.18,16.77,2023-12-01,0.4093,-0.4133,0.2087
S_57,51.18,16.77,2024-01-01,0.4809,-0.5009,0.3068
S_57,51.18,16.77,2024-02-01,0.6016,-0.6587,0.1077
S_57,51.18,16.77,2024-03-01,0.1836444013484409,-0.1904767047101463,0.0895409721872758
S_57,51.18,16.77,2024-04-01,0.6466,-0.6018,0.1702
S_57,51.18,16.77,2024-05-01,0.7172,-0.6518,0.2411
S_57,51.18,16.77,2024-06-01,0.7835,-0.694,0.304
S_57,51.18,16.77,2024-07-01,0.7097,-0.6423,0.2477
S_57,51.18,16.77,2024-08-01,0.7829,-0.7155,0.2707
S_57,51.18,16.77,2024-09-01,0.7899,-0.7259,0.2798
S_57,51.18,16.77,2024-10-01,0.7199,-0.7039,0.1712
S_57,51.18,16.77,2024-11-01,0.6212,-0.6022,0.1708
S_57,51.18,16.77,2024-12-01,0.3567,-0.3343,0.1704
S_57,51.18,16.77,2025-01-01,0.5775,-0.6152,0.1417
S_57,51.18,16.77,2025-02-01,0.516,-0.5427,0.1983
S_57,51.18,16.77,2025-03-01,0.4692,-0.507,-0.0209
S_57,51.18,16.77,2025-04-01,0.5016,-0.5309,-0.0276
S_57,51.18,16.77,2025-05-01,0.7311,-0.6378,0.263
S_57,51.18,16.77,2025-06-01,0.8124,-0.7386,0.3306
S_57,51.18,16.77,2025-07-01,0.7547,-0.6792,0.2887
S_57,51.18,16.77,2025-08-01,0.8085,-0.7311,0.3161
S_57,51.18,16.77,2025-09-01,0.8002,-0.734,0.3071
S_57,51.18,16.77,2025-10-01,0.362508905797385,-0.3398578439856141,0.0975038543285657
S_57,51.18,16.77,2025-11-01,0.6482,-0.6833,0.1424
S_57,51.18,16.77,2025-12-01,0.6018,-0.6364,0.1832
S_57,51.18,16.77,2026-01-01,0.3392,-0.3101,0.5154
S_57,51.18,16.77,2026-02-01,0.4838,-0.5413,-0.0031
S_57,51.18,16.77,2026-03-01,0.4703,-0.5205,-0.0087
S_58,51.2,16.77,2023-06-01,0.7866,-0.708,0.3342
S_58,51.2,16.77,2023-07-01,0.7377,-0.68,0.2569
S_58,51.2,16.77,2023-08-01,0.5856,-0.5323,0.1975
S_58,51.2,16.77,2023-09-01,0.7701,-0.6993,0.2721
S_58,51.2,16.77,2023-10-01,0.7865,-0.7178,0.26
S_58,51.2,16.77,2023-11-01,0.6827,-0.6899,0.1796
S_58,51.2,16.77,2023-12-01,0.5224,-0.5288,0.1689
S_58,51.2,16.77,2024-01-01,0.4524,-0.4798,0.3007
S_58,51.2,16.77,2024-02-01,0.5959,-0.6516,0.1094
S_58,51.2,16.77,2024-03-01,0.2092672526293204,-0.2138455143984662,0.0967504741217414
S_58,51.2,16.77,2024-04-01,0.642,-0.5974,0.1671
S_58,51.2,16.77,2024-05-01,0.6702,-0.625,0.2008
S_58,51.2,16.77,2024-06-01,0.7334,-0.6626,0.2496
S_58,51.2,16.77,2024-07-01,0.617,-0.5709,0.1709
S_58,51.2,16.77,2024-08-01,0.7819,-0.7146,0.247
S_58,51.2,16.77,2024-09-01,0.7562,-0.7028,0.2401
S_58,51.2,16.77,2024-10-01,0.6885,-0.6767,0.1376
S_58,51.2,16.77,2024-11-01,0.6109,-0.5994,0.147
S_58,51.2,16.77,2024-12-01,0.316,-0.3186,0.1217
S_58,51.2,16.77,2025-01-01,0.5523,-0.5955,0.1261
S_58,51.2,16.77,2025-02-01,0.4784,-0.518,0.1997
S_58,51.2,16.77,2025-03-01,0.4688,-0.5098,-0.0237
S_58,51.2,16.77,2025-04-01,0.52,-0.5473,-0.0208
S_58,51.2,16.77,2025-05-01,0.7103,-0.6264,0.2485
S_58,51.2,16.77,2025-06-01,0.8038,-0.7335,0.3294
S_58,51.2,16.77,2025-07-01,0.7579,-0.6855,0.2638
S_58,51.2,16.77,2025-08-01,0.7905,-0.7197,0.2961
S_58,51.2,16.77,2025-09-01,0.7594,-0.7065,0.2705
S_58,51.2,16.77,2025-10-01,0.362116950838418,-0.3397529221267859,0.0968747880845894
S_58,51.2,16.77,2025-11-01,0.6345,-0.6718,0.1154
S_58,51.2,16.77,2025-12-01,0.5821,-0.616,0.1845
S_58,51.2,16.77,2026-01-01,0.3485,-0.3431,0.4661
S_58,51.2,16.77,2026-02-01,0.4626,-0.5281,-0.0154
S_58,51.2,16.77,2026-03-01,0.4521,-0.5137,-0.0269
S_59,51.22,16.77,2023-06-01,0.6547,-0.6312,0.2735
S_59,51.22,16.77,2023-07-01,0.5763,-0.5847,0.1435
S_59,51.22,16.77,2023-08-01,0.6734,-0.6117,0.2475
S_59,51.22,16.77,2023-09-01,0.6368,-0.6119,0.1916
S_59,51.22,16.77,2023-10-01,0.7234,-0.6597,0.1967
S_59,51.22,16.77,2023-11-01,0.6257,-0.632,0.1706
S_59,51.22,16.77,2023-12-01,0.4564,-0.4793,0.1801
S_59,51.22,16.77,2024-01-01,0.2742,-0.347,0.2039
S_59,51.22,16.77,2024-02-01,0.3565,-0.4818,0.0186
S_59,51.22,16.77,2024-03-01,0.2267128627129305,-0.2297589840149962,0.1016638186204175
S_59,51.22,16.77,2024-04-01,0.4384,-0.464,0.0289
S_59,51.22,16.77,2024-05-01,0.4448,-0.4718,0.047
S_59,51.22,16.77,2024-06-01,0.6098,-0.5725,0.1719
S_59,51.22,16.77,2024-07-01,0.7254,-0.6491,0.3012
S_59,51.22,16.77,2024-08-01,0.7381,-0.6779,0.2708
S_59,51.22,16.77,2024-09-01,0.7118,-0.6565,0.2116
S_59,51.22,16.77,2024-10-01,0.5532,-0.5775,0.0532
S_59,51.22,16.77,2024-11-01,0.4567,-0.4983,0.0275
S_59,51.22,16.77,2024-12-01,0.167,-0.1461,0.099
S_59,51.22,16.77,2025-01-01,0.3853,-0.4709,0.0246
S_59,51.22,16.77,2025-02-01,0.2917,-0.3602,0.2293
S_59,51.22,16.77,2025-03-01,0.3362,-0.4212,-0.0901
S_59,51.22,16.77,2025-04-01,0.3872,-0.4542,-0.0688
S_59,51.22,16.77,2025-05-01,0.5289,-0.5248,0.1304
S_59,51.22,16.77,2025-06-01,0.6926,-0.6582,0.2588
S_59,51.22,16.77,2025-07-01,0.6986,-0.6354,0.2428
S_59,51.22,16.77,2025-08-01,0.6835,-0.6556,0.2081
S_59,51.22,16.77,2025-09-01,0.6878,-0.6565,0.1988
S_59,51.22,16.77,2025-10-01,0.3369336216049228,-0.3277375245065382,0.0704377941617952
S_59,51.22,16.77,2025-11-01,0.4496,-0.5474,-0.0391
S_59,51.22,16.77,2025-12-01,0.384,-0.4807,0.0537
S_59,51.22,16.77,2026-01-01,0.1769,-0.2151,0.4033
S_59,51.22,16.77,2026-02-01,0.2935,-0.4106,-0.1416
S_59,51.22,16.77,2026-03-01,0.2967,-0.4101,-0.1496
S_60,51.24,16.77,2023-06-01,0.6567,-0.6268,0.2595
S_60,51.24,16.77,2023-07-01,0.6635,-0.637,0.213
S_60,51.24,16.77,2023-08-01,0.7305,-0.662,0.2686
S_60,51.24,16.77,2023-09-01,0.7541,-0.6927,0.2768
S_60,51.24,16.77,2023-10-01,0.7067,-0.6531,0.2094
S_60,51.24,16.77,2023-11-01,0.6169,-0.6407,0.1283
S_60,51.24,16.77,2023-12-01,0.4202,-0.4641,0.0829
S_60,51.24,16.77,2024-01-01,0.3281,-0.3882,0.1532
S_60,51.24,16.77,2024-02-01,0.4412,-0.5426,0.0076
S_60,51.24,16.77,2024-03-01,0.2579528826045945,-0.2674838908037117,0.0520253390782825
S_60,51.24,16.77,2024-04-01,0.5729,-0.541,0.134
S_60,51.24,16.77,2024-05-01,0.6049,-0.5781,0.1786
S_60,51.24,16.77,2024-06-01,0.6589,-0.6168,0.2
S_60,51.24,16.77,2024-07-01,0.6802,-0.616,0.2482
S_60,51.24,16.77,2024-08-01,0.7307,-0.6805,0.2182
S_60,51.24,16.77,2024-09-01,0.7111,-0.6714,0.2018
S_60,51.24,16.77,2024-10-01,0.5483,-0.5745,0.0599
S_60,51.24,16.77,2024-11-01,0.4888,-0.5225,0.049
S_60,51.24,16.77,2024-12-01,0.1999163712335521,-0.1752595677501539,0.1173075610745828
S_60,51.24,16.77,2025-01-01,0.4362,-0.5117,0.0118
S_60,51.24,16.77,2025-02-01,0.364,-0.4381,0.152
S_60,51.24,16.77,2025-03-01,0.3944,-0.4601,-0.0861
S_60,51.24,16.77,2025-04-01,0.4614,-0.5013,-0.0424
S_60,51.24,16.77,2025-05-01,0.713,-0.631,0.2983
S_60,51.24,16.77,2025-06-01,0.709,-0.6781,0.2691
S_60,51.24,16.77,2025-07-01,0.7159,-0.6524,0.2521
S_60,51.24,16.77,2025-08-01,0.7129,-0.6722,0.2127
S_60,51.24,16.77,2025-09-01,0.7145,-0.6756,0.206
S_60,51.24,16.77,2025-10-01,0.3529614722042017,-0.3428850074947123,0.0758298506137788
S_60,51.24,16.77,2025-11-01,0.5143,-0.6019,-0.0181
S_60,51.24,16.77,2025-12-01,0.433,-0.4916,0.0646
S_60,51.24,16.77,2026-01-01,0.204,-0.2219,0.4132
S_60,51.24,16.77,2026-02-01,0.3611,-0.4593,-0.132
S_60,51.24,16.77,2026-03-01,0.3586,-0.4527,-0.134
S_61,50.96,16.79,2023-06-01,0.7151,-0.665,0.3739
S_61,50.96,16.79,2023-07-01,0.5806,-0.5813,0.2276
S_61,50.96,16.79,2023-08-01,0.5545,-0.5468,0.1049
S_61,50.96,16.79,2023-09-01,0.5991,-0.5816,0.1565
S_61,50.96,16.79,2023-10-01,0.4903,-0.5198,0.0259
S_61,50.96,16.79,2023-11-01,0.5615,-0.5821,0.1215
S_61,50.96,16.79,2023-12-01,0.3914,-0.4457,0.1353
S_61,50.96,16.79,2024-01-01,0.1539,-0.1815,0.6569
S_61,50.96,16.79,2024-02-01,0.4741,-0.5372,0.059
S_61,50.96,16.79,2024-03-01,0.5023,-0.4986,0.1264
S_61,50.96,16.79,2024-04-01,0.5702,-0.5564,0.1849
S_61,50.96,16.79,2024-05-01,0.5961,-0.5793,0.2357
S_61,50.96,16.79,2024-06-01,0.6699,-0.6201,0.2654
S_61,50.96,16.79,2024-07-01,0.4929,-0.4831,0.135
S_61,50.96,16.79,2024-08-01,0.5958,-0.5865,0.1431
S_61,50.96,16.79,2024-09-01,0.5306,-0.5414,0.0776
S_61,50.96,16.79,2024-10-01,0.457,-0.5047,0.0013
S_61,50.96,16.79,2024-11-01,0.4849,-0.5222,0.0494
S_61,50.96,16.79,2024-12-01,0.158,-0.2841,0.0139
S_61,50.96,16.79,2025-01-01,0.4359,-0.5306,0.0379
S_61,50.96,16.79,2025-02-01,0.2905,-0.3377,0.2903
S_61,50.96,16.79,2025-03-01,0.4387,-0.4843,0.0141
S_61,50.96,16.79,2025-04-01,0.5117,-0.5218,0.0839
S_61,50.96,16.79,2025-05-01,0.6207,-0.5899,0.2838
S_61,50.96,16.79,2025-06-01,0.703,-0.6515,0.3465
S_61,50.96,16.79,2025-07-01,0.3742982411055743,-0.3773617902035754,0.120787656881895
S_61,50.96,16.79,2025-08-01,0.5621,-0.5739,0.131
S_61,50.96,16.79,2025-09-01,0.5502,-0.5614,0.0947
S_61,50.96,16.79,2025-10-01,0.3428224722265527,-0.3080420455574893,0.1227922227828782
S_61,50.96,16.79,2025-11-01,0.4615,-0.5371,-0.012
S_61,50.96,16.79,2025-12-01,0.4361,-0.5122,0.0274
S_61,50.96,16.79,2026-01-01,0.0868994466458216,-0.1245440728610219,0.125782961448457
S_61,50.96,16.79,2026-02-01,0.3222,-0.4285,-0.1092
S_61,50.96,16.79,2026-03-01,0.3342,-0.4094,-0.0958
S_62,50.98,16.79,2023-06-01,0.6317,-0.6064,0.3325
S_62,50.98,16.79,2023-07-01,0.4601,-0.5161,0.1273
S_62,50.98,16.79,2023-08-01,0.4583,-0.4763,0.038
S_62,50.98,16.79,2023-09-01,0.5398,-0.5308,0.123
S_62,50.98,16.79,2023-10-01,0.3962,-0.4538,-0.0256
S_62,50.98,16.79,2023-11-01,0.4534,-0.5137,0.1035
S_62,50.98,16.79,2023-12-01,0.3854,-0.4676,0.1271
S_62,50.98,16.79,2024-01-01,0.1248,-0.1472,0.7029
S_62,50.98,16.79,2024-02-01,0.4319,-0.4927,0.0867
S_62,50.98,16.79,2024-03-01,0.4262,-0.4238,0.087
S_62,50.98,16.79,2024-04-01,0.6201,-0.5933,0.3293
S_62,50.98,16.79,2024-05-01,0.5621,-0.556,0.2497
S_62,50.98,16.79,2024-06-01,0.6085,-0.5659,0.2295
S_62,50.98,16.79,2024-07-01,0.4258,-0.4441,0.034
S_62,50.98,16.79,2024-08-01,0.4443,-0.4761,0.0448
S_62,50.98,16.79,2024-09-01,0.4141,-0.4628,0.0163
S_62,50.98,16.79,2024-10-01,0.42,-0.473,0.0245
S_62,50.98,16.79,2024-11-01,0.4675,-0.5039,0.0945
S_62,50.98,16.79,2024-12-01,0.0907,-0.1727,0.0159
S_62,50.98,16.79,2025-01-01,0.4536,-0.5128,0.1344
S_62,50.98,16.79,2025-02-01,0.246,-0.2772,0.4705
S_62,50.98,16.79,2025-03-01,0.4534,-0.49,0.0945
S_62,50.98,16.79,2025-04-01,0.5115,-0.5235,0.1463
S_62,50.98,16.79,2025-05-01,0.5258,-0.5204,0.2726
S_62,50.98,16.79,2025-06-01,0.5993,-0.5826,0.2884
S_62,50.98,16.79,2025-07-01,0.4899,-0.4945,0.0969
S_62,50.98,16.79,2025-08-01,0.5022,-0.5218,0.0991
S_62,50.98,16.79,2025-09-01,0.4381,-0.4824,0.0282
S_62,50.98,16.79,2025-10-01,0.3429950701584077,-0.3082382641392125,0.1227381389704406
S_62,50.98,16.79,2025-11-01,0.4101,-0.4864,-0.0069
S_62,50.98,16.79,2025-12-01,0.4218,-0.4921,0.0703
S_62,50.98,16.79,2026-01-01,0.0319974130314199,-0.0362501461461076,0.2374262553348673
S_62,50.98,16.79,2026-02-01,0.3157,-0.4064,-0.0377
S_62,50.98,16.79,2026-03-01,0.3337,-0.4021,-0.0341
S_63,51.0,16.79,2023-06-01,0.7564,-0.688,0.3798
S_63,51.0,16.79,2023-07-01,0.638,-0.6218,0.2327
S_63,51.0,16.79,2023-08-01,0.6208,-0.5945,0.1542
S_63,51.0,16.79,2023-09-01,0.6606,-0.6199,0.1745
S_63,51.0,16.79,2023-10-01,0.5874,-0.5792,0.0832
S_63,51.0,16.79,2023-11-01,0.5711,-0.5997,0.1081
S_63,51.0,16.79,2023-12-01,0.3771,-0.4494,0.1545
S_63,51.0,16.79,2024-01-01,0.1826,-0.2041,0.5893
S_63,51.0,16.79,2024-02-01,0.4756,-0.5588,0.0185
S_63,51.0,16.79,2024-03-01,0.419,-0.4309,0.0141
S_63,51.0,16.79,2024-04-01,0.5898,-0.5319,0.1102
S_63,51.0,16.79,2024-05-01,0.7027,-0.6445,0.2837
S_63,51.0,16.79,2024-06-01,0.7471,-0.6705,0.3066
S_63,51.0,16.79,2024-07-01,0.5873,-0.5667,0.1105
S_63,51.0,16.79,2024-08-01,0.5904,-0.5899,0.0914
S_63,51.0,16.79,2024-09-01,0.5848,-0.5665,0.1512
S_63,51.0,16.79,2024-10-01,0.544,-0.5653,0.0418
S_63,51.0,16.79,2024-11-01,0.5436,-0.5685,0.062
S_63,51.0,16.79,2024-12-01,0.1279048519365086,-0.1910274349440106,0.0269342458661425
S_63,51.0,16.79,2025-01-01,0.486,-0.5659,0.0338
S_63,51.0,16.79,2025-02-01,0.3381,-0.4028,0.2125
S_63,51.0,16.79,2025-03-01,0.416,-0.4802,-0.068
S_63,51.0,16.79,2025-04-01,0.4685,-0.499,-0.0223
S_63,51.0,16.79,2025-05-01,0.6415,-0.6027,0.2173
S_63,51.0,16.79,2025-06-01,0.7714,-0.7029,0.3498
S_63,51.0,16.79,2025-07-01,0.4787608574093953,-0.4902511655145162,0.0950207932005382
S_63,51.0,16.79,2025-08-01,0.6764,-0.6515,0.2268
S_63,51.0,16.79,2025-09-01,0.6196,-0.6136,0.1529
S_63,51.0,16.79,2025-10-01,0.3431777501863061,-0.3084609213745476,0.1226372089565991
S_63,51.0,16.79,2025-11-01,0.4652,-0.5549,-0.0201
S_63,51.0,16.79,2025-12-01,0.4421,-0.5502,-0.0042
S_63,51.0,16.79,2026-01-01,0.0287858374639794,-0.0317112425143842,0.2343753371000634
S_63,51.0,16.79,2026-02-01,0.3421,-0.4563,-0.1211
S_63,51.0,16.79,2026-03-01,0.3385,-0.4327,-0.12
S_64,51.02,16.79,2023-06-01,0.5948,-0.5788,0.2566
S_64,51.02,16.79,2023-07-01,0.6679,-0.6469,0.2773
S_64,51.02,16.79,2023-08-01,0.5946,-0.5694,0.2034
S_64,51.02,16.79,2023-09-01,0.6684,-0.641,0.2343
S_64,51.02,16.79,2023-10-01,0.6367,-0.6049,0.1722
S_64,51.02,16.79,2023-11-01,0.5247,-0.5651,0.1338
S_64,51.02,16.79,2023-12-01,0.4813,-0.4224,0.428
S_64,51.02,16.79,2024-01-01,0.1837,-0.2064,0.5434
S_64,51.02,16.79,2024-02-01,0.4243,-0.5071,0.0317
S_64,51.02,16.79,2024-03-01,0.2428,-0.291,0.0063
S_64,51.02,16.79,2024-04-01,0.5952982659041968,-0.5496833312389794,0.1570258191420619
S_64,51.02,16.79,2024-05-01,0.5448,-0.536,0.2019
S_64,51.02,16.79,2024-06-01,0.5863,-0.5538,0.2147
S_64,51.02,16.79,2024-07-01,0.6577,-0.6205,0.232
S_64,51.02,16.79,2024-08-01,0.665,-0.6364,0.2194
S_64,51.02,16.79,2024-09-01,0.528,-0.5333,0.1284
S_64,51.02,16.79,2024-10-01,0.5958,-0.5902,0.1768
S_64,51.02,16.79,2024-11-01,0.4534,-0.5094,0.021
S_64,51.02,16.79,2024-12-01,0.0978,-0.1553,-0.0363
S_64,51.02,16.79,2025-01-01,0.3923,-0.4921,0.0251
S_64,51.02,16.79,2025-02-01,0.2232,-0.2738,0.4364
S_64,51.02,16.79,2025-03-01,0.3759,-0.4348,-0.018
S_64,51.02,16.79,2025-04-01,0.4325,-0.4688,0.0287
S_64,51.02,16.79,2025-05-01,0.595,-0.5561,0.2715
S_64,51.02,16.79,2025-06-01,0.5627,-0.5634,0.223
S_64,51.02,16.79,2025-07-01,0.4887383217461331,-0.4985095690252805,0.1048935085197445
S_64,51.02,16.79,2025-08-01,0.5688,-0.5612,0.1503
S_64,51.02,16.79,2025-09-01,0.4983,-0.5158,0.0825
S_64,51.02,16.79,2025-10-01,0.3433627244028994,-0.3087073196777812,0.1224743135523063
S_64,51.02,16.79,2025-11-01,0.4027,-0.4953,-0.0094
S_64,51.02,16.79,2025-12-01,0.3913,-0.4795,-0.0005
S_64,51.02,16.79,2026-01-01,0.0127995927664541,-0.0142162585030685,0.217002050531383
S_64,51.02,16.79,2026-02-01,0.3191,-0.4118,-0.0782
S_64,51.02,16.79,2026-03-01,0.3405,-0.4047,-0.0711
S_65,51.04,16.79,2023-06-01,0.7176,-0.6671,0.3386
S_65,51.04,16.79,2023-07-01,0.6145,-0.6101,0.2025
S_65,51.04,16.79,2023-08-01,0.3724,-0.3764,0.0781
S_65,51.04,16.79,2023-09-01,0.6619,-0.6286,0.1992
S_65,51.04,16.79,2023-10-01,0.6331,-0.6058,0.1548
S_65,51.04,16.79,2023-11-01,0.6175,-0.6191,0.1494
S_65,51.04,16.79,2023-12-01,0.2859,-0.2844,0.1262
S_65,51.04,16.79,2024-01-01,0.234,-0.2519,0.5207
S_65,51.04,16.79,2024-02-01,0.5077,-0.5743,0.0523
S_65,51.04,16.79,2024-03-01,0.3721,-0.3589,0.1369
S_65,51.04,16.79,2024-04-01,0.652,-0.6034,0.2175
S_65,51.04,16.79,2024-05-01,0.6907,-0.6362,0.3005
S_65,51.04,16.79,2024-06-01,0.6905,-0.6305,0.2664
S_65,51.04,16.79,2024-07-01,0.5889,-0.5655,0.149
S_65,51.04,16.79,2024-08-01,0.6193,-0.6039,0.1459
S_65,51.04,16.79,2024-09-01,0.5848,-0.5623,0.1717
S_65,51.04,16.79,2024-10-01,0.1604,-0.1618,-0.1165
S_65,51.04,16.79,2024-11-01,0.5238,-0.5429,0.0606
S_65,51.04,16.79,2024-12-01,0.0008,-0.0305,-0.1767
S_65,51.04,16.79,2025-01-01,0.4911,-0.5501,0.0592
S_65,51.04,16.79,2025-02-01,0.2409,-0.291,0.4446
S_65,51.04,16.79,2025-03-01,0.4804,-0.5034,0.022
S_65,51.04,16.79,2025-04-01,0.5708,-0.5604,0.0958
S_65,51.04,16.79,2025-05-01,0.7306,-0.6521,0.3557
S_65,51.04,16.79,2025-06-01,0.6989,-0.6679,0.3052
S_65,51.04,16.79,2025-07-01,0.6751,-0.6271,0.2421
S_65,51.04,16.79,2025-08-01,0.6283,-0.6112,0.172
S_65,51.04,16.79,2025-09-01,0.6011,-0.5931,0.1419
S_65,51.04,16.79,2025-10-01,0.3691031304615423,-0.3358196127250984,0.1202031670991414
S_65,51.04,16.79,2025-11-01,0.5673,-0.6083,0.0617
S_65,51.04,16.79,2025-12-01,0.4949,-0.5572,0.0588
S_65,51.04,16.79,2026-01-01,-0.1274,0.1207,0.0306
S_65,51.04,16.79,2026-02-01,0.3715,-0.4599,-0.0765
S_65,51.04,16.79,2026-03-01,0.3672,-0.4432,-0.0714
S_66,51.06,16.79,2023-06-01,0.6443,-0.6168,0.2885
S_66,51.06,16.79,2023-07-01,0.6287,-0.6231,0.1983
S_66,51.06,16.79,2023-08-01,0.3397,-0.359,0.0192
S_66,51.06,16.79,2023-09-01,0.7027,-0.6616,0.23
S_66,51.06,16.79,2023-10-01,0.6524,-0.6224,0.1695
S_66,51.06,16.79,2023-11-01,0.5097,-0.5563,0.0587
S_66,51.06,16.79,2023-12-01,0.2559,-0.2929,0.0683
S_66,51.06,16.79,2024-01-01,0.2162,-0.2441,0.43
S_66,51.06,16.79,2024-02-01,0.428,-0.5237,-0.0178
S_66,51.06,16.79,2024-03-01,0.3872398355218389,-0.3848339094285003,0.1286020108848972
S_66,51.06,16.79,2024-04-01,0.5653,-0.5465,0.1589
S_66,51.06,16.79,2024-05-01,0.593,-0.5733,0.2147
S_66,51.06,16.79,2024-06-01,0.6608,-0.6134,0.2237
S_66,51.06,16.79,2024-07-01,0.5991,-0.5755,0.155
S_66,51.06,16.79,2024-08-01,0.6315,-0.61,0.1758
S_66,51.06,16.79,2024-09-01,0.6144,-0.5846,0.2031
S_66,51.06,16.79,2024-10-01,0.3879023189812688,-0.424685819535815,-0.0079672735584895
S_66,51.06,16.79,2024-11-01,0.5195,-0.5412,0.0944
S_66,51.06,16.79,2024-12-01,0.1945,-0.268,0.0556
S_66,51.06,16.79,2025-01-01,0.4645,-0.535,0.0791
S_66,51.06,16.79,2025-02-01,0.2508,-0.2964,0.4565
S_66,51.06,16.79,2025-03-01,0.4488,-0.4853,0.016
S_66,51.06,16.79,2025-04-01,0.5161,-0.5225,0.0685
S_66,51.06,16.79,2025-05-01,0.7103,-0.632,0.3495
S_66,51.06,16.79,2025-06-01,0.655,-0.636,0.2813
S_66,51.06,16.79,2025-07-01,0.5957,-0.5814,0.1764
S_66,51.06,16.79,2025-08-01,0.6526,-0.6236,0.1974
S_66,51.06,16.79,2025-09-01,0.6667,-0.6236,0.2158
S_66,51.06,16.79,2025-10-01,0.3692283569812941,-0.336104082058866,0.1196837698378038
S_66,51.06,16.79,2025-11-01,0.4987,-0.5615,0.004
S_66,51.06,16.79,2025-12-01,0.4709,-0.5523,0.0253
S_66,51.06,16.79,2026-01-01,0.3046,-0.3849,-0.0551
S_66,51.06,16.79,2026-02-01,0.3409,-0.4382,-0.1105
S_66,51.06,16.79,2026-03-01,0.3325,-0.4199,-0.1113
S_67,51.08,16.79,2023-06-01,0.6353,-0.5845,0.329
S_67,51.08,16.79,2023-07-01,0.4742,-0.5021,0.0942
S_67,51.08,16.79,2023-08-01,0.3343,-0.3333,0.0659
S_67,51.08,16.79,2023-09-01,0.5353,-0.5224,0.1164
S_67,51.08,16.79,2023-10-01,0.479,-0.4829,0.0627
S_67,51.08,16.79,2023-11-01,0.4728,-0.5018,0.0898
S_67,51.08,16.79,2023-12-01,0.2901,-0.2999,0.1785
S_67,51.08,16.79,2024-01-01,0.2119,-0.2331,0.4541
S_67,51.08,16.79,2024-02-01,0.4234,-0.4793,0.0635
S_67,51.08,16.79,2024-03-01,0.4446965959851298,-0.4292727582381504,0.16296484811188
S_67,51.08,16.79,2024-04-01,0.5824,-0.5469,0.2174
S_67,51.08,16.79,2024-05-01,0.608,-0.5671,0.2492
S_67,51.08,16.79,2024-06-01,0.592,-0.5414,0.1922
S_67,51.08,16.79,2024-07-01,0.4591,-0.4675,0.0377
S_67,51.08,16.79,2024-08-01,0.5021,-0.4985,0.0463
S_67,51.08,16.79,2024-09-01,0.5141,-0.504,0.0913
S_67,51.08,16.79,2024-10-01,0.4663,-0.4969,0.0267
S_67,51.08,16.79,2024-11-01,0.4223,-0.4448,0.0325
S_67,51.08,16.79,2024-12-01,0.3079,-0.3174,0.0699
S_67,51.08,16.79,2025-01-01,0.3727,-0.4373,0.0369
S_67,51.08,16.79,2025-02-01,0.2317,-0.2671,0.3882
S_67,51.08,16.79,2025-03-01,0.4054,-0.4224,0.0247
S_67,51.08,16.79,2025-04-01,0.4796,-0.4696,0.0736
S_67,51.08,16.79,2025-05-01,0.5099,-0.4858,0.194
S_67,51.08,16.79,2025-06-01,0.562,-0.5672,0.1793
S_67,51.08,16.79,2025-07-01,0.5244,-0.5203,0.1083
S_67,51.08,16.79,2025-08-01,0.5878,-0.569,0.1506
S_67,51.08,16.79,2025-09-01,0.531,-0.5215,0.1052
S_67,51.08,16.79,2025-10-01,0.3693596568705611,-0.3364351456236183,0.1190393270144427
S_67,51.08,16.79,2025-11-01,0.3994,-0.477,-0.0368
S_67,51.08,16.79,2025-12-01,0.3898,-0.4712,0.0207
S_67,51.08,16.79,2026-01-01,-0.0642,0.0852,0.4454
S_67,51.08,16.79,2026-02-01,0.2917,-0.3823,-0.0804
S_67,51.08,16.79,2026-03-01,0.3029,-0.378,-0.0703
S_68,51.1,16.79,2023-06-01,0.6675,-0.6295,0.3099
S_68,51.1,16.79,2023-07-01,0.5765,-0.5893,0.1656
S_68,51.1,16.79,2023-08-01,0.4174,-0.4016,0.1152
S_68,51.1,16.79,2023-09-01,0.6742,-0.6306,0.1965
S_68,51.1,16.79,2023-10-01,0.5527,-0.5515,0.0649
S_68,51.1,16.79,2023-11-01,0.5234,-0.5702,0.0696
S_68,51.1,16.79,2023-12-01,0.2424,-0.2731,0.115
S_68,51.1,16.79,2024-01-01,0.2577,-0.2997,0.3837
S_68,51.1,16.79,2024-02-01,0.453,-0.5376,0.0212
S_68,51.1,16.79,2024-03-01,0.2666165804532007,-0.2660806904684589,0.1127640451802207
S_68,51.1,16.79,2024-04-01,0.588,-0.5617,0.1577
S_68,51.1,16.79,2024-05-01,0.618,-0.5857,0.2056
S_68,51.1,16.79,2024-06-01,0.5895,-0.5652,0.1388
S_68,51.1,16.79,2024-07-01,0.5413,-0.5314,0.091
S_68,51.1,16.79,2024-08-01,0.5549,-0.5603,0.0741
S_68,51.1,16.79,2024-09-01,0.4992,-0.5289,0.0348
S_68,51.1,16.79,2024-10-01,0.534,-0.5431,0.0166
S_68,51.1,16.79,2024-11-01,0.5074,-0.5135,0.0559
S_68,51.1,16.79,2024-12-01,0.4086,-0.4035,0.1049
S_68,51.1,16.79,2025-01-01,0.5061,-0.546,0.1019
S_68,51.1,16.79,2025-02-01,0.2909,-0.3337,0.4204
S_68,51.1,16.79,2025-03-01,0.4646,-0.4935,0.0069
S_68,51.1,16.79,2025-04-01,0.5126,-0.5221,0.0376
S_68,51.1,16.79,2025-05-01,0.5173,-0.5129,0.1363
S_68,51.1,16.79,2025-06-01,0.6169,-0.6147,0.1875
S_68,51.1,16.79,2025-07-01,0.3586,-0.4232,-0.0333
S_68,51.1,16.79,2025-08-01,0.641,-0.6211,0.1693
S_68,51.1,16.79,2025-09-01,0.6186,-0.6106,0.1459
S_68,51.1,16.79,2025-10-01,0.3694936234308329,-0.336806942056815,0.1182789152209316
S_68,51.1,16.79,2025-11-01,0.517,-0.5739,0.0161
S_68,51.1,16.79,2025-12-01,0.489,-0.5646,0.0729
S_68,51.1,16.79,2026-01-01,0.1299343876422301,-0.129173087979999,0.2821454405011708
S_68,51.1,16.79,2026-02-01,0.346,-0.4466,-0.0875
S_68,51.1,16.79,2026-03-01,0.3408,-0.4305,-0.0848
S_69,51.12,16.79,2023-06-01,0.7339,-0.6687,0.4017
S_69,51.12,16.79,2023-07-01,0.4617,-0.5072,0.0537
S_69,51.12,16.79,2023-08-01,0.4365,-0.4326,0.0232
S_69,51.12,16.79,2023-09-01,0.486,-0.497,0.0089
S_69,51.12,16.79,2023-10-01,0.4824,-0.4959,0.0156
S_69,51.12,16.79,2023-11-01,0.6387,-0.6218,0.1765
S_69,51.12,16.79,2023-12-01,0.3224,-0.3281,0.1319
S_69,51.12,16.79,2024-01-01,0.372,-0.3957,0.4007
S_69,51.12,16.79,2024-02-01,0.561,-0.5857,0.1438
S_69,51.12,16.79,2024-03-01,0.1581746684343693,-0.1672159169879127,0.0823140847047525
S_69,51.12,16.79,2024-04-01,0.6496,-0.6082,0.2756
S_69,51.12,16.79,2024-05-01,0.6807,-0.6319,0.3133
S_69,51.12,16.79,2024-06-01,0.6067,-0.5639,0.1932
S_69,51.12,16.79,2024-07-01,0.4531,-0.4652,-0.0008
S_69,51.12,16.79,2024-08-01,0.5238,-0.5214,0.0421
S_69,51.12,16.79,2024-09-01,0.5383,-0.5406,0.0697
S_69,51.12,16.79,2024-10-01,0.4411,-0.4952,-0.0227
S_69,51.12,16.79,2024-11-01,0.4621,-0.4926,0.0429
S_69,51.12,16.79,2024-12-01,0.3803,-0.3878,0.0938
S_69,51.12,16.79,2025-01-01,0.4841,-0.5301,0.0952
S_69,51.12,16.79,2025-02-01,0.2994,-0.3391,0.3559
S_69,51.12,16.79,2025-03-01,0.4809,-0.5058,0.0391
S_69,51.12,16.79,2025-04-01,0.555,-0.5521,0.1033
S_69,51.12,16.79,2025-05-01,0.7177,-0.658,0.3503
S_69,51.12,16.79,2025-06-01,0.5944,-0.5915,0.2044
S_69,51.12,16.79,2025-07-01,0.4440749999463332,-0.4471499999412094,0.0789999999995152
S_69,51.12,16.79,2025-08-01,0.4978,-0.5142,0.0259
S_69,51.12,16.79,2025-09-01,0.5244,-0.5368,0.0397
S_69,51.12,16.79,2025-10-01,0.3696289603345202,-0.3372091967848059,0.1174314184939432
S_69,51.12,16.79,2025-11-01,0.5397,-0.5799,0.0512
S_69,51.12,16.79,2025-12-01,0.5053,-0.5557,0.0963
S_69,51.12,16.79,2026-01-01,0.1471138235910607,-0.1474141194531171,0.3663680194911642
S_69,51.12,16.79,2026-02-01,0.3552,-0.4491,-0.0857
S_69,51.12,16.79,2026-03-01,0.355,-0.4384,-0.0804
S_70,51.14,16.79,2023-06-01,0.6312,-0.5952,0.293
S_70,51.14,16.79,2023-07-01,0.4205,-0.4684,0.0087
S_70,51.14,16.79,2023-08-01,0.4542,-0.4653,-0.0297
S_70,51.14,16.79,2023-09-01,0.5589,-0.527,0.1225
S_70,51.14,16.79,2023-10-01,0.4521,-0.4621,0.04
S_70,51.14,16.79,2023-11-01,0.5328,-0.5419,0.1285
S_70,51.14,16.79,2023-12-01,0.4249499999292121,-0.4351749999516019,0.2086749999285933
S_70,51.14,16.79,2024-01-01,0.3498,-0.3849,0.2476
S_70,51.14,16.79,2024-02-01,0.5053,-0.5296,0.1095
S_70,51.14,16.79,2024-03-01,-0.045,0.018,0.0253
S_70,51.14,16.79,2024-04-01,0.6187,-0.5791,0.2605
S_70,51.14,16.79,2024-05-01,0.6215,-0.587,0.2584
S_70,51.14,16.79,2024-06-01,0.5705,-0.5349,0.1408
S_70,51.14,16.79,2024-07-01,0.4225,-0.4481,-0.0416
S_70,51.14,16.79,2024-08-01,0.5722,-0.5427,0.0893
S_70,51.14,16.79,2024-09-01,0.5141,-0.5173,0.0962
S_70,51.14,16.79,2024-10-01,0.4826,-0.4931,0.036
S_70,51.14,16.79,2024-11-01,0.4718,-0.4748,0.0912
S_70,51.14,16.79,2024-12-01,0.3554,-0.3546,0.0894
S_70,51.14,16.79,2025-01-01,0.4375,-0.4838,0.0716
S_70,51.14,16.79,2025-02-01,0.319,-0.3604,0.2726
S_70,51.14,16.79,2025-03-01,0.2875,-0.3601,-0.0635
S_70,51.14,16.79,2025-04-01,0.312,-0.3758,-0.0579
S_70,51.14,16.79,2025-05-01,0.6182,-0.5678,0.2425
S_70,51.14,16.79,2025-06-01,0.545,-0.5571,0.1252
S_70,51.14,16.79,2025-07-01,0.2337,-0.213,0.0574
S_70,51.14,16.79,2025-08-01,0.4834,-0.4897,0.0296
S_70,51.14,16.79,2025-09-01,0.3778,-0.4372,-0.0212
S_70,51.14,16.79,2025-10-01,0.3634498359513269,-0.3401175487895021,0.0989848240993366
S_70,51.14,16.79,2025-11-01,0.5018,-0.5233,0.0577
S_70,51.14,16.79,2025-12-01,0.5336,-0.5321,0.1562
S_70,51.14,16.79,2026-01-01,0.1183,-0.115,0.4728
S_70,51.14,16.79,2026-02-01,0.4242,-0.4701,0.0251
S_70,51.14,16.79,2026-03-01,0.435,-0.4685,0.0441
S_71,51.16,16.79,2023-06-01,0.642,-0.6065,0.2982
S_71,51.16,16.79,2023-07-01,0.4444,-0.5012,0.0404
S_71,51.16,16.79,2023-08-01,0.4885,-0.4949,0.0112
S_71,51.16,16.79,2023-09-01,0.5345,-0.5255,0.0948
S_71,51.16,16.79,2023-10-01,0.5214,-0.5205,0.0685
S_71,51.16,16.79,2023-11-01,0.4863,-0.5236,0.0899
S_71,51.16,16.79,2023-12-01,0.3258,-0.3827,0.0985
S_71,51.16,16.79,2024-01-01,0.3267,-0.381,0.1636
S_71,51.16,16.79,2024-02-01,0.4712,-0.5152,0.0994
S_71,51.16,16.79,2024-03-01,0.1142689790578464,-0.1272041345455644,0.0700165074941538
S_71,51.16,16.79,2024-04-01,0.6115,-0.5729,0.2329
S_71,51.16,16.79,2024-05-01,0.6281,-0.5935,0.255
S_71,51.16,16.79,2024-06-01,0.6184,-0.5669,0.1952
S_71,51.16,16.79,2024-07-01,0.3853,-0.4354,-0.044
S_71,51.16,16.79,2024-08-01,0.4994,-0.5022,0.0449
S_71,51.16,16.79,2024-09-01,0.5603,-0.5458,0.1271
S_71,51.16,16.79,2024-10-01,0.5048,-0.5237,0.0602
S_71,51.16,16.79,2024-11-01,0.4905,-0.4807,0.1159
S_71,51.16,16.79,2024-12-01,0.3892,-0.3827,0.121
S_71,51.16,16.79,2025-01-01,0.4752,-0.5145,0.1166
S_71,51.16,16.79,2025-02-01,0.3275,-0.3636,0.3489
S_71,51.16,16.79,2025-03-01,0.3871,-0.4359,0.014
S_71,51.16,16.79,2025-04-01,0.4448,-0.4733,0.0595
S_71,51.16,16.79,2025-05-01,0.6474,-0.5856,0.3386
S_71,51.16,16.79,2025-06-01,0.5973,-0.5886,0.2154
S_71,51.16,16.79,2025-07-01,0.4029,-0.4445,-0.039
S_71,51.16,16.79,2025-08-01,0.5211,-0.5177,0.0588
S_71,51.16,16.79,2025-09-01,0.4921,-0.512,0.0528
S_71,51.16,16.79,2025-10-01,0.362972069666759,-0.3400113824070673,0.0981022060881482
S_71,51.16,16.79,2025-11-01,0.4841,-0.5232,0.0446
S_71,51.16,16.79,2025-12-01,0.4989,-0.5255,0.1457
S_71,51.16,16.79,2026-01-01,0.0454,-0.0396,0.7013
S_71,51.16,16.79,2026-02-01,0.3806,-0.4472,-0.0225
S_71,51.16,16.79,2026-03-01,0.3863,-0.4426,-0.0128
S_72,51.18,16.79,2023-06-01,0.67,-0.624,0.2759
S_72,51.18,16.79,2023-07-01,0.5171,-0.5372,0.0718
S_72,51.18,16.79,2023-08-01,0.472,-0.4597,0.0489
S_72,51.18,16.79,2023-09-01,0.5608,-0.5439,0.11
S_72,51.18,16.79,2023-10-01,0.5723,-0.5624,0.0896
S_72,51.18,16.79,2023-11-01,0.5209,-0.5648,0.0902
S_72,51.18,16.79,2023-12-01,0.4102,-0.4429,0.1326
S_72,51.18,16.79,2024-01-01,0.3279,-0.3873,0.164
S_72,51.18,16.79,2024-02-01,0.4504,-0.5265,0.0788
S_72,51.18,16.79,2024-03-01,0.1745273551528364,-0.1821509414553273,0.0869526632537532
S_72,51.18,16.79,2024-04-01,0.5501,-0.5254,0.1466
S_72,51.18,16.79,2024-05-01,0.6,-0.5679,0.192
S_72,51.18,16.79,2024-06-01,0.6102,-0.5576,0.1735
S_72,51.18,16.79,2024-07-01,0.4898,-0.4874,0.0356
S_72,51.18,16.79,2024-08-01,0.6429,-0.6048,0.1502
S_72,51.18,16.79,2024-09-01,0.6097,-0.5885,0.1339
S_72,51.18,16.79,2024-10-01,0.5309,-0.5549,0.0354
S_72,51.18,16.79,2024-11-01,0.541,-0.5396,0.1087
S_72,51.18,16.79,2024-12-01,0.2956,-0.293,0.0968
S_72,51.18,16.79,2025-01-01,0.4415,-0.5037,0.0563
S_72,51.18,16.79,2025-02-01,0.3621,-0.4174,0.177
S_72,51.18,16.79,2025-03-01,0.3684,-0.4315,-0.0463
S_72,51.18,16.79,2025-04-01,0.3941,-0.444,-0.0275
S_72,51.18,16.79,2025-05-01,0.5442,-0.5251,0.1769
S_72,51.18,16.79,2025-06-01,0.6384,-0.6164,0.2046
S_72,51.18,16.79,2025-07-01,0.5588,-0.5397,0.1126
S_72,51.18,16.79,2025-08-01,0.6543,-0.6208,0.1722
S_72,51.18,16.79,2025-09-01,0.6107,-0.5941,0.147
S_72,51.18,16.79,2025-10-01,0.3624933343554415,-0.3398989869595359,0.0972642394514868
S_72,51.18,16.79,2025-11-01,0.4752,-0.5456,-0.002
S_72,51.18,16.79,2025-12-01,0.4287,-0.4951,0.0805
S_72,51.18,16.79,2026-01-01,0.1157,-0.1173,0.5909
S_72,51.18,16.79,2026-02-01,0.3271,-0.4264,-0.0949
S_72,51.18,16.79,2026-03-01,0.324,-0.4173,-0.0992
S_73,51.2,16.79,2023-06-01,0.7719,-0.6977,0.3247
S_73,51.2,16.79,2023-07-01,0.6919,-0.6496,0.2084
S_73,51.2,16.79,2023-08-01,0.5998,-0.5496,0.1785
S_73,51.2,16.79,2023-09-01,0.7233,-0.6674,0.2214
S_73,51.2,16.79,2023-10-01,0.7483,-0.6882,0.2276
S_73,51.2,16.79,2023-11-01,0.6451,-0.6613,0.1503
S_73,51.2,16.79,2023-12-01,0.4865,-0.5029,0.1482
S_73,51.2,16.79,2024-01-01,0.3947,-0.4374,0.2788
S_73,51.2,16.79,2024-02-01,0.5361,-0.6132,0.074
S_73,51.2,16.79,2024-03-01,0.1965169348662769,-0.2039456914383624,0.0694453036533889
S_73,51.2,16.79,2024-04-01,0.5922,-0.5645,0.1327
S_73,51.2,16.79,2024-05-01,0.6282,-0.5939,0.1721
S_73,51.2,16.79,2024-06-01,0.7663,-0.6771,0.303
S_73,51.2,16.79,2024-07-01,0.6782,-0.6037,0.257
S_73,51.2,16.79,2024-08-01,0.7314,-0.6799,0.1968
S_73,51.2,16.79,2024-09-01,0.7098,-0.6689,0.2102
S_73,51.2,16.79,2024-10-01,0.6844,-0.6624,0.1394
S_73,51.2,16.79,2024-11-01,0.6108,-0.5911,0.1552
S_73,51.2,16.79,2024-12-01,0.3181,-0.3023,0.1547
S_73,51.2,16.79,2025-01-01,0.5294,-0.578,0.1162
S_73,51.2,16.79,2025-02-01,0.4308,-0.4801,0.2139
S_73,51.2,16.79,2025-03-01,0.438,-0.4936,-0.029
S_73,51.2,16.79,2025-04-01,0.489,-0.5277,-0.0204
S_73,51.2,16.79,2025-05-01,0.6232,-0.5771,0.1818
S_73,51.2,16.79,2025-06-01,0.8111,-0.7315,0.3339
S_73,51.2,16.79,2025-07-01,0.7395,-0.663,0.251
S_73,51.2,16.79,2025-08-01,0.7432,-0.6854,0.2357
S_73,51.2,16.79,2025-09-01,0.7043,-0.6756,0.1983
S_73,51.2,16.79,2025-10-01,0.3620329287382195,-0.3397802806161735,0.0965178160822586
S_73,51.2,16.79,2025-11-01,0.5675,-0.6262,0.0608
S_73,51.2,16.79,2025-12-01,0.5096,-0.5517,0.1413
S_73,51.2,16.79,2026-01-01,0.2804,-0.2777,0.4648
S_73,51.2,16.79,2026-02-01,0.41,-0.4957,-0.0524
S_73,51.2,16.79,2026-03-01,0.4016,-0.4826,-0.065
S_74,51.22,16.79,2023-06-01,0.6186,-0.6114,0.2411
S_74,51.22,16.79,2023-07-01,0.5668,-0.5866,0.1197
S_74,51.22,16.79,2023-08-01,0.6295,-0.6003,0.1728
S_74,51.22,16.79,2023-09-01,0.607,-0.5978,0.1533
S_74,51.22,16.79,2023-10-01,0.5299,-0.5416,0.0738
S_74,51.22,16.79,2023-11-01,0.5895,-0.6022,0.1593
S_74,51.22,16.79,2023-12-01,0.4837,-0.5033,0.1494
S_74,51.22,16.79,2024-01-01,0.3206,-0.389,0.2013
S_74,51.22,16.79,2024-02-01,0.4175,-0.5272,0.0129
S_74,51.22,16.79,2024-03-01,0.2462020018945677,-0.2564174766722732,0.0509359083993694
S_74,51.22,16.79,2024-04-01,0.4841,-0.4984,0.0797
S_74,51.22,16.79,2024-05-01,0.5533,-0.5461,0.1607
S_74,51.22,16.79,2024-06-01,0.6359,-0.6041,0.2297
S_74,51.22,16.79,2024-07-01,0.5049,-0.5164,0.0918
S_74,51.22,16.79,2024-08-01,0.5389,-0.5615,0.0642
S_74,51.22,16.79,2024-09-01,0.5934,-0.5816,0.1085
S_74,51.22,16.79,2024-10-01,0.5635,-0.5685,0.0644
S_74,51.22,16.79,2024-11-01,0.5647,-0.5504,0.1145
S_74,51.22,16.79,2024-12-01,0.219,-0.1555,0.1974
S_74,51.22,16.79,2025-01-01,0.4766,-0.5193,0.0957
S_74,51.22,16.79,2025-02-01,0.367,-0.4232,0.2689
S_74,51.22,16.79,2025-03-01,0.4075,-0.4666,-0.0445
S_74,51.22,16.79,2025-04-01,0.4151,-0.4712,-0.0341
S_74,51.22,16.79,2025-05-01,0.557,-0.5451,0.1604
S_74,51.22,16.79,2025-06-01,0.7039,-0.676,0.3127
S_74,51.22,16.79,2025-07-01,0.638,-0.6043,0.2384
S_74,51.22,16.79,2025-08-01,0.6481,-0.6301,0.19
S_74,51.22,16.79,2025-09-01,0.4575,-0.5142,0.0081
S_74,51.22,16.79,2025-10-01,0.3372223688030786,-0.3279341455926265,0.0705373858735102
S_74,51.22,16.79,2025-11-01,0.4768,-0.5462,-0.0223
S_74,51.22,16.79,2025-12-01,0.4575,-0.4961,0.1011
S_74,51.22,16.79,2026-01-01,0.1797,-0.2033,0.5528
S_74,51.22,16.79,2026-02-01,0.3825,-0.464,-0.0722
S_74,51.22,16.79,2026-03-01,0.3811,-0.4558,-0.0736
S_75,51.24,16.79,2023-06-01,0.6904,-0.6609,0.3441
S_75,51.24,16.79,2023-07-01,0.4787,-0.5182,0.0858
S_75,51.24,16.79,2023-08-01,0.4797,-0.4804,0.0984
S_75,51.24,16.79,2023-09-01,0.6887,-0.6297,0.2146
S_75,51.24,16.79,2023-10-01,0.5467,-0.5486,0.0953
S_75,51.24,16.79,2023-11-01,0.3836,-0.4932,-0.0167
S_75,51.24,16.79,2023-12-01,0.3009,-0.3873,0.0027
S_75,51.24,16.79,2024-01-01,0.2475,-0.3327,0.0747
S_75,51.24,16.79,2024-02-01,0.3765,-0.4748,0.0277
S_75,51.24,16.79,2024-03-01,0.317302083127613,-0.3179346161088747,0.0647545029813426
S_75,51.24,16.79,2024-04-01,0.5636,-0.5424,0.1577
S_75,51.24,16.79,2024-05-01,0.6324,-0.5994,0.2407
S_75,51.24,16.79,2024-06-01,0.6796,-0.6163,0.2776
S_75,51.24,16.79,2024-07-01,0.5462,-0.5278,0.1216
S_75,51.24,16.79,2024-08-01,0.5095,-0.5329,0.031
S_75,51.24,16.79,2024-09-01,0.7184,-0.6521,0.2448
S_75,51.24,16.79,2024-10-01,0.6072,-0.5962,0.1231
S_75,51.24,16.79,2024-11-01,0.5317,-0.5344,0.1094
S_75,51.24,16.79,2024-12-01,0.2152328291237778,-0.1783575474976524,0.1482425837631018
S_75,51.24,16.79,2025-01-01,0.3304,-0.4437,-0.0357
S_75,51.24,16.79,2025-02-01,0.2697,-0.3762,0.0848
S_75,51.24,16.79,2025-03-01,0.2663,-0.3747,-0.1368
S_75,51.24,16.79,2025-04-01,0.296,-0.3882,-0.1209
S_75,51.24,16.79,2025-05-01,0.5699,-0.5422,0.1653
S_75,51.24,16.79,2025-06-01,0.6976,-0.6708,0.245
S_75,51.24,16.79,2025-07-01,0.6686,-0.6258,0.1967
S_75,51.24,16.79,2025-08-01,0.7275,-0.6753,0.2221
S_75,51.24,16.79,2025-09-01,0.7106,-0.6721,0.2194
S_75,51.24,16.79,2025-10-01,0.3530391323055448,-0.3429067522783324,0.07586131467634
S_75,51.24,16.79,2025-11-01,0.5666,-0.6057,0.0303
S_75,51.24,16.79,2025-12-01,0.4481,-0.4915,0.1061
S_75,51.24,16.79,2026-01-01,0.1659,-0.1846,0.4515
S_75,51.24,16.79,2026-02-01,0.3264,-0.4364,-0.1481
S_75,51.24,16.79,2026-03-01,0.3075,-0.423,-0.1492
S_76,50.96,16.81,2023-06-01,0.6824,-0.6439,0.2986
S_76,50.96,16.81,2023-07-01,0.6513,-0.6259,0.2598
S_76,50.96,16.81,2023-08-01,0.6365,-0.6035,0.1604
S_76,50.96,16.81,2023-09-01,0.6335,-0.6151,0.1461
S_76,50.96,16.81,2023-10-01,0.596,-0.5982,0.0723
S_76,50.96,16.81,2023-11-01,0.5665,-0.5895,0.0795
S_76,50.96,16.81,2023-12-01,0.4068,-0.4644,0.1602
S_76,50.96,16.81,2024-01-01,0.1585,-0.1817,0.6628
S_76,50.96,16.81,2024-02-01,0.4719,-0.552,-0.0041
S_76,50.96,16.81,2024-03-01,0.492,-0.5056,0.0526
S_76,50.96,16.81,2024-04-01,0.5986,-0.5814,0.1763
S_76,50.96,16.81,2024-05-01,0.6418,-0.6162,0.233
S_76,50.96,16.81,2024-06-01,0.7004,-0.6453,0.2637
S_76,50.96,16.81,2024-07-01,0.5708,-0.557,0.1365
S_76,50.96,16.81,2024-08-01,0.6075,-0.6046,0.1123
S_76,50.96,16.81,2024-09-01,0.5714,-0.567,0.0955
S_76,50.96,16.81,2024-10-01,0.5259,-0.5535,0.0197
S_76,50.96,16.81,2024-11-01,0.5169,-0.5489,0.0393
S_76,50.96,16.81,2024-12-01,0.1934,-0.2595,0.1181
S_76,50.96,16.81,2025-01-01,0.4416,-0.5551,-0.0252
S_76,50.96,16.81,2025-02-01,0.2787,-0.3291,0.2629
S_76,50.96,16.81,2025-03-01,0.4052,-0.4766,-0.0732
S_76,50.96,16.81,2025-04-01,0.4656,-0.5033,-0.0162
S_76,50.96,16.81,2025-05-01,0.6494,-0.6049,0.2497
S_76,50.96,16.81,2025-06-01,0.7197,-0.6689,0.342
S_76,50.96,16.81,2025-07-01,0.4473675034362682,-0.4461836547344003,0.1485881691929899
S_76,50.96,16.81,2025-08-01,0.6224,-0.6119,0.173
S_76,50.96,16.81,2025-09-01,0.573,-0.5806,0.0853
S_76,50.96,16.81,2025-10-01,0.3125097069807528,-0.2761657273513502,0.1163366855189859
S_76,50.96,16.81,2025-11-01,0.502,-0.5676,-0.027
S_76,50.96,16.81,2025-12-01,0.4541,-0.5332,-0.0101
S_76,50.96,16.81,2026-01-01,0.1866815127545082,-0.3196750469847275,-0.0160718163690625
S_76,50.96,16.81,2026-02-01,0.3551,-0.4614,-0.1417
S_76,50.96,16.81,2026-03-01,0.3507,-0.4312,-0.1269
S_77,50.98,16.81,2023-06-01,0.8408,-0.7624,0.6061
S_77,50.98,16.81,2023-07-01,0.4229,-0.499,0.1793
S_77,50.98,16.81,2023-08-01,0.4666,-0.4602,0.0561
S_77,50.98,16.81,2023-09-01,0.3378,-0.4343,-0.0856
S_77,50.98,16.81,2023-10-01,0.3064,-0.3909,-0.1009
S_77,50.98,16.81,2023-11-01,0.7418,-0.6744,0.3209
S_77,50.98,16.81,2023-12-01,0.6268,-0.5992,0.34
S_77,50.98,16.81,2024-01-01,0.2476,-0.2465,0.762
S_77,50.98,16.81,2024-02-01,0.5958,-0.6006,0.1717
S_77,50.98,16.81,2024-03-01,0.6038,-0.5749,0.2271
S_77,50.98,16.81,2024-04-01,0.7261,-0.6582,0.4684
S_77,50.98,16.81,2024-05-01,0.7391,-0.6717,0.4326
S_77,50.98,16.81,2024-06-01,0.5631,-0.5579,0.2627
S_77,50.98,16.81,2024-07-01,0.3392,-0.401,-0.0517
S_77,50.98,16.81,2024-08-01,0.3536,-0.4154,-0.0396
S_77,50.98,16.81,2024-09-01,0.4127,-0.4623,-0.0045
S_77,50.98,16.81,2024-10-01,0.4628,-0.5051,0.0388
S_77,50.98,16.81,2024-11-01,0.4466,-0.4969,0.0543
S_77,50.98,16.81,2024-12-01,0.1660097381274448,-0.2237823541893543,0.0714963819167733
S_77,50.98,16.81,2025-01-01,0.501,-0.5478,0.1448
S_77,50.98,16.81,2025-02-01,0.1993,-0.214,0.6311
S_77,50.98,16.81,2025-03-01,0.5425,-0.5395,0.1381
S_77,50.98,16.81,2025-04-01,0.6301,-0.5991,0.2268
S_77,50.98,16.81,2025-05-01,0.6793,-0.645,0.4101
S_77,50.98,16.81,2025-06-01,0.6884,-0.6646,0.4001
S_77,50.98,16.81,2025-07-01,0.5846270789957091,-0.5646289935233839,0.2201619764260611
S_77,50.98,16.81,2025-08-01,0.4378,-0.485,0.0448
S_77,50.98,16.81,2025-09-01,0.3993,-0.4606,-0.0297
S_77,50.98,16.81,2025-10-01,0.3430277262712484,-0.3081623543760707,0.1230546642763805
S_77,50.98,16.81,2025-11-01,0.5198,-0.558,0.0946
S_77,50.98,16.81,2025-12-01,0.5579,-0.5784,0.209
S_77,50.98,16.81,2026-01-01,0.0623504510208962,-0.167422585494535,0.0344202098906711
S_77,50.98,16.81,2026-02-01,0.3877,-0.4552,0.0055
S_77,50.98,16.81,2026-03-01,0.3923,-0.447,0.0051
S_78,51.0,16.81,2023-06-01,0.6205,-0.6,0.2777
S_78,51.0,16.81,2023-07-01,0.6386,-0.6315,0.2709
S_78,51.0,16.81,2023-08-01,0.6474,-0.6138,0.2251
S_78,51.0,16.81,2023-09-01,0.5805,-0.5689,0.0826
S_78,51.0,16.81,2023-10-01,0.4598,-0.5128,-0.0575
S_78,51.0,16.81,2023-11-01,0.4612,-0.5353,0.0173
S_78,51.0,16.81,2023-12-01,0.5429,-0.6085,0.1793
S_78,51.0,16.81,2024-01-01,0.1282,-0.1545,0.6161
S_78,51.0,16.81,2024-02-01,0.4109,-0.5058,-0.0401
S_78,51.0,16.81,2024-03-01,0.404,-0.4346,0.0096
S_78,51.0,16.81,2024-04-01,0.6120553660839994,-0.5737340783473667,0.258971814672025
S_78,51.0,16.81,2024-05-01,0.6059,-0.589,0.2108
S_78,51.0,16.81,2024-06-01,0.6743,-0.6306,0.2607
S_78,51.0,16.81,2024-07-01,0.5378,-0.5425,0.112
S_78,51.0,16.81,2024-08-01,0.5275,-0.5583,0.0606
S_78,51.0,16.81,2024-09-01,0.5547,-0.5604,0.0727
S_78,51.0,16.81,2024-10-01,0.4036,-0.481,-0.0642
S_78,51.0,16.81,2024-11-01,0.4388,-0.5024,-0.0293
S_78,51.0,16.81,2024-12-01,0.1463211862879429,-0.188694092910532,0.0639433353196971
S_78,51.0,16.81,2025-01-01,0.4349,-0.5369,-0.0213
S_78,51.0,16.81,2025-02-01,0.287,-0.3522,0.2391
S_78,51.0,16.81,2025-03-01,0.3981,-0.4645,-0.0902
S_78,51.0,16.81,2025-04-01,0.4809,-0.5101,-0.0082
S_78,51.0,16.81,2025-05-01,0.6085,-0.5928,0.2099
S_78,51.0,16.81,2025-06-01,0.7618,-0.7038,0.3774
S_78,51.0,16.81,2025-07-01,0.5702136700592499,-0.5589338299567473,0.2146879013935374
S_78,51.0,16.81,2025-08-01,0.5613,-0.5828,0.1364
S_78,51.0,16.81,2025-09-01,0.5112,-0.5391,0.0529
S_78,51.0,16.81,2025-10-01,0.3432497861978384,-0.3084134962703235,0.1229875627768911
S_78,51.0,16.81,2025-11-01,0.4395,-0.5293,-0.0443
S_78,51.0,16.81,2025-12-01,0.4433,-0.539,0.0135
S_78,51.0,16.81,2026-01-01,-0.0076124578335708,-0.0644720837920025,0.1449224017928038
S_78,51.0,16.81,2026-02-01,0.3307,-0.4403,-0.1435
S_78,51.0,16.81,2026-03-01,0.3293,-0.4161,-0.1389
S_79,51.02,16.81,2023-06-01,0.6405,-0.6196,0.3708
S_79,51.02,16.81,2023-07-01,0.495,-0.5413,0.1932
S_79,51.02,16.81,2023-08-01,0.4659,-0.4551,0.1384
S_79,51.02,16.81,2023-09-01,0.4602,-0.4905,0.0697
S_79,51.02,16.81,2023-10-01,0.4489,-0.4704,0.0496
S_79,51.02,16.81,2023-11-01,0.5411,-0.5652,0.1765
S_79,51.02,16.81,2023-12-01,0.169,-0.2091,0.0859
S_79,51.02,16.81,2024-01-01,0.2189,-0.232,0.6527
S_79,51.02,16.81,2024-02-01,0.4858,-0.5301,0.1347
S_79,51.02,16.81,2024-03-01,0.5575,-0.529,0.2211
S_79,51.02,16.81,2024-04-01,0.5210369739325676,-0.513833229287952,0.0960132426917705
S_79,51.02,16.81,2024-05-01,0.5528,-0.5554,0.2597
S_79,51.02,16.81,2024-06-01,0.5978,-0.5639,0.2303
S_79,51.02,16.81,2024-07-01,0.4837,-0.4903,0.1182
S_79,51.02,16.81,2024-08-01,0.4623,-0.4985,0.064
S_79,51.02,16.81,2024-09-01,0.46,-0.4838,0.0673
S_79,51.02,16.81,2024-10-01,0.651,-0.6093,0.3059
S_79,51.02,16.81,2024-11-01,0.4609,-0.4959,0.1058
S_79,51.02,16.81,2024-12-01,0.1965,-0.2333,0.1252
S_79,51.02,16.81,2025-01-01,0.4974,-0.5351,0.1786
S_79,51.02,16.81,2025-02-01,0.2517,-0.2687,0.5698
S_79,51.02,16.81,2025-03-01,0.5011,-0.5139,0.146
S_79,51.02,16.81,2025-04-01,0.5615,-0.5596,0.205
S_79,51.02,16.81,2025-05-01,0.5725,-0.5633,0.3104
S_79,51.02,16.81,2025-06-01,0.605,-0.6017,0.301
S_79,51.02,16.81,2025-07-01,0.479144197926855,-0.5011400497388742,0.110113520319752
S_79,51.02,16.81,2025-08-01,0.4574,-0.4983,0.0712
S_79,51.02,16.81,2025-09-01,0.393,-0.4461,0.0087
S_79,51.02,16.81,2025-10-01,0.3434828919646512,-0.3086995772294988,0.1228515585896803
S_79,51.02,16.81,2025-11-01,0.3927,-0.4751,0.0077
S_79,51.02,16.81,2025-12-01,0.4368,-0.502,0.0951
S_79,51.02,16.81,2026-01-01,-0.0168091430435667,-0.0468904872399755,0.1393886808785247
S_79,51.02,16.81,2026-02-01,0.3243,-0.408,-0.0311
S_79,51.02,16.81,2026-03-01,0.3324,-0.4009,-0.0286
S_80,51.04,16.81,2023-06-01,0.6116,-0.6045,0.2908
S_80,51.04,16.81,2023-07-01,0.4508,-0.5162,0.1092
S_80,51.04,16.81,2023-08-01,0.436,-0.4394,0.0837
S_80,51.04,16.81,2023-09-01,0.5288,-0.5416,0.0891
S_80,51.04,16.81,2023-10-01,0.5381,-0.5372,0.0805
S_80,51.04,16.81,2023-11-01,0.549,-0.5706,0.1342
S_80,51.04,16.81,2023-12-01,0.2428,-0.2711,0.0399
S_80,51.04,16.81,2024-01-01,0.1689,-0.1912,0.5959
S_80,51.04,16.81,2024-02-01,0.4532,-0.5187,0.0635
S_80,51.04,16.81,2024-03-01,0.5065,-0.4934,0.1955
S_80,51.04,16.81,2024-04-01,0.4171,-0.4608,0.0382
S_80,51.04,16.81,2024-05-01,0.5427,-0.546,0.2048
S_80,51.04,16.81,2024-06-01,0.6034,-0.5618,0.2184
S_80,51.04,16.81,2024-07-01,0.4739,-0.4825,0.1174
S_80,51.04,16.81,2024-08-01,0.587,-0.5685,0.1843
S_80,51.04,16.81,2024-09-01,0.4651,-0.4975,0.0271
S_80,51.04,16.81,2024-10-01,0.4316980430589307,-0.4433896770499816,0.0751107881693252
S_80,51.04,16.81,2024-11-01,0.4167,-0.4706,0.0007
S_80,51.04,16.81,2024-12-01,0.1767,-0.2575,0.0447
S_80,51.04,16.81,2025-01-01,0.4746,-0.519,0.0911
S_80,51.04,16.81,2025-02-01,0.2238,-0.246,0.5395
S_80,51.04,16.81,2025-03-01,0.532,-0.5317,0.0975
S_80,51.04,16.81,2025-04-01,0.6112,-0.5994,0.19
S_80,51.04,16.81,2025-05-01,0.7129,-0.6651,0.4223
S_80,51.04,16.81,2025-06-01,0.5821,-0.599,0.2624
S_80,51.04,16.81,2025-07-01,0.4709,-0.5086,0.108
S_80,51.04,16.81,2025-08-01,0.4453,-0.5029,0.0348
S_80,51.04,16.81,2025-09-01,0.4465,-0.4869,0.0109
S_80,51.04,16.81,2025-10-01,0.3437123086337391,-0.3090143423427666,0.1226215038708077
S_80,51.04,16.81,2025-11-01,0.4247,-0.5054,-0.0393
S_80,51.04,16.81,2025-12-01,0.4338,-0.5152,0.0483
S_80,51.04,16.81,2026-01-01,0.0606879570743942,-0.0919043137529677,0.0978442106247169
S_80,51.04,16.81,2026-02-01,0.3121,-0.4074,-0.0869
S_80,51.04,16.81,2026-03-01,0.3166,-0.4004,-0.0862
S_81,51.06,16.81,2023-06-01,0.5853,-0.5794,0.2595
S_81,51.06,16.81,2023-07-01,0.5088,-0.5385,0.1432
S_81,51.06,16.81,2023-08-01,0.5175,-0.4934,0.1269
S_81,51.06,16.81,2023-09-01,0.6123,-0.5869,0.1716
S_81,51.06,16.81,2023-10-01,0.5322,-0.5345,0.0667
S_81,51.06,16.81,2023-11-01,0.4726,-0.5366,0.05
S_81,51.06,16.81,2023-12-01,0.2674,-0.304,0.0851
S_81,51.06,16.81,2024-01-01,0.1631,-0.1917,0.546
S_81,51.06,16.81,2024-02-01,0.4059,-0.4892,0.0322
S_81,51.06,16.81,2024-03-01,0.4512461940714557,-0.4356763455905777,0.1654875108295162
S_81,51.06,16.81,2024-04-01,0.4892,-0.5022,0.1393
S_81,51.06,16.81,2024-05-01,0.5012,-0.5124,0.1715
S_81,51.06,16.81,2024-06-01,0.5809,-0.5571,0.1796
S_81,51.06,16.81,2024-07-01,0.6113,-0.5701,0.2055
S_81,51.06,16.81,2024-08-01,0.5786,-0.5697,0.1474
S_81,51.06,16.81,2024-09-01,0.544,-0.5445,0.1126
S_81,51.06,16.81,2024-10-01,0.4675,-0.537,0.0638
S_81,51.06,16.81,2024-11-01,0.432,-0.4849,0.0317
S_81,51.06,16.81,2024-12-01,0.327,-0.3564,0.1167
S_81,51.06,16.81,2025-01-01,0.3943,-0.4761,0.0578
S_81,51.06,16.81,2025-02-01,0.2083,-0.2447,0.4623
S_81,51.06,16.81,2025-03-01,0.4075,-0.4553,0.006
S_81,51.06,16.81,2025-04-01,0.4462,-0.4793,0.046
S_81,51.06,16.81,2025-05-01,0.5234,-0.5224,0.2
S_81,51.06,16.81,2025-06-01,0.5823,-0.5831,0.2118
S_81,51.06,16.81,2025-07-01,0.4919,-0.5089,0.0857
S_81,51.06,16.81,2025-08-01,0.5461,-0.5571,0.1106
S_81,51.06,16.81,2025-09-01,0.5535,-0.547,0.1118
S_81,51.06,16.81,2025-10-01,0.3691920282158751,-0.3359109736050598,0.1201664724890296
S_81,51.06,16.81,2025-11-01,0.4932,-0.5496,0.0527
S_81,51.06,16.81,2025-12-01,0.469,-0.5358,0.1119
S_81,51.06,16.81,2026-01-01,0.0712628527411004,-0.0934551068470311,0.1684505795231636
S_81,51.06,16.81,2026-02-01,0.3283,-0.4232,-0.0568
S_81,51.06,16.81,2026-03-01,0.326,-0.4134,-0.0565
S_82,51.08,16.81,2023-06-01,0.6885,-0.6487,0.3008
S_82,51.08,16.81,2023-07-01,0.6741,-0.6459,0.2378
S_82,51.08,16.81,2023-08-01,0.4997,-0.4803,0.1479
S_82,51.08,16.81,2023-09-01,0.7098,-0.6636,0.233
S_82,51.08,16.81,2023-10-01,0.6638,-0.6278,0.1731
S_82,51.08,16.81,2023-11-01,0.5388,-0.5875,0.0836
S_82,51.08,16.81,2023-12-01,0.2887,-0.3333,0.145
S_82,51.08,16.81,2024-01-01,0.2238,-0.2565,0.4368
S_82,51.08,16.81,2024-02-01,0.4431,-0.542,0.0035
S_82,51.08,16.81,2024-03-01,0.4457052757808768,-0.4299538209958706,0.1626798521421178
S_82,51.08,16.81,2024-04-01,0.563,-0.5427,0.1425
S_82,51.08,16.81,2024-05-01,0.5931,-0.5765,0.1712
S_82,51.08,16.81,2024-06-01,0.6846,-0.6298,0.2194
S_82,51.08,16.81,2024-07-01,0.6265,-0.5797,0.2026
S_82,51.08,16.81,2024-08-01,0.7387,-0.6842,0.2415
S_82,51.08,16.81,2024-09-01,0.5789,-0.5717,0.1661
S_82,51.08,16.81,2024-10-01,0.4862,-0.5355,-0.005
S_82,51.08,16.81,2024-11-01,0.448,-0.5013,-0.0018
S_82,51.08,16.81,2024-12-01,0.2963,-0.3262,0.0231
S_82,51.08,16.81,2025-01-01,0.4033,-0.4963,-0.0196
S_82,51.08,16.81,2025-02-01,0.2915,-0.3593,0.2601
S_82,51.08,16.81,2025-03-01,0.3861,-0.4476,-0.0834
S_82,51.08,16.81,2025-04-01,0.4475,-0.4797,-0.0364
S_82,51.08,16.81,2025-05-01,0.7113,-0.6236,0.2962
S_82,51.08,16.81,2025-06-01,0.7264,-0.6913,0.2818
S_82,51.08,16.81,2025-07-01,0.7095,-0.6629,0.2511
S_82,51.08,16.81,2025-08-01,0.743,-0.6906,0.272
S_82,51.08,16.81,2025-09-01,0.679,-0.6445,0.2038
S_82,51.08,16.81,2025-10-01,0.3693424060195913,-0.336288206088543,0.1194324719856551
S_82,51.08,16.81,2025-11-01,0.4825,-0.562,-0.0037
S_82,51.08,16.81,2025-12-01,0.4556,-0.5552,0.0187
S_82,51.08,16.81,2026-01-01,0.0742366069370966,-0.0886828594900413,0.275275653917781
S_82,51.08,16.81,2026-02-01,0.339,-0.4464,-0.1152
S_82,51.08,16.81,2026-03-01,0.3376,-0.4294,-0.107
S_83,51.1,16.81,2023-06-01,0.7129,-0.6579,0.2904
S_83,51.1,16.81,2023-07-01,0.7208,-0.6693,0.2486
S_83,51.1,16.81,2023-08-01,0.579,-0.5504,0.1707
S_83,51.1,16.81,2023-09-01,0.771,-0.7029,0.2697
S_83,51.1,16.81,2023-10-01,0.6999,-0.6493,0.1866
S_83,51.1,16.81,2023-11-01,0.5714,-0.6129,0.0837
S_83,51.1,16.81,2023-12-01,0.338,-0.3908,0.1752
S_83,51.1,16.81,2024-01-01,0.2687,-0.3069,0.3413
S_83,51.1,16.81,2024-02-01,0.466,-0.5637,-0.0045
S_83,51.1,16.81,2024-03-01,0.2864439990599548,-0.2840115403875067,0.118037482689074
S_83,51.1,16.81,2024-04-01,0.6514,-0.5965,0.1936
S_83,51.1,16.81,2024-05-01,0.7107,-0.6455,0.2614
S_83,51.1,16.81,2024-06-01,0.7027,-0.642,0.2216
S_83,51.1,16.81,2024-07-01,0.6283,-0.5915,0.1484
S_83,51.1,16.81,2024-08-01,0.6959,-0.6506,0.1814
S_83,51.1,16.81,2024-09-01,0.6471,-0.6182,0.1735
S_83,51.1,16.81,2024-10-01,0.606,-0.6011,0.0634
S_83,51.1,16.81,2024-11-01,0.5618,-0.5591,0.0787
S_83,51.1,16.81,2024-12-01,0.3695,-0.3781,0.065
S_83,51.1,16.81,2025-01-01,0.4925,-0.5587,0.0344
S_83,51.1,16.81,2025-02-01,0.3672,-0.4381,0.2247
S_83,51.1,16.81,2025-03-01,0.4264,-0.482,-0.0574
S_83,51.1,16.81,2025-04-01,0.4726,-0.5083,-0.0362
S_83,51.1,16.81,2025-05-01,0.621,-0.574,0.1897
S_83,51.1,16.81,2025-06-01,0.7469,-0.6959,0.291
S_83,51.1,16.81,2025-07-01,0.6926,-0.6347,0.2414
S_83,51.1,16.81,2025-08-01,0.7662,-0.7025,0.2784
S_83,51.1,16.81,2025-09-01,0.6966,-0.6648,0.1975
S_83,51.1,16.81,2025-10-01,0.3694925696835205,-0.3367220765961428,0.1185252867699663
S_83,51.1,16.81,2025-11-01,0.5281,-0.6009,0.0084
S_83,51.1,16.81,2025-12-01,0.5086,-0.599,0.0334
S_83,51.1,16.81,2026-01-01,0.0776434503010456,-0.0791469498483054,0.2960664120299779
S_83,51.1,16.81,2026-02-01,0.3728,-0.4762,-0.1094
S_83,51.1,16.81,2026-03-01,0.3687,-0.4576,-0.1028
S_84,51.12,16.81,2023-06-01,0.7069,-0.6478,0.3757
S_84,51.12,16.81,2023-07-01,0.5168,-0.5443,0.1174
S_84,51.12,16.81,2023-08-01,0.5802,-0.5602,0.1341
S_84,51.12,16.81,2023-09-01,0.6325,-0.5904,0.1628
S_84,51.12,16.81,2023-10-01,0.4115,-0.4588,-0.0137
S_84,51.12,16.81,2023-11-01,0.5415,-0.565,0.1035
S_84,51.12,16.81,2023-12-01,0.4702,-0.5065,0.2313
S_84,51.12,16.81,2024-01-01,0.3057,-0.3381,0.3269
S_84,51.12,16.81,2024-02-01,0.5137,-0.5552,0.1076
S_84,51.12,16.81,2024-03-01,0.2041237349319497,-0.2090455945991885,0.0950905626121305
S_84,51.12,16.81,2024-04-01,0.6334,-0.5884,0.2251
S_84,51.12,16.81,2024-05-01,0.6266,-0.5966,0.2369
S_84,51.12,16.81,2024-06-01,0.5904,-0.5593,0.1524
S_84,51.12,16.81,2024-07-01,0.5248,-0.526,0.0648
S_84,51.12,16.81,2024-08-01,0.5607,-0.5549,0.0792
S_84,51.12,16.81,2024-09-01,0.6759,-0.631,0.2241
S_84,51.12,16.81,2024-10-01,0.6121,-0.5986,0.1523
S_84,51.12,16.81,2024-11-01,0.56,-0.5472,0.1558
S_84,51.12,16.81,2024-12-01,0.3479,-0.3614,0.1067
S_84,51.12,16.81,2025-01-01,0.46,-0.5284,0.065
S_84,51.12,16.81,2025-02-01,0.3395,-0.4062,0.2236
S_84,51.12,16.81,2025-03-01,0.4078,-0.4598,-0.0225
S_84,51.12,16.81,2025-04-01,0.4807,-0.5006,0.0222
S_84,51.12,16.81,2025-05-01,0.5533,-0.5422,0.1734
S_84,51.12,16.81,2025-06-01,0.589,-0.5853,0.1535
S_84,51.12,16.81,2025-07-01,0.6654,-0.6219,0.225
S_84,51.12,16.81,2025-08-01,0.6745,-0.6373,0.2156
S_84,51.12,16.81,2025-09-01,0.5832,-0.5764,0.1209
S_84,51.12,16.81,2025-10-01,0.3696407609283471,-0.3372006935662567,0.117478060790216
S_84,51.12,16.81,2025-11-01,0.4613,-0.5334,-0.0185
S_84,51.12,16.81,2025-12-01,0.443,-0.5313,0.0406
S_84,51.12,16.81,2026-01-01,0.023,-0.0467,0.2618
S_84,51.12,16.81,2026-02-01,0.3323,-0.4329,-0.0861
S_84,51.12,16.81,2026-03-01,0.3332,-0.4224,-0.0863
S_85,51.14,16.81,2023-06-01,0.632,-0.602,0.2766
S_85,51.14,16.81,2023-07-01,0.6088,-0.6097,0.171
S_85,51.14,16.81,2023-08-01,0.5868,-0.5752,0.1207
S_85,51.14,16.81,2023-09-01,0.626,-0.5983,0.1757
S_85,51.14,16.81,2023-10-01,0.5528,-0.559,0.083
S_85,51.14,16.81,2023-11-01,0.556,-0.5867,0.1134
S_85,51.14,16.81,2023-12-01,0.4316,-0.4813,0.1835
S_85,51.14,16.81,2024-01-01,0.3529,-0.4003,0.2621
S_85,51.14,16.81,2024-02-01,0.5035,-0.5679,0.0795
S_85,51.14,16.81,2024-03-01,0.1371030017156688,-0.147988741305173,0.0763618779316248
S_85,51.14,16.81,2024-04-01,0.5865,-0.562,0.1796
S_85,51.14,16.81,2024-05-01,0.6466,-0.6046,0.2374
S_85,51.14,16.81,2024-06-01,0.6687,-0.6033,0.2243
S_85,51.14,16.81,2024-07-01,0.5551,-0.5369,0.0754
S_85,51.14,16.81,2024-08-01,0.5827,-0.563,0.0917
S_85,51.14,16.81,2024-09-01,0.617,-0.5965,0.1155
S_85,51.14,16.81,2024-10-01,0.4646,-0.5118,-0.0289
S_85,51.14,16.81,2024-11-01,0.5399,-0.5487,0.0854
S_85,51.14,16.81,2024-12-01,0.3074,-0.336,0.0102
S_85,51.14,16.81,2025-01-01,0.4286,-0.5134,-0.0039
S_85,51.14,16.81,2025-02-01,0.3114,-0.3791,0.2764
S_85,51.14,16.81,2025-03-01,0.4327,-0.4744,-0.037
S_85,51.14,16.81,2025-04-01,0.522,-0.5307,0.0297
S_85,51.14,16.81,2025-05-01,0.626,-0.5939,0.2507
S_85,51.14,16.81,2025-06-01,0.5925,-0.5964,0.1756
S_85,51.14,16.81,2025-07-01,0.6725,-0.6243,0.2184
S_85,51.14,16.81,2025-08-01,0.634,-0.6236,0.1572
S_85,51.14,16.81,2025-09-01,0.6013,-0.5919,0.143
S_85,51.14,16.81,2025-10-01,0.3636206072202439,-0.3401944533971027,0.0990826894120134
S_85,51.14,16.81,2025-11-01,0.4718,-0.5501,0.0041
S_85,51.14,16.81,2025-12-01,0.4741,-0.5465,0.0606
S_85,51.14,16.81,2026-01-01,0.0593461858214897,-0.0592109808313811,0.5118260944986257
S_85,51.14,16.81,2026-02-01,0.3492,-0.4378,-0.046
S_85,51.14,16.81,2026-03-01,0.3529,-0.4288,-0.041
S_86,51.16,16.81,2023-06-01,0.5957,-0.5716,0.2576
S_86,51.16,16.81,2023-07-01,0.4179,-0.4671,0.0383
S_86,51.16,16.81,2023-08-01,0.4226,-0.4365,-0.0016
S_86,51.16,16.81,2023-09-01,0.4751,-0.4784,0.0468
S_86,51.16,16.81,2023-10-01,0.4733,-0.4837,0.028
S_86,51.16,16.81,2023-11-01,0.4786,-0.5189,0.0863
S_86,51.16,16.81,2023-12-01,0.3873,-0.428,0.1223
S_86,51.16,16.81,2024-01-01,0.2849,-0.3469,0.1699
S_86,51.16,16.81,2024-02-01,0.3923,-0.4681,0.0529
S_86,51.16,16.81,2024-03-01,0.1546657768516184,-0.1640167425869674,0.0813235921795019
S_86,51.16,16.81,2024-04-01,0.5113,-0.4975,0.1473
S_86,51.16,16.81,2024-05-01,0.5332,-0.52,0.1683
S_86,51.16,16.81,2024-06-01,0.542,-0.5115,0.1394
S_86,51.16,16.81,2024-07-01,0.3885,-0.4074,0.0035
S_86,51.16,16.81,2024-08-01,0.4792,-0.485,0.0548
S_86,51.16,16.81,2024-09-01,0.5117,-0.5105,0.086
S_86,51.16,16.81,2024-10-01,0.4106,-0.4574,-0.0176
S_86,51.16,16.81,2024-11-01,0.1889,-0.1825,0.0514
S_86,51.16,16.81,2024-12-01,0.2894,-0.3059,0.0465
S_86,51.16,16.81,2025-01-01,0.3863,-0.4504,0.0437
S_86,51.16,16.81,2025-02-01,0.2455,-0.3051,0.3223
S_86,51.16,16.81,2025-03-01,0.3575,-0.4094,-0.0204
S_86,51.16,16.81,2025-04-01,0.409,-0.4405,0.0151
S_86,51.16,16.81,2025-05-01,0.558,-0.5275,0.195
S_86,51.16,16.81,2025-06-01,0.5167,-0.5272,0.1395
S_86,51.16,16.81,2025-07-01,0.4153,-0.4397,0.0149
S_86,51.16,16.81,2025-08-01,0.5044,-0.5097,0.0676
S_86,51.16,16.81,2025-09-01,0.4916,-0.4974,0.0729
S_86,51.16,16.81,2025-10-01,0.3630421157411831,-0.3400739254047173,0.097982516860425
S_86,51.16,16.81,2025-11-01,0.4615,-0.5088,0.0451
S_86,51.16,16.81,2025-12-01,0.4401,-0.4913,0.112
S_86,51.16,16.81,2026-01-01,0.0466,-0.0298,0.6669
S_86,51.16,16.81,2026-02-01,0.3119,-0.3968,-0.0622
S_86,51.16,16.81,2026-03-01,0.3024,-0.3837,-0.0614
S_87,51.18,16.81,2023-06-01,0.697,-0.6494,0.2983
S_87,51.18,16.81,2023-07-01,0.5553,-0.5689,0.1212
S_87,51.18,16.81,2023-08-01,0.5379,-0.523,0.0999
S_87,51.18,16.81,2023-09-01,0.5991,-0.5767,0.135
S_87,51.18,16.81,2023-10-01,0.5417,-0.5363,0.0822
S_87,51.18,16.81,2023-11-01,0.5921,-0.6164,0.1557
S_87,51.18,16.81,2023-12-01,0.4731,-0.4756,0.2074
S_87,51.18,16.81,2024-01-01,0.3677,-0.4108,0.2383
S_87,51.18,16.81,2024-02-01,0.499,-0.5735,0.0978
S_87,51.18,16.81,2024-03-01,0.203238370133854,-0.2155467844057082,0.0486035822420828
S_87,51.18,16.81,2024-04-01,0.5708,-0.5447,0.1552
S_87,51.18,16.81,2024-05-01,0.6082,-0.5772,0.1997
S_87,51.18,16.81,2024-06-01,0.6563,-0.5959,0.224
S_87,51.18,16.81,2024-07-01,0.6637,-0.6026,0.213
S_87,51.18,16.81,2024-08-01,0.6744,-0.6322,0.1892
S_87,51.18,16.81,2024-09-01,0.6741,-0.6368,0.1934
S_87,51.18,16.81,2024-10-01,0.5028,-0.5416,0.0195
S_87,51.18,16.81,2024-11-01,0.5465,-0.5458,0.1067
S_87,51.18,16.81,2024-12-01,0.2837,-0.2777,0.1127
S_87,51.18,16.81,2025-01-01,0.4574,-0.5166,0.0629
S_87,51.18,16.81,2025-02-01,0.3539,-0.4093,0.2327
S_87,51.18,16.81,2025-03-01,0.4274,-0.4682,-0.0261
S_87,51.18,16.81,2025-04-01,0.4865,-0.5091,0.0112
S_87,51.18,16.81,2025-05-01,0.7007,-0.6487,0.3494
S_87,51.18,16.81,2025-06-01,0.6539,-0.6374,0.2333
S_87,51.18,16.81,2025-07-01,0.4723,-0.481,0.0553
S_87,51.18,16.81,2025-08-01,0.6372,-0.6123,0.1597
S_87,51.18,16.81,2025-09-01,0.6273,-0.606,0.1584
S_87,51.18,16.81,2025-10-01,0.362468525823315,-0.3399490613304081,0.0969505500504528
S_87,51.18,16.81,2025-11-01,0.5553,-0.6016,0.0648
S_87,51.18,16.81,2025-12-01,0.4988,-0.5329,0.1318
S_87,51.18,16.81,2026-01-01,0.2519,-0.2353,0.5391
S_87,51.18,16.81,2026-02-01,0.3867,-0.4677,-0.0652
S_87,51.18,16.81,2026-03-01,0.3696,-0.4492,-0.0734
S_88,51.2,16.81,2023-06-01,0.7438,-0.6874,0.3281
S_88,51.2,16.81,2023-07-01,0.6084,-0.6036,0.185
S_88,51.2,16.81,2023-08-01,0.5932,-0.5595,0.172
S_88,51.2,16.81,2023-09-01,0.6293,-0.6053,0.1692
S_88,51.2,16.81,2023-10-01,0.697,-0.6106,0.2381
S_88,51.2,16.81,2023-11-01,0.6933,-0.6766,0.2429
S_88,51.2,16.81,2023-12-01,0.5616,-0.5398,0.2214
S_88,51.2,16.81,2024-01-01,0.4622,-0.4866,0.2811
S_88,51.2,16.81,2024-02-01,0.5747,-0.6265,0.1098
S_88,51.2,16.81,2024-03-01,0.2373218389460972,-0.248063781216684,0.0500419138346841
S_88,51.2,16.81,2024-04-01,0.5276,-0.5205,0.0902
S_88,51.2,16.81,2024-05-01,0.5557,-0.5383,0.1352
S_88,51.2,16.81,2024-06-01,0.6533,-0.595,0.2058
S_88,51.2,16.81,2024-07-01,0.6839,-0.6266,0.2287
S_88,51.2,16.81,2024-08-01,0.7669,-0.7076,0.2754
S_88,51.2,16.81,2024-09-01,0.7251,-0.6833,0.2406
S_88,51.2,16.81,2024-10-01,0.5946,-0.5987,0.1169
S_88,51.2,16.81,2024-11-01,0.5516,-0.5484,0.1402
S_88,51.2,16.81,2024-12-01,0.2854,-0.26,0.1586
S_88,51.2,16.81,2025-01-01,0.5352,-0.5656,0.1413
S_88,51.2,16.81,2025-02-01,0.451,-0.4712,0.2876
S_88,51.2,16.81,2025-03-01,0.4744,-0.4962,0.0226
S_88,51.2,16.81,2025-04-01,0.5248,-0.5356,0.0411
S_88,51.2,16.81,2025-05-01,0.6768,-0.6111,0.2695
S_88,51.2,16.81,2025-06-01,0.7149,-0.6876,0.2878
S_88,51.2,16.81,2025-07-01,0.6715,-0.6272,0.2187
S_88,51.2,16.81,2025-08-01,0.7358,-0.6767,0.2663
S_88,51.2,16.81,2025-09-01,0.7098,-0.6708,0.2453
S_88,51.2,16.81,2025-10-01,0.3619242318140043,-0.3398165467244033,0.0960552504788182
S_88,51.2,16.81,2025-11-01,0.6062,-0.6443,0.1075
S_88,51.2,16.81,2025-12-01,0.5191,-0.5415,0.1511
S_88,51.2,16.81,2026-01-01,0.3094,-0.2938,0.5337
S_88,51.2,16.81,2026-02-01,0.4575,-0.5136,-0.0231
S_88,51.2,16.81,2026-03-01,0.4502,-0.5027,-0.0265
S_89,51.22,16.81,2023-06-01,0.7267,-0.6793,0.3552
S_89,51.22,16.81,2023-07-01,0.5656,-0.5834,0.1483
S_89,51.22,16.81,2023-08-01,0.5891,-0.5593,0.1162
S_89,51.22,16.81,2023-09-01,0.5879,-0.5774,0.1194
S_89,51.22,16.81,2023-10-01,0.7925,-0.7352,0.2979
S_89,51.22,16.81,2023-11-01,0.6262,-0.623,0.1661
S_89,51.22,16.81,2023-12-01,0.5081,-0.5057,0.1469
S_89,51.22,16.81,2024-01-01,0.332,-0.3861,0.272
S_89,51.22,16.81,2024-02-01,0.4601,-0.5465,0.0419
S_89,51.22,16.81,2024-03-01,0.3106006562153317,-0.3119895450051753,0.0632414617588352
S_89,51.22,16.81,2024-04-01,0.4962,-0.5088,0.0914
S_89,51.22,16.81,2024-05-01,0.5304,-0.5318,0.1396
S_89,51.22,16.81,2024-06-01,0.6533,-0.6043,0.2317
S_89,51.22,16.81,2024-07-01,0.65,-0.6052,0.2256
S_89,51.22,16.81,2024-08-01,0.679,-0.64,0.2059
S_89,51.22,16.81,2024-09-01,0.6283,-0.608,0.1458
S_89,51.22,16.81,2024-10-01,0.5072,-0.5401,0.0266
S_89,51.22,16.81,2024-11-01,0.4814,-0.5036,0.0567
S_89,51.22,16.81,2024-12-01,0.1854,-0.1553,0.1234
S_89,51.22,16.81,2025-01-01,0.4132,-0.4824,0.0554
S_89,51.22,16.81,2025-02-01,0.3068,-0.367,0.2814
S_89,51.22,16.81,2025-03-01,0.3763,-0.4403,-0.0489
S_89,51.22,16.81,2025-04-01,0.4393,-0.4831,-0.0088
S_89,51.22,16.81,2025-05-01,0.5983,-0.5717,0.1968
S_89,51.22,16.81,2025-06-01,0.6854,-0.6592,0.2655
S_89,51.22,16.81,2025-07-01,0.625,-0.5936,0.1805
S_89,51.22,16.81,2025-08-01,0.6631,-0.6399,0.1756
S_89,51.22,16.81,2025-09-01,0.6068,-0.6032,0.1262
S_89,51.22,16.81,2025-10-01,0.3375816080627555,-0.3281805444940606,0.0706623459501916
S_89,51.22,16.81,2025-11-01,0.4405,-0.5337,-0.0426
S_89,51.22,16.81,2025-12-01,0.358,-0.438,0.0438
S_89,51.22,16.81,2026-01-01,0.1502,-0.1759,0.5014
S_89,51.22,16.81,2026-02-01,0.3071,-0.4176,-0.1202
S_89,51.22,16.81,2026-03-01,0.3067,-0.4137,-0.1179
S_90,51.24,16.81,2023-06-01,0.653,-0.6138,0.3008
S_90,51.24,16.81,2023-07-01,0.5867,-0.5786,0.174
S_90,51.24,16.81,2023-08-01,0.518,-0.4737,0.1509
S_90,51.24,16.81,2023-09-01,0.5914,-0.572,0.1329
S_90,51.24,16.81,2023-10-01,0.5005,-0.5105,0.0518
S_90,51.24,16.81,2023-11-01,0.4563,-0.521,0.0329
S_90,51.24,16.81,2023-12-01,0.3683,-0.4213,0.0741
S_90,51.24,16.81,2024-01-01,0.2623,-0.3322,0.1785
S_90,51.24,16.81,2024-02-01,0.3685,-0.4557,0.023
S_90,51.24,16.81,2024-03-01,0.3344709763454053,-0.3337712137759085,0.066898893556007
S_90,51.24,16.81,2024-04-01,0.5455,-0.5331,0.1429
S_90,51.24,16.81,2024-05-01,0.5859,-0.5657,0.2019
S_90,51.24,16.81,2024-06-01,0.6254,-0.5805,0.2125
S_90,51.24,16.81,2024-07-01,0.5429,-0.523,0.1149
S_90,51.24,16.81,2024-08-01,0.5701,-0.5618,0.099
S_90,51.24,16.81,2024-09-01,0.5589,-0.5512,0.1049
S_90,51.24,16.81,2024-10-01,0.4332,-0.4858,-0.0198
S_90,51.24,16.81,2024-11-01,0.4191,-0.4591,0.0234
S_90,51.24,16.81,2024-12-01,0.1569665940279892,-0.1156826186426235,0.1324342997019523
S_90,51.24,16.81,2025-01-01,0.3253,-0.4173,-0.0258
S_90,51.24,16.81,2025-02-01,0.272,-0.3608,0.1328
S_90,51.24,16.81,2025-03-01,0.276,-0.3613,-0.1076
S_90,51.24,16.81,2025-04-01,0.3389,-0.4011,-0.0753
S_90,51.24,16.81,2025-05-01,0.5454,-0.5269,0.1589
S_90,51.24,16.81,2025-06-01,0.632,-0.613,0.2063
S_90,51.24,16.81,2025-07-01,0.579,-0.5659,0.1251
S_90,51.24,16.81,2025-08-01,0.6354,-0.6102,0.1604
S_90,51.24,16.81,2025-09-01,0.6265,-0.5928,0.1583
S_90,51.24,16.81,2025-10-01,0.3531376778686294,-0.3429413937369678,0.0759023354944909
S_90,51.24,16.81,2025-11-01,0.4782,-0.5318,0.0232
S_90,51.24,16.81,2025-12-01,0.3995,-0.456,0.115
S_90,51.24,16.81,2026-01-01,0.16,-0.188,0.4818
S_90,51.24,16.81,2026-02-01,0.2693,-0.3758,-0.1161
S_90,51.24,16.81,2026-03-01,0.2619,-0.3707,-0.131
S_91,50.96,16.83,2023-06-01,0.7526,-0.6915,0.4203
S_91,50.96,16.83,2023-07-01,0.5614,-0.5817,0.2079
S_91,50.96,16.83,2023-08-01,0.5805,-0.5544,0.1296
S_91,50.96,16.83,2023-09-01,0.6195,-0.5949,0.1502
S_91,50.96,16.83,2023-10-01,0.5362,-0.5558,0.0135
S_91,50.96,16.83,2023-11-01,0.6196,-0.6187,0.156
S_91,50.96,16.83,2023-12-01,0.449,-0.5012,0.2363
S_91,50.96,16.83,2024-01-01,0.1682,-0.1889,0.6655
S_91,50.96,16.83,2024-02-01,0.503,-0.5654,0.0488
S_91,50.96,16.83,2024-03-01,0.5359,-0.5303,0.1017
S_91,50.96,16.83,2024-04-01,0.6644,-0.6315,0.278
S_91,50.96,16.83,2024-05-01,0.6562,-0.6241,0.2696
S_91,50.96,16.83,2024-06-01,0.6869,-0.6297,0.2636
S_91,50.96,16.83,2024-07-01,0.5156,-0.5119,0.1009
S_91,50.96,16.83,2024-08-01,0.6059,-0.5951,0.1235
S_91,50.96,16.83,2024-09-01,0.5871,-0.5846,0.1097
S_91,50.96,16.83,2024-10-01,0.4808,-0.5226,-0.0191
S_91,50.96,16.83,2024-11-01,0.4959,-0.5322,0.0296
S_91,50.96,16.83,2024-12-01,0.2147,-0.3145,0.0077
S_91,50.96,16.83,2025-01-01,0.4806,-0.5663,0.0248
S_91,50.96,16.83,2025-02-01,0.2371,-0.2728,0.4125
S_91,50.96,16.83,2025-03-01,0.4343,-0.4888,-0.0501
S_91,50.96,16.83,2025-04-01,0.5016,-0.5211,0.0116
S_91,50.96,16.83,2025-05-01,0.7233,-0.6581,0.3252
S_91,50.96,16.83,2025-06-01,0.7003,-0.6663,0.358
S_91,50.96,16.83,2025-07-01,0.6269371194218909,-0.6002020018521438,0.2815814505375394
S_91,50.96,16.83,2025-08-01,0.5393,-0.5677,0.1059
S_91,50.96,16.83,2025-09-01,0.5804,-0.5852,0.1011
S_91,50.96,16.83,2025-10-01,0.3124318752627428,-0.2761063633950408,0.1162985896246884
S_91,50.96,16.83,2025-11-01,0.5088,-0.5609,0.011
S_91,50.96,16.83,2025-12-01,0.463,-0.5402,0.0332
S_91,50.96,16.83,2026-01-01,0.2654630971257228,-0.4253221091839382,-0.1168967334970743
S_91,50.96,16.83,2026-02-01,0.3211,-0.4362,-0.1423
S_91,50.96,16.83,2026-03-01,0.3167,-0.4147,-0.1333
S_92,50.98,16.83,2023-06-01,0.6775,-0.6362,0.3094
S_92,50.98,16.83,2023-07-01,0.6348,-0.6203,0.244
S_92,50.98,16.83,2023-08-01,0.5996,-0.5497,0.2011
S_92,50.98,16.83,2023-09-01,0.6231,-0.619,0.1741
S_92,50.98,16.83,2023-10-01,0.5434,-0.5614,0.0605
S_92,50.98,16.83,2023-11-01,0.6267,-0.629,0.1746
S_92,50.98,16.83,2023-12-01,0.5603,-0.5039,0.4967
S_92,50.98,16.83,2024-01-01,0.1956,-0.2126,0.6084
S_92,50.98,16.83,2024-02-01,0.4986,-0.5662,0.0361
S_92,50.98,16.83,2024-03-01,0.4654,-0.4825,0.0546
S_92,50.98,16.83,2024-04-01,0.6350233480236547,-0.6036564612175859,0.2766468185953017
S_92,50.98,16.83,2024-05-01,0.6304,-0.5988,0.2415
S_92,50.98,16.83,2024-06-01,0.6457,-0.6079,0.2534
S_92,50.98,16.83,2024-07-01,0.5685,-0.5531,0.1497
S_92,50.98,16.83,2024-08-01,0.6763,-0.6433,0.2024
S_92,50.98,16.83,2024-09-01,0.586,-0.5867,0.1314
S_92,50.98,16.83,2024-10-01,0.504,-0.5461,-0.0125
S_92,50.98,16.83,2024-11-01,0.484,-0.5321,0.0075
S_92,50.98,16.83,2024-12-01,0.1795,-0.175,0.1256
S_92,50.98,16.83,2025-01-01,0.4164,-0.5265,-0.041
S_92,50.98,16.83,2025-02-01,0.2671,-0.3291,0.2806
S_92,50.98,16.83,2025-03-01,0.3496,-0.4327,-0.1138
S_92,50.98,16.83,2025-04-01,0.388,-0.4453,-0.0798
S_92,50.98,16.83,2025-05-01,0.5394,-0.5273,0.1296
S_92,50.98,16.83,2025-06-01,0.7342,-0.6916,0.3097
S_92,50.98,16.83,2025-07-01,0.657108332256571,-0.6200564568581047,0.3065439887167112
S_92,50.98,16.83,2025-08-01,0.7266,-0.684,0.2724
S_92,50.98,16.83,2025-09-01,0.6089,-0.6132,0.1374
S_92,50.98,16.83,2025-10-01,0.3131209593647913,-0.2766856005595384,0.1167635617412325
S_92,50.98,16.83,2025-11-01,0.4243,-0.5183,-0.0597
S_92,50.98,16.83,2025-12-01,0.3934,-0.518,-0.0715
S_92,50.98,16.83,2026-01-01,0.2002636385972943,-0.3456408708375746,-0.0542850398667766
S_92,50.98,16.83,2026-02-01,0.3018,-0.4186,-0.1588
S_92,50.98,16.83,2026-03-01,0.3037,-0.3973,-0.1489
S_93,51.0,16.83,2023-06-01,0.7013,-0.6704,0.3652
S_93,51.0,16.83,2023-07-01,0.4781,-0.5299,0.1263
S_93,51.0,16.83,2023-08-01,0.42,-0.4676,0.0085
S_93,51.0,16.83,2023-09-01,0.4065,-0.4567,-0.0603
S_93,51.0,16.83,2023-10-01,0.4036,-0.4585,-0.0514
S_93,51.0,16.83,2023-11-01,0.5877,-0.5909,0.1649
S_93,51.0,16.83,2023-12-01,0.1956,-0.1843,0.5252
S_93,51.0,16.83,2024-01-01,0.2014,-0.2133,0.6688
S_93,51.0,16.83,2024-02-01,0.4735,-0.5393,0.0427
S_93,51.0,16.83,2024-03-01,0.4261,-0.4342,0.0488
S_93,51.0,16.83,2024-04-01,0.6228426488233378,-0.5834414965148053,0.2475452574340803
S_93,51.0,16.83,2024-05-01,0.5493,-0.5519,0.1834
S_93,51.0,16.83,2024-06-01,0.5646,-0.5538,0.1352
S_93,51.0,16.83,2024-07-01,0.4309,-0.4634,-0.0201
S_93,51.0,16.83,2024-08-01,0.4989,-0.5256,0.0396
S_93,51.0,16.83,2024-09-01,0.4962,-0.5132,0.0538
S_93,51.0,16.83,2024-10-01,0.4782,-0.5228,0.0633
S_93,51.0,16.83,2024-11-01,0.5209,-0.5455,0.0965
S_93,51.0,16.83,2024-12-01,0.1674480230760916,-0.2047674768379974,0.0717965315772382
S_93,51.0,16.83,2025-01-01,0.4939,-0.5507,0.1052
S_93,51.0,16.83,2025-02-01,0.3103,-0.3472,0.3618
S_93,51.0,16.83,2025-03-01,0.471,-0.5038,0.056
S_93,51.0,16.83,2025-04-01,0.5455,-0.5494,0.1197
S_93,51.0,16.83,2025-05-01,0.6248,-0.594,0.3063
S_93,51.0,16.83,2025-06-01,0.6569,-0.6197,0.3383
S_93,51.0,16.83,2025-07-01,0.5575821668903739,-0.5460993810994116,0.2339090788228026
S_93,51.0,16.83,2025-08-01,0.4414,-0.4946,0.0338
S_93,51.0,16.83,2025-09-01,0.4634,-0.4995,0.0255
S_93,51.0,16.83,2025-10-01,0.3433056986133276,-0.3083294422196243,0.1233970353105571
S_93,51.0,16.83,2025-11-01,0.3892,-0.4797,-0.0513
S_93,51.0,16.83,2025-12-01,0.4258,-0.5113,0.0169
S_93,51.0,16.83,2026-01-01,0.0752421569774355,-0.2124035766302144,-0.0104751923764931
S_93,51.0,16.83,2026-02-01,0.2989,-0.4054,-0.1169
S_93,51.0,16.83,2026-03-01,0.3055,-0.3923,-0.1092
S_94,51.02,16.83,2023-06-01,0.7206,-0.684,0.4618
S_94,51.02,16.83,2023-07-01,0.5095,-0.5452,0.2463
S_94,51.02,16.83,2023-08-01,0.3884,-0.42,0.0272
S_94,51.02,16.83,2023-09-01,0.4271,-0.4654,0.0244
S_94,51.02,16.83,2023-10-01,0.4075,-0.4497,-0.0126
S_94,51.02,16.83,2023-11-01,0.5518,-0.5652,0.1749
S_94,51.02,16.83,2023-12-01,0.1897106120010842,-0.2155660542492784,0.1704794007296579
S_94,51.02,16.83,2024-01-01,0.2464,-0.2525,0.6613
S_94,51.02,16.83,2024-02-01,0.4829,-0.5222,0.1206
S_94,51.02,16.83,2024-03-01,0.4848,-0.4631,0.1665
S_94,51.02,16.83,2024-04-01,0.5279151840040744,-0.5294352579387364,0.1509751161200439
S_94,51.02,16.83,2024-05-01,0.5584,-0.5658,0.2587
S_94,51.02,16.83,2024-06-01,0.5976,-0.575,0.2261
S_94,51.02,16.83,2024-07-01,0.4596,-0.487,0.0617
S_94,51.02,16.83,2024-08-01,0.4922,-0.524,0.066
S_94,51.02,16.83,2024-09-01,0.4227,-0.4709,0.0152
S_94,51.02,16.83,2024-10-01,0.3045,-0.3805,-0.125
S_94,51.02,16.83,2024-11-01,0.3568,-0.4272,-0.016
S_94,51.02,16.83,2024-12-01,0.1476413415494819,-0.1983671538688233,0.0710241112956893
S_94,51.02,16.83,2025-01-01,0.4321,-0.4894,0.1004
S_94,51.02,16.83,2025-02-01,0.2488,-0.2671,0.4882
S_94,51.02,16.83,2025-03-01,0.4728,-0.493,0.086
S_94,51.02,16.83,2025-04-01,0.5451,-0.5471,0.1632
S_94,51.02,16.83,2025-05-01,0.5873,-0.5926,0.2807
S_94,51.02,16.83,2025-06-01,0.6579,-0.634,0.3307
S_94,51.02,16.83,2025-07-01,0.4057695272324754,-0.44873500345384,0.0555799169319499
S_94,51.02,16.83,2025-08-01,0.4326,-0.5016,0.0383
S_94,51.02,16.83,2025-09-01,0.4265,-0.4715,0.0193
S_94,51.02,16.83,2025-10-01,0.3436005291155495,-0.3086610039441758,0.1233111460776327
S_94,51.02,16.83,2025-11-01,0.4392,-0.5075,0.026
S_94,51.02,16.83,2025-12-01,0.463,-0.5199,0.1351
S_94,51.02,16.83,2026-01-01,0.0038320411262546,-0.1393650276512323,0.0489913421034726
S_94,51.02,16.83,2026-02-01,0.3376,-0.4217,-0.0326
S_94,51.02,16.83,2026-03-01,0.3478,-0.4126,-0.0306
S_95,51.04,16.83,2023-06-01,0.5781,-0.5691,0.2676
S_95,51.04,16.83,2023-07-01,0.4321,-0.4899,0.0719
S_95,51.04,16.83,2023-08-01,0.5589,-0.5352,0.1182
S_95,51.04,16.83,2023-09-01,0.5806,-0.572,0.1201
S_95,51.04,16.83,2023-10-01,0.5379,-0.5441,0.055
S_95,51.04,16.83,2023-11-01,0.5248,-0.5736,0.0754
S_95,51.04,16.83,2023-12-01,0.2056,-0.2648,-0.0284
S_95,51.04,16.83,2024-01-01,0.1767,-0.1967,0.5978
S_95,51.04,16.83,2024-02-01,0.4806,-0.539,0.0476
S_95,51.04,16.83,2024-03-01,0.5342,-0.5138,0.1881
S_95,51.04,16.83,2024-04-01,0.4683,-0.4812,0.0421
S_95,51.04,16.83,2024-05-01,0.5403,-0.5406,0.1986
S_95,51.04,16.83,2024-06-01,0.5601,-0.5327,0.1997
S_95,51.04,16.83,2024-07-01,0.4786,-0.4799,0.0855
S_95,51.04,16.83,2024-08-01,0.5251,-0.5408,0.0864
S_95,51.04,16.83,2024-09-01,0.5331,-0.5374,0.0736
S_95,51.04,16.83,2024-10-01,0.3906206391491237,-0.4501937602702958,-0.0284552330221072
S_95,51.04,16.83,2024-11-01,0.4066,-0.4728,-0.0612
S_95,51.04,16.83,2024-12-01,0.0904,-0.1063,0.0578
S_95,51.04,16.83,2025-01-01,0.4633,-0.5197,0.023
S_95,51.04,16.83,2025-02-01,0.3275,-0.3656,0.2729
S_95,51.04,16.83,2025-03-01,0.4727,-0.4923,0.0217
S_95,51.04,16.83,2025-04-01,0.547,-0.5477,0.1128
S_95,51.04,16.83,2025-05-01,0.6122,-0.5958,0.276
S_95,51.04,16.83,2025-06-01,0.6242,-0.6072,0.2758
S_95,51.04,16.83,2025-07-01,0.3955,-0.4464,0.0343
S_95,51.04,16.83,2025-08-01,0.4677,-0.5176,0.0254
S_95,51.04,16.83,2025-09-01,0.4951,-0.5227,0.0124
S_95,51.04,16.83,2025-10-01,0.3439046855736399,-0.3090387914986015,0.1231180274924181
S_95,51.04,16.83,2025-11-01,0.3929,-0.4872,-0.0902
S_95,51.04,16.83,2025-12-01,0.426,-0.5121,-0.0229
S_95,51.04,16.83,2026-01-01,0.000711861564346,-0.1040206822306807,0.1210946101841457
S_95,51.04,16.83,2026-02-01,0.3106,-0.4106,-0.1565
S_95,51.04,16.83,2026-03-01,0.3163,-0.3976,-0.1464
S_96,51.06,16.83,2023-06-01,0.6655,-0.6276,0.3362
S_96,51.06,16.83,2023-07-01,0.4472,-0.5012,0.0847
S_96,51.06,16.83,2023-08-01,0.4696,-0.4728,0.0375
S_96,51.06,16.83,2023-09-01,0.5631,-0.5432,0.1242
S_96,51.06,16.83,2023-10-01,0.473,-0.4927,0.011
S_96,51.06,16.83,2023-11-01,0.5469,-0.5601,0.0985
S_96,51.06,16.83,2023-12-01,0.2415,-0.2681,0.0726
S_96,51.06,16.83,2024-01-01,0.1985,-0.217,0.5821
S_96,51.06,16.83,2024-02-01,0.4771,-0.521,0.0566
S_96,51.06,16.83,2024-03-01,0.3933,-0.377,0.1397
S_96,51.06,16.83,2024-04-01,0.6266,-0.6078,0.2443
S_96,51.06,16.83,2024-05-01,0.585,-0.576,0.2255
S_96,51.06,16.83,2024-06-01,0.5923,-0.5583,0.1807
S_96,51.06,16.83,2024-07-01,0.4439,-0.4618,0.0399
S_96,51.06,16.83,2024-08-01,0.4881,-0.5095,0.0388
S_96,51.06,16.83,2024-09-01,0.4972,-0.5117,0.0548
S_96,51.06,16.83,2024-10-01,0.4546,-0.4746,0.0357
S_96,51.06,16.83,2024-11-01,0.4779,-0.5015,0.0628
S_96,51.06,16.83,2024-12-01,0.3132,-0.35,0.085
S_96,51.06,16.83,2025-01-01,0.3959,-0.4766,0.0373
S_96,51.06,16.83,2025-02-01,0.2817,-0.3317,0.2993
S_96,51.06,16.83,2025-03-01,0.3914,-0.4448,-0.0118
S_96,51.06,16.83,2025-04-01,0.4425,-0.4738,0.0288
S_96,51.06,16.83,2025-05-01,0.4959,-0.4996,0.1554
S_96,51.06,16.83,2025-06-01,0.6295,-0.6082,0.2537
S_96,51.06,16.83,2025-07-01,0.5384,-0.5439,0.1165
S_96,51.06,16.83,2025-08-01,0.5927,-0.5871,0.1586
S_96,51.06,16.83,2025-09-01,0.4984,-0.5244,0.0498
S_96,51.06,16.83,2025-10-01,0.3691477934798431,-0.335653261963629,0.1208252087908469
S_96,51.06,16.83,2025-11-01,0.4014,-0.486,-0.0521
S_96,51.06,16.83,2025-12-01,0.4057,-0.4907,0.0085
S_96,51.06,16.83,2026-01-01,0.1244999999894855,-0.158349999994797,0.2061333333273701
S_96,51.06,16.83,2026-02-01,0.3101,-0.407,-0.1102
S_96,51.06,16.83,2026-03-01,0.3149,-0.3949,-0.1015
S_97,51.08,16.83,2023-06-01,0.6297,-0.6073,0.2238
S_97,51.08,16.83,2023-07-01,0.6349,-0.615,0.2109
S_97,51.08,16.83,2023-08-01,0.5073,-0.5032,0.0841
S_97,51.08,16.83,2023-09-01,0.66,-0.6291,0.1783
S_97,51.08,16.83,2023-10-01,0.6044,-0.5914,0.1204
S_97,51.08,16.83,2023-11-01,0.5112,-0.5664,0.0433
S_97,51.08,16.83,2023-12-01,0.246,-0.2866,0.099
S_97,51.08,16.83,2024-01-01,0.192,-0.2282,0.4059
S_97,51.08,16.83,2024-02-01,0.4102,-0.5102,-0.0457
S_97,51.08,16.83,2024-03-01,0.4640366037051466,-0.4479263760801396,0.1626754393588103
S_97,51.08,16.83,2024-04-01,0.5059,-0.5067,0.0843
S_97,51.08,16.83,2024-05-01,0.5355,-0.5376,0.0964
S_97,51.08,16.83,2024-06-01,0.5863,-0.5588,0.1283
S_97,51.08,16.83,2024-07-01,0.6019,-0.5688,0.1676
S_97,51.08,16.83,2024-08-01,0.7081,-0.6639,0.2195
S_97,51.08,16.83,2024-09-01,0.5759,-0.5731,0.1279
S_97,51.08,16.83,2024-10-01,0.4611,-0.5225,-0.0196
S_97,51.08,16.83,2024-11-01,0.4471,-0.4967,0.0026
S_97,51.08,16.83,2024-12-01,0.291,-0.3169,0.0118
S_97,51.08,16.83,2025-01-01,0.3947,-0.481,-0.0264
S_97,51.08,16.83,2025-02-01,0.3233,-0.3924,0.1147
S_97,51.08,16.83,2025-03-01,0.3614,-0.4274,-0.1087
S_97,51.08,16.83,2025-04-01,0.4152,-0.4614,-0.0668
S_97,51.08,16.83,2025-05-01,0.4626,-0.4716,0.0739
S_97,51.08,16.83,2025-06-01,0.71,-0.6663,0.2683
S_97,51.08,16.83,2025-07-01,0.6378,-0.6064,0.2034
S_97,51.08,16.83,2025-08-01,0.7128,-0.6691,0.2576
S_97,51.08,16.83,2025-09-01,0.6341,-0.6198,0.1505
S_97,51.08,16.83,2025-10-01,0.3693244814035229,-0.3360825949359582,0.1200031381865623
S_97,51.08,16.83,2025-11-01,0.4452,-0.5298,-0.0532
S_97,51.08,16.83,2025-12-01,0.4156,-0.5159,-0.0041
S_97,51.08,16.83,2026-01-01,0.0754,-0.0741,0.3455
S_97,51.08,16.83,2026-02-01,0.3191,-0.4231,-0.1373
S_97,51.08,16.83,2026-03-01,0.3169,-0.4083,-0.1339
S_98,51.1,16.83,2023-06-01,0.7642,-0.6938,0.3585
S_98,51.1,16.83,2023-07-01,0.6888,-0.6489,0.2297
S_98,51.1,16.83,2023-08-01,0.531,-0.5049,0.1242
S_98,51.1,16.83,2023-09-01,0.7205,-0.6681,0.241
S_98,51.1,16.83,2023-10-01,0.6708,-0.6283,0.1696
S_98,51.1,16.83,2023-11-01,0.6206,-0.6322,0.1336
S_98,51.1,16.83,2023-12-01,0.2214,-0.2583,0.3364
S_98,51.1,16.83,2024-01-01,0.2742,-0.3097,0.3628
S_98,51.1,16.83,2024-02-01,0.4783,-0.5623,0.0319
S_98,51.1,16.83,2024-03-01,0.3452671975884808,-0.3389159567121118,0.1352641002427991
S_98,51.1,16.83,2024-04-01,0.6228,-0.5788,0.1906
S_98,51.1,16.83,2024-05-01,0.6758,-0.6255,0.2413
S_98,51.1,16.83,2024-06-01,0.6737,-0.6165,0.2229
S_98,51.1,16.83,2024-07-01,0.6352,-0.5958,0.1553
S_98,51.1,16.83,2024-08-01,0.7351,-0.6803,0.2261
S_98,51.1,16.83,2024-09-01,0.5871,-0.552,0.2098
S_98,51.1,16.83,2024-10-01,0.5387,-0.5628,0.0211
S_98,51.1,16.83,2024-11-01,0.4999,-0.5205,0.0371
S_98,51.1,16.83,2024-12-01,0.3415,-0.355,0.0495
S_98,51.1,16.83,2025-01-01,0.4506,-0.5245,0.0154
S_98,51.1,16.83,2025-02-01,0.3597,-0.4194,0.1559
S_98,51.1,16.83,2025-03-01,0.4141,-0.4645,-0.0543
S_98,51.1,16.83,2025-04-01,0.4974,-0.5134,-0.0003
S_98,51.1,16.83,2025-05-01,0.6343,-0.586,0.2412
S_98,51.1,16.83,2025-06-01,0.7366,-0.6879,0.2903
S_98,51.1,16.83,2025-07-01,0.6085,-0.587,0.1684
S_98,51.1,16.83,2025-08-01,0.7262,-0.6769,0.2415
S_98,51.1,16.83,2025-09-01,0.7182,-0.6737,0.2163
S_98,51.1,16.83,2025-10-01,0.3694935694157187,-0.336590468068772,0.1189187884376982
S_98,51.1,16.83,2025-11-01,0.5566,-0.6014,0.0458
S_98,51.1,16.83,2025-12-01,0.5065,-0.5881,0.0564
S_98,51.1,16.83,2026-01-01,0.0446306378736032,-0.0605616340608852,0.2612314726936591
S_98,51.1,16.83,2026-02-01,0.3543,-0.4595,-0.1046
S_98,51.1,16.83,2026-03-01,0.3491,-0.4409,-0.1028
S_99,51.12,16.83,2023-06-01,0.7168,-0.6596,0.3033
S_99,51.12,16.83,2023-07-01,0.7321,-0.6877,0.2618
S_99,51.12,16.83,2023-08-01,0.7252,-0.6766,0.2472
S_99,51.12,16.83,2023-09-01,0.7872,-0.7159,0.2931
S_99,51.12,16.83,2023-10-01,0.7114,-0.6634,0.1975
S_99,51.12,16.83,2023-11-01,0.592,-0.6173,0.1113
S_99,51.12,16.83,2023-12-01,0.4768,-0.3329,0.6553
S_99,51.12,16.83,2024-01-01,0.3007,-0.3371,0.3391
S_99,51.12,16.83,2024-02-01,0.4971,-0.5816,0.01
S_99,51.12,16.83,2024-03-01,0.2885670541682554,-0.2872821548208573,0.1196480816303585
S_99,51.12,16.83,2024-04-01,0.6413,-0.5931,0.1877
S_99,51.12,16.83,2024-05-01,0.6924,-0.6373,0.2422
S_99,51.12,16.83,2024-06-01,0.6565,-0.6183,0.177
S_99,51.12,16.83,2024-07-01,0.6715,-0.6199,0.1829
S_99,51.12,16.83,2024-08-01,0.7614,-0.6986,0.2341
S_99,51.12,16.83,2024-09-01,0.6255,-0.5835,0.2463
S_99,51.12,16.83,2024-10-01,0.6221,-0.6194,0.0932
S_99,51.12,16.83,2024-11-01,0.5905,-0.5819,0.1199
S_99,51.12,16.83,2024-12-01,0.3665,-0.3796,0.0657
S_99,51.12,16.83,2025-01-01,0.4821,-0.5503,0.0218
S_99,51.12,16.83,2025-02-01,0.401,-0.4633,0.1402
S_99,51.12,16.83,2025-03-01,0.4386,-0.4829,-0.0529
S_99,51.12,16.83,2025-04-01,0.5557,-0.5532,0.0306
S_99,51.12,16.83,2025-05-01,0.7887,-0.6784,0.3823
S_99,51.12,16.83,2025-06-01,0.7289,-0.6866,0.2831
S_99,51.12,16.83,2025-07-01,0.614,-0.5914,0.1515
S_99,51.12,16.83,2025-08-01,0.6767,-0.6485,0.1868
S_99,51.12,16.83,2025-09-01,0.7404,-0.6828,0.2235
S_99,51.12,16.83,2025-10-01,0.369650280230791,-0.3371632206079589,0.1176029574685148
S_99,51.12,16.83,2025-11-01,0.6267,-0.643,0.086
S_99,51.12,16.83,2025-12-01,0.5295,-0.5995,0.0478
S_99,51.12,16.83,2026-01-01,0.0805836354877079,-0.0864981969153492,0.3509471300437614
S_99,51.12,16.83,2026-02-01,0.3772,-0.4729,-0.1149
S_99,51.12,16.83,2026-03-01,0.369,-0.4532,-0.1152
S_100,51.14,16.83,2023-06-01,0.776,-0.705,0.3472
S_100,51.14,16.83,2023-07-01,0.7391,-0.6905,0.2774
S_100,51.14,16.83,2023-08-01,0.7519,-0.6815,0.2684
S_100,51.14,16.83,2023-09-01,0.7951,-0.7219,0.2905
S_100,51.14,16.83,2023-10-01,0.7561,-0.7032,0.2236
S_100,51.14,16.83,2023-11-01,0.6283,-0.6543,0.1387
S_100,51.14,16.83,2023-12-01,0.4337,-0.4667,0.171
S_100,51.14,16.83,2024-01-01,0.378,-0.4197,0.2852
S_100,51.14,16.83,2024-02-01,0.5208,-0.6166,0.0328
S_100,51.14,16.83,2024-03-01,0.2152043478243902,-0.2336608695635428,0.0499956521738653
S_100,51.14,16.83,2024-04-01,0.6382,-0.5906,0.1513
S_100,51.14,16.83,2024-05-01,0.7112,-0.6487,0.2346
S_100,51.14,16.83,2024-06-01,0.758,-0.6753,0.2815
S_100,51.14,16.83,2024-07-01,0.6318,-0.5907,0.1451
S_100,51.14,16.83,2024-08-01,0.7771,-0.7109,0.2343
S_100,51.14,16.83,2024-09-01,0.7706,-0.716,0.2276
S_100,51.14,16.83,2024-10-01,0.665,-0.6641,0.0945
S_100,51.14,16.83,2024-11-01,0.6032,-0.6071,0.1241
S_100,51.14,16.83,2024-12-01,0.3317,-0.3426,0.0741
S_100,51.14,16.83,2025-01-01,0.4945,-0.5769,0.0285
S_100,51.14,16.83,2025-02-01,0.4236,-0.4975,0.1416
S_100,51.14,16.83,2025-03-01,0.4109,-0.4851,-0.0971
S_100,51.14,16.83,2025-04-01,0.4565,-0.5096,-0.0821
S_100,51.14,16.83,2025-05-01,0.7189,-0.6223,0.2919
S_100,51.14,16.83,2025-06-01,0.7792,-0.7277,0.3029
S_100,51.14,16.83,2025-07-01,0.7718,-0.7013,0.2885
S_100,51.14,16.83,2025-08-01,0.8033,-0.738,0.3056
S_100,51.14,16.83,2025-09-01,0.8025,-0.7389,0.2903
S_100,51.14,16.83,2025-10-01,0.3638372878369642,-0.3402818475769776,0.0992331828674363
S_100,51.14,16.83,2025-11-01,0.5659,-0.6368,0.0288
S_100,51.14,16.83,2025-12-01,0.5219,-0.6108,0.0597
S_100,51.14,16.83,2026-01-01,0.1460184240159832,-0.1324300844984294,0.447515890562839
S_100,51.14,16.83,2026-02-01,0.3861,-0.4889,-0.1047
S_100,51.14,16.83,2026-03-01,0.3731,-0.4641,-0.1069
S_101,51.16,16.83,2023-06-01,0.7323,-0.6733,0.4038
S_101,51.16,16.83,2023-07-01,0.4743,-0.5213,0.0947
S_101,51.16,16.83,2023-08-01,0.4175,-0.4239,0.0173
S_101,51.16,16.83,2023-09-01,0.584,-0.554,0.1139
S_101,51.16,16.83,2023-10-01,0.5744,-0.5524,0.0841
S_101,51.16,16.83,2023-11-01,0.6192,-0.612,0.1687
S_101,51.16,16.83,2023-12-01,0.5071,-0.5093,0.1692
S_101,51.16,16.83,2024-01-01,0.3605,-0.4013,0.3189
S_101,51.16,16.83,2024-02-01,0.5009,-0.5602,0.0891
S_101,51.16,16.83,2024-03-01,0.1976076496869102,-0.2205887213804964,0.0224088011394587
S_101,51.16,16.83,2024-04-01,0.6075,-0.5618,0.1951
S_101,51.16,16.83,2024-05-01,0.614,-0.5767,0.2094
S_101,51.16,16.83,2024-06-01,0.5577,-0.5174,0.1307
S_101,51.16,16.83,2024-07-01,0.491,-0.4926,0.017
S_101,51.16,16.83,2024-08-01,0.5689,-0.5454,0.0771
S_101,51.16,16.83,2024-09-01,0.5998,-0.5762,0.095
S_101,51.16,16.83,2024-10-01,0.5213,-0.5414,0.0167
S_101,51.16,16.83,2024-11-01,0.5398,-0.5415,0.1025
S_101,51.16,16.83,2024-12-01,0.314,-0.3275,0.047
S_101,51.16,16.83,2025-01-01,0.4393,-0.5083,0.0233
S_101,51.16,16.83,2025-02-01,0.309,-0.396,0.169
S_101,51.16,16.83,2025-03-01,0.3706,-0.4352,-0.0672
S_101,51.16,16.83,2025-04-01,0.4411,-0.4769,-0.0182
S_101,51.16,16.83,2025-05-01,0.426,-0.4437,0.0995
S_101,51.16,16.83,2025-06-01,0.5983,-0.5803,0.2084
S_101,51.16,16.83,2025-07-01,0.6288,-0.5967,0.1883
S_101,51.16,16.83,2025-08-01,0.667,-0.6343,0.2231
S_101,51.16,16.83,2025-09-01,0.6557,-0.6175,0.2089
S_101,51.16,16.83,2025-10-01,0.3631225209798083,-0.3401447070049559,0.0978247960111125
S_101,51.16,16.83,2025-11-01,0.4344,-0.5181,-0.0488
S_101,51.16,16.83,2025-12-01,0.397,-0.4832,0.0444
S_101,51.16,16.83,2026-01-01,0.1672,-0.153,0.4257
S_101,51.16,16.83,2026-02-01,0.2808,-0.3867,-0.1332
S_101,51.16,16.83,2026-03-01,0.2645,-0.3666,-0.1299
S_102,51.18,16.83,2023-06-01,0.746,-0.6805,0.3167
S_102,51.18,16.83,2023-07-01,0.6916,-0.6481,0.2295
S_102,51.18,16.83,2023-08-01,0.6182,-0.5777,0.1895
S_102,51.18,16.83,2023-09-01,0.6885,-0.642,0.2039
S_102,51.18,16.83,2023-10-01,0.6698,-0.617,0.1953
S_102,51.18,16.83,2023-11-01,0.6029,-0.6389,0.1337
S_102,51.18,16.83,2023-12-01,0.4528,-0.4819,0.1372
S_102,51.18,16.83,2024-01-01,0.3836,-0.4309,0.2166
S_102,51.18,16.83,2024-02-01,0.5045,-0.5944,0.0398
S_102,51.18,16.83,2024-03-01,0.2456175653547234,-0.2559141715884773,0.0505203865236308
S_102,51.18,16.83,2024-04-01,0.5646,-0.5391,0.1241
S_102,51.18,16.83,2024-05-01,0.6533,-0.6056,0.2057
S_102,51.18,16.83,2024-06-01,0.7403,-0.6549,0.2825
S_102,51.18,16.83,2024-07-01,0.6348500000187686,-0.5866250000121527,0.1790500000192882
S_102,51.18,16.83,2024-08-01,0.7341,-0.6726,0.2068
S_102,51.18,16.83,2024-09-01,0.7182,-0.6701,0.2029
S_102,51.18,16.83,2024-10-01,0.5972,-0.6152,0.0553
S_102,51.18,16.83,2024-11-01,0.5334,-0.5513,0.0724
S_102,51.18,16.83,2024-12-01,0.2749,-0.2801,0.0665
S_102,51.18,16.83,2025-01-01,0.4814,-0.5547,0.0332
S_102,51.18,16.83,2025-02-01,0.4036,-0.4767,0.134
S_102,51.18,16.83,2025-03-01,0.4031,-0.4651,-0.08
S_102,51.18,16.83,2025-04-01,0.444,-0.4957,-0.07
S_102,51.18,16.83,2025-05-01,0.6832,-0.6064,0.248
S_102,51.18,16.83,2025-06-01,0.7696,-0.7039,0.3209
S_102,51.18,16.83,2025-07-01,0.7544,-0.6747,0.2799
S_102,51.18,16.83,2025-08-01,0.7584,-0.6891,0.2726
S_102,51.18,16.83,2025-09-01,0.7153,-0.6705,0.2283
S_102,51.18,16.83,2025-10-01,0.3624287268345379,-0.3400109629585798,0.0965271170088613
S_102,51.18,16.83,2025-11-01,0.5386,-0.6152,0.0313
S_102,51.18,16.83,2025-12-01,0.5192,-0.5857,0.0856
S_102,51.18,16.83,2026-01-01,0.1375,-0.1399,0.5638
S_102,51.18,16.83,2026-02-01,0.3928,-0.4836,-0.0925
S_102,51.18,16.83,2026-03-01,0.3808,-0.4648,-0.0985
S_103,51.2,16.83,2023-06-01,0.6387,-0.6148,0.2668
S_103,51.2,16.83,2023-07-01,0.5295,-0.5481,0.1366
S_103,51.2,16.83,2023-08-01,0.5458,-0.524,0.1271
S_103,51.2,16.83,2023-09-01,0.6223,-0.5845,0.1561
S_103,51.2,16.83,2023-10-01,0.5971,-0.4852,0.1779
S_103,51.2,16.83,2023-11-01,0.588,-0.5959,0.1459
S_103,51.2,16.83,2023-12-01,0.4806,-0.4934,0.1438
S_103,51.2,16.83,2024-01-01,0.3323,-0.3851,0.234
S_103,51.2,16.83,2024-02-01,0.4204,-0.5137,0.0237
S_103,51.2,16.83,2024-03-01,0.2626449739748407,-0.2778441900501311,0.0265381446903874
S_103,51.2,16.83,2024-04-01,0.4504,-0.4622,0.0593
S_103,51.2,16.83,2024-05-01,0.4328,-0.452,0.0626
S_103,51.2,16.83,2024-06-01,0.6003,-0.5545,0.1736
S_103,51.2,16.83,2024-07-01,0.6535,-0.5975,0.233
S_103,51.2,16.83,2024-08-01,0.7112,-0.6517,0.262
S_103,51.2,16.83,2024-09-01,0.6317,-0.6069,0.1602
S_103,51.2,16.83,2024-10-01,0.503,-0.5343,0.0294
S_103,51.2,16.83,2024-11-01,0.4638,-0.4915,0.0492
S_103,51.2,16.83,2024-12-01,0.1671,-0.1636,0.0537
S_103,51.2,16.83,2025-01-01,0.3755,-0.4594,0.0087
S_103,51.2,16.83,2025-02-01,0.2934,-0.3643,0.1656
S_103,51.2,16.83,2025-03-01,0.3192,-0.3955,-0.0867
S_103,51.2,16.83,2025-04-01,0.3506,-0.413,-0.0715
S_103,51.2,16.83,2025-05-01,0.4547,-0.4611,0.0741
S_103,51.2,16.83,2025-06-01,0.6669,-0.6263,0.2307
S_103,51.2,16.83,2025-07-01,0.6856,-0.6266,0.2337
S_103,51.2,16.83,2025-08-01,0.7114,-0.6547,0.2627
S_103,51.2,16.83,2025-09-01,0.633,-0.6022,0.1755
S_103,51.2,16.83,2025-10-01,0.3617841299777973,-0.3398686522763198,0.0954427075973274
S_103,51.2,16.83,2025-11-01,0.4265,-0.5126,-0.0177
S_103,51.2,16.83,2025-12-01,0.3852,-0.4587,0.0557
S_103,51.2,16.83,2026-01-01,0.0985,-0.1094,0.6049
S_103,51.2,16.83,2026-02-01,0.3087,-0.408,-0.1101
S_103,51.2,16.83,2026-03-01,0.3051,-0.4015,-0.1159
S_104,51.22,16.83,2023-06-01,0.652,-0.6277,0.2812
S_104,51.22,16.83,2023-07-01,0.6345,-0.6187,0.2273
S_104,51.22,16.83,2023-08-01,0.4898,-0.4582,0.1524
S_104,51.22,16.83,2023-09-01,0.6776,-0.6368,0.2194
S_104,51.22,16.83,2023-10-01,0.5614,-0.5414,0.105
S_104,51.22,16.83,2023-11-01,0.5995,-0.606,0.1306
S_104,51.22,16.83,2023-12-01,0.4597,-0.4742,0.1113
S_104,51.22,16.83,2024-01-01,0.3295,-0.3779,0.2389
S_104,51.22,16.83,2024-02-01,0.4288,-0.5186,0.0244
S_104,51.22,16.83,2024-03-01,0.3385023036866811,-0.3378419082666525,0.0663801765054929
S_104,51.22,16.83,2024-04-01,0.4963,-0.4979,0.083
S_104,51.22,16.83,2024-05-01,0.4967,-0.507,0.1092
S_104,51.22,16.83,2024-06-01,0.6172,-0.5733,0.2026
S_104,51.22,16.83,2024-07-01,0.6658,-0.605,0.2566
S_104,51.22,16.83,2024-08-01,0.7401,-0.6801,0.277
S_104,51.22,16.83,2024-09-01,0.6972,-0.6523,0.2122
S_104,51.22,16.83,2024-10-01,0.5058,-0.5464,0.0189
S_104,51.22,16.83,2024-11-01,0.4536,-0.4856,0.0311
S_104,51.22,16.83,2024-12-01,0.1404,-0.1138,0.1082
S_104,51.22,16.83,2025-01-01,0.3847,-0.4603,0.0124
S_104,51.22,16.83,2025-02-01,0.3003,-0.3677,0.2304
S_104,51.22,16.83,2025-03-01,0.3625,-0.4261,-0.0694
S_104,51.22,16.83,2025-04-01,0.4084,-0.4555,-0.0443
S_104,51.22,16.83,2025-05-01,0.5725,-0.5484,0.1746
S_104,51.22,16.83,2025-06-01,0.6992,-0.6631,0.2729
S_104,51.22,16.83,2025-07-01,0.6675,-0.6251,0.2246
S_104,51.22,16.83,2025-08-01,0.6911,-0.6564,0.2293
S_104,51.22,16.83,2025-09-01,0.6932,-0.6511,0.2113
S_104,51.22,16.83,2025-10-01,0.338040746470263,-0.3284984916522389,0.0708238412395648
S_104,51.22,16.83,2025-11-01,0.4792,-0.5533,-0.0188
S_104,51.22,16.83,2025-12-01,0.3966,-0.4639,0.0496
S_104,51.22,16.83,2026-01-01,0.159,-0.1806,0.4763
S_104,51.22,16.83,2026-02-01,0.312,-0.4157,-0.1353
S_104,51.22,16.83,2026-03-01,0.3109,-0.4132,-0.1339
S_105,51.24,16.83,2023-06-01,0.6569,-0.6031,0.3498
S_105,51.24,16.83,2023-07-01,0.5233,-0.5001,0.2001
S_105,51.24,16.83,2023-08-01,0.4068,-0.3819,0.1303
S_105,51.24,16.83,2023-09-01,0.5141,-0.4808,0.1187
S_105,51.24,16.83,2023-10-01,0.3932,-0.4434,-0.0075
S_105,51.24,16.83,2023-11-01,0.4928,-0.4936,0.1207
S_105,51.24,16.83,2023-12-01,0.4193,-0.4198,0.1525
S_105,51.24,16.83,2024-01-01,0.2681,-0.3061,0.2812
S_105,51.24,16.83,2024-02-01,0.3265,-0.3946,0.009
S_105,51.24,16.83,2024-03-01,0.3765813456549468,-0.3723776621902804,0.0721939197212517
S_105,51.24,16.83,2024-04-01,0.5177,-0.4933,0.1464
S_105,51.24,16.83,2024-05-01,0.5151,-0.493,0.171
S_105,51.24,16.83,2024-06-01,0.5474,-0.4969,0.2128
S_105,51.24,16.83,2024-07-01,0.554,-0.5128,0.1741
S_105,51.24,16.83,2024-08-01,0.5835,-0.5312,0.1756
S_105,51.24,16.83,2024-09-01,0.4916,-0.4842,0.2027
S_105,51.24,16.83,2024-10-01,0.325,-0.3824,-0.057
S_105,51.24,16.83,2024-11-01,0.3543,-0.4203,-0.0264
S_105,51.24,16.83,2024-12-01,0.0981653895669871,-0.0606021428039665,0.1015648232280914
S_105,51.24,16.83,2025-01-01,0.2787,-0.3498,0.0013
S_105,51.24,16.83,2025-02-01,0.2701,-0.3162,0.0856
S_105,51.24,16.83,2025-03-01,0.2922,-0.3396,-0.0631
S_105,51.24,16.83,2025-04-01,0.3672,-0.3875,-0.0157
S_105,51.24,16.83,2025-05-01,0.5483,-0.5257,0.1671
S_105,51.24,16.83,2025-06-01,0.6312,-0.5775,0.2866
S_105,51.24,16.83,2025-07-01,0.521,-0.479,0.173
S_105,51.24,16.83,2025-08-01,0.5475,-0.5182,0.1551
S_105,51.24,16.83,2025-09-01,0.4987,-0.481,0.0735
S_105,51.24,16.83,2025-10-01,0.3532650603601713,-0.3429965694991424,0.0759571049236697
S_105,51.24,16.83,2025-11-01,0.3417,-0.4123,-0.0489
S_105,51.24,16.83,2025-12-01,0.3205,-0.3694,0.0214
S_105,51.24,16.83,2026-01-01,0.098,-0.1106,0.511
S_105,51.24,16.83,2026-02-01,0.2318,-0.321,-0.1015
S_105,51.24,16.83,2026-03-01,0.2354,-0.3177,-0.1228
S_106,50.96,16.85,2023-06-01,0.5285,-0.5368,0.1848
S_106,50.96,16.85,2023-07-01,0.5765,-0.5921,0.1882
S_106,50.96,16.85,2023-08-01,0.5814,-0.5431,0.1924
S_106,50.96,16.85,2023-09-01,0.6485,-0.6075,0.1879
S_106,50.96,16.85,2023-10-01,0.4961,-0.5321,0.0161
S_106,50.96,16.85,2023-11-01,0.391,-0.4803,0.0089
S_106,50.96,16.85,2023-12-01,0.5601,-0.5158,0.4975
S_106,50.96,16.85,2024-01-01,0.0963,-0.1266,0.6619
S_106,50.96,16.85,2024-02-01,0.333,-0.4413,-0.0187
S_106,50.96,16.85,2024-03-01,0.3562,-0.4067,-0.0146
S_106,50.96,16.85,2024-04-01,0.5011,-0.5094,0.1039
S_106,50.96,16.85,2024-05-01,0.5162,-0.5235,0.1448
S_106,50.96,16.85,2024-06-01,0.5931,-0.5645,0.1873
S_106,50.96,16.85,2024-07-01,0.525,-0.5277,0.092
S_106,50.96,16.85,2024-08-01,0.532,-0.5426,0.0994
S_106,50.96,16.85,2024-09-01,0.4942,-0.5215,0.0474
S_106,50.96,16.85,2024-10-01,0.4098,-0.4796,-0.036
S_106,50.96,16.85,2024-11-01,0.4234,-0.4898,0.0073
S_106,50.96,16.85,2024-12-01,0.2785,-0.3139,-0.1805
S_106,50.96,16.85,2025-01-01,0.4125,-0.4977,0.0446
S_106,50.96,16.85,2025-02-01,0.2257,-0.2563,0.4145
S_106,50.96,16.85,2025-03-01,0.4422,-0.4795,0.0292
S_106,50.96,16.85,2025-04-01,0.5482,-0.546,0.1462
S_106,50.96,16.85,2025-05-01,0.5678,-0.5565,0.2694
S_106,50.96,16.85,2025-06-01,0.6705,-0.6277,0.3363
S_106,50.96,16.85,2025-07-01,0.6173,-0.5921,0.2342
S_106,50.96,16.85,2025-08-01,0.5358,-0.5443,0.1138
S_106,50.96,16.85,2025-09-01,0.4297,-0.4864,-0.0215
S_106,50.96,16.85,2025-10-01,0.3122635301034005,-0.2759718420686728,0.1162015976105228
S_106,50.96,16.85,2025-11-01,0.4812,-0.5234,0.018
S_106,50.96,16.85,2025-12-01,0.444,-0.5128,0.0413
S_106,50.96,16.85,2026-01-01,0.3414599539324718,-0.4674952548578981,-0.1335137526529083
S_106,50.96,16.85,2026-02-01,0.3226,-0.4092,-0.0824
S_106,50.96,16.85,2026-03-01,0.3378,-0.4113,-0.0728
S_107,50.98,16.85,2023-06-01,0.7081,-0.662,0.3975
S_107,50.98,16.85,2023-07-01,0.4857,-0.5319,0.1616
S_107,50.98,16.85,2023-08-01,0.4371,-0.4205,0.1096
S_107,50.98,16.85,2023-09-01,0.4799,-0.5138,0.0298
S_107,50.98,16.85,2023-10-01,0.44,-0.4861,-0.0364
S_107,50.98,16.85,2023-11-01,0.571,-0.5787,0.156
S_107,50.98,16.85,2023-12-01,0.4248083962328318,-0.4131307432354403,0.3479188913482228
S_107,50.98,16.85,2024-01-01,0.1639,-0.1763,0.6939
S_107,50.98,16.85,2024-02-01,0.5169,-0.5548,0.0822
S_107,50.98,16.85,2024-03-01,0.4967,-0.4852,0.1158
S_107,50.98,16.85,2024-04-01,0.5295570813969691,-0.5239633693088389,0.0944189175693275
S_107,50.98,16.85,2024-05-01,0.6187,-0.602,0.2644
S_107,50.98,16.85,2024-06-01,0.5755,-0.5389,0.2026
S_107,50.98,16.85,2024-07-01,0.4246,-0.4684,-0.0049
S_107,50.98,16.85,2024-08-01,0.4947,-0.5192,0.032
S_107,50.98,16.85,2024-09-01,0.435,-0.4695,0.0223
S_107,50.98,16.85,2024-10-01,0.4218,-0.4872,-0.0693
S_107,50.98,16.85,2024-11-01,0.4795,-0.5185,0.0398
S_107,50.98,16.85,2024-12-01,0.1669,-0.2162,-0.0459
S_107,50.98,16.85,2025-01-01,0.4754,-0.5478,0.0696
S_107,50.98,16.85,2025-02-01,0.324,-0.371,0.2861
S_107,50.98,16.85,2025-03-01,0.4556,-0.5026,0.0122
S_107,50.98,16.85,2025-04-01,0.5234,-0.5444,0.0816
S_107,50.98,16.85,2025-05-01,0.5577,-0.5634,0.2117
S_107,50.98,16.85,2025-06-01,0.6754,-0.6481,0.3277
S_107,50.98,16.85,2025-07-01,0.5558,-0.5587,0.2143
S_107,50.98,16.85,2025-08-01,0.5558,-0.5689,0.1369
S_107,50.98,16.85,2025-09-01,0.4842,-0.5196,0.0263
S_107,50.98,16.85,2025-10-01,0.313035523254379,-0.2766219542367714,0.1167253797408968
S_107,50.98,16.85,2025-11-01,0.3957,-0.4866,-0.0406
S_107,50.98,16.85,2025-12-01,0.4106,-0.5124,-0.0165
S_107,50.98,16.85,2026-01-01,0.2753687450636414,-0.4303973201208087,-0.1096457163355774
S_107,50.98,16.85,2026-02-01,0.3063,-0.4151,-0.1331
S_107,50.98,16.85,2026-03-01,0.3063,-0.3989,-0.1339
S_108,51.0,16.85,2023-06-01,0.4939,-0.512,0.1609
S_108,51.0,16.85,2023-07-01,0.5907,-0.5948,0.2182
S_108,51.0,16.85,2023-08-01,0.5976,-0.5631,0.2464
S_108,51.0,16.85,2023-09-01,0.5505,-0.5509,0.1255
S_108,51.0,16.85,2023-10-01,0.4902,-0.5149,0.0394
S_108,51.0,16.85,2023-11-01,0.4827,-0.5377,0.0996
S_108,51.0,16.85,2023-12-01,0.3957304832601491,-0.3768283150865753,0.2423753608651858
S_108,51.0,16.85,2024-01-01,0.1169,-0.1443,0.6198
S_108,51.0,16.85,2024-02-01,0.3282,-0.4459,-0.0464
S_108,51.0,16.85,2024-03-01,0.37,-0.3921,0.0838
S_108,51.0,16.85,2024-04-01,0.5295722716643535,-0.5187449407740307,0.1083154420366115
S_108,51.0,16.85,2024-05-01,0.4457,-0.4776,0.109
S_108,51.0,16.85,2024-06-01,0.5963,-0.5623,0.1968
S_108,51.0,16.85,2024-07-01,0.5278,-0.5207,0.1173
S_108,51.0,16.85,2024-08-01,0.6089,-0.5914,0.1862
S_108,51.0,16.85,2024-09-01,0.5496,-0.5511,0.1241
S_108,51.0,16.85,2024-10-01,0.5721,-0.5633,0.1558
S_108,51.0,16.85,2024-11-01,0.4837,-0.5157,0.081
S_108,51.0,16.85,2024-12-01,0.2429825867891731,-0.2828871186543458,0.0092568776119356
S_108,51.0,16.85,2025-01-01,0.3897,-0.4927,0.0268
S_108,51.0,16.85,2025-02-01,0.1861,-0.231,0.4032
S_108,51.0,16.85,2025-03-01,0.3697,-0.4334,-0.0344
S_108,51.0,16.85,2025-04-01,0.4157,-0.4631,0.0133
S_108,51.0,16.85,2025-05-01,0.4608,-0.4966,0.1393
S_108,51.0,16.85,2025-06-01,0.6657,-0.6391,0.3134
S_108,51.0,16.85,2025-07-01,0.796,-0.7006,0.4883
S_108,51.0,16.85,2025-08-01,0.6118,-0.6134,0.2047
S_108,51.0,16.85,2025-09-01,0.519,-0.5435,0.0851
S_108,51.0,16.85,2025-10-01,0.31393863208189,-0.2773804578210896,0.1173334001160508
S_108,51.0,16.85,2025-11-01,0.4267,-0.507,0.0001
S_108,51.0,16.85,2025-12-01,0.3536,-0.469,0.0055
S_108,51.0,16.85,2026-01-01,0.1649013397838999,-0.3179407821905505,-0.0354067680529456
S_108,51.0,16.85,2026-02-01,0.2474,-0.3701,-0.1296
S_108,51.0,16.85,2026-03-01,0.2545,-0.3624,-0.1339
S_109,51.02,16.85,2023-06-01,0.618,-0.6068,0.3501
S_109,51.02,16.85,2023-07-01,0.4849,-0.5292,0.199
S_109,51.02,16.85,2023-08-01,0.4428,-0.4747,0.0568
S_109,51.02,16.85,2023-09-01,0.5211,-0.5305,0.0961
S_109,51.02,16.85,2023-10-01,0.4407,-0.4749,0.0199
S_109,51.02,16.85,2023-11-01,0.4991,-0.5406,0.1389
S_109,51.02,16.85,2023-12-01,0.1851190434931164,-0.2011123273596482,0.1463614472063717
S_109,51.02,16.85,2024-01-01,0.1901,-0.2077,0.6289
S_109,51.02,16.85,2024-02-01,0.4297,-0.4888,0.0864
S_109,51.02,16.85,2024-03-01,0.518,-0.4893,0.2075
S_109,51.02,16.85,2024-04-01,0.5078700149426407,-0.4974448205573836,0.1162628614102564
S_109,51.02,16.85,2024-05-01,0.453,-0.4867,0.1548
S_109,51.02,16.85,2024-06-01,0.5134,-0.516,0.1539
S_109,51.02,16.85,2024-07-01,0.4737,-0.4902,0.0768
S_109,51.02,16.85,2024-08-01,0.5692,-0.5743,0.1464
S_109,51.02,16.85,2024-09-01,0.4695,-0.5023,0.0498
S_109,51.02,16.85,2024-10-01,0.3052,-0.3921,-0.0404
S_109,51.02,16.85,2024-11-01,0.3717,-0.4409,0.0092
S_109,51.02,16.85,2024-12-01,0.1219,-0.2069,0.06
S_109,51.02,16.85,2025-01-01,0.388,-0.463,0.08
S_109,51.02,16.85,2025-02-01,0.2097,-0.2397,0.4686
S_109,51.02,16.85,2025-03-01,0.4096,-0.4492,0.0514
S_109,51.02,16.85,2025-04-01,0.4578,-0.4839,0.1008
S_109,51.02,16.85,2025-05-01,0.4936,-0.5142,0.2017
S_109,51.02,16.85,2025-06-01,0.6178,-0.6009,0.2861
S_109,51.02,16.85,2025-07-01,0.3368,-0.3855,0.0349
S_109,51.02,16.85,2025-08-01,0.5219,-0.555,0.1058
S_109,51.02,16.85,2025-09-01,0.4903,-0.5102,0.0867
S_109,51.02,16.85,2025-10-01,0.3437000089486308,-0.3085731927070707,0.1238612194431103
S_109,51.02,16.85,2025-11-01,0.3889,-0.4748,0.0005
S_109,51.02,16.85,2025-12-01,0.3909,-0.474,0.0778
S_109,51.02,16.85,2026-01-01,-0.0252,-0.2636,-0.0368
S_109,51.02,16.85,2026-02-01,0.2917,-0.3902,-0.0474
S_109,51.02,16.85,2026-03-01,0.3076,-0.3857,-0.0419
S_110,51.04,16.85,2023-06-01,0.6509,-0.6306,0.3207
S_110,51.04,16.85,2023-07-01,0.4512,-0.4998,0.1263
S_110,51.04,16.85,2023-08-01,0.4892,-0.4933,0.0655
S_110,51.04,16.85,2023-09-01,0.4705,-0.5029,0.0253
S_110,51.04,16.85,2023-10-01,0.432,-0.4721,-0.0401
S_110,51.04,16.85,2023-11-01,0.5841,-0.596,0.1364
S_110,51.04,16.85,2023-12-01,0.1882,-0.1993,0.0697
S_110,51.04,16.85,2024-01-01,0.2173,-0.2333,0.5852
S_110,51.04,16.85,2024-02-01,0.5101,-0.5466,0.0826
S_110,51.04,16.85,2024-03-01,0.5013,-0.4874,0.1528
S_110,51.04,16.85,2024-04-01,0.5771071301345436,-0.5677539338835681,0.1574557546072939
S_110,51.04,16.85,2024-05-01,0.5814,-0.576,0.238
S_110,51.04,16.85,2024-06-01,0.5978,-0.5665,0.233
S_110,51.04,16.85,2024-07-01,0.4573,-0.4842,0.0399
S_110,51.04,16.85,2024-08-01,0.5001,-0.5206,0.064
S_110,51.04,16.85,2024-09-01,0.516,-0.5241,0.076
S_110,51.04,16.85,2024-10-01,0.3584,-0.4341,-0.0613
S_110,51.04,16.85,2024-11-01,0.4038,-0.4573,-0.0282
S_110,51.04,16.85,2024-12-01,0.1959,-0.2671,0.0287
S_110,51.04,16.85,2025-01-01,0.4496,-0.5021,0.0587
S_110,51.04,16.85,2025-02-01,0.3316,-0.3635,0.2731
S_110,51.04,16.85,2025-03-01,0.4714,-0.5024,0.0386
S_110,51.04,16.85,2025-04-01,0.5338,-0.5501,0.1124
S_110,51.04,16.85,2025-05-01,0.5717,-0.5664,0.2425
S_110,51.04,16.85,2025-06-01,0.5899,-0.5874,0.2583
S_110,51.04,16.85,2025-07-01,0.4527,-0.4816,0.0625
S_110,51.04,16.85,2025-08-01,0.4948,-0.5178,0.0755
S_110,51.04,16.85,2025-09-01,0.46,-0.4934,0.0052
S_110,51.04,16.85,2025-10-01,0.3441068794795402,-0.3090280764474853,0.1237462853733072
S_110,51.04,16.85,2025-11-01,0.3559,-0.4505,-0.081
S_110,51.04,16.85,2025-12-01,0.3956,-0.4772,-0.0055
S_110,51.04,16.85,2026-01-01,0.0601862846569301,-0.1509516645388943,0.1804266628220419
S_110,51.04,16.85,2026-02-01,0.3137,-0.4092,-0.1272
S_110,51.04,16.85,2026-03-01,0.3252,-0.3966,-0.1169
S_111,51.06,16.85,2023-06-01,0.78,-0.7197,0.4671
S_111,51.06,16.85,2023-07-01,0.4437,-0.5082,0.1347
S_111,51.06,16.85,2023-08-01,0.3992,-0.4326,-0.0262
S_111,51.06,16.85,2023-09-01,0.4428,-0.4756,-0.0515
S_111,51.06,16.85,2023-10-01,0.3516,-0.4382,-0.0923
S_111,51.06,16.85,2023-11-01,0.4623,-0.5253,-0.0092
S_111,51.06,16.85,2023-12-01,0.1957,-0.226,0.0331
S_111,51.06,16.85,2024-01-01,0.1519,-0.177,0.5825
S_111,51.06,16.85,2024-02-01,0.4284,-0.5077,-0.0334
S_111,51.06,16.85,2024-03-01,0.481555461601143,-0.4608014464745938,0.1680169227018093
S_111,51.06,16.85,2024-04-01,0.5814,-0.5808,0.1464
S_111,51.06,16.85,2024-05-01,0.4914,-0.5115,0.1094
S_111,51.06,16.85,2024-06-01,0.6389,-0.5988,0.192
S_111,51.06,16.85,2024-07-01,0.601,-0.5753,0.1972
S_111,51.06,16.85,2024-08-01,0.6253,-0.6073,0.155
S_111,51.06,16.85,2024-09-01,0.4723,-0.5204,-0.0073
S_111,51.06,16.85,2024-10-01,0.2576,-0.3674,-0.1928
S_111,51.06,16.85,2024-11-01,0.3049,-0.3993,-0.1629
S_111,51.06,16.85,2024-12-01,0.2603,-0.2712,-0.1103
S_111,51.06,16.85,2025-01-01,0.3223,-0.441,-0.1288
S_111,51.06,16.85,2025-02-01,0.2885,-0.3805,0.0231
S_111,51.06,16.85,2025-03-01,0.3226,-0.4022,-0.165
S_111,51.06,16.85,2025-04-01,0.3503,-0.4175,-0.1445
S_111,51.06,16.85,2025-05-01,0.4036,-0.4472,-0.037
S_111,51.06,16.85,2025-06-01,0.7943,-0.7351,0.3605
S_111,51.06,16.85,2025-07-01,0.7001,-0.6677,0.2993
S_111,51.06,16.85,2025-08-01,0.7319,-0.7009,0.3094
S_111,51.06,16.85,2025-09-01,0.5332,-0.5598,0.0497
S_111,51.06,16.85,2025-10-01,0.3445114345974276,-0.3095420418521877,0.1234515453819061
S_111,51.06,16.85,2025-11-01,0.2897,-0.4303,-0.1743
S_111,51.06,16.85,2025-12-01,0.2891,-0.4476,-0.1135
S_111,51.06,16.85,2026-01-01,0.0644,-0.1245,0.1843
S_111,51.06,16.85,2026-02-01,0.2408,-0.3743,-0.2012
S_111,51.06,16.85,2026-03-01,0.251,-0.3643,-0.2048
S_112,51.08,16.85,2023-06-01,0.6316,-0.6169,0.2615
S_112,51.08,16.85,2023-07-01,0.5533,-0.5774,0.1819
S_112,51.08,16.85,2023-08-01,0.445,-0.4528,0.0736
S_112,51.08,16.85,2023-09-01,0.5624,-0.561,0.0921
S_112,51.08,16.85,2023-10-01,0.5319,-0.5343,0.0473
S_112,51.08,16.85,2023-11-01,0.502,-0.5579,0.0675
S_112,51.08,16.85,2023-12-01,0.3188,-0.3453,0.0971
S_112,51.08,16.85,2024-01-01,0.1641,-0.2034,0.4404
S_112,51.08,16.85,2024-02-01,0.3678,-0.4782,-0.0633
S_112,51.08,16.85,2024-03-01,0.4771759683810184,-0.4561481749409574,0.1679701339938353
S_112,51.08,16.85,2024-04-01,0.3723,-0.4214,-0.0537
S_112,51.08,16.85,2024-05-01,0.4405,-0.4795,0.0192
S_112,51.08,16.85,2024-06-01,0.5173,-0.5148,0.0598
S_112,51.08,16.85,2024-07-01,0.6599,-0.6285,0.2331
S_112,51.08,16.85,2024-08-01,0.694,-0.6553,0.2346
S_112,51.08,16.85,2024-09-01,0.6024,-0.5958,0.1264
S_112,51.08,16.85,2024-10-01,0.3293,-0.4529,-0.128
S_112,51.08,16.85,2024-11-01,0.3264,-0.4276,-0.0963
S_112,51.08,16.85,2024-12-01,0.2378,-0.2753,-0.0538
S_112,51.08,16.85,2025-01-01,0.316,-0.4273,-0.1032
S_112,51.08,16.85,2025-02-01,0.2818,-0.36,0.0192
S_112,51.08,16.85,2025-03-01,0.3266,-0.4031,-0.1528
S_112,51.08,16.85,2025-04-01,0.3684,-0.4306,-0.1224
S_112,51.08,16.85,2025-05-01,0.4967,-0.5118,0.0532
S_112,51.08,16.85,2025-06-01,0.7072,-0.6666,0.2833
S_112,51.08,16.85,2025-07-01,0.5971,-0.5885,0.2242
S_112,51.08,16.85,2025-08-01,0.6449,-0.6384,0.2144
S_112,51.08,16.85,2025-09-01,0.5935,-0.5867,0.1285
S_112,51.08,16.85,2025-10-01,0.3693126803603637,-0.3357955974654251,0.1208415310054215
S_112,51.08,16.85,2025-11-01,0.4002,-0.4953,-0.0532
S_112,51.08,16.85,2025-12-01,0.3656,-0.4914,-0.018
S_112,51.08,16.85,2026-01-01,0.0738350288392058,-0.0921133946938118,0.2365677923151068
S_112,51.08,16.85,2026-02-01,0.2592,-0.3895,-0.1818
S_112,51.08,16.85,2026-03-01,0.2597,-0.3745,-0.1887
S_113,51.1,16.85,2023-06-01,0.5749,-0.5619,0.2185
S_113,51.1,16.85,2023-07-01,0.587,-0.5921,0.1592
S_113,51.1,16.85,2023-08-01,0.5849,-0.5523,0.1649
S_113,51.1,16.85,2023-09-01,0.6712,-0.6247,0.2183
S_113,51.1,16.85,2023-10-01,0.6317,-0.5945,0.1627
S_113,51.1,16.85,2023-11-01,0.507,-0.5595,0.0841
S_113,51.1,16.85,2023-12-01,0.7501,-0.6185,0.5885
S_113,51.1,16.85,2024-01-01,0.2486,-0.2914,0.3512
S_113,51.1,16.85,2024-02-01,0.4356,-0.5145,0.0532
S_113,51.1,16.85,2024-03-01,0.4799641599152858,-0.458657748695327,0.1692433233602026
S_113,51.1,16.85,2024-04-01,0.4389,-0.4554,0.1101
S_113,51.1,16.85,2024-05-01,0.6052,-0.5706,0.2194
S_113,51.1,16.85,2024-06-01,0.5656,-0.5423,0.1652
S_113,51.1,16.85,2024-07-01,0.4695,-0.4681,0.0379
S_113,51.1,16.85,2024-08-01,0.4929,-0.5059,0.0527
S_113,51.1,16.85,2024-09-01,0.5729,-0.5482,0.1338
S_113,51.1,16.85,2024-10-01,0.4797,-0.5066,0.0344
S_113,51.1,16.85,2024-11-01,0.4896,-0.4987,0.0859
S_113,51.1,16.85,2024-12-01,0.3762,-0.3899,0.1019
S_113,51.1,16.85,2025-01-01,0.4563,-0.5094,0.0975
S_113,51.1,16.85,2025-02-01,0.3696,-0.427,0.1736
S_113,51.1,16.85,2025-03-01,0.4221,-0.4662,0.0155
S_113,51.1,16.85,2025-04-01,0.5133,-0.5238,0.0969
S_113,51.1,16.85,2025-05-01,0.6156,-0.571,0.2918
S_113,51.1,16.85,2025-06-01,0.5602,-0.5722,0.2091
S_113,51.1,16.85,2025-07-01,0.5454,-0.5324,0.0977
S_113,51.1,16.85,2025-08-01,0.5618,-0.5534,0.1036
S_113,51.1,16.85,2025-09-01,0.5682,-0.5598,0.1012
S_113,51.1,16.85,2025-10-01,0.3695080297280169,-0.3363914682295021,0.1195557366993965
S_113,51.1,16.85,2025-11-01,0.4411,-0.5094,-0.0018
S_113,51.1,16.85,2025-12-01,0.4656,-0.53,0.0693
S_113,51.1,16.85,2026-01-01,0.0312938713385972,-0.0423317666264672,0.2294535986665755
S_113,51.1,16.85,2026-02-01,0.3116,-0.4096,-0.1
S_113,51.1,16.85,2026-03-01,0.3096,-0.3981,-0.0947
S_114,51.12,16.85,2023-06-01,0.7271,-0.665,0.3039
S_114,51.12,16.85,2023-07-01,0.683,-0.6379,0.2087
S_114,51.12,16.85,2023-08-01,0.648,-0.5955,0.186
S_114,51.12,16.85,2023-09-01,0.7243,-0.6626,0.2255
S_114,51.12,16.85,2023-10-01,0.7068,-0.6501,0.1854
S_114,51.12,16.85,2023-11-01,0.5959,-0.6136,0.0962
S_114,51.12,16.85,2023-12-01,0.329,-0.3262,0.2556
S_114,51.12,16.85,2024-01-01,0.2945,-0.3353,0.3383
S_114,51.12,16.85,2024-02-01,0.4669,-0.5517,0.0126
S_114,51.12,16.85,2024-03-01,0.2696195720791272,-0.2919338583817407,0.0209859239960159
S_114,51.12,16.85,2024-04-01,0.6134,-0.5672,0.1832
S_114,51.12,16.85,2024-05-01,0.6797,-0.621,0.2403
S_114,51.12,16.85,2024-06-01,0.6877,-0.6212,0.2219
S_114,51.12,16.85,2024-07-01,0.6134,-0.5705,0.14
S_114,51.12,16.85,2024-08-01,0.702,-0.6462,0.187
S_114,51.12,16.85,2024-09-01,0.5805,-0.541,0.187
S_114,51.12,16.85,2024-10-01,0.574,-0.5768,0.0409
S_114,51.12,16.85,2024-11-01,0.5458,-0.5431,0.063
S_114,51.12,16.85,2024-12-01,0.3567,-0.3737,0.0392
S_114,51.12,16.85,2025-01-01,0.452,-0.5221,0.0013
S_114,51.12,16.85,2025-02-01,0.3911,-0.4628,0.0759
S_114,51.12,16.85,2025-03-01,0.3976,-0.4512,-0.0651
S_114,51.12,16.85,2025-04-01,0.4833,-0.5005,-0.0144
S_114,51.12,16.85,2025-05-01,0.6636,-0.5932,0.2519
S_114,51.12,16.85,2025-06-01,0.7058,-0.6639,0.2453
S_114,51.12,16.85,2025-07-01,0.6545,-0.6059,0.1655
S_114,51.12,16.85,2025-08-01,0.7043,-0.6499,0.2066
S_114,51.12,16.85,2025-09-01,0.6897,-0.6486,0.1738
S_114,51.12,16.85,2025-10-01,0.3696627813299851,-0.3370784365676438,0.1178761738989734
S_114,51.12,16.85,2025-11-01,0.5394,-0.5894,0.0133
S_114,51.12,16.85,2025-12-01,0.4974,-0.5755,0.0362
S_114,51.12,16.85,2026-01-01,0.0180628463024016,-0.0180350288442021,0.2884386540082813
S_114,51.12,16.85,2026-02-01,0.3518,-0.4536,-0.1277
S_114,51.12,16.85,2026-03-01,0.3436,-0.434,-0.1206
S_115,51.14,16.85,2023-06-01,0.6816,-0.6286,0.2641
S_115,51.14,16.85,2023-07-01,0.6267,-0.5938,0.1779
S_115,51.14,16.85,2023-08-01,0.5975,-0.5514,0.1596
S_115,51.14,16.85,2023-09-01,0.6761,-0.626,0.1947
S_115,51.14,16.85,2023-10-01,0.6384,-0.6029,0.1384
S_115,51.14,16.85,2023-11-01,0.5827,-0.5987,0.1255
S_115,51.14,16.85,2023-12-01,0.4253,-0.4468,0.1636
S_115,51.14,16.85,2024-01-01,0.3187,-0.3599,0.2979
S_115,51.14,16.85,2024-02-01,0.4661,-0.5454,0.0301
S_115,51.14,16.85,2024-03-01,0.252432826599356,-0.2754117557439157,0.0189070530595764
S_115,51.14,16.85,2024-04-01,0.5882,-0.5496,0.1512
S_115,51.14,16.85,2024-05-01,0.6395,-0.5953,0.1954
S_115,51.14,16.85,2024-06-01,0.6529,-0.5861,0.2032
S_115,51.14,16.85,2024-07-01,0.5577,-0.533,0.0839
S_115,51.14,16.85,2024-08-01,0.6671,-0.6153,0.1736
S_115,51.14,16.85,2024-09-01,0.6467,-0.6108,0.1485
S_115,51.14,16.85,2024-10-01,0.5975,-0.5912,0.083
S_115,51.14,16.85,2024-11-01,0.5603,-0.5478,0.1121
S_115,51.14,16.85,2024-12-01,0.2978,-0.2932,0.1005
S_115,51.14,16.85,2025-01-01,0.4511,-0.5116,0.028
S_115,51.14,16.85,2025-02-01,0.3951,-0.4664,0.0917
S_115,51.14,16.85,2025-03-01,0.3559,-0.4267,-0.0781
S_115,51.14,16.85,2025-04-01,0.4024,-0.4494,-0.0576
S_115,51.14,16.85,2025-05-01,0.6143,-0.55,0.2356
S_115,51.14,16.85,2025-06-01,0.679,-0.6382,0.2307
S_115,51.14,16.85,2025-07-01,0.6037,-0.5731,0.1347
S_115,51.14,16.85,2025-08-01,0.6489,-0.6083,0.1761
S_115,51.14,16.85,2025-09-01,0.6503,-0.6177,0.1685
S_115,51.14,16.85,2025-10-01,0.364114941839978,-0.3403759066529677,0.0994717707103002
S_115,51.14,16.85,2025-11-01,0.5243,-0.5741,0.0441
S_115,51.14,16.85,2025-12-01,0.4767,-0.5419,0.0615
S_115,51.14,16.85,2026-01-01,0.208343001764607,-0.186410175361392,0.3697149604379398
S_115,51.14,16.85,2026-02-01,0.3383,-0.4354,-0.1108
S_115,51.14,16.85,2026-03-01,0.3307,-0.4183,-0.1046
S_116,51.16,16.85,2023-06-01,0.7242,-0.6673,0.3089
S_116,51.16,16.85,2023-07-01,0.643,-0.6243,0.1861
S_116,51.16,16.85,2023-08-01,0.4834,-0.4607,0.1244
S_116,51.16,16.85,2023-09-01,0.7597,-0.6877,0.2651
S_116,51.16,16.85,2023-10-01,0.709,-0.6523,0.2258
S_116,51.16,16.85,2023-11-01,0.6363,-0.6578,0.1655
S_116,51.16,16.85,2023-12-01,0.4765,-0.4891,0.1982
S_116,51.16,16.85,2024-01-01,0.4145,-0.4477,0.3099
S_116,51.16,16.85,2024-02-01,0.5497,-0.6176,0.0653
S_116,51.16,16.85,2024-03-01,0.2397803590200099,-0.2690054978653673,-0.0076100412489424
S_116,51.16,16.85,2024-04-01,0.6055,-0.569,0.1359
S_116,51.16,16.85,2024-05-01,0.6552,-0.6083,0.1879
S_116,51.16,16.85,2024-06-01,0.5592,-0.502,0.2057
S_116,51.16,16.85,2024-07-01,0.5891,-0.5456,0.1541
S_116,51.16,16.85,2024-08-01,0.7369,-0.6759,0.2052
S_116,51.16,16.85,2024-09-01,0.7112,-0.672,0.183
S_116,51.16,16.85,2024-10-01,0.6534,-0.6523,0.1069
S_116,51.16,16.85,2024-11-01,0.6036,-0.6029,0.1578
S_116,51.16,16.85,2024-12-01,0.3397,-0.3498,0.0685
S_116,51.16,16.85,2025-01-01,0.5049,-0.5663,0.0599
S_116,51.16,16.85,2025-02-01,0.4377,-0.5042,0.1378
S_116,51.16,16.85,2025-03-01,0.4201,-0.4819,-0.067
S_116,51.16,16.85,2025-04-01,0.4627,-0.5085,-0.0579
S_116,51.16,16.85,2025-05-01,0.6165,-0.5605,0.1978
S_116,51.16,16.85,2025-06-01,0.7483,-0.6964,0.29
S_116,51.16,16.85,2025-07-01,0.7522,-0.6848,0.2891
S_116,51.16,16.85,2025-08-01,0.7996,-0.7322,0.3353
S_116,51.16,16.85,2025-09-01,0.7556,-0.7033,0.2859
S_116,51.16,16.85,2025-10-01,0.363206595084691,-0.3402178926985608,0.0976059002895438
S_116,51.16,16.85,2025-11-01,0.5379,-0.612,0.0275
S_116,51.16,16.85,2025-12-01,0.5088,-0.5776,0.0962
S_116,51.16,16.85,2026-01-01,0.3385,-0.2917,0.4447
S_116,51.16,16.85,2026-02-01,0.3926,-0.4831,-0.0837
S_116,51.16,16.85,2026-03-01,0.3687,-0.4483,-0.0765
S_117,51.18,16.85,2023-06-01,0.7958,-0.7137,0.3434
S_117,51.18,16.85,2023-07-01,0.7702,-0.7007,0.2956
S_117,51.18,16.85,2023-08-01,0.6861,-0.6278,0.2475
S_117,51.18,16.85,2023-09-01,0.7856,-0.7148,0.3003
S_117,51.18,16.85,2023-10-01,0.7279,-0.6693,0.243
S_117,51.18,16.85,2023-11-01,0.6466,-0.6819,0.1513
S_117,51.18,16.85,2023-12-01,0.4831,-0.5004,0.1781
S_117,51.18,16.85,2024-01-01,0.43,-0.4576,0.2847
S_117,51.18,16.85,2024-02-01,0.5716,-0.6481,0.0658
S_117,51.18,16.85,2024-03-01,0.2867876344001903,-0.3009993461619321,0.0267535316082889
S_117,51.18,16.85,2024-04-01,0.6065,-0.5691,0.1344
S_117,51.18,16.85,2024-05-01,0.6946,-0.6289,0.2322
S_117,51.18,16.85,2024-06-01,0.7352,-0.6522,0.2862
S_117,51.18,16.85,2024-07-01,0.7312,-0.6538,0.2532
S_117,51.18,16.85,2024-08-01,0.7863,-0.7141,0.2477
S_117,51.18,16.85,2024-09-01,0.7744,-0.7129,0.2483
S_117,51.18,16.85,2024-10-01,0.6703,-0.6677,0.1168
S_117,51.18,16.85,2024-11-01,0.5657,-0.5706,0.108
S_117,51.18,16.85,2024-12-01,0.2617,-0.2501,0.1143
S_117,51.18,16.85,2025-01-01,0.5228,-0.583,0.0805
S_117,51.18,16.85,2025-02-01,0.4726,-0.5334,0.1232
S_117,51.18,16.85,2025-03-01,0.4205,-0.4794,-0.0701
S_117,51.18,16.85,2025-04-01,0.4478,-0.5006,-0.0787
S_117,51.18,16.85,2025-05-01,0.7055,-0.6182,0.253
S_117,51.18,16.85,2025-06-01,0.8057,-0.7318,0.3321
S_117,51.18,16.85,2025-07-01,0.7115,-0.6407,0.2535
S_117,51.18,16.85,2025-08-01,0.789,-0.715,0.2997
S_117,51.18,16.85,2025-09-01,0.7785,-0.7155,0.289
S_117,51.18,16.85,2025-10-01,0.36236329692821,-0.3400882823485592,0.0959339548993588
S_117,51.18,16.85,2025-11-01,0.6056,-0.6643,0.0768
S_117,51.18,16.85,2025-12-01,0.565,-0.6082,0.1319
S_117,51.18,16.85,2026-01-01,0.3593,-0.3313,0.3902
S_117,51.18,16.85,2026-02-01,0.4431,-0.5221,-0.0577
S_117,51.18,16.85,2026-03-01,0.4299,-0.5016,-0.0675
S_118,51.2,16.85,2023-06-01,0.6132,-0.5904,0.2187
S_118,51.2,16.85,2023-07-01,0.604,-0.5942,0.1781
S_118,51.2,16.85,2023-08-01,0.532,-0.4914,0.1743
S_118,51.2,16.85,2023-09-01,0.6602,-0.6164,0.188
S_118,51.2,16.85,2023-10-01,0.5783134594045153,-0.5051722871572843,0.1573588910348586
S_118,51.2,16.85,2023-11-01,0.5222,-0.5741,0.0718
S_118,51.2,16.85,2023-12-01,0.4189,-0.4659,0.079
S_118,51.2,16.85,2024-01-01,0.3158,-0.3805,0.1771
S_118,51.2,16.85,2024-02-01,0.4188,-0.517,0.0215
S_118,51.2,16.85,2024-03-01,0.2969832308351737,-0.3109248790519464,0.0265830316155809
S_118,51.2,16.85,2024-04-01,0.5145,-0.5081,0.1044
S_118,51.2,16.85,2024-05-01,0.5157,-0.5153,0.1234
S_118,51.2,16.85,2024-06-01,0.5827,-0.546,0.1659
S_118,51.2,16.85,2024-07-01,0.629,-0.5861,0.2097
S_118,51.2,16.85,2024-08-01,0.6741,-0.6341,0.2106
S_118,51.2,16.85,2024-09-01,0.6083,-0.6003,0.1345
S_118,51.2,16.85,2024-10-01,0.5014,-0.5468,0.012
S_118,51.2,16.85,2024-11-01,0.461,-0.4945,0.0438
S_118,51.2,16.85,2024-12-01,0.091,-0.0777,0.0643
S_118,51.2,16.85,2025-01-01,0.371,-0.4615,0.0128
S_118,51.2,16.85,2025-02-01,0.3258,-0.4092,0.1085
S_118,51.2,16.85,2025-03-01,0.3253,-0.4047,-0.0926
S_118,51.2,16.85,2025-04-01,0.3586,-0.4226,-0.0803
S_118,51.2,16.85,2025-05-01,0.5207,-0.512,0.1078
S_118,51.2,16.85,2025-06-01,0.6733,-0.6369,0.2294
S_118,51.2,16.85,2025-07-01,0.6744,-0.6245,0.2222
S_118,51.2,16.85,2025-08-01,0.6958,-0.6537,0.2428
S_118,51.2,16.85,2025-09-01,0.6514,-0.6211,0.1959
S_118,51.2,16.85,2025-10-01,0.3536275105152631,-0.3344251174602058,0.0867280966879063
S_118,51.2,16.85,2025-11-01,0.45,-0.5354,-0.0157
S_118,51.2,16.85,2025-12-01,0.4055,-0.4881,0.0666
S_118,51.2,16.85,2026-01-01,0.1191,-0.1254,0.5517
S_118,51.2,16.85,2026-02-01,0.3171,-0.4209,-0.1053
S_118,51.2,16.85,2026-03-01,0.3168,-0.4155,-0.1078
S_119,51.22,16.85,2023-06-01,0.4809,-0.4806,0.1669
S_119,51.22,16.85,2023-07-01,0.5409,-0.5194,0.1819
S_119,51.22,16.85,2023-08-01,0.4698,-0.4254,0.1977
S_119,51.22,16.85,2023-09-01,0.6442,-0.5776,0.2429
S_119,51.22,16.85,2023-10-01,0.4219,-0.3354,0.0882
S_119,51.22,16.85,2023-11-01,0.4808,-0.498,0.0956
S_119,51.22,16.85,2023-12-01,0.3449,-0.3821,0.0615
S_119,51.22,16.85,2024-01-01,0.2282,-0.2866,0.1221
S_119,51.22,16.85,2024-02-01,0.2804,-0.3704,-0.0275
S_119,51.22,16.85,2024-03-01,0.3903226150136738,-0.3854834409461601,0.0726623548303498
S_119,51.22,16.85,2024-04-01,0.4179,-0.4241,0.0599
S_119,51.22,16.85,2024-05-01,0.4385,-0.4456,0.0832
S_119,51.22,16.85,2024-06-01,0.5858,-0.5565,0.1717
S_119,51.22,16.85,2024-07-01,0.6042,-0.5698,0.1882
S_119,51.22,16.85,2024-08-01,0.5716,-0.5324,0.1447
S_119,51.22,16.85,2024-09-01,0.5598,-0.5282,0.1389
S_119,51.22,16.85,2024-10-01,0.4048,-0.4382,-0.0062
S_119,51.22,16.85,2024-11-01,0.3742,-0.399,0.0355
S_119,51.22,16.85,2024-12-01,0.0394,-0.0007,0.0826
S_119,51.22,16.85,2025-01-01,0.2619,-0.3471,-0.0145
S_119,51.22,16.85,2025-02-01,0.2385,-0.3243,0.0852
S_119,51.22,16.85,2025-03-01,0.24,-0.3133,-0.0971
S_119,51.22,16.85,2025-04-01,0.2647,-0.3203,-0.072
S_119,51.22,16.85,2025-05-01,0.4124,-0.4164,0.0691
S_119,51.22,16.85,2025-06-01,0.6259,-0.5772,0.239
S_119,51.22,16.85,2025-07-01,0.6635,-0.6025,0.2597
S_119,51.22,16.85,2025-08-01,0.6452,-0.5866,0.242
S_119,51.22,16.85,2025-09-01,0.5435,-0.5172,0.1265
S_119,51.22,16.85,2025-10-01,0.3386480468149141,-0.3289245609532791,0.0710406800149429
S_119,51.22,16.85,2025-11-01,0.3378,-0.4187,-0.0933
S_119,51.22,16.85,2025-12-01,0.2925,-0.3572,-0.0058
S_119,51.22,16.85,2026-01-01,0.0853,-0.0894,0.5269
S_119,51.22,16.85,2026-02-01,0.2478,-0.3361,-0.1177
S_119,51.22,16.85,2026-03-01,0.2415,-0.3282,-0.1158
S_120,51.24,16.85,2023-06-01,0.4518,-0.4246,0.1446
S_120,51.24,16.85,2023-07-01,0.5283,-0.4667,0.1825
S_120,51.24,16.85,2023-08-01,0.5503,-0.4784,0.2755
S_120,51.24,16.85,2023-09-01,0.6152,-0.532,0.2589
S_120,51.24,16.85,2023-10-01,0.5587,-0.4899,0.1733
S_120,51.24,16.85,2023-11-01,0.3953,-0.4191,0.0459
S_120,51.24,16.85,2023-12-01,0.302,-0.3434,0.065
S_120,51.24,16.85,2024-01-01,0.1816,-0.242,0.141
S_120,51.24,16.85,2024-02-01,0.2262,-0.3192,-0.0653
S_120,51.24,16.85,2024-03-01,0.4038419994045742,-0.3975011741652417,0.0755957637941508
S_120,51.24,16.85,2024-04-01,0.4402,-0.4261,0.0694
S_120,51.24,16.85,2024-05-01,0.4705,-0.4451,0.1099
S_120,51.24,16.85,2024-06-01,0.5284,-0.474,0.1834
S_120,51.24,16.85,2024-07-01,0.5882,-0.5205,0.202
S_120,51.24,16.85,2024-08-01,0.5824,-0.5137,0.1744
S_120,51.24,16.85,2024-09-01,0.4731,-0.4548,0.3308
S_120,51.24,16.85,2024-10-01,0.3715,-0.3802,0.0081
S_120,51.24,16.85,2024-11-01,0.436,-0.4721,0.0631
S_120,51.24,16.85,2024-12-01,0.0358,0.0172,0.0929
S_120,51.24,16.85,2025-01-01,0.2364,-0.3028,0.003
S_120,51.24,16.85,2025-02-01,0.2285,-0.2807,0.0108
S_120,51.24,16.85,2025-03-01,0.2374,-0.2838,-0.0774
S_120,51.24,16.85,2025-04-01,0.2978,-0.3144,-0.0564
S_120,51.24,16.85,2025-05-01,0.577,-0.5239,0.1861
S_120,51.24,16.85,2025-06-01,0.6045,-0.5449,0.2466
S_120,51.24,16.85,2025-07-01,0.5324,-0.4722,0.1617
S_120,51.24,16.85,2025-08-01,0.5525,-0.4934,0.1721
S_120,51.24,16.85,2025-09-01,0.5044,-0.4665,0.1091
S_120,51.24,16.85,2025-10-01,0.3534317588147718,-0.3430846510205296,0.0760317707311103
S_120,51.24,16.85,2025-11-01,0.3232,-0.388,-0.0557
S_120,51.24,16.85,2025-12-01,0.281,-0.3265,-0.0001
S_120,51.24,16.85,2026-01-01,0.0911,-0.0944,0.3798
S_120,51.24,16.85,2026-02-01,0.2165,-0.2979,-0.0932
S_120,51.24,16.85,2026-03-01,0.2209,-0.2914,-0.1237
S_121,50.96,16.87,2023-06-01,0.4248,-0.4668,0.0708
S_121,50.96,16.87,2023-07-01,0.6286,-0.6118,0.2266
S_121,50.96,16.87,2023-08-01,0.6597,-0.6281,0.1842
S_121,50.96,16.87,2023-09-01,0.6496,-0.617,0.1936
S_121,50.96,16.87,2023-10-01,0.5019,-0.5299,0.0311
S_121,50.96,16.87,2023-11-01,0.3148,-0.3644,-0.0499
S_121,50.96,16.87,2023-12-01,0.2665,-0.3486,-0.0947
S_121,50.96,16.87,2024-01-01,0.0753,-0.1043,0.6685
S_121,50.96,16.87,2024-02-01,0.3025,-0.401,-0.0849
S_121,50.96,16.87,2024-03-01,0.3613,-0.4061,-0.0279
S_121,50.96,16.87,2024-04-01,0.3949,-0.4421,0.0155
S_121,50.96,16.87,2024-05-01,0.4208,-0.462,0.0615
S_121,50.96,16.87,2024-06-01,0.5567,-0.5342,0.1659
S_121,50.96,16.87,2024-07-01,0.5931,-0.5787,0.168
S_121,50.96,16.87,2024-08-01,0.5917,-0.5663,0.1556
S_121,50.96,16.87,2024-09-01,0.4911,-0.5202,0.037
S_121,50.96,16.87,2024-10-01,0.3315,-0.4284,-0.1109
S_121,50.96,16.87,2024-11-01,0.3144,-0.4219,-0.1023
S_121,50.96,16.87,2024-12-01,0.2702,-0.3273,-0.0544
S_121,50.96,16.87,2025-01-01,0.3274,-0.443,-0.061
S_121,50.96,16.87,2025-02-01,0.2838,-0.3492,0.0139
S_121,50.96,16.87,2025-03-01,0.3737,-0.432,-0.0616
S_121,50.96,16.87,2025-04-01,0.6258,-0.6106,0.2441
S_121,50.96,16.87,2025-05-01,0.5777,-0.5714,0.2129
S_121,50.96,16.87,2025-06-01,0.6861,-0.6446,0.3327
S_121,50.96,16.87,2025-07-01,0.5956,-0.5853,0.2866
S_121,50.96,16.87,2025-08-01,0.4454,-0.4904,0.0396
S_121,50.96,16.87,2025-09-01,0.4079,-0.4561,-0.0202
S_121,50.96,16.87,2025-10-01,0.3119727617782301,-0.2757352806817332,0.1160240075858817
S_121,50.96,16.87,2025-11-01,0.4358,-0.4881,-0.0153
S_121,50.96,16.87,2025-12-01,0.3696,-0.4834,-0.037
S_121,50.96,16.87,2026-01-01,0.324,-0.4533,-0.1242
S_121,50.96,16.87,2026-02-01,0.2688,-0.3854,-0.1437
S_121,50.96,16.87,2026-03-01,0.2868,-0.4064,-0.1359
S_122,50.98,16.87,2023-06-01,0.5965,-0.5792,0.1583
S_122,50.98,16.87,2023-07-01,0.7083,-0.6664,0.2958
S_122,50.98,16.87,2023-08-01,0.6708,-0.6402,0.2014
S_122,50.98,16.87,2023-09-01,0.7032,-0.6608,0.2335
S_122,50.98,16.87,2023-10-01,0.6571,-0.6216,0.1403
S_122,50.98,16.87,2023-11-01,0.3596,-0.4646,-0.1028
S_122,50.98,16.87,2023-12-01,0.3161,-0.3815,-0.0758
S_122,50.98,16.87,2024-01-01,0.1347,-0.1538,0.627
S_122,50.98,16.87,2024-02-01,0.3768,-0.4588,-0.1283
S_122,50.98,16.87,2024-03-01,0.4027,-0.4378,-0.052
S_122,50.98,16.87,2024-04-01,0.4999,-0.4952,0.0069
S_122,50.98,16.87,2024-05-01,0.5458,-0.539,0.1085
S_122,50.98,16.87,2024-06-01,0.6516,-0.5979,0.2055
S_122,50.98,16.87,2024-07-01,0.6016,-0.5857,0.1665
S_122,50.98,16.87,2024-08-01,0.6561,-0.6244,0.1764
S_122,50.98,16.87,2024-09-01,0.5519,-0.5637,0.0523
S_122,50.98,16.87,2024-10-01,0.4227,-0.4864,-0.0338
S_122,50.98,16.87,2024-11-01,0.4119,-0.4834,-0.0606
S_122,50.98,16.87,2024-12-01,0.3296,-0.3592,-0.054
S_122,50.98,16.87,2025-01-01,0.4002,-0.5084,-0.0871
S_122,50.98,16.87,2025-02-01,0.343,-0.4138,-0.048
S_122,50.98,16.87,2025-03-01,0.3644,-0.4412,-0.1542
S_122,50.98,16.87,2025-04-01,0.527,-0.5185,0.0426
S_122,50.98,16.87,2025-05-01,0.5539,-0.5284,0.1106
S_122,50.98,16.87,2025-06-01,0.7705,-0.7006,0.3529
S_122,50.98,16.87,2025-07-01,0.7196,-0.6684,0.3363
S_122,50.98,16.87,2025-08-01,0.6805,-0.6486,0.2434
S_122,50.98,16.87,2025-09-01,0.6175,-0.6021,0.14
S_122,50.98,16.87,2025-10-01,0.3128178841492746,-0.2764487205337642,0.1166016004725561
S_122,50.98,16.87,2025-11-01,0.4076,-0.504,-0.0924
S_122,50.98,16.87,2025-12-01,0.4046,-0.5245,-0.0671
S_122,50.98,16.87,2026-01-01,0.3444,-0.4704,-0.1278
S_122,50.98,16.87,2026-02-01,0.3143,-0.4214,-0.1939
S_122,50.98,16.87,2026-03-01,0.3334,-0.4453,-0.1788
S_123,51.0,16.87,2023-06-01,0.4283,-0.4619,0.0547
S_123,51.0,16.87,2023-07-01,0.7295,-0.6717,0.3264
S_123,51.0,16.87,2023-08-01,0.6687,-0.6131,0.2865
S_123,51.0,16.87,2023-09-01,0.6931,-0.6446,0.2818
S_123,51.0,16.87,2023-10-01,0.5858,-0.5785,0.1092
S_123,51.0,16.87,2023-11-01,0.4286,-0.513,0.0508
S_123,51.0,16.87,2023-12-01,0.5358,-0.4762,0.0047
S_123,51.0,16.87,2024-01-01,0.1019,-0.1335,0.5965
S_123,51.0,16.87,2024-02-01,0.322,-0.4319,-0.0503
S_123,51.0,16.87,2024-03-01,0.4434,-0.4599,0.0152
S_123,51.0,16.87,2024-04-01,0.4769,-0.4777,0.0212
S_123,51.0,16.87,2024-05-01,0.5203,-0.5213,0.1526
S_123,51.0,16.87,2024-06-01,0.6,-0.5668,0.1904
S_123,51.0,16.87,2024-07-01,0.4789,-0.4747,0.0677
S_123,51.0,16.87,2024-08-01,0.5573,-0.5554,0.1046
S_123,51.0,16.87,2024-09-01,0.5177,-0.5267,0.0458
S_123,51.0,16.87,2024-10-01,0.3572,-0.4361,-0.1612
S_123,51.0,16.87,2024-11-01,0.454,-0.493,0.0183
S_123,51.0,16.87,2024-12-01,0.3789,-0.3716,0.0584
S_123,51.0,16.87,2025-01-01,0.3883,-0.4772,0.0149
S_123,51.0,16.87,2025-02-01,0.2765,-0.3181,0.2316
S_123,51.0,16.87,2025-03-01,0.3775,-0.4368,-0.0348
S_123,51.0,16.87,2025-04-01,0.4597,-0.4852,0.0729
S_123,51.0,16.87,2025-05-01,0.5441,-0.5368,0.1988
S_123,51.0,16.87,2025-06-01,0.6673,-0.6339,0.3049
S_123,51.0,16.87,2025-07-01,0.6007,-0.5843,0.2546
S_123,51.0,16.87,2025-08-01,0.5818,-0.5749,0.1577
S_123,51.0,16.87,2025-09-01,0.5964,-0.5824,0.1501
S_123,51.0,16.87,2025-10-01,0.3138490997740758,-0.2773167247564596,0.1173005186878073
S_123,51.0,16.87,2025-11-01,0.5227,-0.561,0.0542
S_123,51.0,16.87,2025-12-01,0.4353,-0.5206,0.0298
S_123,51.0,16.87,2026-01-01,0.2087373883369646,-0.3328434775793884,-0.0370902813011829
S_123,51.0,16.87,2026-02-01,0.2932,-0.3975,-0.1318
S_123,51.0,16.87,2026-03-01,0.2829,-0.3888,-0.1239
S_124,51.02,16.87,2023-06-01,0.7476,-0.6916,0.4668
S_124,51.02,16.87,2023-07-01,0.4157,-0.4954,0.144
S_124,51.02,16.87,2023-08-01,0.3062,-0.3429,-0.0097
S_124,51.02,16.87,2023-09-01,0.3247,-0.3975,-0.062
S_124,51.02,16.87,2023-10-01,0.3028,-0.3779,-0.0873
S_124,51.02,16.87,2023-11-01,0.6269,-0.6107,0.2298
S_124,51.02,16.87,2023-12-01,0.2643240548284559,-0.2554354210102995,0.0287785998531147
S_124,51.02,16.87,2024-01-01,0.2721,-0.2739,0.6843
S_124,51.02,16.87,2024-02-01,0.5482,-0.5571,0.1729
S_124,51.02,16.87,2024-03-01,0.7736,-0.676,0.451
S_124,51.02,16.87,2024-04-01,0.4991857143018389,-0.4841714285852668,0.1164428571515025
S_124,51.02,16.87,2024-05-01,0.5878,-0.5787,0.2878
S_124,51.02,16.87,2024-06-01,0.5462,-0.5338,0.2184
S_124,51.02,16.87,2024-07-01,0.3422,-0.4096,-0.0431
S_124,51.02,16.87,2024-08-01,0.4319,-0.4686,0.0523
S_124,51.02,16.87,2024-09-01,0.395,-0.4433,0.004
S_124,51.02,16.87,2024-10-01,0.4839,-0.5034,0.0986
S_124,51.02,16.87,2024-11-01,0.4861,-0.5113,0.1194
S_124,51.02,16.87,2024-12-01,0.1217,-0.1526,0.0673
S_124,51.02,16.87,2025-01-01,0.5212,-0.5513,0.2002
S_124,51.02,16.87,2025-02-01,0.3185,-0.3366,0.4564
S_124,51.02,16.87,2025-03-01,0.5345,-0.539,0.1757
S_124,51.02,16.87,2025-04-01,0.6147,-0.5986,0.2582
S_124,51.02,16.87,2025-05-01,0.6075,-0.5833,0.3648
S_124,51.02,16.87,2025-06-01,0.6202,-0.5947,0.3273
S_124,51.02,16.87,2025-07-01,0.3424,-0.4109,-0.0266
S_124,51.02,16.87,2025-08-01,0.4185,-0.4672,0.0284
S_124,51.02,16.87,2025-09-01,0.3555,-0.4152,-0.041
S_124,51.02,16.87,2025-10-01,0.3150820170753527,-0.2783509732905692,0.1181278675822658
S_124,51.02,16.87,2025-11-01,0.4475,-0.4917,0.0191
S_124,51.02,16.87,2025-12-01,0.4924,-0.5223,0.1413
S_124,51.02,16.87,2026-01-01,0.1251,-0.1368,0.116
S_124,51.02,16.87,2026-02-01,0.3704,-0.435,-0.0182
S_124,51.02,16.87,2026-03-01,0.3869,-0.4365,-0.0047
S_125,51.04,16.87,2023-06-01,0.6224,-0.6003,0.2713
S_125,51.04,16.87,2023-07-01,0.5496,-0.5617,0.2226
S_125,51.04,16.87,2023-08-01,0.4366,-0.4374,0.0899
S_125,51.04,16.87,2023-09-01,0.5326,-0.5364,0.0779
S_125,51.04,16.87,2023-10-01,0.4246,-0.4724,-0.0524
S_125,51.04,16.87,2023-11-01,0.5016,-0.5375,0.0461
S_125,51.04,16.87,2023-12-01,0.1498,-0.1568,0.0507
S_125,51.04,16.87,2024-01-01,0.1827,-0.1972,0.5532
S_125,51.04,16.87,2024-02-01,0.4536,-0.5164,-0.0091
S_125,51.04,16.87,2024-03-01,0.5258,-0.4887,0.2095
S_125,51.04,16.87,2024-04-01,0.7377,-0.6821,0.331
S_125,51.04,16.87,2024-05-01,0.5305,-0.5444,0.1354
S_125,51.04,16.87,2024-06-01,0.6042,-0.5675,0.2003
S_125,51.04,16.87,2024-07-01,0.4581,-0.4797,0.0531
S_125,51.04,16.87,2024-08-01,0.5455,-0.5539,0.1002
S_125,51.04,16.87,2024-09-01,0.4332,-0.4845,-0.024
S_125,51.04,16.87,2024-10-01,0.3835,-0.4458,-0.0817
S_125,51.04,16.87,2024-11-01,0.4082,-0.4525,-0.0357
S_125,51.04,16.87,2024-12-01,0.1966,-0.2284,0.0003
S_125,51.04,16.87,2025-01-01,0.4139,-0.4802,-0.0114
S_125,51.04,16.87,2025-02-01,0.3363,-0.3932,0.1641
S_125,51.04,16.87,2025-03-01,0.4304,-0.467,-0.0284
S_125,51.04,16.87,2025-04-01,0.4966,-0.5137,0.0379
S_125,51.04,16.87,2025-05-01,0.5384,-0.5359,0.2103
S_125,51.04,16.87,2025-06-01,0.6306,-0.6238,0.2702
S_125,51.04,16.87,2025-07-01,0.5076,-0.5243,0.1201
S_125,51.04,16.87,2025-08-01,0.559,-0.5686,0.137
S_125,51.04,16.87,2025-09-01,0.4855,-0.514,0.0296
S_125,51.04,16.87,2025-10-01,0.3442948103887591,-0.3089525073995254,0.1245234432034927
S_125,51.04,16.87,2025-11-01,0.4297,-0.5045,-0.0479
S_125,51.04,16.87,2025-12-01,0.4394,-0.5051,0.0306
S_125,51.04,16.87,2026-01-01,0.0688,-0.0527,0.3571
S_125,51.04,16.87,2026-02-01,0.3367,-0.4202,-0.1225
S_125,51.04,16.87,2026-03-01,0.3357,-0.4083,-0.1116
S_126,51.06,16.87,2023-06-01,0.6772,-0.6412,0.3181
S_126,51.06,16.87,2023-07-01,0.5353,-0.544,0.1733
S_126,51.06,16.87,2023-08-01,0.5211,-0.5099,0.1136
S_126,51.06,16.87,2023-09-01,0.5231,-0.526,0.0662
S_126,51.06,16.87,2023-10-01,0.5689,-0.5594,0.0736
S_126,51.06,16.87,2023-11-01,0.5426,-0.5653,0.078
S_126,51.06,16.87,2023-12-01,0.2137,-0.2327,0.0509
S_126,51.06,16.87,2024-01-01,0.178,-0.2003,0.5543
S_126,51.06,16.87,2024-02-01,0.4342,-0.5139,-0.0134
S_126,51.06,16.87,2024-03-01,0.540696303361517,-0.5023236817214972,0.226402563949792
S_126,51.06,16.87,2024-04-01,0.4978,-0.51,0.0908
S_126,51.06,16.87,2024-05-01,0.5333,-0.5394,0.1347
S_126,51.06,16.87,2024-06-01,0.6179,-0.5775,0.19
S_126,51.06,16.87,2024-07-01,0.5787,-0.5524,0.1603
S_126,51.06,16.87,2024-08-01,0.6018,-0.5922,0.1418
S_126,51.06,16.87,2024-09-01,0.5138,-0.5349,0.0466
S_126,51.06,16.87,2024-10-01,0.3905,-0.4697,-0.0788
S_126,51.06,16.87,2024-11-01,0.3508,-0.4302,-0.0702
S_126,51.06,16.87,2024-12-01,0.2257,-0.2731,-0.0464
S_126,51.06,16.87,2025-01-01,0.301,-0.4241,-0.1151
S_126,51.06,16.87,2025-02-01,0.269,-0.3602,-0.0077
S_126,51.06,16.87,2025-03-01,0.2846,-0.3758,-0.1669
S_126,51.06,16.87,2025-04-01,0.3065,-0.3867,-0.1589
S_126,51.06,16.87,2025-05-01,0.3757,-0.426,-0.0782
S_126,51.06,16.87,2025-06-01,0.7403,-0.6918,0.2813
S_126,51.06,16.87,2025-07-01,0.7647,-0.7028,0.3354
S_126,51.06,16.87,2025-08-01,0.7875,-0.7245,0.3533
S_126,51.06,16.87,2025-09-01,0.6313,-0.6178,0.1576
S_126,51.06,16.87,2025-10-01,0.3448832003596715,-0.3096069402517611,0.1243586525989785
S_126,51.06,16.87,2025-11-01,0.3365,-0.45,-0.1173
S_126,51.06,16.87,2025-12-01,0.3215,-0.4593,-0.0851
S_126,51.06,16.87,2026-01-01,0.1628,-0.168,0.2323
S_126,51.06,16.87,2026-02-01,0.253,-0.3785,-0.1836
S_126,51.06,16.87,2026-03-01,0.2531,-0.3642,-0.1847
S_127,51.08,16.87,2023-06-01,0.5934,-0.5838,0.2091
S_127,51.08,16.87,2023-07-01,0.5622,-0.5657,0.1685
S_127,51.08,16.87,2023-08-01,0.4794,-0.4888,0.1288
S_127,51.08,16.87,2023-09-01,0.6082,-0.5851,0.1283
S_127,51.08,16.87,2023-10-01,0.5355,-0.5421,0.0372
S_127,51.08,16.87,2023-11-01,0.437,-0.5202,-0.0249
S_127,51.08,16.87,2023-12-01,0.3068432779604985,-0.2824697549483869,0.1752936667606301
S_127,51.08,16.87,2024-01-01,0.1591,-0.1978,0.4462
S_127,51.08,16.87,2024-02-01,0.3773,-0.4813,-0.0503
S_127,51.08,16.87,2024-03-01,0.4355022385964884,-0.4395373102279915,0.0877890570157759
S_127,51.08,16.87,2024-04-01,0.4618,-0.4665,0.0611
S_127,51.08,16.87,2024-05-01,0.4709,-0.4885,0.0601
S_127,51.08,16.87,2024-06-01,0.5648,-0.5455,0.1033
S_127,51.08,16.87,2024-07-01,0.5597,-0.5259,0.1574
S_127,51.08,16.87,2024-08-01,0.6539,-0.6228,0.1847
S_127,51.08,16.87,2024-09-01,0.594,-0.5844,0.1191
S_127,51.08,16.87,2024-10-01,0.4073,-0.4907,-0.0491
S_127,51.08,16.87,2024-11-01,0.3893,-0.4597,-0.0182
S_127,51.08,16.87,2024-12-01,0.2855,-0.3224,0.023
S_127,51.08,16.87,2025-01-01,0.3679,-0.4592,-0.0171
S_127,51.08,16.87,2025-02-01,0.3573,-0.4419,0.0078
S_127,51.08,16.87,2025-03-01,0.3604,-0.4261,-0.0875
S_127,51.08,16.87,2025-04-01,0.4305,-0.469,-0.0297
S_127,51.08,16.87,2025-05-01,0.573,-0.554,0.1654
S_127,51.08,16.87,2025-06-01,0.6397,-0.6094,0.2302
S_127,51.08,16.87,2025-07-01,0.5294,-0.5259,0.1026
S_127,51.08,16.87,2025-08-01,0.5823,-0.5763,0.1395
S_127,51.08,16.87,2025-09-01,0.566,-0.5632,0.0994
S_127,51.08,16.87,2025-10-01,0.3454213014340537,-0.3103244435105101,0.1238599916544876
S_127,51.08,16.87,2025-11-01,0.4738,-0.5304,-0.0016
S_127,51.08,16.87,2025-12-01,0.4472,-0.5244,0.0484
S_127,51.08,16.87,2026-01-01,0.0611746032515781,-0.0754675577440934,0.2046392964948687
S_127,51.08,16.87,2026-02-01,0.3205,-0.4195,-0.1177
S_127,51.08,16.87,2026-03-01,0.3128,-0.3999,-0.1168
S_128,51.1,16.87,2023-06-01,0.6352,-0.6098,0.2223
S_128,51.1,16.87,2023-07-01,0.6628,-0.6234,0.2023
S_128,51.1,16.87,2023-08-01,0.6527,-0.5891,0.2
S_128,51.1,16.87,2023-09-01,0.6836,-0.6327,0.1903
S_128,51.1,16.87,2023-10-01,0.6661,-0.6161,0.1532
S_128,51.1,16.87,2023-11-01,0.5331,-0.5686,0.0585
S_128,51.1,16.87,2023-12-01,0.0746,-0.0318,0.0857
S_128,51.1,16.87,2024-01-01,0.2559,-0.296,0.3672
S_128,51.1,16.87,2024-02-01,0.4242,-0.5178,-0.0333
S_128,51.1,16.87,2024-03-01,0.4157369938669732,-0.4290717592196557,0.0383646122424894
S_128,51.1,16.87,2024-04-01,0.504,-0.4609,0.1469
S_128,51.1,16.87,2024-05-01,0.5978,-0.5697,0.1549
S_128,51.1,16.87,2024-06-01,0.6419,-0.5967,0.1806
S_128,51.1,16.87,2024-07-01,0.6056,-0.5712,0.1192
S_128,51.1,16.87,2024-08-01,0.7087,-0.6478,0.1934
S_128,51.1,16.87,2024-09-01,0.6605,-0.6211,0.1472
S_128,51.1,16.87,2024-10-01,0.5454,-0.5602,0.0307
S_128,51.1,16.87,2024-11-01,0.4851,-0.5109,0.0422
S_128,51.1,16.87,2024-12-01,0.3002,-0.3314,0.0036
S_128,51.1,16.87,2025-01-01,0.3901,-0.4854,-0.0443
S_128,51.1,16.87,2025-02-01,0.369,-0.4721,-0.0452
S_128,51.1,16.87,2025-03-01,0.3401,-0.4206,-0.125
S_128,51.1,16.87,2025-04-01,0.4014,-0.4492,-0.0839
S_128,51.1,16.87,2025-05-01,0.6393,-0.5828,0.2286
S_128,51.1,16.87,2025-06-01,0.6615,-0.6264,0.2063
S_128,51.1,16.87,2025-07-01,0.5408,-0.5112,0.0925
S_128,51.1,16.87,2025-08-01,0.6793,-0.6309,0.2174
S_128,51.1,16.87,2025-09-01,0.6539,-0.6139,0.1722
S_128,51.1,16.87,2025-10-01,0.369566617698212,-0.3360988703970057,0.1206061121059229
S_128,51.1,16.87,2025-11-01,0.439,-0.5161,-0.0317
S_128,51.1,16.87,2025-12-01,0.4034,-0.5099,-0.0425
S_128,51.1,16.87,2026-01-01,-0.004,0.0041,0.1607
S_128,51.1,16.87,2026-02-01,0.2914,-0.4026,-0.1501
S_128,51.1,16.87,2026-03-01,0.2859,-0.3833,-0.1508
S_129,51.12,16.87,2023-06-01,0.6223,-0.592,0.232
S_129,51.12,16.87,2023-07-01,0.5546,-0.5443,0.1194
S_129,51.12,16.87,2023-08-01,0.5632,-0.5264,0.1157
S_129,51.12,16.87,2023-09-01,0.6148,-0.5732,0.1425
S_129,51.12,16.87,2023-10-01,0.5672,-0.5459,0.0823
S_129,51.12,16.87,2023-11-01,0.5341,-0.5623,0.0671
S_129,51.12,16.87,2023-12-01,0.3779,-0.4035,0.1545
S_129,51.12,16.87,2024-01-01,0.2709,-0.3215,0.3064
S_129,51.12,16.87,2024-02-01,0.4134,-0.4995,0.0052
S_129,51.12,16.87,2024-03-01,0.4026537790322775,-0.4235175914127948,0.0019623624862198
S_129,51.12,16.87,2024-04-01,0.5553,-0.5354,0.1485
S_129,51.12,16.87,2024-05-01,0.5879,-0.5615,0.1789
S_129,51.12,16.87,2024-06-01,0.5841,-0.5445,0.1367
S_129,51.12,16.87,2024-07-01,0.5198,-0.4995,0.0626
S_129,51.12,16.87,2024-08-01,0.5989,-0.5644,0.1367
S_129,51.12,16.87,2024-09-01,0.5999,-0.5705,0.1292
S_129,51.12,16.87,2024-10-01,0.4919,-0.5164,0.0137
S_129,51.12,16.87,2024-11-01,0.4521,-0.4654,0.038
S_129,51.12,16.87,2024-12-01,0.3187,-0.3356,0.0433
S_129,51.12,16.87,2025-01-01,0.4013,-0.4775,0.0075
S_129,51.12,16.87,2025-02-01,0.3635,-0.4444,0.0542
S_129,51.12,16.87,2025-03-01,0.3578,-0.4203,-0.0504
S_129,51.12,16.87,2025-04-01,0.4137,-0.4489,-0.0111
S_129,51.12,16.87,2025-05-01,0.5915,-0.549,0.2119
S_129,51.12,16.87,2025-06-01,0.563,-0.5536,0.1625
S_129,51.12,16.87,2025-07-01,0.4911,-0.483,0.059
S_129,51.12,16.87,2025-08-01,0.5233,-0.5159,0.0875
S_129,51.12,16.87,2025-09-01,0.5492,-0.5352,0.1001
S_129,51.12,16.87,2025-10-01,0.3697013940120126,-0.3369210290841568,0.1184407676252228
S_129,51.12,16.87,2025-11-01,0.4553,-0.5106,-0.0053
S_129,51.12,16.87,2025-12-01,0.424,-0.502,0.0262
S_129,51.12,16.87,2026-01-01,0.0154366968034974,-0.0092869094352533,0.3070487441286686
S_129,51.12,16.87,2026-02-01,0.2979,-0.3983,-0.1146
S_129,51.12,16.87,2026-03-01,0.2935,-0.3837,-0.1083
S_130,51.14,16.87,2023-06-01,0.6733,-0.6135,0.2788
S_130,51.14,16.87,2023-07-01,0.6332,-0.5875,0.2082
S_130,51.14,16.87,2023-08-01,0.6203,-0.5673,0.2034
S_130,51.14,16.87,2023-09-01,0.6565,-0.6056,0.2163
S_130,51.14,16.87,2023-10-01,0.6423,-0.5965,0.1771
S_130,51.14,16.87,2023-11-01,0.5209,-0.5536,0.0785
S_130,51.14,16.87,2023-12-01,0.3444,-0.3821,0.1255
S_130,51.14,16.87,2024-01-01,0.2802,-0.3259,0.2061
S_130,51.14,16.87,2024-02-01,0.407,-0.499,-0.0277
S_130,51.14,16.87,2024-03-01,0.2873942782257982,-0.3171794737869042,-0.0134755416754835
S_130,51.14,16.87,2024-04-01,0.5616,-0.5207,0.1541
S_130,51.14,16.87,2024-05-01,0.6206,-0.5721,0.1994
S_130,51.14,16.87,2024-06-01,0.633,-0.5769,0.203
S_130,51.14,16.87,2024-07-01,0.5954,-0.5463,0.1524
S_130,51.14,16.87,2024-08-01,0.6581,-0.6044,0.1926
S_130,51.14,16.87,2024-09-01,0.6172,-0.5792,0.1754
S_130,51.14,16.87,2024-10-01,0.5366,-0.5415,0.0512
S_130,51.14,16.87,2024-11-01,0.4612,-0.4735,0.0564
S_130,51.14,16.87,2024-12-01,0.2225,-0.2272,0.0458
S_130,51.14,16.87,2025-01-01,0.3822,-0.4538,-0.023
S_130,51.14,16.87,2025-02-01,0.3689,-0.4546,0.0175
S_130,51.14,16.87,2025-03-01,0.3342,-0.3944,-0.0857
S_130,51.14,16.87,2025-04-01,0.3715,-0.406,-0.055
S_130,51.14,16.87,2025-05-01,0.466,-0.4295,0.1652
S_130,51.14,16.87,2025-06-01,0.6746,-0.6239,0.255
S_130,51.14,16.87,2025-07-01,0.6246,-0.5758,0.2048
S_130,51.14,16.87,2025-08-01,0.6481,-0.601,0.2134
S_130,51.14,16.87,2025-09-01,0.6344,-0.5973,0.1866
S_130,51.14,16.87,2025-10-01,0.3769486239205366,-0.3441225016326241,0.1150930825659733
S_130,51.14,16.87,2025-11-01,0.4768,-0.5346,0.016
S_130,51.14,16.87,2025-12-01,0.427,-0.4946,0.0105
S_130,51.14,16.87,2026-01-01,0.0318,-0.0323,0.2449
S_130,51.14,16.87,2026-02-01,0.3183,-0.4113,-0.1207
S_130,51.14,16.87,2026-03-01,0.3074,-0.3887,-0.1155
S_131,51.16,16.87,2023-06-01,0.6893750000138805,-0.6344250000120283,0.2767000000086254
S_131,51.16,16.87,2023-07-01,0.6615499999920895,-0.619399999993706,0.2136249999955031
S_131,51.16,16.87,2023-08-01,0.5584750000040554,-0.5147750000047152,0.1792749999982377
S_131,51.16,16.87,2023-09-01,0.7102250000029301,-0.6498500000018133,0.2430000000009816
S_131,51.16,16.87,2023-10-01,0.6988249999837468,-0.6458249999861216,0.22589999998287
S_131,51.16,16.87,2023-11-01,0.573675000006676,-0.6066750000041113,0.110200000007442
S_131,51.16,16.87,2023-12-01,0.4099750000129861,-0.4404000000079774,0.1404000000156685
S_131,51.16,16.87,2024-01-01,0.3409250000059323,-0.3821250000049505,0.2418750000075942
S_131,51.16,16.87,2024-02-01,0.4709000000057954,-0.5535250000050093,0.0202500000036038
S_131,51.16,16.87,2024-03-01,0.3249139503093819,-0.3374811479231581,0.0272404268981713
S_131,51.16,16.87,2024-04-01,0.5728250000046008,-0.5381000000044577,0.1397499999986869
S_131,51.16,16.87,2024-05-01,0.6266500000027514,-0.5807500000023265,0.1903250000006681
S_131,51.16,16.87,2024-06-01,0.5964999999997177,-0.5371249999996157,0.2023250000030347
S_131,51.16,16.87,2024-07-01,0.6250499999945216,-0.5719999999957647,0.1815499999944561
S_131,51.16,16.87,2024-08-01,0.7040999999991419,-0.6454749999993675,0.2068999999973899
S_131,51.16,16.87,2024-09-01,0.6699999999982271,-0.6285499999990198,0.1926499999956145
S_131,51.16,16.87,2024-10-01,0.5926249999935055,-0.5958749999927101,0.0795249999957534
S_131,51.16,16.87,2024-11-01,0.5188249999943843,-0.5262749999945582,0.0916499999982976
S_131,51.16,16.87,2024-12-01,0.2668750000043927,-0.262900000006258,0.0857499999966303
S_131,51.16,16.87,2025-01-01,0.4368250000129363,-0.5032000000128443,0.0227750000086251
S_131,51.16,16.87,2025-02-01,0.4163749999933978,-0.4929249999946338,0.058499999997294
S_131,51.16,16.87,2025-03-01,0.3764500000049319,-0.4360250000058228,-0.0716000000007196
S_131,51.16,16.87,2025-04-01,0.4159750000019655,-0.4573000000008269,-0.0568999999990482
S_131,51.16,16.87,2025-05-01,0.5826749999800207,-0.5284499999837209,0.1913499999945862
S_131,51.16,16.87,2025-06-01,0.7080249999967841,-0.6570249999971497,0.264150000000478
S_131,51.16,16.87,2025-07-01,0.6919250000071459,-0.6311250000071577,0.2385500000083114
S_131,51.16,16.87,2025-08-01,0.719400000003686,-0.6599000000044153,0.2657500000050512
S_131,51.16,16.87,2025-09-01,0.694550000001102,-0.649150000001209,0.2321250000016701
S_131,51.16,16.87,2025-10-01,0.3632665790251996,-0.3402704754665997,0.0972794051437928
S_131,51.16,16.87,2025-11-01,0.5213249999932298,-0.5809499999960109,0.0339999999941631
S_131,51.16,16.87,2025-12-01,0.4732500000026121,-0.5350500000035658,0.0660250000016957
S_131,51.16,16.87,2026-01-01,0.2295749999600571,-0.2007749999630041,0.4209999999737752
S_131,51.16,16.87,2026-02-01,0.3648249999944001,-0.4535499999959008,-0.0904750000060424
S_131,51.16,16.87,2026-03-01,0.3506750000010892,-0.4295000000014411,-0.0887999999991204
S_132,51.18,16.87,2023-06-01,0.707,-0.6514,0.2669
S_132,51.18,16.87,2023-07-01,0.7288,-0.6681,0.2568
S_132,51.18,16.87,2023-08-01,0.5729,-0.5211,0.2007
S_132,51.18,16.87,2023-09-01,0.7565,-0.6875,0.2736
S_132,51.18,16.87,2023-10-01,0.7527,-0.6885,0.2851
S_132,51.18,16.87,2023-11-01,0.5977,-0.6431,0.119
S_132,51.18,16.87,2023-12-01,0.4458,-0.4779,0.1428
S_132,51.18,16.87,2024-01-01,0.3724,-0.4132,0.2623
S_132,51.18,16.87,2024-02-01,0.5056,-0.5902,0.06
S_132,51.18,16.87,2024-03-01,0.3272666372799507,-0.3399927419657973,0.0268060677968915
S_132,51.18,16.87,2024-04-01,0.5667,-0.5419,0.1166
S_132,51.18,16.87,2024-05-01,0.6261,-0.5813,0.1881
S_132,51.18,16.87,2024-06-01,0.613,-0.535,0.2183
S_132,51.18,16.87,2024-07-01,0.7104,-0.64,0.2432
S_132,51.18,16.87,2024-08-01,0.7617,-0.6921,0.2457
S_132,51.18,16.87,2024-09-01,0.7361,-0.6834,0.2336
S_132,51.18,16.87,2024-10-01,0.6224,-0.6292,0.0979
S_132,51.18,16.87,2024-11-01,0.53,-0.5443,0.0873
S_132,51.18,16.87,2024-12-01,0.2719,-0.251,0.1492
S_132,51.18,16.87,2025-01-01,0.4685,-0.5348,0.0667
S_132,51.18,16.87,2025-02-01,0.4596,-0.5323,0.0704
S_132,51.18,16.87,2025-03-01,0.4009,-0.4625,-0.0617
S_132,51.18,16.87,2025-04-01,0.4269,-0.4782,-0.0654
S_132,51.18,16.87,2025-05-01,0.6377,-0.5762,0.1938
S_132,51.18,16.87,2025-06-01,0.7391,-0.6832,0.2727
S_132,51.18,16.87,2025-07-01,0.7228,-0.6525,0.2546
S_132,51.18,16.87,2025-08-01,0.7644,-0.6937,0.2937
S_132,51.18,16.87,2025-09-01,0.7349,-0.6822,0.2595
S_132,51.18,16.87,2025-10-01,0.3622499867095665,-0.3401832282682701,0.0950642691204346
S_132,51.18,16.87,2025-11-01,0.5629,-0.6186,0.0645
S_132,51.18,16.87,2025-12-01,0.5163,-0.5711,0.1174
S_132,51.18,16.87,2026-01-01,0.4879,-0.4527,0.4682
S_132,51.18,16.87,2026-02-01,0.4097,-0.4919,-0.0567
S_132,51.18,16.87,2026-03-01,0.3972,-0.4736,-0.0648
S_133,51.2,16.87,2023-06-01,0.7016999999953892,-0.6488749999977671,0.32327499997765
S_133,51.2,16.87,2023-07-01,0.616550000005118,-0.6061750000013749,0.1996499999987604
S_133,51.2,16.87,2023-08-01,0.486775000009362,-0.4553500000070452,0.1413250000082342
S_133,51.2,16.87,2023-09-01,0.6845750000053391,-0.6324250000027675,0.2065250000110925
S_133,51.2,16.87,2023-10-01,0.5960181770990401,-0.5808752473985593,0.1403323342277806
S_133,51.2,16.87,2023-11-01,0.5305749999955871,-0.5842499999962302,0.0669749999973705
S_133,51.2,16.87,2023-12-01,0.4245999999981269,-0.4668750000001965,0.0816249999922728
S_133,51.2,16.87,2024-01-01,0.3350249999994465,-0.3920749999997495,0.1926499999991812
S_133,51.2,16.87,2024-02-01,0.4589749999920715,-0.543549999996112,0.0334499999950276
S_133,51.2,16.87,2024-03-01,0.3296388014821747,-0.342444918508268,0.0265283501363676
S_133,51.2,16.87,2024-04-01,0.5544999999998191,-0.5311000000002182,0.1360749999992964
S_133,51.2,16.87,2024-05-01,0.5906749999859747,-0.566874999991047,0.1879749999894028
S_133,51.2,16.87,2024-06-01,0.6144749999877448,-0.5620999999921227,0.2090499999878122
S_133,51.2,16.87,2024-07-01,0.6081250000137401,-0.5733750000087467,0.1603000000174032
S_133,51.2,16.87,2024-08-01,0.6606750000165703,-0.6266500000105856,0.1758500000157671
S_133,51.2,16.87,2024-09-01,0.601599999995994,-0.591524999998202,0.1319249999994231
S_133,51.2,16.87,2024-10-01,0.5043249999910728,-0.542399999995012,0.0151999999916824
S_133,51.2,16.87,2024-11-01,0.448649999985347,-0.486199999989444,0.0283499999900357
S_133,51.2,16.87,2024-12-01,0.1141000000118424,-0.0785500000158885,0.0954000000011258
S_133,51.2,16.87,2025-01-01,0.3789500000043834,-0.4680250000031143,-0.0043249999913172
S_133,51.2,16.87,2025-02-01,0.3549250000054179,-0.4466750000014488,0.0718000000083854
S_133,51.2,16.87,2025-03-01,0.3392249999996267,-0.4143499999996878,-0.0959000000005428
S_133,51.2,16.87,2025-04-01,0.3925000000033417,-0.4449000000017115,-0.0687999999939362
S_133,51.2,16.87,2025-05-01,0.595099999980964,-0.5574749999872419,0.1845249999786099
S_133,51.2,16.87,2025-06-01,0.696199999995954,-0.6587249999981113,0.2565749999997809
S_133,51.2,16.87,2025-07-01,0.6931749999972765,-0.6393249999983026,0.2440499999977646
S_133,51.2,16.87,2025-08-01,0.6823249999743745,-0.6461999999855571,0.2137999999766704
S_133,51.2,16.87,2025-09-01,0.6568750000052169,-0.6266000000030729,0.1896000000062311
S_133,51.2,16.87,2025-10-01,0.354046804454722,-0.3348987752324684,0.0864105794992652
S_133,51.2,16.87,2025-11-01,0.4821249999941257,-0.5584249999957063,-0.0054999999978916
S_133,51.2,16.87,2025-12-01,0.4436249999930193,-0.5068999999973517,0.0771749999982248
S_133,51.2,16.87,2026-01-01,0.238324999993399,-0.2335999999939923,0.4945750000061634
S_133,51.2,16.87,2026-02-01,0.3468999999843533,-0.4431749999885115,-0.0950250000104361
S_133,51.2,16.87,2026-03-01,0.3413749999930602,-0.4322749999951409,-0.1008250000023124
S_134,51.22,16.87,2023-06-01,0.7408,-0.6674,0.4531
S_134,51.22,16.87,2023-07-01,0.5595,-0.5831,0.2152
S_134,51.22,16.87,2023-08-01,0.3909,-0.3656,0.123
S_134,51.22,16.87,2023-09-01,0.7051,-0.6342,0.2638
S_134,51.22,16.87,2023-10-01,0.4402,-0.479,0.0235
S_134,51.22,16.87,2023-11-01,0.4739,-0.5403,0.0145
S_134,51.22,16.87,2023-12-01,0.4042,-0.4504,0.042
S_134,51.22,16.87,2024-01-01,0.3344,-0.3946,0.1675
S_134,51.22,16.87,2024-02-01,0.4847,-0.541,0.0848
S_134,51.22,16.87,2024-03-01,0.5185683671135679,-0.5079967292456882,0.0744051789468917
S_134,51.22,16.87,2024-04-01,0.6008,-0.5597,0.1988
S_134,51.22,16.87,2024-05-01,0.6736,-0.6376,0.2941
S_134,51.22,16.87,2024-06-01,0.6919,-0.6351,0.2714
S_134,51.22,16.87,2024-07-01,0.4876,-0.5003,0.0397
S_134,51.22,16.87,2024-08-01,0.5088,-0.5346,0.0563
S_134,51.22,16.87,2024-09-01,0.4411,-0.4835,0.038
S_134,51.22,16.87,2024-10-01,0.4127,-0.468,-0.0334
S_134,51.22,16.87,2024-11-01,0.3751,-0.4309,-0.0203
S_134,51.22,16.87,2024-12-01,0.0038,0.0643,0.0913
S_134,51.22,16.87,2025-01-01,0.3349,-0.434,-0.0333
S_134,51.22,16.87,2025-02-01,0.3261,-0.4397,0.0566
S_134,51.22,16.87,2025-03-01,0.3306,-0.4033,-0.094
S_134,51.22,16.87,2025-04-01,0.4375,-0.4661,-0.0168
S_134,51.22,16.87,2025-05-01,0.6883,-0.6288,0.3034
S_134,51.22,16.87,2025-06-01,0.6884,-0.6637,0.2902
S_134,51.22,16.87,2025-07-01,0.6684,-0.6293,0.2384
S_134,51.22,16.87,2025-08-01,0.5515,-0.573,0.0818
S_134,51.22,16.87,2025-09-01,0.5615,-0.569,0.1082
S_134,51.22,16.87,2025-10-01,0.339487990503924,-0.3295247657089056,0.0713469082033698
S_134,51.22,16.87,2025-11-01,0.484,-0.552,-0.004
S_134,51.22,16.87,2025-12-01,0.4718,-0.5007,0.1118
S_134,51.22,16.87,2026-01-01,0.1741,-0.188,0.5246
S_134,51.22,16.87,2026-02-01,0.3647,-0.4518,-0.0776
S_134,51.22,16.87,2026-03-01,0.3641,-0.446,-0.0796
S_135,51.24,16.87,2023-06-01,0.5993282675190659,-0.5579979632235083,0.2730771245806399
S_135,51.24,16.87,2023-07-01,0.5738637119040673,-0.5543598777605047,0.1973567978130429
S_135,51.24,16.87,2023-08-01,0.4554222107617134,-0.4104287560452258,0.1826748056177251
S_135,51.24,16.87,2023-09-01,0.6677493621098524,-0.5997736261746948,0.2448422154389157
S_135,51.24,16.87,2023-10-01,0.4998853446531064,-0.4801220249107306,0.0822384776566533
S_135,51.24,16.87,2023-11-01,0.4369383014905189,-0.4904469399825972,0.0264085752311833
S_135,51.24,16.87,2023-12-01,0.3436591401406703,-0.3979074755953314,0.0462590039050567
S_135,51.24,16.87,2024-01-01,0.251938188623918,-0.3192400093546443,0.1297339856599293
S_135,51.24,16.87,2024-02-01,0.3422002160549848,-0.4278302313284228,-0.0021972489445206
S_135,51.24,16.87,2024-03-01,0.5135918697011155,-0.5045628966520613,0.0502653888713904
S_135,51.24,16.87,2024-04-01,0.5024942721601733,-0.4831487441819814,0.1137155526067842
S_135,51.24,16.87,2024-05-01,0.5860664162315283,-0.5540423283045748,0.2033873113245333
S_135,51.24,16.87,2024-06-01,0.6042780218188804,-0.5569316034278784,0.1974343544770147
S_135,51.24,16.87,2024-07-01,0.5689433948594288,-0.5345973452874482,0.1408315236232371
S_135,51.24,16.87,2024-08-01,0.5619968236914699,-0.5396023822178477,0.1162411488823267
S_135,51.24,16.87,2024-09-01,0.4927126419360846,-0.4971515282913103,0.1421370257319273
S_135,51.24,16.87,2024-10-01,0.4257867167311234,-0.4554641371517793,-0.0093830752906199
S_135,51.24,16.87,2024-11-01,0.4204085421513371,-0.4446150874461076,0.0441320685746243
S_135,51.24,16.87,2024-12-01,0.0365136520640801,0.0166180876067643,0.0974093926698688
S_135,51.24,16.87,2025-01-01,0.3059775002208112,-0.3897478138602508,-0.0112359990655539
S_135,51.24,16.87,2025-02-01,0.290157535458716,-0.3762003123901052,0.0443325502811205
S_135,51.24,16.87,2025-03-01,0.2887172370924333,-0.3546799787903013,-0.0898706425560191
S_135,51.24,16.87,2025-04-01,0.340500352296924,-0.3789980664035868,-0.0565701773942947
S_135,51.24,16.87,2025-05-01,0.5837735366873398,-0.5418077714539811,0.2020608314679696
S_135,51.24,16.87,2025-06-01,0.6433259884630167,-0.6039863878371274,0.247739969451467
S_135,51.24,16.87,2025-07-01,0.6420007541450312,-0.5858023422984968,0.2278152966366615
S_135,51.24,16.87,2025-08-01,0.6218124891392519,-0.580773353686179,0.1865659345074543
S_135,51.24,16.87,2025-09-01,0.549515472793244,-0.5379709150343382,0.1102339457555211
S_135,51.24,16.87,2025-10-01,0.3536471124622129,-0.3432239056382685,0.0761339987880257
S_135,51.24,16.87,2025-11-01,0.3889450063784207,-0.4672553858008911,-0.0542668648536128
S_135,51.24,16.87,2025-12-01,0.3490400492626442,-0.4026532361608499,0.0282427205078241
S_135,51.24,16.87,2026-01-01,0.1195315469972852,-0.1333156489442032,0.4959054787329681
S_135,51.24,16.87,2026-02-01,0.2803321084865632,-0.3713296299172425,-0.100570738891428
S_135,51.24,16.87,2026-03-01,0.2829069540099272,-0.3675568377172937,-0.1121583460602646
S_136,50.96,16.89,2023-06-01,0.5498,-0.5546,0.1273
S_136,50.96,16.89,2023-07-01,0.6276,-0.6058,0.2106
S_136,50.96,16.89,2023-08-01,0.582,-0.5839,0.0817
S_136,50.96,16.89,2023-09-01,0.605,-0.5925,0.1184
S_136,50.96,16.89,2023-10-01,0.498,-0.5264,-0.035
S_136,50.96,16.89,2023-11-01,0.3795,-0.4128,-0.0241
S_136,50.96,16.89,2023-12-01,0.4034,-0.4357,-0.0419
S_136,50.96,16.89,2024-01-01,0.1376,-0.1558,0.6559
S_136,50.96,16.89,2024-02-01,0.3562,-0.414,-0.1029
S_136,50.96,16.89,2024-03-01,0.2955,-0.3415,-0.0992
S_136,50.96,16.89,2024-04-01,0.512,-0.5199,0.0568
S_136,50.96,16.89,2024-05-01,0.5589,-0.5568,0.1358
S_136,50.96,16.89,2024-06-01,0.6067,-0.5653,0.1754
S_136,50.96,16.89,2024-07-01,0.5294,-0.545,0.0557
S_136,50.96,16.89,2024-08-01,0.5474,-0.542,0.0592
S_136,50.96,16.89,2024-09-01,0.4901,-0.5232,0.0055
S_136,50.96,16.89,2024-10-01,0.4145,-0.4891,-0.1027
S_136,50.96,16.89,2024-11-01,0.3951,-0.461,-0.1371
S_136,50.96,16.89,2024-12-01,0.3476,-0.3752,-0.056
S_136,50.96,16.89,2025-01-01,0.4125,-0.5064,-0.0847
S_136,50.96,16.89,2025-02-01,0.3703,-0.4294,-0.0651
S_136,50.96,16.89,2025-03-01,0.4286,-0.478,-0.0886
S_136,50.96,16.89,2025-04-01,0.6556,-0.6234,0.2185
S_136,50.96,16.89,2025-05-01,0.5977,-0.5787,0.1935
S_136,50.96,16.89,2025-06-01,0.6934,-0.6538,0.2972
S_136,50.96,16.89,2025-07-01,0.6029,-0.5886,0.2463
S_136,50.96,16.89,2025-08-01,0.5047,-0.5313,0.0599
S_136,50.96,16.89,2025-09-01,0.4953,-0.5171,0.0036
S_136,50.96,16.89,2025-10-01,0.3115229571152563,-0.275365617852527,0.115740399347034
S_136,50.96,16.89,2025-11-01,0.4168,-0.4868,-0.0803
S_136,50.96,16.89,2025-12-01,0.4143,-0.5238,-0.0872
S_136,50.96,16.89,2026-01-01,0.3475,-0.4763,-0.1673
S_136,50.96,16.89,2026-02-01,0.3096,-0.4153,-0.2008
S_136,50.96,16.89,2026-03-01,0.329,-0.4411,-0.1915
S_137,50.98,16.89,2023-06-01,0.594,-0.5777,0.13
S_137,50.98,16.89,2023-07-01,0.7013,-0.6635,0.271
S_137,50.98,16.89,2023-08-01,0.6864,-0.6469,0.1911
S_137,50.98,16.89,2023-09-01,0.7078,-0.6618,0.2218
S_137,50.98,16.89,2023-10-01,0.5943,-0.5877,0.0634
S_137,50.98,16.89,2023-11-01,0.4265,-0.4253,0.0064
S_137,50.98,16.89,2023-12-01,0.3842,-0.4358,-0.0555
S_137,50.98,16.89,2024-01-01,0.1572,-0.1826,0.5737
S_137,50.98,16.89,2024-02-01,0.3311,-0.3799,-0.0844
S_137,50.98,16.89,2024-03-01,0.3117,-0.3886,-0.1492
S_137,50.98,16.89,2024-04-01,0.4793,-0.4818,-0.0099
S_137,50.98,16.89,2024-05-01,0.5149,-0.5245,0.0468
S_137,50.98,16.89,2024-06-01,0.6372,-0.5954,0.129
S_137,50.98,16.89,2024-07-01,0.6862,-0.6482,0.2039
S_137,50.98,16.89,2024-08-01,0.6841,-0.638,0.1971
S_137,50.98,16.89,2024-09-01,0.5694,-0.5779,0.0636
S_137,50.98,16.89,2024-10-01,0.5854,-0.5889,0.0357
S_137,50.98,16.89,2024-11-01,0.3747,-0.4538,-0.179
S_137,50.98,16.89,2024-12-01,0.3191,-0.348,-0.0612
S_137,50.98,16.89,2025-01-01,0.3921,-0.4951,-0.1229
S_137,50.98,16.89,2025-02-01,0.3419,-0.409,-0.0956
S_137,50.98,16.89,2025-03-01,0.3869,-0.4499,-0.1569
S_137,50.98,16.89,2025-04-01,0.6162,-0.5885,0.1357
S_137,50.98,16.89,2025-05-01,0.5971,-0.573,0.1313
S_137,50.98,16.89,2025-06-01,0.7715,-0.7088,0.3531
S_137,50.98,16.89,2025-07-01,0.6658,-0.636,0.297
S_137,50.98,16.89,2025-08-01,0.6102,-0.6012,0.1662
S_137,50.98,16.89,2025-09-01,0.5967,-0.5849,0.0968
S_137,50.98,16.89,2025-10-01,0.312413908032458,-0.2761203051413617,0.116355413798011
S_137,50.98,16.89,2025-11-01,0.4568,-0.5094,-0.0218
S_137,50.98,16.89,2025-12-01,0.4471,-0.5452,-0.0357
S_137,50.98,16.89,2026-01-01,0.3691,-0.4848,-0.1256
S_137,50.98,16.89,2026-02-01,0.3323,-0.4348,-0.1863
S_137,50.98,16.89,2026-03-01,0.3537,-0.4631,-0.1652
S_138,51.0,16.89,2023-06-01,0.4828249999989452,-0.4876499999968263,0.1335749999832435
S_138,51.0,16.89,2023-07-01,0.5690999999988082,-0.552399999997984,0.2155499999937675
S_138,51.0,16.89,2023-08-01,0.5495250000616029,-0.524550000055282,0.1511750000205289
S_138,51.0,16.89,2023-09-01,0.5686750000882531,-0.5463750000765042,0.1687750000329209
S_138,51.0,16.89,2023-10-01,0.4835000000356903,-0.4889000000297843,0.0475250000114187
S_138,51.0,16.89,2023-11-01,0.4156500000102658,-0.4366250000052973,0.0620999999994334
S_138,51.0,16.89,2023-12-01,0.3537749999855054,-0.3728999999974702,-0.0228250000070766
S_138,51.0,16.89,2024-01-01,0.1157500000184583,-0.1388000000202637,0.5833749999973645
S_138,51.0,16.89,2024-02-01,0.293774999997875,-0.3578499999867808,-0.0368250000038142
S_138,51.0,16.89,2024-03-01,0.3413749999851563,-0.3749250000011383,-0.0307750000446189
S_138,51.0,16.89,2024-04-01,0.3996250000199963,-0.4109250000188845,0.0217749999908482
S_138,51.0,16.89,2024-05-01,0.4522500000020438,-0.4639000000013142,0.0940999999896175
S_138,51.0,16.89,2024-06-01,0.523974999976006,-0.5012249999776298,0.1330749999817194
S_138,51.0,16.89,2024-07-01,0.4946000000442953,-0.4893500000356309,0.1011500000256112
S_138,51.0,16.89,2024-08-01,0.5214750000328364,-0.5108750000208984,0.1153500000238725
S_138,51.0,16.89,2024-09-01,0.457100000006705,-0.4758750000031881,0.0387750000079472
S_138,51.0,16.89,2024-10-01,0.3925250000538278,-0.436800000040798,-0.047799999965588
S_138,51.0,16.89,2024-11-01,0.3686500000047367,-0.4170750000128043,-0.0353250000390002
S_138,51.0,16.89,2024-12-01,0.2971500000201277,-0.3127000000224466,0.0240249999690711
S_138,51.0,16.89,2025-01-01,0.3462500000108179,-0.4261500000165817,-0.0176000000330298
S_138,51.0,16.89,2025-02-01,0.2875500000103894,-0.3394750000134659,0.0522999999715357
S_138,51.0,16.89,2025-03-01,0.3496750000136153,-0.4009000000161311,-0.0499000000218642
S_138,51.0,16.89,2025-04-01,0.496650000036592,-0.4942000000292615,0.1309250000054177
S_138,51.0,16.89,2025-05-01,0.5034250000450511,-0.4925000000411348,0.167249999995282
S_138,51.0,16.89,2025-06-01,0.6057750000913008,-0.5767250000755372,0.2615000000512463
S_138,51.0,16.89,2025-07-01,0.5318000000109655,-0.5254500000084152,0.2144500000073674
S_138,51.0,16.89,2025-08-01,0.5033250000378587,-0.5049250000342594,0.1190500000163357
S_138,51.0,16.89,2025-09-01,0.4859750000149153,-0.4908500000112002,0.0765500000031787
S_138,51.0,16.89,2025-10-01,0.3135554849186796,-0.2770842198691115,0.1171364200443308
S_138,51.0,16.89,2025-11-01,0.4141000000144535,-0.4611000000162059,0.0037249999955803
S_138,51.0,16.89,2025-12-01,0.3775750000302015,-0.460525000037689,0.0042999999856794
S_138,51.0,16.89,2026-01-01,0.3116520898093322,-0.4199293739941637,-0.0905742042245397
S_138,51.0,16.89,2026-02-01,0.2773750000324897,-0.3686250000422965,-0.1203000000348548
S_138,51.0,16.89,2026-03-01,0.2873500000175962,-0.3827250000188151,-0.1077000000124742
S_139,51.02,16.89,2023-06-01,0.306,-0.316,0.1065
S_139,51.02,16.89,2023-07-01,0.2641,-0.2853,0.0527
S_139,51.02,16.89,2023-08-01,0.3032,-0.289,0.0565
S_139,51.02,16.89,2023-09-01,0.2924,-0.2997,0.058
S_139,51.02,16.89,2023-10-01,0.233,-0.2518,-0.0092
S_139,51.02,16.89,2023-11-01,0.4944,-0.45,0.2362
S_139,51.02,16.89,2023-12-01,0.1612,-0.173,0.002
S_139,51.02,16.89,2024-01-01,0.0882,-0.0989,0.549
S_139,51.02,16.89,2024-02-01,0.2093,-0.2303,0.0237
S_139,51.02,16.89,2024-03-01,0.2652,-0.2795,-0.0236
S_139,51.02,16.89,2024-04-01,0.2826,-0.2872,0.0519
S_139,51.02,16.89,2024-05-01,0.3005,-0.312,0.0872
S_139,51.02,16.89,2024-06-01,0.285,-0.2903,0.0558
S_139,51.02,16.89,2024-07-01,0.2668,-0.2803,0.0221
S_139,51.02,16.89,2024-08-01,0.2954,-0.2995,0.0524
S_139,51.02,16.89,2024-09-01,0.2799,-0.2968,0.0395
S_139,51.02,16.89,2024-10-01,0.2592,-0.2776,0.0032
S_139,51.02,16.89,2024-11-01,0.2629,-0.271,0.0618
S_139,51.02,16.89,2024-12-01,0.1546,-0.1621,0.0598
S_139,51.02,16.89,2025-01-01,0.2079,-0.2553,0.0267
S_139,51.02,16.89,2025-02-01,0.1779,-0.2179,0.0483
S_139,51.02,16.89,2025-03-01,0.2207,-0.2587,0.0122
S_139,51.02,16.89,2025-04-01,0.3277,-0.3258,0.1158
S_139,51.02,16.89,2025-05-01,0.2897,-0.2864,0.1308
S_139,51.02,16.89,2025-06-01,0.3119,-0.3204,0.104
S_139,51.02,16.89,2025-07-01,0.2696,-0.2919,0.0682
S_139,51.02,16.89,2025-08-01,0.3094,-0.309,0.0618
S_139,51.02,16.89,2025-09-01,0.2592,-0.2793,0.0226
S_139,51.02,16.89,2025-10-01,0.3150000003335895,-0.2782993035313951,0.1181139687918017
S_139,51.02,16.89,2025-11-01,0.2614,-0.2883,0.0086
S_139,51.02,16.89,2025-12-01,0.2413,-0.283,0.0299
S_139,51.02,16.89,2026-01-01,0.2149,-0.2893,-0.0214
S_139,51.02,16.89,2026-02-01,0.1883,-0.2413,-0.0376
S_139,51.02,16.89,2026-03-01,0.1977,-0.2543,-0.0274
S_140,51.04,16.89,2023-06-01,0.5373249999647869,-0.5204749999675765,0.2325999999869824
S_140,51.04,16.89,2023-07-01,0.4352999999668123,-0.460624999969516,0.1369749999797566
S_140,51.04,16.89,2023-08-01,0.3914499999826414,-0.4010749999875654,0.0372249999844036
S_140,51.04,16.89,2023-09-01,0.4538500000005195,-0.4570500000011,0.0706249999982485
S_140,51.04,16.89,2023-10-01,0.3889999999689399,-0.414699999972239,-0.0086500000059984
S_140,51.04,16.89,2023-11-01,0.4621250000315238,-0.4559750000274365,0.1161750000338204
S_140,51.04,16.89,2023-12-01,0.2331250000038594,-0.2423749999999595,0.039825000012097
S_140,51.04,16.89,2024-01-01,0.1548500000031402,-0.1690250000033037,0.5512500000012209
S_140,51.04,16.89,2024-02-01,0.3616999999836,-0.4074999999787307,0.0245500000214785
S_140,51.04,16.89,2024-03-01,0.4204944442852992,-0.4216507039802906,0.0813856131183011
S_140,51.04,16.89,2024-04-01,0.4957249999509988,-0.4859749999577597,0.1444499999756955
S_140,51.04,16.89,2024-05-01,0.4822499999651139,-0.4796249999616165,0.1573000000037697
S_140,51.04,16.89,2024-06-01,0.4966499999420081,-0.4737249999496252,0.1523499999771028
S_140,51.04,16.89,2024-07-01,0.4066999999665582,-0.4198249999655599,0.0412249999924409
S_140,51.04,16.89,2024-08-01,0.4475749999738619,-0.4522999999753359,0.07297499999078
S_140,51.04,16.89,2024-09-01,0.4224499999923187,-0.4439249999863154,0.038425000012642
S_140,51.04,16.89,2024-10-01,0.3625999999989899,-0.4070749999971025,-0.0354999999919217
S_140,51.04,16.89,2024-11-01,0.3621250000030858,-0.3910750000028367,-0.0010249999933393
S_140,51.04,16.89,2024-12-01,0.2357000000009108,-0.2571250000005758,0.033050000005331
S_140,51.04,16.89,2025-01-01,0.3331499999958073,-0.3982749999941872,0.0029500000061096
S_140,51.04,16.89,2025-02-01,0.2975999999925191,-0.3553499999896914,0.0521500000227773
S_140,51.04,16.89,2025-03-01,0.3456999999904918,-0.3893249999905647,-0.0225999999972243
S_140,51.04,16.89,2025-04-01,0.4439249999871316,-0.4543999999868966,0.0841250000072554
S_140,51.04,16.89,2025-05-01,0.461400000010489,-0.4550250000104122,0.1689999999958644
S_140,51.04,16.89,2025-06-01,0.5391250000217946,-0.524775000018744,0.2191750000186016
S_140,51.04,16.89,2025-07-01,0.4451499999580532,-0.458849999961609,0.1307499999807599
S_140,51.04,16.89,2025-08-01,0.449474999985839,-0.4633249999892694,0.085124999990762
S_140,51.04,16.89,2025-09-01,0.4074999999713904,-0.4316499999723117,0.0288749999960452
S_140,51.04,16.89,2025-10-01,0.3167785254843539,-0.2797884654790715,0.1193013286585168
S_140,51.04,16.89,2025-11-01,0.3703749999842224,-0.4225499999785116,-0.0206749999903342
S_140,51.04,16.89,2025-12-01,0.3791500000261834,-0.4362500000142669,0.0346250000313876
S_140,51.04,16.89,2026-01-01,0.1653249999987378,-0.2103750000017278,0.1346749999930348
S_140,51.04,16.89,2026-02-01,0.2838000000046645,-0.3571500000045184,-0.0855749999962391
S_140,51.04,16.89,2026-03-01,0.2926499999769074,-0.3637749999706672,-0.0764999999797392
S_141,51.06,16.89,2023-06-01,0.6907,-0.6468,0.3565
S_141,51.06,16.89,2023-07-01,0.4617,-0.5144,0.1244
S_141,51.06,16.89,2023-08-01,0.3579,-0.4141,-0.0681
S_141,51.06,16.89,2023-09-01,0.4929,-0.5031,0.046
S_141,51.06,16.89,2023-10-01,0.412,-0.4519,-0.0213
S_141,51.06,16.89,2023-11-01,0.5472,-0.5537,0.1443
S_141,51.06,16.89,2023-12-01,0.2867,-0.2782,0.1203
S_141,51.06,16.89,2024-01-01,0.2088,-0.223,0.5788
S_141,51.06,16.89,2024-02-01,0.4624,-0.5174,0.093
S_141,51.06,16.89,2024-03-01,0.3985965443725486,-0.4269652932319579,0.0028768686165322
S_141,51.06,16.89,2024-04-01,0.5117,-0.5026,0.1888
S_141,51.06,16.89,2024-05-01,0.6101,-0.5786,0.2618
S_141,51.06,16.89,2024-06-01,0.5897,-0.5537,0.2155
S_141,51.06,16.89,2024-07-01,0.4401,-0.4583,0.0109
S_141,51.06,16.89,2024-08-01,0.4817,-0.4926,0.0612
S_141,51.06,16.89,2024-09-01,0.527,-0.5265,0.0932
S_141,51.06,16.89,2024-10-01,0.4304,-0.4797,-0.006
S_141,51.06,16.89,2024-11-01,0.4284,-0.4692,0.0257
S_141,51.06,16.89,2024-12-01,0.3112,-0.3355,0.0717
S_141,51.06,16.89,2025-01-01,0.3924,-0.4652,0.0377
S_141,51.06,16.89,2025-02-01,0.3729,-0.4381,0.0668
S_141,51.06,16.89,2025-03-01,0.4085,-0.4493,0.0041
S_141,51.06,16.89,2025-04-01,0.4835,-0.5047,0.0866
S_141,51.06,16.89,2025-05-01,0.5621,-0.5424,0.2379
S_141,51.06,16.89,2025-06-01,0.656,-0.6175,0.3059
S_141,51.06,16.89,2025-07-01,0.4897,-0.5118,0.1616
S_141,51.06,16.89,2025-08-01,0.4386,-0.4859,0.0323
S_141,51.06,16.89,2025-09-01,0.4241,-0.4637,0.0066
S_141,51.06,16.89,2025-10-01,0.345271426317086,-0.3095970720894592,0.1255369322245957
S_141,51.06,16.89,2025-11-01,0.4341,-0.4865,0.0167
S_141,51.06,16.89,2025-12-01,0.4773,-0.5113,0.109
S_141,51.06,16.89,2026-01-01,0.0829,-0.1047,0.2863
S_141,51.06,16.89,2026-02-01,0.3457,-0.4101,-0.0407
S_141,51.06,16.89,2026-03-01,0.355,-0.4099,-0.0333
S_142,51.08,16.89,2023-06-01,0.5882999999949872,-0.5697249999945625,0.2052499999910191
S_142,51.08,16.89,2023-07-01,0.5455249999979073,-0.5448499999960492,0.1506499999891831
S_142,51.08,16.89,2023-08-01,0.495174999989811,-0.4860999999883716,0.0972999999878839
S_142,51.08,16.89,2023-09-01,0.5775249999994617,-0.5541999999974354,0.1219249999939673
S_142,51.08,16.89,2023-10-01,0.5232250000044314,-0.520099999998348,0.0571250000085123
S_142,51.08,16.89,2023-11-01,0.4903250000363781,-0.5301500000134018,0.057150000033452
S_142,51.08,16.89,2023-12-01,0.1702271348006757,-0.1594736894208798,0.0465050135931865
S_142,51.08,16.89,2024-01-01,0.1952250000095294,-0.224775000007888,0.4605000000063367
S_142,51.08,16.89,2024-02-01,0.4039750000227635,-0.4825750000124934,-0.0052749999734421
S_142,51.08,16.89,2024-03-01,0.3789700474323162,-0.4225955909030726,-0.0591526260563488
S_142,51.08,16.89,2024-04-01,0.4648750000041854,-0.4569000000003115,0.097100000016636
S_142,51.08,16.89,2024-05-01,0.534925000022131,-0.5233500000137332,0.1393250000234516
S_142,51.08,16.89,2024-06-01,0.574250000006153,-0.5396250000050692,0.1552500000005604
S_142,51.08,16.89,2024-07-01,0.506374999988788,-0.4895749999907342,0.0850249999841737
S_142,51.08,16.89,2024-08-01,0.5940749999790262,-0.5647999999822438,0.144149999984192
S_142,51.08,16.89,2024-09-01,0.5766999999985093,-0.5573749999944759,0.1154499999990879
S_142,51.08,16.89,2024-10-01,0.4704500000382473,-0.5069750000137835,0.0123000000296106
S_142,51.08,16.89,2024-11-01,0.4462500000171241,-0.4773750000089912,0.0364000000103756
S_142,51.08,16.89,2024-12-01,0.3074500000082988,-0.3296000000062324,0.0457250000057195
S_142,51.08,16.89,2025-01-01,0.3815250000115223,-0.4602750000072614,0.0045500000040307
S_142,51.08,16.89,2025-02-01,0.3678500000074247,-0.4456250000076031,-0.0007749999968577
S_142,51.08,16.89,2025-03-01,0.3634000000033827,-0.4225250000011912,-0.055774999994815
S_142,51.08,16.89,2025-04-01,0.4439499999951274,-0.4678499999990547,0.0217499999900873
S_142,51.08,16.89,2025-05-01,0.5512500000083616,-0.5250250000019557,0.1714000000075571
S_142,51.08,16.89,2025-06-01,0.6152749999827517,-0.5834999999876261,0.2208749999784235
S_142,51.08,16.89,2025-07-01,0.5296750000034658,-0.519824999994407,0.1350999999872982
S_142,51.08,16.89,2025-08-01,0.5484249999867713,-0.5386999999868792,0.1219749999870306
S_142,51.08,16.89,2025-09-01,0.522674999987765,-0.523299999988001,0.0803999999914932
S_142,51.08,16.89,2025-10-01,0.3461673761919427,-0.310592418985046,0.125270716143204
S_142,51.08,16.89,2025-11-01,0.4431749999987819,-0.4992499999949736,-0.0054999999952764
S_142,51.08,16.89,2025-12-01,0.4306499999993901,-0.4975499999895771,0.0346500000046899
S_142,51.08,16.89,2026-01-01,0.1244020201562896,-0.1585875175542741,0.1591354376525806
S_142,51.08,16.89,2026-02-01,0.3134999999990087,-0.400424999995412,-0.1009499999943541
S_142,51.08,16.89,2026-03-01,0.3140749999909742,-0.3946749999907062,-0.0939500000034048
S_143,51.1,16.89,2023-06-01,0.5497,-0.5373,0.1435
S_143,51.1,16.89,2023-07-01,0.5734,-0.5394,0.1263
S_143,51.1,16.89,2023-08-01,0.54,-0.4854,0.1584
S_143,51.1,16.89,2023-09-01,0.5841,-0.5462,0.1151
S_143,51.1,16.89,2023-10-01,0.6227,-0.5651,0.1437
S_143,51.1,16.89,2023-11-01,0.5657,-0.5622,0.1021
S_143,51.1,16.89,2023-12-01,-0.0386,0.1005,0.0761
S_143,51.1,16.89,2024-01-01,0.2467,-0.2802,0.4001
S_143,51.1,16.89,2024-02-01,0.4393,-0.5028,0.0098
S_143,51.1,16.89,2024-03-01,0.4283267977194714,-0.4503972688451308,-0.0050945218237917
S_143,51.1,16.89,2024-04-01,0.4515,-0.4148,0.1323
S_143,51.1,16.89,2024-05-01,0.5837,-0.5492,0.1678
S_143,51.1,16.89,2024-06-01,0.5899,-0.5439,0.1452
S_143,51.1,16.89,2024-07-01,0.4827,-0.4593,0.0457
S_143,51.1,16.89,2024-08-01,0.655,-0.5895,0.1845
S_143,51.1,16.89,2024-09-01,0.6228,-0.5705,0.1345
S_143,51.1,16.89,2024-10-01,0.5889,-0.5569,0.0971
S_143,51.1,16.89,2024-11-01,0.549,-0.5226,0.111
S_143,51.1,16.89,2024-12-01,0.3376,-0.3464,0.0497
S_143,51.1,16.89,2025-01-01,0.409,-0.4773,0.0058
S_143,51.1,16.89,2025-02-01,0.3939,-0.4753,-0.0208
S_143,51.1,16.89,2025-03-01,0.352,-0.4123,-0.0619
S_143,51.1,16.89,2025-04-01,0.401,-0.43,-0.0262
S_143,51.1,16.89,2025-05-01,0.588,-0.5357,0.1855
S_143,51.1,16.89,2025-06-01,0.5451,-0.5288,0.1185
S_143,51.1,16.89,2025-07-01,0.529,-0.4997,0.0828
S_143,51.1,16.89,2025-08-01,0.57,-0.5265,0.1292
S_143,51.1,16.89,2025-09-01,0.554,-0.5267,0.1064
S_143,51.1,16.89,2025-10-01,0.3697445751994612,-0.3356862141731212,0.1223718217770857
S_143,51.1,16.89,2025-11-01,0.4587,-0.499,0.0107
S_143,51.1,16.89,2025-12-01,0.4009,-0.4677,-0.0013
S_143,51.1,16.89,2026-01-01,0.0064,-0.0081,0.248
S_143,51.1,16.89,2026-02-01,0.2881,-0.3771,-0.121
S_143,51.1,16.89,2026-03-01,0.2809,-0.3613,-0.1156
S_144,51.12,16.89,2023-06-01,0.6492,-0.6056,0.2587
S_144,51.12,16.89,2023-07-01,0.5451,-0.5316,0.1203
S_144,51.12,16.89,2023-08-01,0.5127,-0.4882,0.114
S_144,51.12,16.89,2023-09-01,0.5936,-0.5598,0.1327
S_144,51.12,16.89,2023-10-01,0.5472,-0.5325,0.0756
S_144,51.12,16.89,2023-11-01,0.5121,-0.5489,0.0552
S_144,51.12,16.89,2023-12-01,0.4298,-0.4166,0.1671
S_144,51.12,16.89,2024-01-01,0.2629,-0.317,0.2755
S_144,51.12,16.89,2024-02-01,0.3964,-0.491,-0.0008
S_144,51.12,16.89,2024-03-01,0.4003023394291495,-0.4225233340633414,-0.0149412105553763
S_144,51.12,16.89,2024-04-01,0.5307,-0.5146,0.133
S_144,51.12,16.89,2024-05-01,0.5775,-0.5528,0.1679
S_144,51.12,16.89,2024-06-01,0.5636,-0.5241,0.131
S_144,51.12,16.89,2024-07-01,0.5308,-0.5034,0.0721
S_144,51.12,16.89,2024-08-01,0.5911,-0.5584,0.1328
S_144,51.12,16.89,2024-09-01,0.5871,-0.5638,0.1251
S_144,51.12,16.89,2024-10-01,0.4968,-0.5217,0.0145
S_144,51.12,16.89,2024-11-01,0.4394,-0.4584,0.0313
S_144,51.12,16.89,2024-12-01,0.2757,-0.2847,0.0335
S_144,51.12,16.89,2025-01-01,0.3751,-0.4579,-0.0126
S_144,51.12,16.89,2025-02-01,0.362,-0.4553,-0.0027
S_144,51.12,16.89,2025-03-01,0.3238,-0.4004,-0.0816
S_144,51.12,16.89,2025-04-01,0.3616,-0.4143,-0.054
S_144,51.12,16.89,2025-05-01,0.5424,-0.5112,0.1485
S_144,51.12,16.89,2025-06-01,0.5982,-0.5752,0.1779
S_144,51.12,16.89,2025-07-01,0.5696,-0.5349,0.121
S_144,51.12,16.89,2025-08-01,0.6072,-0.5667,0.1643
S_144,51.12,16.89,2025-09-01,0.5677,-0.5536,0.1095
S_144,51.12,16.89,2025-10-01,0.3698489788464787,-0.3366688507161336,0.1196040994628933
S_144,51.12,16.89,2025-11-01,0.4535,-0.5149,-0.0129
S_144,51.12,16.89,2025-12-01,0.4001,-0.4907,0.0077
S_144,51.12,16.89,2026-01-01,0.0249,-0.0005,0.5573
S_144,51.12,16.89,2026-02-01,0.2941,-0.4005,-0.1252
S_144,51.12,16.89,2026-03-01,0.2864,-0.3818,-0.1172
S_145,51.14,16.89,2023-06-01,0.6422249999989924,-0.5992249999999739,0.2394750000000871
S_145,51.14,16.89,2023-07-01,0.6170249999941546,-0.582674999995242,0.1810749999956565
S_145,51.14,16.89,2023-08-01,0.5714499999921184,-0.5281499999938993,0.1777249999927499
S_145,51.14,16.89,2023-09-01,0.6516250000014991,-0.6047000000013237,0.1956500000020257
S_145,51.14,16.89,2023-10-01,0.6169750000058263,-0.5824250000053413,0.1467000000051685
S_145,51.14,16.89,2023-11-01,0.5179000000022682,-0.5586000000010719,0.06270000000024
S_145,51.14,16.89,2023-12-01,0.3824250000071706,-0.4126000000025528,0.1160250000023146
S_145,51.14,16.89,2024-01-01,0.283274999997906,-0.3343999999978566,0.2168500000086452
S_145,51.14,16.89,2024-02-01,0.4071250000014104,-0.5009250000001518,-0.0138249999987164
S_145,51.14,16.89,2024-03-01,0.4033426516653715,-0.4265897598523269,-0.0152989241680457
S_145,51.14,16.89,2024-04-01,0.5332499999958266,-0.5114749999990822,0.1294499999970112
S_145,51.14,16.89,2024-05-01,0.5791499999971641,-0.5509249999981468,0.1582499999966121
S_145,51.14,16.89,2024-06-01,0.5941000000001969,-0.5494500000010845,0.1649499999968331
S_145,51.14,16.89,2024-07-01,0.5998749999920834,-0.5533499999942064,0.1568999999916267
S_145,51.14,16.89,2024-08-01,0.6526499999867085,-0.6037249999897303,0.1820249999896997
S_145,51.14,16.89,2024-09-01,0.603300000002636,-0.5767000000002769,0.1481000000063134
S_145,51.14,16.89,2024-10-01,0.5166499999998327,-0.5376749999986311,0.0302749999998758
S_145,51.14,16.89,2024-11-01,0.4557749999999027,-0.4738999999970911,0.0453500000004623
S_145,51.14,16.89,2024-12-01,0.2513249999974495,-0.2608249999938223,0.0359250000080162
S_145,51.14,16.89,2025-01-01,0.3834999999987392,-0.459950000001131,-0.0175499999997551
S_145,51.14,16.89,2025-02-01,0.3834499999992447,-0.473724999997222,-0.0053749999940082
S_145,51.14,16.89,2025-03-01,0.3418999999972635,-0.4068999999978986,-0.0792499999998224
S_145,51.14,16.89,2025-04-01,0.3870749999923925,-0.4283999999939258,-0.0506000000014996
S_145,51.14,16.89,2025-05-01,0.5883000000002354,-0.5302750000031481,0.201274999993937
S_145,51.14,16.89,2025-06-01,0.641774999996819,-0.6070499999969762,0.216874999996753
S_145,51.14,16.89,2025-07-01,0.6043000000022115,-0.5631500000016683,0.1624249999968307
S_145,51.14,16.89,2025-08-01,0.6348500000000687,-0.5914999999997391,0.1865999999992976
S_145,51.14,16.89,2025-09-01,0.6168750000059967,-0.5881500000042611,0.1574250000066901
S_145,51.14,16.89,2025-10-01,0.376633842203225,-0.3438378907145568,0.1150582419813811
S_145,51.14,16.89,2025-11-01,0.4898749999988483,-0.5425749999993564,0.0220999999980202
S_145,51.14,16.89,2025-12-01,0.4347499999947334,-0.5023749999957384,0.037024999993756
S_145,51.14,16.89,2026-01-01,0.0565285714365976,-0.0512285714376065,0.3840428571406564
S_145,51.14,16.89,2026-02-01,0.3190750000006634,-0.4159000000002644,-0.1144249999989234
S_145,51.14,16.89,2026-03-01,0.3096250000018978,-0.396350000000809,-0.1095999999984366
S_146,51.16,16.89,2023-06-01,0.653,-0.6055,0.2522
S_146,51.16,16.89,2023-07-01,0.6412,-0.5977,0.2034
S_146,51.16,16.89,2023-08-01,0.5573,-0.51,0.1886
S_146,51.16,16.89,2023-09-01,0.6682,-0.6186,0.217
S_146,51.16,16.89,2023-10-01,0.6913,-0.646,0.2156
S_146,51.16,16.89,2023-11-01,0.5398,-0.5722,0.0778
S_146,51.16,16.89,2023-12-01,0.3732,-0.4125,0.0951
S_146,51.16,16.89,2024-01-01,0.2966,-0.3417,0.1892
S_146,51.16,16.89,2024-02-01,0.4213,-0.5073,-0.0166
S_146,51.16,16.89,2024-03-01,0.4616669246370807,-0.4668841928436099,0.0329238045771586
S_146,51.16,16.89,2024-04-01,0.5575,-0.5208,0.1524
S_146,51.16,16.89,2024-05-01,0.6047,-0.5613,0.1859
S_146,51.16,16.89,2024-06-01,0.5808,-0.5346,0.1823
S_146,51.16,16.89,2024-07-01,0.6053,-0.5561,0.1765
S_146,51.16,16.89,2024-08-01,0.6597,-0.6095,0.1841
S_146,51.16,16.89,2024-09-01,0.6155,-0.5796,0.1786
S_146,51.16,16.89,2024-10-01,0.5581,-0.5605,0.0621
S_146,51.16,16.89,2024-11-01,0.4805,-0.4844,0.0651
S_146,51.16,16.89,2024-12-01,0.2334,-0.2236,0.0795
S_146,51.16,16.89,2025-01-01,0.3917,-0.4579,-0.0125
S_146,51.16,16.89,2025-02-01,0.3993,-0.4806,0.0083
S_146,51.16,16.89,2025-03-01,0.3506,-0.4053,-0.072
S_146,51.16,16.89,2025-04-01,0.4028,-0.4365,-0.0493
S_146,51.16,16.89,2025-05-01,0.6105,-0.5476,0.2086
S_146,51.16,16.89,2025-06-01,0.6701,-0.6246,0.2389
S_146,51.16,16.89,2025-07-01,0.6681,-0.6114,0.2057
S_146,51.16,16.89,2025-08-01,0.6655,-0.6127,0.2206
S_146,51.16,16.89,2025-09-01,0.6533,-0.6138,0.1965
S_146,51.16,16.89,2025-10-01,0.363204303363121,-0.3402227970266648,0.096741588220047
S_146,51.16,16.89,2025-11-01,0.5077,-0.5586,0.028
S_146,51.16,16.89,2025-12-01,0.4409,-0.4969,0.04
S_146,51.16,16.89,2026-01-01,0.0601,-0.0264,0.5262
S_146,51.16,16.89,2026-02-01,0.3387,-0.4279,-0.1008
S_146,51.16,16.89,2026-03-01,0.3294,-0.4074,-0.0984
S_147,51.18,16.89,2023-06-01,0.7051250000091221,-0.6517750000074979,0.2960250000038071
S_147,51.18,16.89,2023-07-01,0.6436250000079796,-0.614525000001752,0.1961250000077855
S_147,51.18,16.89,2023-08-01,0.5432499999999745,-0.507499999999714,0.1511500000008456
S_147,51.18,16.89,2023-09-01,0.6825000000076306,-0.6345500000050959,0.192925000009325
S_147,51.18,16.89,2023-10-01,0.6341500000023459,-0.6061250000018031,0.1544499999993269
S_147,51.18,16.89,2023-11-01,0.5542750000000033,-0.5972749999994694,0.0791750000003665
S_147,51.18,16.89,2023-12-01,0.4133249999981672,-0.4540749999998393,0.0911499999894428
S_147,51.18,16.89,2024-01-01,0.3221249999985024,-0.3746749999980235,0.2032249999996532
S_147,51.18,16.89,2024-02-01,0.4453500000022619,-0.5378750000022727,-0.0030749999981583
S_147,51.18,16.89,2024-03-01,0.4665851989192902,-0.4717640560934391,0.0328711249757344
S_147,51.18,16.89,2024-04-01,0.5561500000012406,-0.5290250000019067,0.1389499999999222
S_147,51.18,16.89,2024-05-01,0.5909000000037188,-0.5581750000016561,0.1722500000027419
S_147,51.18,16.89,2024-06-01,0.5871499999988322,-0.5344249999997738,0.1905499999996738
S_147,51.18,16.89,2024-07-01,0.6341250000080737,-0.5855750000051291,0.1744000000097917
S_147,51.18,16.89,2024-08-01,0.7025250000018389,-0.6486750000016811,0.1976250000009731
S_147,51.18,16.89,2024-09-01,0.6459750000033861,-0.6109750000023406,0.1761750000046184
S_147,51.18,16.89,2024-10-01,0.5540499999882603,-0.5725249999908592,0.0441499999900261
S_147,51.18,16.89,2024-11-01,0.4840249999919227,-0.5050999999958279,0.0514749999915013
S_147,51.18,16.89,2024-12-01,0.1844250000091349,-0.1629250000095697,0.0843000000054292
S_147,51.18,16.89,2025-01-01,0.3977000000054902,-0.4768750000069263,-0.0082249999952202
S_147,51.18,16.89,2025-02-01,0.3905500000083716,-0.4800750000057907,0.0256500000072567
S_147,51.18,16.89,2025-03-01,0.3486000000004545,-0.418500000000706,-0.0928750000004703
S_147,51.18,16.89,2025-04-01,0.3932750000042879,-0.4440500000014385,-0.0748499999946975
S_147,51.18,16.89,2025-05-01,0.592449999998229,-0.5470000000002714,0.1776499999974378
S_147,51.18,16.89,2025-06-01,0.7030499999978332,-0.6571249999986379,0.2509249999984145
S_147,51.18,16.89,2025-07-01,0.688349999999607,-0.6288750000007669,0.2293000000016993
S_147,51.18,16.89,2025-08-01,0.7211249999960027,-0.662199999996869,0.2538749999967306
S_147,51.18,16.89,2025-09-01,0.6944249999975802,-0.6478499999980691,0.2177249999990226
S_147,51.18,16.89,2025-10-01,0.3620300723954633,-0.3402817492746424,0.0937130052769936
S_147,51.18,16.89,2025-11-01,0.4963250000044072,-0.5646750000018589,-9.999999659454764e-05
S_147,51.18,16.89,2025-12-01,0.4414250000018992,-0.5093250000014743,0.0512250000017745
S_147,51.18,16.89,2026-01-01,0.2227499999859716,-0.2078749999847086,0.4109500000042159
S_147,51.18,16.89,2026-02-01,0.3424499999907185,-0.4404999999921418,-0.1083750000044064
S_147,51.18,16.89,2026-03-01,0.333724999999946,-0.4244499999994992,-0.1122499999991516
S_148,51.2,16.89,2023-06-01,0.7458,-0.6863,0.3544
S_148,51.2,16.89,2023-07-01,0.5739,-0.5793,0.1485
S_148,51.2,16.89,2023-08-01,0.4513,-0.4433,0.0673
S_148,51.2,16.89,2023-09-01,0.6165,-0.5916,0.1007
S_148,51.2,16.89,2023-10-01,0.5019,-0.5126,0.0398
S_148,51.2,16.89,2023-11-01,0.5285,-0.5795,0.0626
S_148,51.2,16.89,2023-12-01,0.4295,-0.4733,0.0627
S_148,51.2,16.89,2024-01-01,0.3175,-0.38,0.1637
S_148,51.2,16.89,2024-02-01,0.4268,-0.526,-0.0325
S_148,51.2,16.89,2024-03-01,0.5152550112571181,-0.5061355316367407,0.0706396430583884
S_148,51.2,16.89,2024-04-01,0.536,-0.5147,0.1245
S_148,51.2,16.89,2024-05-01,0.5473,-0.5333,0.1463
S_148,51.2,16.89,2024-06-01,0.5703,-0.5323,0.1806
S_148,51.2,16.89,2024-07-01,0.6055,-0.5671,0.1486
S_148,51.2,16.89,2024-08-01,0.6981,-0.6458,0.1908
S_148,51.2,16.89,2024-09-01,0.6209,-0.5989,0.1216
S_148,51.2,16.89,2024-10-01,0.4808,-0.5256,-0.0157
S_148,51.2,16.89,2024-11-01,0.4285,-0.4751,0.0026
S_148,51.2,16.89,2024-12-01,0.0897,-0.0498,0.0768
S_148,51.2,16.89,2025-01-01,0.3414,-0.4418,-0.0635
S_148,51.2,16.89,2025-02-01,0.3082,-0.4055,0.0517
S_148,51.2,16.89,2025-03-01,0.3001,-0.3869,-0.1353
S_148,51.2,16.89,2025-04-01,0.347,-0.4127,-0.1127
S_148,51.2,16.89,2025-05-01,0.5337,-0.5129,0.1331
S_148,51.2,16.89,2025-06-01,0.684,-0.6511,0.234
S_148,51.2,16.89,2025-07-01,0.7071,-0.651,0.261
S_148,51.2,16.89,2025-08-01,0.7176,-0.6644,0.2369
S_148,51.2,16.89,2025-09-01,0.6797,-0.6341,0.1948
S_148,51.2,16.89,2025-10-01,0.3547937912371182,-0.335687198064559,0.0860166980101599
S_148,51.2,16.89,2025-11-01,0.4316,-0.5277,-0.0668
S_148,51.2,16.89,2025-12-01,0.3809,-0.4677,0.0129
S_148,51.2,16.89,2026-01-01,0.1722,-0.1683,0.4338
S_148,51.2,16.89,2026-02-01,0.2961,-0.4081,-0.1405
S_148,51.2,16.89,2026-03-01,0.2874,-0.394,-0.1511
S_149,51.22,16.89,2023-06-01,0.7041,-0.6287,0.3864
S_149,51.22,16.89,2023-07-01,0.5311,-0.5275,0.1728
S_149,51.22,16.89,2023-08-01,0.5158,-0.478,0.1599
S_149,51.22,16.89,2023-09-01,0.6063,-0.5566,0.1784
S_149,51.22,16.89,2023-10-01,0.518,-0.5023,0.1067
S_149,51.22,16.89,2023-11-01,0.4685,-0.5057,0.0327
S_149,51.22,16.89,2023-12-01,0.3834,-0.415,0.0415
S_149,51.22,16.89,2024-01-01,0.2911,-0.3428,0.1861
S_149,51.22,16.89,2024-02-01,0.417,-0.479,0.0064
S_149,51.22,16.89,2024-03-01,0.5216365840904199,-0.510463494961594,0.0759940063309398
S_149,51.22,16.89,2024-04-01,0.667,-0.5926,0.2483
S_149,51.22,16.89,2024-05-01,0.691,-0.6197,0.2995
S_149,51.22,16.89,2024-06-01,0.6937,-0.6188,0.2781
S_149,51.22,16.89,2024-07-01,0.5394,-0.5039,0.1014
S_149,51.22,16.89,2024-08-01,0.538,-0.5212,0.0711
S_149,51.22,16.89,2024-09-01,0.4933,-0.4916,0.2031
S_149,51.22,16.89,2024-10-01,0.4288,-0.4485,-0.0039
S_149,51.22,16.89,2024-11-01,0.359,-0.3916,-0.0099
S_149,51.22,16.89,2024-12-01,0.0552,-0.0167,0.0169
S_149,51.22,16.89,2025-01-01,0.3223,-0.3921,-0.0326
S_149,51.22,16.89,2025-02-01,0.3006,-0.3862,0.0117
S_149,51.22,16.89,2025-03-01,0.3318,-0.3737,-0.0773
S_149,51.22,16.89,2025-04-01,0.4517,-0.4445,-0.0081
S_149,51.22,16.89,2025-05-01,0.7445,-0.6478,0.3456
S_149,51.22,16.89,2025-06-01,0.6151,-0.5914,0.23
S_149,51.22,16.89,2025-07-01,0.6431,-0.5942,0.1889
S_149,51.22,16.89,2025-08-01,0.5794,-0.5464,0.1482
S_149,51.22,16.89,2025-09-01,0.5493,-0.5274,0.1231
S_149,51.22,16.89,2025-10-01,0.340718795217487,-0.3304279515936875,0.0718091720171571
S_149,51.22,16.89,2025-11-01,0.5026,-0.528,0.082
S_149,51.22,16.89,2025-12-01,0.467,-0.4744,0.1203
S_149,51.22,16.89,2026-01-01,0.1637,-0.1603,0.4527
S_149,51.22,16.89,2026-02-01,0.317,-0.4002,-0.0749
S_149,51.22,16.89,2026-03-01,0.3153,-0.3867,-0.11
S_150,51.24,16.89,2023-06-01,0.5313,-0.532,0.1414
S_150,51.24,16.89,2023-07-01,0.6571,-0.638,0.2053
S_150,51.24,16.89,2023-08-01,0.4149,-0.3767,0.1389
S_150,51.24,16.89,2023-09-01,0.6996,-0.6488,0.2132
S_150,51.24,16.89,2023-10-01,0.5559,-0.5738,0.0457
S_150,51.24,16.89,2023-11-01,0.4106,-0.5066,-0.0301
S_150,51.24,16.89,2023-12-01,0.3239,-0.4111,0.021
S_150,51.24,16.89,2024-01-01,0.2566,-0.3442,0.0861
S_150,51.24,16.89,2024-02-01,0.3594,-0.4639,-0.0082
S_150,51.24,16.89,2024-03-01,0.5145490881839122,-0.505003283099268,0.051617638913512
S_150,51.24,16.89,2024-04-01,0.5263,-0.5054,0.111
S_150,51.24,16.89,2024-05-01,0.5399,-0.533,0.1382
S_150,51.24,16.89,2024-06-01,0.6056,-0.562,0.1557
S_150,51.24,16.89,2024-07-01,0.6061,-0.5581,0.1473
S_150,51.24,16.89,2024-08-01,0.588,-0.5756,0.0979
S_150,51.24,16.89,2024-09-01,0.5165,-0.5312,0.0599
S_150,51.24,16.89,2024-10-01,0.508,-0.5304,-0.0051
S_150,51.24,16.89,2024-11-01,0.4828,-0.4631,0.0957
S_150,51.24,16.89,2024-12-01,0.0679,-0.0194,0.1185
S_150,51.24,16.89,2025-01-01,0.3778,-0.4626,-0.0011
S_150,51.24,16.89,2025-02-01,0.3524,-0.4449,0.0367
S_150,51.24,16.89,2025-03-01,0.3326,-0.4062,-0.0931
S_150,51.24,16.89,2025-04-01,0.3398,-0.398,-0.0856
S_150,51.24,16.89,2025-05-01,0.6072,-0.5614,0.2107
S_150,51.24,16.89,2025-06-01,0.6494,-0.6223,0.2126
S_150,51.24,16.89,2025-07-01,0.71,-0.6441,0.2608
S_150,51.24,16.89,2025-08-01,0.7449,-0.6718,0.2666
S_150,51.24,16.89,2025-09-01,0.5869,-0.5931,0.1019
S_150,51.24,16.89,2025-10-01,0.3538951846434315,-0.3434300038607328,0.0762655324664039
S_150,51.24,16.89,2025-11-01,0.3958,-0.4961,-0.0755
S_150,51.24,16.89,2025-12-01,0.3343,-0.4129,-0.0029
S_150,51.24,16.89,2026-01-01,0.1176,-0.1486,0.5614
S_150,51.24,16.89,2026-02-01,0.2828,-0.3892,-0.1188
S_150,51.24,16.89,2026-03-01,0.293,-0.3931,-0.1306
S_151,50.96,16.91,2023-06-01,0.5367,-0.538,0.1146
S_151,50.96,16.91,2023-07-01,0.6665,-0.6345,0.2597
S_151,50.96,16.91,2023-08-01,0.7391,-0.6902,0.2798
S_151,50.96,16.91,2023-09-01,0.6565,-0.6268,0.1882
S_151,50.96,16.91,2023-10-01,0.5402,-0.5501,0.0348
S_151,50.96,16.91,2023-11-01,0.3507,-0.3909,-0.0348
S_151,50.96,16.91,2023-12-01,0.3131,-0.3869,-0.1166
S_151,50.96,16.91,2024-01-01,0.0927,-0.122,0.6307
S_151,50.96,16.91,2024-02-01,0.2722,-0.3631,-0.1649
S_151,50.96,16.91,2024-03-01,0.3715358624244103,-0.4077293911598871,-0.0456331334199225
S_151,50.96,16.91,2024-04-01,0.3888,-0.438,-0.0781
S_151,50.96,16.91,2024-05-01,0.453,-0.4861,-0.0029
S_151,50.96,16.91,2024-06-01,0.556,-0.5407,0.0681
S_151,50.96,16.91,2024-07-01,0.6114,-0.5942,0.1456
S_151,50.96,16.91,2024-08-01,0.6269,-0.5928,0.1529
S_151,50.96,16.91,2024-09-01,0.4944,-0.5298,0.0006
S_151,50.96,16.91,2024-10-01,0.3543,-0.4571,-0.1702
S_151,50.96,16.91,2024-11-01,0.3939,-0.4575,-0.1519
S_151,50.96,16.91,2024-12-01,0.346,-0.3665,-0.0587
S_151,50.96,16.91,2025-01-01,0.4119,-0.5019,-0.0968
S_151,50.96,16.91,2025-02-01,0.3759,-0.4325,-0.0985
S_151,50.96,16.91,2025-03-01,0.4241,-0.4739,-0.1023
S_151,50.96,16.91,2025-04-01,0.6504,-0.6266,0.2244
S_151,50.96,16.91,2025-05-01,0.6376,-0.6145,0.2273
S_151,50.96,16.91,2025-06-01,0.7484,-0.6926,0.3863
S_151,50.96,16.91,2025-07-01,0.6516,-0.6187,0.3315
S_151,50.96,16.91,2025-08-01,0.4775,-0.5218,0.0737
S_151,50.96,16.91,2025-09-01,0.4809,-0.5024,-0.003
S_151,50.96,16.91,2025-10-01,0.3108774498141636,-0.274831377786399,0.1153244387108153
S_151,50.96,16.91,2025-11-01,0.4604,-0.5034,-0.016
S_151,50.96,16.91,2025-12-01,0.4409,-0.5454,-0.0163
S_151,50.96,16.91,2026-01-01,0.3689,-0.4797,-0.124
S_151,50.96,16.91,2026-02-01,0.3232,-0.4258,-0.1747
S_151,50.96,16.91,2026-03-01,0.3418,-0.4477,-0.1614
S_152,50.98,16.91,2023-06-01,0.5785485281340198,-0.5722679314112885,0.1747996876293355
S_152,50.98,16.91,2023-07-01,0.6401404744885274,-0.6232474450357561,0.2452347797251121
S_152,50.98,16.91,2023-08-01,0.6208043061002267,-0.6037474683925627,0.1505532594929836
S_152,50.98,16.91,2023-09-01,0.6257410194521449,-0.6067459366884322,0.154281181576141
S_152,50.98,16.91,2023-10-01,0.5322487840821197,-0.5450637518195424,0.0292095688126167
S_152,50.98,16.91,2023-11-01,0.3563885374646182,-0.3883448302270012,-0.0354217057085383
S_152,50.98,16.91,2023-12-01,0.349144092584484,-0.41295844239362,-0.0612649711558917
S_152,50.98,16.91,2024-01-01,0.1224643298522978,-0.1492648913487322,0.6062841982857301
S_152,50.98,16.91,2024-02-01,0.3160086151222616,-0.3882039869147198,-0.0800549605488896
S_152,50.98,16.91,2024-03-01,0.4024906742933093,-0.4269768432336026,0.015448033627423
S_152,50.98,16.91,2024-04-01,0.4202217056808427,-0.447205246134457,0.0022219548266879
S_152,50.98,16.91,2024-05-01,0.5000847364174785,-0.5162474216805164,0.0782583392572378
S_152,50.98,16.91,2024-06-01,0.5981859392007424,-0.5692741078695345,0.1427743170982659
S_152,50.98,16.91,2024-07-01,0.5891403616128692,-0.5831557546122156,0.1331397602209209
S_152,50.98,16.91,2024-08-01,0.603127094904046,-0.5833663267153908,0.1335815104960194
S_152,50.98,16.91,2024-09-01,0.4925682836801729,-0.5257085421465028,0.0139358462784019
S_152,50.98,16.91,2024-10-01,0.42026365544146,-0.4834256030788079,-0.0713287560599164
S_152,50.98,16.91,2024-11-01,0.394955226200225,-0.4593631669571471,-0.1018047877985025
S_152,50.98,16.91,2024-12-01,0.3433134759244681,-0.3678188018773864,-0.0055827697328079
S_152,50.98,16.91,2025-01-01,0.406540587378261,-0.4924523622731782,-0.048713579072001
S_152,50.98,16.91,2025-02-01,0.3677750946323087,-0.4269584025016711,-0.0441733371612912
S_152,50.98,16.91,2025-03-01,0.4188053424951742,-0.4662808857443979,-0.0706876305035973
S_152,50.98,16.91,2025-04-01,0.6162027111382687,-0.6000862116906,0.1957622366515386
S_152,50.98,16.91,2025-05-01,0.6031184165193243,-0.5871190743571937,0.1967967838067152
S_152,50.98,16.91,2025-06-01,0.7122518241416137,-0.6715603429339414,0.3273362151102443
S_152,50.98,16.91,2025-07-01,0.6175946010563115,-0.6052930693498136,0.275398627871766
S_152,50.98,16.91,2025-08-01,0.525112472624923,-0.5472243039634993,0.1001701608562895
S_152,50.98,16.91,2025-09-01,0.5111134029318034,-0.5285008339640732,0.0319027909359927
S_152,50.98,16.91,2025-10-01,0.3117613351065528,-0.2755837777987422,0.1159432951255649
S_152,50.98,16.91,2025-11-01,0.4254005848522457,-0.4898293009990833,-0.0364831881680414
S_152,50.98,16.91,2025-12-01,0.4046923550804792,-0.5149643133110381,-0.0328948268194514
S_152,50.98,16.91,2026-01-01,0.341138926242043,-0.4617911522805645,-0.1229812146527556
S_152,50.98,16.91,2026-02-01,0.3054948900828237,-0.4111726394232008,-0.1604563326451773
S_152,50.98,16.91,2026-03-01,0.3252567413766147,-0.4353688052902518,-0.1477359990581463
S_153,51.0,16.91,2023-06-01,0.603,-0.595,0.2431
S_153,51.0,16.91,2023-07-01,0.5815,-0.5891,0.2121
S_153,51.0,16.91,2023-08-01,0.5398,-0.5492,0.0706
S_153,51.0,16.91,2023-09-01,0.5814,-0.5794,0.1135
S_153,51.0,16.91,2023-10-01,0.5209,-0.5376,0.0267
S_153,51.0,16.91,2023-11-01,0.3131,-0.3582,-0.045
S_153,51.0,16.91,2023-12-01,0.3339,-0.4066,-0.0425
S_153,51.0,16.91,2024-01-01,0.1157,-0.1402,0.6143
S_153,51.0,16.91,2024-02-01,0.3127,-0.3893,-0.0363
S_153,51.0,16.91,2024-03-01,0.3452,-0.3717,0.0345
S_153,51.0,16.91,2024-04-01,0.3597,-0.397,0.0239
S_153,51.0,16.91,2024-05-01,0.4733,-0.4978,0.0898
S_153,51.0,16.91,2024-06-01,0.5737,-0.5524,0.1571
S_153,51.0,16.91,2024-07-01,0.5465,-0.5542,0.1109
S_153,51.0,16.91,2024-08-01,0.5491,-0.5506,0.1073
S_153,51.0,16.91,2024-09-01,0.4614,-0.5021,0.0062
S_153,51.0,16.91,2024-10-01,0.3683,-0.4446,-0.0689
S_153,51.0,16.91,2024-11-01,0.383,-0.4505,-0.0424
S_153,51.0,16.91,2024-12-01,0.336,-0.3691,0.0391
S_153,51.0,16.91,2025-01-01,0.3967,-0.477,0.0109
S_153,51.0,16.91,2025-02-01,0.3539,-0.4129,0.0249
S_153,51.0,16.91,2025-03-01,0.4136,-0.4582,-0.0201
S_153,51.0,16.91,2025-04-01,0.583,-0.5773,0.1993
S_153,51.0,16.91,2025-05-01,0.5828,-0.5738,0.2081
S_153,51.0,16.91,2025-06-01,0.6724,-0.6438,0.284
S_153,51.0,16.91,2025-07-01,0.5911,-0.5896,0.238
S_153,51.0,16.91,2025-08-01,0.5119,-0.5346,0.0905
S_153,51.0,16.91,2025-09-01,0.4916,-0.5168,0.0367
S_153,51.0,16.91,2025-10-01,0.3129588099726944,-0.2765995994777567,0.1167737942016324
S_153,51.0,16.91,2025-11-01,0.4155,-0.4857,-0.0261
S_153,51.0,16.91,2025-12-01,0.3866,-0.4933,-0.0068
S_153,51.0,16.91,2026-01-01,0.3278,-0.45,-0.0984
S_153,51.0,16.91,2026-02-01,0.2957,-0.4009,-0.1255
S_153,51.0,16.91,2026-03-01,0.3151,-0.4247,-0.1143
S_154,51.02,16.91,2023-06-01,0.5248250000184359,-0.5132250000118531,0.2115000000153002
S_154,51.02,16.91,2023-07-01,0.4657500000012839,-0.4788000000012745,0.1495749999985049
S_154,51.02,16.91,2023-08-01,0.4544750000155665,-0.4554250000174694,0.057549999997388
S_154,51.02,16.91,2023-09-01,0.4794500000488863,-0.4801750000480746,0.0857250000031253
S_154,51.02,16.91,2023-10-01,0.4209749999940578,-0.439724999998455,-0.0053250000185895
S_154,51.02,16.91,2023-11-01,0.3813000000118888,-0.3752750000086928,0.0640000000042896
S_154,51.02,16.91,2023-12-01,0.3136250000277788,-0.3472500000243579,-0.0189499999999752
S_154,51.02,16.91,2024-01-01,0.1255000000163725,-0.141350000015348,0.572924999995786
S_154,51.02,16.91,2024-02-01,0.3197000000254121,-0.3681250000229553,-0.0112249999997072
S_154,51.02,16.91,2024-03-01,0.332325000033644,-0.3646750000303095,-0.0252249999900771
S_154,51.02,16.91,2024-04-01,0.4209000000453099,-0.429825000039454,0.0601500000144832
S_154,51.02,16.91,2024-05-01,0.4691000000098084,-0.4713750000063239,0.1302000000080536
S_154,51.02,16.91,2024-06-01,0.4994250000142232,-0.4796500000106432,0.1366750000090205
S_154,51.02,16.91,2024-07-01,0.4465750000037936,-0.4561000000039293,0.0662249999972167
S_154,51.02,16.91,2024-08-01,0.458975000002667,-0.4609500000029576,0.0727499999938593
S_154,51.02,16.91,2024-09-01,0.4331000000215545,-0.455000000015909,0.0381750000111655
S_154,51.02,16.91,2024-10-01,0.3614500000225691,-0.4100500000248832,-0.0431750000054807
S_154,51.02,16.91,2024-11-01,0.3657750000347529,-0.3981250000307878,-0.0145250000142878
S_154,51.02,16.91,2024-12-01,0.2884250000247587,-0.3058250000226472,0.0397749999975938
S_154,51.02,16.91,2025-01-01,0.3401500000293612,-0.4051500000291481,0.0041999999990273
S_154,51.02,16.91,2025-02-01,0.3092500000279178,-0.3649000000285993,-0.0016500000094488
S_154,51.02,16.91,2025-03-01,0.3484500000300127,-0.3925250000301685,-0.0282750000107425
S_154,51.02,16.91,2025-04-01,0.5001750000533342,-0.491875000045236,0.1560000000191587
S_154,51.02,16.91,2025-05-01,0.4820750000414642,-0.47045000003796,0.164299999995369
S_154,51.02,16.91,2025-06-01,0.5502500000623434,-0.5328250000553769,0.2165250000320799
S_154,51.02,16.91,2025-07-01,0.4905000000121715,-0.4923250000110301,0.1773750000068691
S_154,51.02,16.91,2025-08-01,0.4576250000232825,-0.4663250000230589,0.0853000000025459
S_154,51.02,16.91,2025-09-01,0.4422000000329282,-0.4546000000264978,0.05155000001325
S_154,51.02,16.91,2025-10-01,0.3145783599478237,-0.2779677407331037,0.1178839725751245
S_154,51.02,16.91,2025-11-01,0.3707250000230053,-0.4226000000253132,-0.022750000002959
S_154,51.02,16.91,2025-12-01,0.3560000000325427,-0.4366000000371538,-0.007250000006692
S_154,51.02,16.91,2026-01-01,0.2993500000248514,-0.3973750000271866,-0.0653750000045911
S_154,51.02,16.91,2026-02-01,0.2712500000360175,-0.3561250000449435,-0.1086750000268754
S_154,51.02,16.91,2026-03-01,0.2884500000085057,-0.3788750000079593,-0.0985250000011664
S_155,51.04,16.91,2023-06-01,0.5302,-0.5188,0.1961
S_155,51.04,16.91,2023-07-01,0.4658,-0.4811,0.1482
S_155,51.04,16.91,2023-08-01,0.4681,-0.4638,0.0706
S_155,51.04,16.91,2023-09-01,0.4975,-0.489,0.1006
S_155,51.04,16.91,2023-10-01,0.4864,-0.4827,0.0483
S_155,51.04,16.91,2023-11-01,0.3053,-0.2827,0.0381
S_155,51.04,16.91,2023-12-01,0.3348,-0.3615,-0.0137
S_155,51.04,16.91,2024-01-01,0.1397,-0.157,0.524
S_155,51.04,16.91,2024-02-01,0.3215,-0.3659,-0.0094
S_155,51.04,16.91,2024-03-01,0.2208,-0.3169,-0.2031
S_155,51.04,16.91,2024-04-01,0.4509,-0.472,0.0061
S_155,51.04,16.91,2024-05-01,0.4879,-0.4835,0.1448
S_155,51.04,16.91,2024-06-01,0.5077,-0.4834,0.1378
S_155,51.04,16.91,2024-07-01,0.4618,-0.461,0.0788
S_155,51.04,16.91,2024-08-01,0.4677,-0.4632,0.0781
S_155,51.04,16.91,2024-09-01,0.4497,-0.4679,0.045
S_155,51.04,16.91,2024-10-01,0.3773,-0.4252,-0.0575
S_155,51.04,16.91,2024-11-01,0.349,-0.3716,-0.0559
S_155,51.04,16.91,2024-12-01,0.2804,-0.3025,0.0004
S_155,51.04,16.91,2025-01-01,0.3184,-0.3924,-0.0412
S_155,51.04,16.91,2025-02-01,0.3033,-0.3722,-0.0706
S_155,51.04,16.91,2025-03-01,0.3232,-0.3823,-0.0783
S_155,51.04,16.91,2025-04-01,0.4679,-0.4734,0.0962
S_155,51.04,16.91,2025-05-01,0.4554,-0.4554,0.097
S_155,51.04,16.91,2025-06-01,0.558,-0.5374,0.1966
S_155,51.04,16.91,2025-07-01,0.5137,-0.5074,0.1731
S_155,51.04,16.91,2025-08-01,0.4909,-0.4898,0.1094
S_155,51.04,16.91,2025-09-01,0.4612,-0.4696,0.0567
S_155,51.04,16.91,2025-10-01,0.3167385174967141,-0.2797829626175941,0.1193423894765634
S_155,51.04,16.91,2025-11-01,0.3563,-0.4109,-0.0601
S_155,51.04,16.91,2025-12-01,0.3586,-0.4456,-0.031
S_155,51.04,16.91,2026-01-01,0.2947,-0.3948,-0.0833
S_155,51.04,16.91,2026-02-01,0.2645,-0.357,-0.1415
S_155,51.04,16.91,2026-03-01,0.2822,-0.3826,-0.1337
S_156,51.06,16.91,2023-06-01,0.6112749999984644,-0.5822499999980723,0.2608249999962947
S_156,51.06,16.91,2023-07-01,0.4950249999992758,-0.5160249999969606,0.1528750000025995
S_156,51.06,16.91,2023-08-01,0.4713750000123213,-0.476325000007382,0.0395250000058008
S_156,51.06,16.91,2023-09-01,0.5346750000079953,-0.5224500000035213,0.0979250000049892
S_156,51.06,16.91,2023-10-01,0.4639250000037105,-0.4817000000037436,0.0066499999966995
S_156,51.06,16.91,2023-11-01,0.4668250000210133,-0.4481500000010463,0.0965250000103731
S_156,51.06,16.91,2023-12-01,0.3498750000181498,-0.370300000017617,0.0097249999940344
S_156,51.06,16.91,2024-01-01,0.1783249999920585,-0.198174999992921,0.5109749999889049
S_156,51.06,16.91,2024-02-01,0.3736249999973804,-0.4229249999966357,0.005374999994275
S_156,51.06,16.91,2024-03-01,0.3889041796073454,-0.4247499401549377,-0.0386762409690672
S_156,51.06,16.91,2024-04-01,0.4861749999969025,-0.4826249999967487,0.0756749999828273
S_156,51.06,16.91,2024-05-01,0.5247249999923038,-0.5155499999953003,0.1448249999803195
S_156,51.06,16.91,2024-06-01,0.5348749999851,-0.5112249999916919,0.1410499999753952
S_156,51.06,16.91,2024-07-01,0.4853750000126196,-0.4869250000083751,0.060475000012196
S_156,51.06,16.91,2024-08-01,0.5260250000064207,-0.5153750000046313,0.095800000003831
S_156,51.06,16.91,2024-09-01,0.5138499999968084,-0.5165749999984344,0.0706249999920107
S_156,51.06,16.91,2024-10-01,0.4323000000060194,-0.4767250000031841,-0.0151750000006506
S_156,51.06,16.91,2024-11-01,0.4191250000014545,-0.4482749999965654,0.0115999999961283
S_156,51.06,16.91,2024-12-01,0.3207750000023697,-0.3365750000012502,0.0498749999965103
S_156,51.06,16.91,2025-01-01,0.3750250000062888,-0.4432750000013707,0.0045499999985516
S_156,51.06,16.91,2025-02-01,0.3537000000051699,-0.4224500000039705,-0.0290250000217325
S_156,51.06,16.91,2025-03-01,0.3707249999985503,-0.4220749999976465,-0.0459750000072351
S_156,51.06,16.91,2025-04-01,0.5007750000161596,-0.5011250000088605,0.1149250000198496
S_156,51.06,16.91,2025-05-01,0.5185499999869996,-0.5012749999881496,0.1644749999801343
S_156,51.06,16.91,2025-06-01,0.6269500000081617,-0.5887750000053906,0.2652750000105366
S_156,51.06,16.91,2025-07-01,0.5399250000230549,-0.5327250000118581,0.1949750000162287
S_156,51.06,16.91,2025-08-01,0.525325000012034,-0.5223500000051722,0.1152000000110072
S_156,51.06,16.91,2025-09-01,0.4850250000066651,-0.4966750000033858,0.052824999999993
S_156,51.06,16.91,2025-10-01,0.3195149554132371,-0.282100380922011,0.1211794557047124
S_156,51.06,16.91,2025-11-01,0.3948999999891137,-0.4577249999928621,-0.0498500000277861
S_156,51.06,16.91,2025-12-01,0.4092250000073136,-0.4846750000075059,-0.0036000000034548
S_156,51.06,16.91,2026-01-01,0.2730000000173569,-0.3582500000268549,-0.0003500000479842
S_156,51.06,16.91,2026-02-01,0.3019999999900801,-0.3869999999932538,-0.119775000023693
S_156,51.06,16.91,2026-03-01,0.315924999992532,-0.404100000001901,-0.1118250000252394
S_157,51.08,16.91,2023-06-01,0.5194,-0.511,0.1119
S_157,51.08,16.91,2023-07-01,0.5848,-0.5599,0.1834
S_157,51.08,16.91,2023-08-01,0.6034,-0.5561,0.1701
S_157,51.08,16.91,2023-09-01,0.6249,-0.5824,0.1983
S_157,51.08,16.91,2023-10-01,0.5227,-0.5213,0.0689
S_157,51.08,16.91,2023-11-01,0.4114,-0.4845,0.0071
S_157,51.08,16.91,2023-12-01,0.3302,-0.391,-0.0846
S_157,51.08,16.91,2024-01-01,0.1663,-0.1981,0.4169
S_157,51.08,16.91,2024-02-01,0.3369,-0.4288,-0.0736
S_157,51.08,16.91,2024-03-01,0.3241,-0.4035,-0.1385
S_157,51.08,16.91,2024-04-01,0.4345,-0.4437,0.0062
S_157,51.08,16.91,2024-05-01,0.475,-0.4771,0.0676
S_157,51.08,16.91,2024-06-01,0.5526,-0.5154,0.157
S_157,51.08,16.91,2024-07-01,0.543,-0.5148,0.1261
S_157,51.08,16.91,2024-08-01,0.5857,-0.5543,0.1462
S_157,51.08,16.91,2024-09-01,0.563,-0.5481,0.115
S_157,51.08,16.91,2024-10-01,0.4552,-0.5006,0.0072
S_157,51.08,16.91,2024-11-01,0.4183,-0.458,0.0271
S_157,51.08,16.91,2024-12-01,0.2955,-0.3141,0.0385
S_157,51.08,16.91,2025-01-01,0.3568,-0.4394,-0.0082
S_157,51.08,16.91,2025-02-01,0.3473,-0.4272,-0.0569
S_157,51.08,16.91,2025-03-01,0.3327,-0.4024,-0.0778
S_157,51.08,16.91,2025-04-01,0.4608,-0.4677,0.0563
S_157,51.08,16.91,2025-05-01,0.4819,-0.468,0.0968
S_157,51.08,16.91,2025-06-01,0.6203,-0.5783,0.2289
S_157,51.08,16.91,2025-07-01,0.5706,-0.5419,0.1934
S_157,51.08,16.91,2025-08-01,0.6028,-0.5661,0.1869
S_157,51.08,16.91,2025-09-01,0.5466,-0.5396,0.1092
S_157,51.08,16.91,2025-10-01,0.3470843805746186,-0.3108385755199544,0.1272555308124693
S_157,51.08,16.91,2025-11-01,0.4061,-0.4811,-0.0478
S_157,51.08,16.91,2025-12-01,0.3972,-0.4868,-0.0175
S_157,51.08,16.91,2026-01-01,0.3747,-0.478,-0.058
S_157,51.08,16.91,2026-02-01,0.2997,-0.395,-0.1244
S_157,51.08,16.91,2026-03-01,0.3076,-0.4076,-0.1101
S_158,51.1,16.91,2023-06-01,0.6581,-0.6081,0.2383
S_158,51.1,16.91,2023-07-01,0.5271,-0.526,0.075
S_158,51.1,16.91,2023-08-01,0.6163,-0.5391,0.1459
S_158,51.1,16.91,2023-09-01,0.6979,-0.6153,0.2003
S_158,51.1,16.91,2023-10-01,0.6781,-0.6059,0.1667
S_158,51.1,16.91,2023-11-01,0.5753,-0.5764,0.1008
S_158,51.1,16.91,2023-12-01,0.2597708618197644,-0.2698247290473157,0.0040549818948151
S_158,51.1,16.91,2024-01-01,0.2433,-0.2903,0.418
S_158,51.1,16.91,2024-02-01,0.4195,-0.5064,-0.0048
S_158,51.1,16.91,2024-03-01,0.3939492844640427,-0.4216849198928437,-0.0285038610411736
S_158,51.1,16.91,2024-04-01,0.5472,-0.5003,0.1273
S_158,51.1,16.91,2024-05-01,0.6219,-0.5774,0.1861
S_158,51.1,16.91,2024-06-01,0.6083,-0.5557,0.124
S_158,51.1,16.91,2024-07-01,0.5878,-0.5429,0.0903
S_158,51.1,16.91,2024-08-01,0.6389,-0.5923,0.1454
S_158,51.1,16.91,2024-09-01,0.6984,-0.6243,0.1893
S_158,51.1,16.91,2024-10-01,0.641,-0.5983,0.129
S_158,51.1,16.91,2024-11-01,0.5939,-0.562,0.1289
S_158,51.1,16.91,2024-12-01,0.3524,-0.373,0.0668
S_158,51.1,16.91,2025-01-01,0.4181,-0.5004,0.0032
S_158,51.1,16.91,2025-02-01,0.3873,-0.4829,-0.0392
S_158,51.1,16.91,2025-03-01,0.3454,-0.4252,-0.0694
S_158,51.1,16.91,2025-04-01,0.4994,-0.5,0.0471
S_158,51.1,16.91,2025-05-01,0.6666,-0.5887,0.2258
S_158,51.1,16.91,2025-06-01,0.6186,-0.5877,0.1483
S_158,51.1,16.91,2025-07-01,0.5871,-0.5431,0.1229
S_158,51.1,16.91,2025-08-01,0.6486,-0.5898,0.1619
S_158,51.1,16.91,2025-09-01,0.6818,-0.6202,0.1699
S_158,51.1,16.91,2025-10-01,0.3484822868224801,-0.3124203985696546,0.1267127681307279
S_158,51.1,16.91,2025-11-01,0.5522,-0.5695,0.0506
S_158,51.1,16.91,2025-12-01,0.4806,-0.5416,0.0604
S_158,51.1,16.91,2026-01-01,0.2732270271137059,-0.3441595306555563,0.0427469590569693
S_158,51.1,16.91,2026-02-01,0.3271,-0.4249,-0.1159
S_158,51.1,16.91,2026-03-01,0.3258,-0.4239,-0.0954
S_159,51.12,16.91,2023-06-01,0.6131749999938703,-0.5791999999941975,0.212499999993726
S_159,51.12,16.91,2023-07-01,0.5793250000053729,-0.5583250000033966,0.1446750000065763
S_159,51.12,16.91,2023-08-01,0.5861000000118158,-0.5352250000082959,0.1616500000066399
S_159,51.12,16.91,2023-09-01,0.6532750000065278,-0.5996750000067553,0.188950000016552
S_159,51.12,16.91,2023-10-01,0.5957499999992197,-0.5609000000001351,0.1240500000060724
S_159,51.12,16.91,2023-11-01,0.5288500000040247,-0.5654500000048805,0.0672250000039575
S_159,51.12,16.91,2023-12-01,0.4155515682030785,-0.4410115987648034,0.0943915376170428
S_159,51.12,16.91,2024-01-01,0.2635499999986565,-0.3135749999974413,0.2967000000057277
S_159,51.12,16.91,2024-02-01,0.3967499999948203,-0.4874999999917514,-0.0132000000066624
S_159,51.12,16.91,2024-03-01,0.4094898952451155,-0.4264153158664563,-0.0013189946599759
S_159,51.12,16.91,2024-04-01,0.5160499999913736,-0.4944249999932931,0.1122249999938775
S_159,51.12,16.91,2024-05-01,0.5547499999947747,-0.5357249999964304,0.1377999999903706
S_159,51.12,16.91,2024-06-01,0.5713000000048165,-0.5329000000046978,0.1346750000010932
S_159,51.12,16.91,2024-07-01,0.608025000014347,-0.5594000000103939,0.1559000000185144
S_159,51.12,16.91,2024-08-01,0.6479000000008589,-0.599250000000085,0.1818499999988472
S_159,51.12,16.91,2024-09-01,0.6227250000013438,-0.5889750000027186,0.1511250000101114
S_159,51.12,16.91,2024-10-01,0.5230749999813054,-0.5411249999910276,0.0452499999914403
S_159,51.12,16.91,2024-11-01,0.4594749999913339,-0.4847499999962233,0.037024999992614
S_159,51.12,16.91,2024-12-01,0.2938000000039633,-0.3145250000065991,0.0247749999980547
S_159,51.12,16.91,2025-01-01,0.3784250000008788,-0.4628250000012521,-0.0139000000006507
S_159,51.12,16.91,2025-02-01,0.3674499999860258,-0.460149999982105,-0.0365000000172493
S_159,51.12,16.91,2025-03-01,0.331949999999347,-0.4066249999998855,-0.077274999998703
S_159,51.12,16.91,2025-04-01,0.4448500000102518,-0.4631750000038527,0.0160250000142834
S_159,51.12,16.91,2025-05-01,0.617774999998062,-0.5541249999968586,0.2056250000023478
S_159,51.12,16.91,2025-06-01,0.614050000001903,-0.588125000000367,0.1825750000033156
S_159,51.12,16.91,2025-07-01,0.6304000000121306,-0.5901500000108054,0.1771500000109055
S_159,51.12,16.91,2025-08-01,0.6305000000094939,-0.5854750000069545,0.175125000009396
S_159,51.12,16.91,2025-09-01,0.6233250000184432,-0.589800000011656,0.1540750000182447
S_159,51.12,16.91,2025-10-01,0.3703783625337766,-0.3363564118306009,0.1220542538292005
S_159,51.12,16.91,2025-11-01,0.4912500000004181,-0.5380750000005234,0.0245500000049257
S_159,51.12,16.91,2025-12-01,0.4399999999962271,-0.5140249999984712,0.0411749999928384
S_159,51.12,16.91,2026-01-01,0.1576197513762557,-0.1943857939629419,0.2226387807929817
S_159,51.12,16.91,2026-02-01,0.3110250000011001,-0.4110999999994935,-0.1151749999972256
S_159,51.12,16.91,2026-03-01,0.3102000000094875,-0.4079250000115544,-0.1014999999922066
S_160,51.14,16.91,2023-06-01,0.5934,-0.5723,0.1682
S_160,51.14,16.91,2023-07-01,0.6486,-0.6139,0.1924
S_160,51.14,16.91,2023-08-01,0.5955,-0.5471,0.2049
S_160,51.14,16.91,2023-09-01,0.6882,-0.6348,0.2166
S_160,51.14,16.91,2023-10-01,0.5871,-0.5547,0.1185
S_160,51.14,16.91,2023-11-01,0.4988,-0.5597,0.0393
S_160,51.14,16.91,2023-12-01,0.3823,-0.4392,0.0764
S_160,51.14,16.91,2024-01-01,0.2934,-0.353,0.1966
S_160,51.14,16.91,2024-02-01,0.4038,-0.5064,-0.0102
S_160,51.14,16.91,2024-03-01,0.4247144161399361,-0.4290367306049771,0.0348685905110121
S_160,51.14,16.91,2024-04-01,0.4832,-0.4898,0.0783
S_160,51.14,16.91,2024-05-01,0.5138,-0.5175,0.0798
S_160,51.14,16.91,2024-06-01,0.599,-0.5622,0.1435
S_160,51.14,16.91,2024-07-01,0.668,-0.6076,0.2266
S_160,51.14,16.91,2024-08-01,0.7017,-0.6426,0.2186
S_160,51.14,16.91,2024-09-01,0.5934,-0.5842,0.1133
S_160,51.14,16.91,2024-10-01,0.4751,-0.527,-0.0067
S_160,51.14,16.91,2024-11-01,0.442,-0.4793,0.0286
S_160,51.14,16.91,2024-12-01,0.2737,-0.3078,-0.0151
S_160,51.14,16.91,2025-01-01,0.385,-0.4702,-0.0221
S_160,51.14,16.91,2025-02-01,0.4036,-0.5044,-0.0446
S_160,51.14,16.91,2025-03-01,0.359,-0.4275,-0.0777
S_160,51.14,16.91,2025-04-01,0.4124,-0.4568,-0.0441
S_160,51.14,16.91,2025-05-01,0.7343,-0.6328,0.2828
S_160,51.14,16.91,2025-06-01,0.6242,-0.6045,0.1957
S_160,51.14,16.91,2025-07-01,0.5549,-0.5305,0.1182
S_160,51.14,16.91,2025-08-01,0.6186,-0.5856,0.1481
S_160,51.14,16.91,2025-09-01,0.6121,-0.5879,0.1371
S_160,51.14,16.91,2025-10-01,0.3763154323722518,-0.3433732762145027,0.1155402074063226
S_160,51.14,16.91,2025-11-01,0.5215,-0.5622,0.0573
S_160,51.14,16.91,2025-12-01,0.471,-0.5273,0.0899
S_160,51.14,16.91,2026-01-01,0.159834590801275,-0.1975196907485801,0.2132311256836335
S_160,51.14,16.91,2026-02-01,0.3252,-0.4239,-0.111
S_160,51.14,16.91,2026-03-01,0.3153,-0.4075,-0.1073
S_161,51.16,16.91,2023-06-01,0.6383999999767308,-0.6005249999823918,0.2335749999772076
S_161,51.16,16.91,2023-07-01,0.6226249999883565,-0.5918749999859724,0.1777499999931623
S_161,51.16,16.91,2023-08-01,0.5753749999972557,-0.531324999996467,0.1731999999981857
S_161,51.16,16.91,2023-09-01,0.663224999990401,-0.6154249999916513,0.1970499999958291
S_161,51.16,16.91,2023-10-01,0.605274999984445,-0.5768499999846254,0.1282999999936766
S_161,51.16,16.91,2023-11-01,0.5245999999933453,-0.5677499999948925,0.0639249999990868
S_161,51.16,16.91,2023-12-01,0.3852000000000329,-0.4320750000005839,0.0730249999975754
S_161,51.16,16.91,2024-01-01,0.2952749999981213,-0.3484999999970679,0.1900749999976509
S_161,51.16,16.91,2024-02-01,0.4121249999931392,-0.5048749999902497,-0.0169749999997517
S_161,51.16,16.91,2024-03-01,0.4607593493403096,-0.4662665923636369,0.0322849524566859
S_161,51.16,16.91,2024-04-01,0.5260999999823949,-0.5115999999916456,0.1287749999875844
S_161,51.16,16.91,2024-05-01,0.5625249999839342,-0.5380749999888444,0.1456749999850499
S_161,51.16,16.91,2024-06-01,0.575799999997279,-0.5331750000003076,0.1631499999879049
S_161,51.16,16.91,2024-07-01,0.6047749999872993,-0.5591499999865859,0.1603249999986558
S_161,51.16,16.91,2024-08-01,0.661074999990235,-0.6140999999920509,0.1768499999936762
S_161,51.16,16.91,2024-09-01,0.5981499999887,-0.573724999991231,0.149924999990006
S_161,51.16,16.91,2024-10-01,0.5236249999899182,-0.5445499999942407,0.0352749999942794
S_161,51.16,16.91,2024-11-01,0.4694249999968506,-0.4880749999977714,0.0514000000000599
S_161,51.16,16.91,2024-12-01,0.2191750000101336,-0.2225500000141869,0.0359999999981734
S_161,51.16,16.91,2025-01-01,0.3848749999956508,-0.4612749999984016,-0.0174250000007046
S_161,51.16,16.91,2025-02-01,0.3944999999965387,-0.4872749999938371,-0.0228250000041817
S_161,51.16,16.91,2025-03-01,0.3469249999988126,-0.4121749999967296,-0.0805749999936982
S_161,51.16,16.91,2025-04-01,0.3989999999989085,-0.4405999999969775,-0.0518249999959722
S_161,51.16,16.91,2025-05-01,0.6434250000197742,-0.5740000000112576,0.2212250000115537
S_161,51.16,16.91,2025-06-01,0.6516499999886871,-0.6156999999910007,0.2172999999913627
S_161,51.16,16.91,2025-07-01,0.6140999999785453,-0.5714249999840919,0.1675749999864323
S_161,51.16,16.91,2025-08-01,0.6574999999791665,-0.6106249999831691,0.2027499999819704
S_161,51.16,16.91,2025-09-01,0.6424499999929296,-0.6075749999942687,0.1785999999961744
S_161,51.16,16.91,2025-10-01,0.3737931725968738,-0.3430212209413469,0.1093969769084483
S_161,51.16,16.91,2025-11-01,0.4936249999990967,-0.5488499999983057,0.0223250000035523
S_161,51.16,16.91,2025-12-01,0.44024999999474,-0.4996499999920927,0.0502749999962091
S_161,51.16,16.91,2026-01-01,0.0991668249302376,-0.1075089206572175,0.3046510203751529
S_161,51.16,16.91,2026-02-01,0.3273999999994099,-0.423124999996529,-0.1121999999948956
S_161,51.16,16.91,2026-03-01,0.3205499999981726,-0.4092249999951109,-0.1088499999927153
S_162,51.18,16.91,2023-06-01,0.7147,-0.6639,0.3106
S_162,51.18,16.91,2023-07-01,0.6306,-0.613,0.1758
S_162,51.18,16.91,2023-08-01,0.5915,-0.5556,0.148
S_162,51.18,16.91,2023-09-01,0.6888,-0.6405,0.1804
S_162,51.18,16.91,2023-10-01,0.5907,-0.5774,0.0773
S_162,51.18,16.91,2023-11-01,0.5511,-0.5943,0.0573
S_162,51.18,16.91,2023-12-01,0.4048,-0.4526,0.064
S_162,51.18,16.91,2024-01-01,0.302,-0.3638,0.1977
S_162,51.18,16.91,2024-02-01,0.4277,-0.528,-0.0232
S_162,51.18,16.91,2024-03-01,0.4695289881065903,-0.4749242188377127,0.0323647558040794
S_162,51.18,16.91,2024-04-01,0.5644,-0.5387,0.1623
S_162,51.18,16.91,2024-05-01,0.5855,-0.5568,0.1687
S_162,51.18,16.91,2024-06-01,0.5845,-0.5358,0.181
S_162,51.18,16.91,2024-07-01,0.6153,-0.5791,0.1293
S_162,51.18,16.91,2024-08-01,0.6906,-0.6473,0.1699
S_162,51.18,16.91,2024-09-01,0.6114,-0.582,0.1709
S_162,51.18,16.91,2024-10-01,0.5549,-0.5748,0.0323
S_162,51.18,16.91,2024-11-01,0.4971,-0.5166,0.0509
S_162,51.18,16.91,2024-12-01,0.1427,-0.1273,0.0317
S_162,51.18,16.91,2025-01-01,0.3892,-0.473,-0.0236
S_162,51.18,16.91,2025-02-01,0.3951,-0.5019,-0.0278
S_162,51.18,16.91,2025-03-01,0.3428,-0.4193,-0.1025
S_162,51.18,16.91,2025-04-01,0.3964,-0.4488,-0.072
S_162,51.18,16.91,2025-05-01,0.5879,-0.5513,0.1751
S_162,51.18,16.91,2025-06-01,0.719,-0.6696,0.2581
S_162,51.18,16.91,2025-07-01,0.6554,-0.6006,0.1959
S_162,51.18,16.91,2025-08-01,0.737,-0.678,0.2643
S_162,51.18,16.91,2025-09-01,0.7098,-0.6613,0.2201
S_162,51.18,16.91,2025-10-01,0.3550457400030704,-0.3356773704729768,0.0853408968998175
S_162,51.18,16.91,2025-11-01,0.4831,-0.5538,-0.0261
S_162,51.18,16.91,2025-12-01,0.4276,-0.5016,0.0346
S_162,51.18,16.91,2026-01-01,0.1708,-0.1841,0.2156
S_162,51.18,16.91,2026-02-01,0.3253,-0.4341,-0.1355
S_162,51.18,16.91,2026-03-01,0.3209,-0.4228,-0.1347
S_163,51.2,16.91,2023-06-01,0.722150000000559,-0.6609249999975061,0.3248500000006027
S_163,51.2,16.91,2023-07-01,0.6238750000200366,-0.6035500000084427,0.1784500000129914
S_163,51.2,16.91,2023-08-01,0.5232750000060398,-0.4886750000001939,0.131600000009481
S_163,51.2,16.91,2023-09-01,0.6655750000168477,-0.6199500000099907,0.1621750000165762
S_163,51.2,16.91,2023-10-01,0.5794000000206323,-0.5603500000093612,0.0999000000229217
S_163,51.2,16.91,2023-11-01,0.5457250000000077,-0.5850500000002185,0.0579499999940855
S_163,51.2,16.91,2023-12-01,0.4130499999944232,-0.4515999999975171,0.0577499999880825
S_163,51.2,16.91,2024-01-01,0.3154000000001191,-0.3716999999986528,0.1656749999893627
S_163,51.2,16.91,2024-02-01,0.4378749999994581,-0.5208999999950842,-0.0192500000085641
S_163,51.2,16.91,2024-03-01,0.5181026595864207,-0.5089934481029905,0.0706309057197934
S_163,51.2,16.91,2024-04-01,0.6090500000108735,-0.5583000000058407,0.1910500000078749
S_163,51.2,16.91,2024-05-01,0.6082750000150439,-0.5695250000027174,0.1973250000095629
S_163,51.2,16.91,2024-06-01,0.6339000000286672,-0.576675000022258,0.2155500000140734
S_163,51.2,16.91,2024-07-01,0.6199750000187753,-0.5747750000080362,0.149875000013682
S_163,51.2,16.91,2024-08-01,0.6920500000066309,-0.6398500000025681,0.1715999999993028
S_163,51.2,16.91,2024-09-01,0.5825999999969769,-0.558099999994285,0.1962500000170003
S_163,51.2,16.91,2024-10-01,0.5172500000093252,-0.5383750000035767,0.0119500000015883
S_163,51.2,16.91,2024-11-01,0.4653749999998947,-0.4835499999981648,0.0321999999976464
S_163,51.2,16.91,2024-12-01,0.1036493290626793,-0.0757922222831577,0.0426934416090896
S_163,51.2,16.91,2025-01-01,0.3810250000063816,-0.4569750000031269,-0.0323500000176199
S_163,51.2,16.91,2025-02-01,0.3758000000161858,-0.4676500000156021,0.0039749999768045
S_163,51.2,16.91,2025-03-01,0.3440500000047969,-0.4093749999987744,-0.1055000000040442
S_163,51.2,16.91,2025-04-01,0.4096000000162847,-0.4458750000056786,-0.0645749999926688
S_163,51.2,16.91,2025-05-01,0.62592500003145,-0.5698000000139116,0.211275000021414
S_163,51.2,16.91,2025-06-01,0.7256750000076749,-0.6730750000035686,0.2734000000050004
S_163,51.2,16.91,2025-07-01,0.6730499999968358,-0.6133499999958706,0.220849999997649
S_163,51.2,16.91,2025-08-01,0.7226250000035676,-0.6638999999999258,0.2460499999994393
S_163,51.2,16.91,2025-09-01,0.6797250000059479,-0.6375750000037499,0.1908999999997621
S_163,51.2,16.91,2025-10-01,0.3564112591888572,-0.3372613096375826,0.0856059679693747
S_163,51.2,16.91,2025-11-01,0.4707000000112538,-0.5453250000077229,-0.0314749999992127
S_163,51.2,16.91,2025-12-01,0.4173500000021531,-0.4803749999972649,0.028399999987795
S_163,51.2,16.91,2026-01-01,0.1575499999951294,-0.1551499999924598,0.4049750000075263
S_163,51.2,16.91,2026-02-01,0.3252750000029122,-0.4266750000009077,-0.1280500000068679
S_163,51.2,16.91,2026-03-01,0.3218750000047221,-0.4151250000018117,-0.1372500000092132
S_164,51.22,16.91,2023-06-01,0.6825,-0.6328,0.304
S_164,51.22,16.91,2023-07-01,0.6083,-0.5921,0.1747
S_164,51.22,16.91,2023-08-01,0.4843,-0.4438,0.1526
S_164,51.22,16.91,2023-09-01,0.6441,-0.6018,0.1618
S_164,51.22,16.91,2023-10-01,0.6233,-0.5882,0.1499
S_164,51.22,16.91,2023-11-01,0.5595,-0.5804,0.0928
S_164,51.22,16.91,2023-12-01,0.4355,-0.4559,0.0998
S_164,51.22,16.91,2024-01-01,0.3295,-0.3803,0.2065
S_164,51.22,16.91,2024-02-01,0.4712,-0.5272,0.0469
S_164,51.22,16.91,2024-03-01,0.5308279321814896,-0.5187501004408489,0.0744209841591642
S_164,51.22,16.91,2024-04-01,0.6908,-0.6049,0.2691
S_164,51.22,16.91,2024-05-01,0.6615,-0.6163,0.2592
S_164,51.22,16.91,2024-06-01,0.6676,-0.6013,0.2471
S_164,51.22,16.91,2024-07-01,0.5814,-0.5503,0.1367
S_164,51.22,16.91,2024-08-01,0.651,-0.6109,0.1436
S_164,51.22,16.91,2024-09-01,0.5408,-0.5254,0.2247
S_164,51.22,16.91,2024-10-01,0.4933,-0.5148,0.0134
S_164,51.22,16.91,2024-11-01,0.464,-0.4648,0.0584
S_164,51.22,16.91,2024-12-01,0.0578337946398883,-0.0114891336959565,0.0688514929017683
S_164,51.22,16.91,2025-01-01,0.3939,-0.4536,0.0235
S_164,51.22,16.91,2025-02-01,0.3818,-0.4565,0.0411
S_164,51.22,16.91,2025-03-01,0.3624,-0.4152,-0.0674
S_164,51.22,16.91,2025-04-01,0.4456,-0.4667,-0.0142
S_164,51.22,16.91,2025-05-01,0.6693,-0.6062,0.2641
S_164,51.22,16.91,2025-06-01,0.7406,-0.6828,0.3031
S_164,51.22,16.91,2025-07-01,0.6829,-0.6198,0.2315
S_164,51.22,16.91,2025-08-01,0.7001,-0.6505,0.2394
S_164,51.22,16.91,2025-09-01,0.6271,-0.6038,0.1557
S_164,51.22,16.91,2025-10-01,0.3426364850798732,-0.3318913892296268,0.07256076019392
S_164,51.22,16.91,2025-11-01,0.4834,-0.541,0.012
S_164,51.22,16.91,2025-12-01,0.434,-0.4794,0.0737
S_164,51.22,16.91,2026-01-01,0.1432,-0.1354,0.5243
S_164,51.22,16.91,2026-02-01,0.3297,-0.4213,-0.084
S_164,51.22,16.91,2026-03-01,0.3349,-0.4168,-0.1
S_165,51.24,16.91,2023-06-01,0.6391,-0.6176,0.2498
S_165,51.24,16.91,2023-07-01,0.5408,-0.5656,0.1032
S_165,51.24,16.91,2023-08-01,0.3787,-0.381,0.0584
S_165,51.24,16.91,2023-09-01,0.5502,-0.5379,0.0501
S_165,51.24,16.91,2023-10-01,0.5778,-0.5604,0.0784
S_165,51.24,16.91,2023-11-01,0.5843,-0.6052,0.1099
S_165,51.24,16.91,2023-12-01,0.4865,-0.5014,0.12
S_165,51.24,16.91,2024-01-01,0.3472,-0.4067,0.2022
S_165,51.24,16.91,2024-02-01,0.4866,-0.5477,0.0723
S_165,51.24,16.91,2024-03-01,0.4866493847073003,-0.4802002012302693,0.0415803471724469
S_165,51.24,16.91,2024-04-01,0.7166,-0.6533,0.2825
S_165,51.24,16.91,2024-05-01,0.5838,-0.5601,0.1972
S_165,51.24,16.91,2024-06-01,0.6563,-0.5945,0.2075
S_165,51.24,16.91,2024-07-01,0.679,-0.6112,0.2041
S_165,51.24,16.91,2024-08-01,0.6653,-0.6251,0.1589
S_165,51.24,16.91,2024-09-01,0.6159,-0.6002,0.1307
S_165,51.24,16.91,2024-10-01,0.5909,-0.5913,0.0426
S_165,51.24,16.91,2024-11-01,0.6307,-0.5958,0.1684
S_165,51.24,16.91,2024-12-01,0.0571765608617389,-0.0095036568293668,0.079040563071765
S_165,51.24,16.91,2025-01-01,0.4755,-0.5156,0.0839
S_165,51.24,16.91,2025-02-01,0.4407,-0.5064,0.1045
S_165,51.24,16.91,2025-03-01,0.4324,-0.4743,-0.0186
S_165,51.24,16.91,2025-04-01,0.5384,-0.5357,0.0683
S_165,51.24,16.91,2025-05-01,0.7233,-0.6581,0.3206
S_165,51.24,16.91,2025-06-01,0.6329,-0.6194,0.1997
S_165,51.24,16.91,2025-07-01,0.4778,-0.483,0.0069
S_165,51.24,16.91,2025-08-01,0.5465,-0.5485,0.1051
S_165,51.24,16.91,2025-09-01,0.5306,-0.5515,0.0368
S_165,51.24,16.91,2025-10-01,0.3540120169410891,-0.3436476621326796,0.0763774326345216
S_165,51.24,16.91,2025-11-01,0.4781,-0.5381,-0.0533
S_165,51.24,16.91,2025-12-01,0.4143,-0.4763,0.0176
S_165,51.24,16.91,2026-01-01,0.1296,-0.1553,0.5414
S_165,51.24,16.91,2026-02-01,0.3274,-0.4268,-0.1296
S_165,51.24,16.91,2026-03-01,0.3304,-0.4297,-0.1395
S_166,50.96,16.93,2023-06-01,0.6284,-0.6094,0.2506
S_166,50.96,16.93,2023-07-01,0.5993,-0.5987,0.2352
S_166,50.96,16.93,2023-08-01,0.5305,-0.545,0.0616
S_166,50.96,16.93,2023-09-01,0.5674,-0.5696,0.0914
S_166,50.96,16.93,2023-10-01,0.4494,-0.4979,-0.047
S_166,50.96,16.93,2023-11-01,0.4103,-0.4229,-0.005
S_166,50.96,16.93,2023-12-01,0.4142,-0.4465,0.0017
S_166,50.96,16.93,2024-01-01,0.13,-0.1474,0.6878
S_166,50.96,16.93,2024-02-01,0.3529,-0.4289,-0.094
S_166,50.96,16.93,2024-03-01,0.495,-0.4883,0.0723
S_166,50.96,16.93,2024-04-01,0.5042,-0.5177,0.0771
S_166,50.96,16.93,2024-05-01,0.5649,-0.5698,0.1389
S_166,50.96,16.93,2024-06-01,0.602,-0.5724,0.1215
S_166,50.96,16.93,2024-07-01,0.5138,-0.5439,0.0534
S_166,50.96,16.93,2024-08-01,0.5314,-0.5391,0.0536
S_166,50.96,16.93,2024-09-01,0.5136,-0.5372,0.027
S_166,50.96,16.93,2024-10-01,0.3842,-0.4687,-0.1113
S_166,50.96,16.93,2024-11-01,0.4511,-0.493,-0.0322
S_166,50.96,16.93,2024-12-01,0.3515,-0.3746,-0.0149
S_166,50.96,16.93,2025-01-01,0.4142,-0.508,-0.0513
S_166,50.96,16.93,2025-02-01,0.3887,-0.4523,-0.0746
S_166,50.96,16.93,2025-03-01,0.3989,-0.4678,-0.0995
S_166,50.96,16.93,2025-04-01,0.5429,-0.5576,0.1076
S_166,50.96,16.93,2025-05-01,0.5232,-0.5383,0.1023
S_166,50.96,16.93,2025-06-01,0.7342,-0.6845,0.3352
S_166,50.96,16.93,2025-07-01,0.661,-0.6341,0.3027
S_166,50.96,16.93,2025-08-01,0.5796,-0.5871,0.1536
S_166,50.96,16.93,2025-09-01,0.4831,-0.5225,-0.0069
S_166,50.96,16.93,2025-10-01,0.3100086674455208,-0.2741082346553565,0.1147547841661494
S_166,50.96,16.93,2025-11-01,0.4033,-0.4742,-0.0243
S_166,50.96,16.93,2025-12-01,0.4405,-0.5512,-0.0456
S_166,50.96,16.93,2026-01-01,0.379,-0.5006,-0.1394
S_166,50.96,16.93,2026-02-01,0.3323,-0.4357,-0.1664
S_166,50.96,16.93,2026-03-01,0.3539,-0.4557,-0.1543
S_167,50.98,16.93,2023-06-01,0.6233932620240268,-0.6070848960137543,0.2396471725617756
S_167,50.98,16.93,2023-07-01,0.5827701443237145,-0.5789931491620273,0.216686796556127
S_167,50.98,16.93,2023-08-01,0.5215647551088012,-0.5351998637592436,0.0472394643826175
S_167,50.98,16.93,2023-09-01,0.5596040268128778,-0.5628372183948847,0.0770564854328864
S_167,50.98,16.93,2023-10-01,0.4796548972802309,-0.5131874310250366,-0.0281945611707675
S_167,50.98,16.93,2023-11-01,0.3632738986617982,-0.3931598777788329,-0.0409267426402682
S_167,50.98,16.93,2023-12-01,0.3616574955582925,-0.4156906472368173,-0.0647275765914909
S_167,50.98,16.93,2024-01-01,0.1186942487913462,-0.1431402983635125,0.6118182802760554
S_167,50.98,16.93,2024-02-01,0.3351433783368397,-0.4233696957076448,-0.1047900691657138
S_167,50.98,16.93,2024-03-01,0.4395862749807486,-0.4444251778623665,0.0430241677627842
S_167,50.98,16.93,2024-04-01,0.4437277926518559,-0.4670276564112383,0.0141079972118785
S_167,50.98,16.93,2024-05-01,0.5557362550131693,-0.5554730082521772,0.1258928368211687
S_167,50.98,16.93,2024-06-01,0.6340705296931798,-0.5938069540121034,0.1883103230025109
S_167,50.98,16.93,2024-07-01,0.5357368894686083,-0.5528512392756408,0.086676257518296
S_167,50.98,16.93,2024-08-01,0.5419785434062591,-0.543667369910189,0.079920157438783
S_167,50.98,16.93,2024-09-01,0.5100995747240864,-0.5342509103530808,0.0256869493200256
S_167,50.98,16.93,2024-10-01,0.407036407796128,-0.4754326699913269,-0.0744568941457895
S_167,50.98,16.93,2024-11-01,0.4345226593836021,-0.4820340255590552,-0.0460686291380972
S_167,50.98,16.93,2024-12-01,0.3555300551866454,-0.3733351086576851,0.0062981393927554
S_167,50.98,16.93,2025-01-01,0.4055478703053245,-0.4930502525296694,-0.0488231245277921
S_167,50.98,16.93,2025-02-01,0.3809713402916873,-0.4464461858102436,-0.0952359990770319
S_167,50.98,16.93,2025-03-01,0.4006518971386245,-0.4588204299378485,-0.0892374743041534
S_167,50.98,16.93,2025-04-01,0.566653020118471,-0.5671842946307788,0.1293262940316569
S_167,50.98,16.93,2025-05-01,0.5652121602546086,-0.5577767226838415,0.1463807095950151
S_167,50.98,16.93,2025-06-01,0.7163534453538862,-0.6743377798863066,0.3372320851087372
S_167,50.98,16.93,2025-07-01,0.6253315469860248,-0.6104518406777585,0.27174599312985
S_167,50.98,16.93,2025-08-01,0.5394956442525995,-0.5535366004563216,0.0984307130047607
S_167,50.98,16.93,2025-09-01,0.5046829789539559,-0.5295592763817772,0.0200023423252044
S_167,50.98,16.93,2025-10-01,0.3108014676787057,-0.2747883349316333,0.1153220629855247
S_167,50.98,16.93,2025-11-01,0.3961317960968213,-0.4760698484764748,-0.0704742275859037
S_167,50.98,16.93,2025-12-01,0.3769759120649255,-0.5057332149409915,-0.10074762118471
S_167,50.98,16.93,2026-01-01,0.3298231410618391,-0.4608440361524354,-0.1596607117608333
S_167,50.98,16.93,2026-02-01,0.2941084623402897,-0.404946282137958,-0.1880824972454596
S_167,50.98,16.93,2026-03-01,0.3152348760680586,-0.4282607282881513,-0.1806050768226858
S_168,51.0,16.93,2023-06-01,0.5813,-0.5809,0.2267
S_168,51.0,16.93,2023-07-01,0.5615,-0.5713,0.2123
S_168,51.0,16.93,2023-08-01,0.4753,-0.4976,0.0235
S_168,51.0,16.93,2023-09-01,0.5289,-0.5392,0.0685
S_168,51.0,16.93,2023-10-01,0.4493,-0.4882,-0.0235
S_168,51.0,16.93,2023-11-01,0.3265,-0.3751,-0.0819
S_168,51.0,16.93,2023-12-01,0.3721,-0.4265,-0.0177
S_168,51.0,16.93,2024-01-01,0.125,-0.1535,0.6065
S_168,51.0,16.93,2024-02-01,0.3613,-0.4339,-0.0158
S_168,51.0,16.93,2024-03-01,0.5194,-0.4981,0.1645
S_168,51.0,16.93,2024-04-01,0.4667,-0.4823,0.1023
S_168,51.0,16.93,2024-05-01,0.5836,-0.5733,0.2212
S_168,51.0,16.93,2024-06-01,0.6373,-0.5966,0.2476
S_168,51.0,16.93,2024-07-01,0.4807,-0.5165,0.0469
S_168,51.0,16.93,2024-08-01,0.4729,-0.4973,0.0288
S_168,51.0,16.93,2024-09-01,0.4254,-0.4795,-0.0265
S_168,51.0,16.93,2024-10-01,0.3535,-0.4264,-0.0863
S_168,51.0,16.93,2024-11-01,0.442,-0.4824,-0.0058
S_168,51.0,16.93,2024-12-01,0.3841,-0.3959,0.085
S_168,51.0,16.93,2025-01-01,0.4333,-0.4972,0.0399
S_168,51.0,16.93,2025-02-01,0.4125,-0.4644,0.0077
S_168,51.0,16.93,2025-03-01,0.4638,-0.4901,0.0244
S_168,51.0,16.93,2025-04-01,0.6148,-0.6112,0.2352
S_168,51.0,16.93,2025-05-01,0.5916,-0.5872,0.2303
S_168,51.0,16.93,2025-06-01,0.6337,-0.6284,0.2688
S_168,51.0,16.93,2025-07-01,0.5388,-0.5651,0.2184
S_168,51.0,16.93,2025-08-01,0.4908,-0.5247,0.0579
S_168,51.0,16.93,2025-09-01,0.4604,-0.5022,-0.0173
S_168,51.0,16.93,2025-10-01,0.3119463415886379,-0.2757666445513944,0.116132827317381
S_168,51.0,16.93,2025-11-01,0.3455,-0.4488,-0.1009
S_168,51.0,16.93,2025-12-01,0.3191,-0.4598,-0.0893
S_168,51.0,16.93,2026-01-01,0.2812,-0.4206,-0.1526
S_168,51.0,16.93,2026-02-01,0.2564,-0.3716,-0.1532
S_168,51.0,16.93,2026-03-01,0.276,-0.3938,-0.151
S_169,51.02,16.93,2023-06-01,0.6601,-0.6231,0.3003
S_169,51.02,16.93,2023-07-01,0.5516,-0.5597,0.1853
S_169,51.02,16.93,2023-08-01,0.5068,-0.5197,0.0325
S_169,51.02,16.93,2023-09-01,0.5465,-0.5526,0.0708
S_169,51.02,16.93,2023-10-01,0.4436,-0.4868,-0.0871
S_169,51.02,16.93,2023-11-01,0.4124,-0.4102,0.0267
S_169,51.02,16.93,2023-12-01,0.4246,-0.4479,-0.0216
S_169,51.02,16.93,2024-01-01,0.1584,-0.1693,0.6044
S_169,51.02,16.93,2024-02-01,0.4353,-0.487,-0.0229
S_169,51.02,16.93,2024-03-01,0.4981,-0.4906,0.0913
S_169,51.02,16.93,2024-04-01,0.5904,-0.5631,0.1587
S_169,51.02,16.93,2024-05-01,0.6147,-0.5922,0.199
S_169,51.02,16.93,2024-06-01,0.6313,-0.5925,0.196
S_169,51.02,16.93,2024-07-01,0.5112,-0.5289,0.0531
S_169,51.02,16.93,2024-08-01,0.5237,-0.5305,0.0532
S_169,51.02,16.93,2024-09-01,0.5414,-0.5532,0.062
S_169,51.02,16.93,2024-10-01,0.441,-0.4928,-0.0495
S_169,51.02,16.93,2024-11-01,0.4682,-0.4994,-0.0216
S_169,51.02,16.93,2024-12-01,0.3827,-0.3896,0.0598
S_169,51.02,16.93,2025-01-01,0.4376,-0.4959,0.0204
S_169,51.02,16.93,2025-02-01,0.4019,-0.4566,-0.0092
S_169,51.02,16.93,2025-03-01,0.4363,-0.4709,-0.0269
S_169,51.02,16.93,2025-04-01,0.6221,-0.591,0.2127
S_169,51.02,16.93,2025-05-01,0.6004,-0.5662,0.2213
S_169,51.02,16.93,2025-06-01,0.6587,-0.6297,0.2815
S_169,51.02,16.93,2025-07-01,0.5876,-0.5804,0.2302
S_169,51.02,16.93,2025-08-01,0.5183,-0.5319,0.0795
S_169,51.02,16.93,2025-09-01,0.5568,-0.5527,0.0902
S_169,51.02,16.93,2025-10-01,0.31361810264576,-0.277188733721586,0.1173024033746825
S_169,51.02,16.93,2025-11-01,0.4497,-0.5055,-0.0134
S_169,51.02,16.93,2025-12-01,0.4375,-0.5245,-0.0211
S_169,51.02,16.93,2026-01-01,0.36,-0.4554,-0.0584
S_169,51.02,16.93,2026-02-01,0.3365,-0.4253,-0.1301
S_169,51.02,16.93,2026-03-01,0.3588,-0.4539,-0.1187
S_170,51.04,16.93,2023-06-01,0.5680249999759497,-0.5407999999798505,0.2547999999808342
S_170,51.04,16.93,2023-07-01,0.4433749999904757,-0.4644499999871526,0.1327499999939619
S_170,51.04,16.93,2023-08-01,0.4314499999981375,-0.4386999999960396,0.0254000000053809
S_170,51.04,16.93,2023-09-01,0.4732500000000096,-0.4722249999989911,0.0665750000047463
S_170,51.04,16.93,2023-10-01,0.4170000000098567,-0.43902500000676,-0.0264749999909833
S_170,51.04,16.93,2023-11-01,0.4285285714300567,-0.3791714285680123,0.0808857142919072
S_170,51.04,16.93,2023-12-01,0.3563500000123994,-0.3767750000120679,-0.0125499999978449
S_170,51.04,16.93,2024-01-01,0.147749999996773,-0.1654999999962079,0.535225000001123
S_170,51.04,16.93,2024-02-01,0.3162750000148647,-0.3523250000177045,0.0016249999953436
S_170,51.04,16.93,2024-03-01,0.3692749999702578,-0.3684749999887356,0.0511749999510446
S_170,51.04,16.93,2024-04-01,0.4750749999728633,-0.466149999981537,0.0763999999809105
S_170,51.04,16.93,2024-05-01,0.4789499999818613,-0.4761749999839056,0.120274999993361
S_170,51.04,16.93,2024-06-01,0.4845500000365016,-0.4700500000311907,0.1054000000203911
S_170,51.04,16.93,2024-07-01,0.4451249999910122,-0.4565249999879701,0.0490500000063109
S_170,51.04,16.93,2024-08-01,0.4706249999951558,-0.4674749999953931,0.0699750000006211
S_170,51.04,16.93,2024-09-01,0.4537749999948254,-0.4687999999956723,0.0429500000008597
S_170,51.04,16.93,2024-10-01,0.3880999999996301,-0.4299749999991007,-0.0318249999998688
S_170,51.04,16.93,2024-11-01,0.3855999999908687,-0.4108499999908365,-0.0138500000108806
S_170,51.04,16.93,2024-12-01,0.3057499999811513,-0.3136749999851618,0.0513249999851273
S_170,51.04,16.93,2025-01-01,0.349075000005673,-0.4104750000068005,-0.0043000000031436
S_170,51.04,16.93,2025-02-01,0.3235999999944099,-0.3860249999947871,-0.0454000000009106
S_170,51.04,16.93,2025-03-01,0.3459000000059995,-0.3930500000074738,-0.0482750000051864
S_170,51.04,16.93,2025-04-01,0.5027250000198921,-0.4900000000187172,0.1507500000052358
S_170,51.04,16.93,2025-05-01,0.4880749999930656,-0.4703999999984936,0.1543999999830363
S_170,51.04,16.93,2025-06-01,0.5629249999973311,-0.5375249999986464,0.2324999999954605
S_170,51.04,16.93,2025-07-01,0.5041749999888028,-0.4985999999897267,0.1875499999914858
S_170,51.04,16.93,2025-08-01,0.4749499999943191,-0.4741749999961336,0.0939499999992235
S_170,51.04,16.93,2025-09-01,0.4570000000167612,-0.4629250000163322,0.0538250000028804
S_170,51.04,16.93,2025-10-01,0.3160684067161549,-0.2792609846904123,0.1189892546364635
S_170,51.04,16.93,2025-11-01,0.3554999999964015,-0.4107749999969277,-0.0545750000049451
S_170,51.04,16.93,2025-12-01,0.3524499999725586,-0.4387249999712262,-0.039374999997288
S_170,51.04,16.93,2026-01-01,0.29607499999463,-0.395474999993173,-0.0877749999945113
S_170,51.04,16.93,2026-02-01,0.2644750000007442,-0.35085000000173,-0.1328000000013449
S_170,51.04,16.93,2026-03-01,0.2819999999878892,-0.3752499999873638,-0.1253999999972131
S_171,51.06,16.93,2023-06-01,0.7048,-0.6524,0.3788
S_171,51.06,16.93,2023-07-01,0.4678,-0.5087,0.1555
S_171,51.06,16.93,2023-08-01,0.4561,-0.4713,-0.0145
S_171,51.06,16.93,2023-09-01,0.5234,-0.5153,0.0468
S_171,51.06,16.93,2023-10-01,0.4346,-0.4709,-0.0693
S_171,51.06,16.93,2023-11-01,0.6034,-0.4717,0.1966
S_171,51.06,16.93,2023-12-01,0.4478,-0.4505,0.0169
S_171,51.06,16.93,2024-01-01,0.1985,-0.2146,0.5242
S_171,51.06,16.93,2024-02-01,0.3737,-0.3796,0.0115
S_171,51.06,16.93,2024-03-01,0.5755,-0.5285,0.2019
S_171,51.06,16.93,2024-04-01,0.5476,-0.5122,0.1016
S_171,51.06,16.93,2024-05-01,0.5259,-0.523,0.1051
S_171,51.06,16.93,2024-06-01,0.4895,-0.4924,0.0539
S_171,51.06,16.93,2024-07-01,0.4966,-0.5136,0.0261
S_171,51.06,16.93,2024-08-01,0.569,-0.5514,0.0977
S_171,51.06,16.93,2024-09-01,0.5157,-0.5238,0.0293
S_171,51.06,16.93,2024-10-01,0.4663,-0.5014,-0.0044
S_171,51.06,16.93,2024-11-01,0.4808,-0.4943,0.0495
S_171,51.06,16.93,2024-12-01,0.396,-0.3942,0.0889
S_171,51.06,16.93,2025-01-01,0.4325,-0.4761,0.0299
S_171,51.06,16.93,2025-02-01,0.3913,-0.4523,-0.0554
S_171,51.06,16.93,2025-03-01,0.4185,-0.4543,-0.0319
S_171,51.06,16.93,2025-04-01,0.5909,-0.5587,0.2206
S_171,51.06,16.93,2025-05-01,0.5748,-0.5393,0.2262
S_171,51.06,16.93,2025-06-01,0.6735,-0.6219,0.3297
S_171,51.06,16.93,2025-07-01,0.5857,-0.5698,0.2518
S_171,51.06,16.93,2025-08-01,0.569,-0.5476,0.1322
S_171,51.06,16.93,2025-09-01,0.5082,-0.5138,0.0388
S_171,51.06,16.93,2025-10-01,0.3196190485096964,-0.2822395735814085,0.1213767691756803
S_171,51.06,16.93,2025-11-01,0.3831,-0.4524,-0.1082
S_171,51.06,16.93,2025-12-01,0.4038,-0.495,-0.0749
S_171,51.06,16.93,2026-01-01,0.3397,-0.4555,-0.1464
S_171,51.06,16.93,2026-02-01,0.2981,-0.3859,-0.1725
S_171,51.06,16.93,2026-03-01,0.3189,-0.4163,-0.1702
S_172,51.08,16.93,2023-06-01,0.6303,-0.5936,0.2725
S_172,51.08,16.93,2023-07-01,0.5938,-0.5699,0.2307
S_172,51.08,16.93,2023-08-01,0.5445,-0.5269,0.0702
S_172,51.08,16.93,2023-09-01,0.5634,-0.5479,0.0946
S_172,51.08,16.93,2023-10-01,0.4847,-0.5,-0.0132
S_172,51.08,16.93,2023-11-01,0.3575,-0.325,0.0434
S_172,51.08,16.93,2023-12-01,0.4124,-0.436,-0.0092
S_172,51.08,16.93,2024-01-01,0.1881,-0.2069,0.5098
S_172,51.08,16.93,2024-02-01,0.3604,-0.4008,-0.0693
S_172,51.08,16.93,2024-03-01,0.4544,-0.4606,-0.0052
S_172,51.08,16.93,2024-04-01,0.571,-0.5416,0.1413
S_172,51.08,16.93,2024-05-01,0.5365,-0.5292,0.1145
S_172,51.08,16.93,2024-06-01,0.5165,-0.4861,0.1011
S_172,51.08,16.93,2024-07-01,0.5605,-0.5531,0.1006
S_172,51.08,16.93,2024-08-01,0.5798,-0.5597,0.1142
S_172,51.08,16.93,2024-09-01,0.5664,-0.5645,0.0954
S_172,51.08,16.93,2024-10-01,0.4357,-0.4993,-0.0305
S_172,51.08,16.93,2024-11-01,0.4546,-0.4721,0.0027
S_172,51.08,16.93,2024-12-01,0.3485,-0.3585,0.0273
S_172,51.08,16.93,2025-01-01,0.3898,-0.452,-0.0154
S_172,51.08,16.93,2025-02-01,0.3726,-0.4395,-0.0769
S_172,51.08,16.93,2025-03-01,0.3903,-0.4365,-0.0646
S_172,51.08,16.93,2025-04-01,0.5709,-0.5556,0.1433
S_172,51.08,16.93,2025-05-01,0.5267,-0.5126,0.1194
S_172,51.08,16.93,2025-06-01,0.6729,-0.6241,0.2841
S_172,51.08,16.93,2025-07-01,0.5999,-0.5736,0.2432
S_172,51.08,16.93,2025-08-01,0.5711,-0.5591,0.1508
S_172,51.08,16.93,2025-09-01,0.5483,-0.5386,0.0838
S_172,51.08,16.93,2025-10-01,0.3245362714918207,-0.2863190613239546,0.1245719652713197
S_172,51.08,16.93,2025-11-01,0.4413,-0.4878,-0.0228
S_172,51.08,16.93,2025-12-01,0.4649,-0.532,0.0361
S_172,51.08,16.93,2026-01-01,0.3862,-0.4867,-0.0675
S_172,51.08,16.93,2026-02-01,0.3164,-0.4046,-0.1392
S_172,51.08,16.93,2026-03-01,0.3364,-0.4328,-0.1256
S_173,51.1,16.93,2023-06-01,0.5953250000220572,-0.5620000000166061,0.2235250000094968
S_173,51.1,16.93,2023-07-01,0.5502500000046261,-0.5338500000060898,0.1542000000037797
S_173,51.1,16.93,2023-08-01,0.5676749999971096,-0.5253499999984673,0.1238249999882368
S_173,51.1,16.93,2023-09-01,0.5987750000011541,-0.5600500000016132,0.1556999999989337
S_173,51.1,16.93,2023-10-01,0.5677749999934936,-0.5425249999964216,0.105024999985513
S_173,51.1,16.93,2023-11-01,0.4728495382651234,-0.4911628779423337,0.0601062961754578
S_173,51.1,16.93,2023-12-01,0.3804548243232045,-0.412229493693996,-0.0083950194926075
S_173,51.1,16.93,2024-01-01,0.2138500000037302,-0.2445750000062656,0.4127250000106149
S_173,51.1,16.93,2024-02-01,0.3642500000049271,-0.4302500000063183,-0.0427499999969242
S_173,51.1,16.93,2024-03-01,0.4052144695164864,-0.4202246328886286,-0.000656654730295
S_173,51.1,16.93,2024-04-01,0.5314500000087363,-0.4944000000100605,0.1347250000009101
S_173,51.1,16.93,2024-05-01,0.5356750000283166,-0.517200000021636,0.1329000000143537
S_173,51.1,16.93,2024-06-01,0.5357750000158684,-0.4990500000116111,0.1342249999952986
S_173,51.1,16.93,2024-07-01,0.576249999989864,-0.5425999999962244,0.1365749999784383
S_173,51.1,16.93,2024-08-01,0.6032500000097221,-0.5647500000113445,0.1587749999832112
S_173,51.1,16.93,2024-09-01,0.5944499999869974,-0.5673749999948315,0.1427999999866577
S_173,51.1,16.93,2024-10-01,0.4985250000086069,-0.5177250000091325,0.0471999999987658
S_173,51.1,16.93,2024-11-01,0.4452750000278462,-0.4667250000171024,0.0260500000127246
S_173,51.1,16.93,2024-12-01,0.3202500000122626,-0.3367250000115904,0.0386000000038594
S_173,51.1,16.93,2025-01-01,0.368575000014069,-0.4412000000128193,-0.0102499999966682
S_173,51.1,16.93,2025-02-01,0.3458500000068129,-0.4225250000080418,-0.0526250000017031
S_173,51.1,16.93,2025-03-01,0.3361500000143423,-0.399050000015804,-0.0633500000014206
S_173,51.1,16.93,2025-04-01,0.5214750000052746,-0.5054750000101181,0.1125999999881947
S_173,51.1,16.93,2025-05-01,0.5426500000202844,-0.5030750000154661,0.1595750000085863
S_173,51.1,16.93,2025-06-01,0.6106000000151818,-0.5797250000113293,0.2030250000075233
S_173,51.1,16.93,2025-07-01,0.6320749999558073,-0.5949749999610526,0.21744999997086
S_173,51.1,16.93,2025-08-01,0.5965000000205918,-0.5606250000186715,0.1683000000016507
S_173,51.1,16.93,2025-09-01,0.5914500000159973,-0.5613000000107724,0.1434750000012973
S_173,51.1,16.93,2025-10-01,0.3511386744085236,-0.3137167905525196,0.1306830419596808
S_173,51.1,16.93,2025-11-01,0.461425000016096,-0.5019750000137551,0.0184750000010979
S_173,51.1,16.93,2025-12-01,0.4359250000101292,-0.5029250000119687,0.029150000003521
S_173,51.1,16.93,2026-01-01,0.3519989967123529,-0.4501749253196836,-0.0499059604230551
S_173,51.1,16.93,2026-02-01,0.3069500000045878,-0.3958500000055122,-0.1112250000058242
S_173,51.1,16.93,2026-03-01,0.3193000000044807,-0.4146750000055057,-0.0933750000047501
S_174,51.12,16.93,2023-06-01,0.552,-0.5308,0.1848
S_174,51.12,16.93,2023-07-01,0.5965,-0.5618,0.191
S_174,51.12,16.93,2023-08-01,0.6199,-0.5665,0.1818
S_174,51.12,16.93,2023-09-01,0.6334,-0.5888,0.2062
S_174,51.12,16.93,2023-10-01,0.5706,-0.5505,0.1354
S_174,51.12,16.93,2023-11-01,0.5292,-0.5768,0.0736
S_174,51.12,16.93,2023-12-01,0.4295,-0.456,0.0408
S_174,51.12,16.93,2024-01-01,0.2546,-0.294,0.2967
S_174,51.12,16.93,2024-02-01,0.3673,-0.4462,-0.037
S_174,51.12,16.93,2024-03-01,0.4507,-0.4526,0.0423
S_174,51.12,16.93,2024-04-01,0.5031,-0.473,0.1103
S_174,51.12,16.93,2024-05-01,0.5058,-0.4952,0.1174
S_174,51.12,16.93,2024-06-01,0.5143,-0.4896,0.1402
S_174,51.12,16.93,2024-07-01,0.6455,-0.5837,0.2346
S_174,51.12,16.93,2024-08-01,0.6599,-0.6037,0.2306
S_174,51.12,16.93,2024-09-01,0.612,-0.5836,0.1768
S_174,51.12,16.93,2024-10-01,0.4794,-0.5175,0.0442
S_174,51.12,16.93,2024-11-01,0.3626,-0.4393,-0.0407
S_174,51.12,16.93,2024-12-01,0.2734,-0.2926,0.0139
S_174,51.12,16.93,2025-01-01,0.3355,-0.4228,-0.0241
S_174,51.12,16.93,2025-02-01,0.3169,-0.398,-0.0595
S_174,51.12,16.93,2025-03-01,0.2996,-0.3734,-0.0804
S_174,51.12,16.93,2025-04-01,0.506,-0.4816,0.1151
S_174,51.12,16.93,2025-05-01,0.5278,-0.4838,0.1654
S_174,51.12,16.93,2025-06-01,0.6152,-0.5851,0.2084
S_174,51.12,16.93,2025-07-01,0.81,-0.7521,0.3465
S_174,51.12,16.93,2025-08-01,0.6476,-0.5998,0.2262
S_174,51.12,16.93,2025-09-01,0.6317,-0.5975,0.1998
S_174,51.12,16.93,2025-10-01,0.3526985540244055,-0.3158712833104805,0.1288644200561891
S_174,51.12,16.93,2025-11-01,0.4378,-0.5057,0.0032
S_174,51.12,16.93,2025-12-01,0.4083,-0.4965,0.0067
S_174,51.12,16.93,2026-01-01,0.3941,-0.4876,0.0052
S_174,51.12,16.93,2026-02-01,0.2977,-0.3951,-0.1086
S_174,51.12,16.93,2026-03-01,0.3133,-0.4185,-0.0861
S_175,51.14,16.93,2023-06-01,0.6038,-0.5637,0.2328
S_175,51.14,16.93,2023-07-01,0.5388,-0.5213,0.135
S_175,51.14,16.93,2023-08-01,0.5417,-0.4964,0.1355
S_175,51.14,16.93,2023-09-01,0.6036,-0.5577,0.1801
S_175,51.14,16.93,2023-10-01,0.617,-0.5568,0.1488
S_175,51.14,16.93,2023-11-01,0.5573,-0.5865,0.1197
S_175,51.14,16.93,2023-12-01,0.4227,-0.4569,0.0928
S_175,51.14,16.93,2024-01-01,0.2891,-0.3244,0.2316
S_175,51.14,16.93,2024-02-01,0.3993,-0.4669,-0.01
S_175,51.14,16.93,2024-03-01,0.419031858708032,-0.4243423465463534,0.0327309496813178
S_175,51.14,16.93,2024-04-01,0.4287,-0.3957,0.0961
S_175,51.14,16.93,2024-05-01,0.5073,-0.4869,0.1152
S_175,51.14,16.93,2024-06-01,0.5341,-0.4998,0.1478
S_175,51.14,16.93,2024-07-01,0.546,-0.4994,0.1342
S_175,51.14,16.93,2024-08-01,0.5933,-0.5485,0.1551
S_175,51.14,16.93,2024-09-01,0.5864,-0.5549,0.1451
S_175,51.14,16.93,2024-10-01,0.4944,-0.5058,0.059
S_175,51.14,16.93,2024-11-01,0.4533,-0.4702,0.0656
S_175,51.14,16.93,2024-12-01,0.2373,-0.2382,0.0351
S_175,51.14,16.93,2025-01-01,0.3424,-0.4149,-0.0223
S_175,51.14,16.93,2025-02-01,0.3454,-0.4239,-0.047
S_175,51.14,16.93,2025-03-01,0.3084,-0.3731,-0.0823
S_175,51.14,16.93,2025-04-01,0.4232,-0.4295,0.007
S_175,51.14,16.93,2025-05-01,0.5523,-0.4849,0.18
S_175,51.14,16.93,2025-06-01,0.5737,-0.5505,0.1801
S_175,51.14,16.93,2025-07-01,0.7209,-0.6769,0.2733
S_175,51.14,16.93,2025-08-01,0.581,-0.5416,0.1751
S_175,51.14,16.93,2025-09-01,0.5819,-0.5524,0.1698
S_175,51.14,16.93,2025-10-01,0.3766040029403467,-0.3429018873979538,0.1177681928558295
S_175,51.14,16.93,2025-11-01,0.4364,-0.4931,0.0233
S_175,51.14,16.93,2025-12-01,0.3923,-0.446,0.0152
S_175,51.14,16.93,2026-01-01,0.1621,-0.2402,0.0315
S_175,51.14,16.93,2026-02-01,0.2913,-0.3771,-0.1095
S_175,51.14,16.93,2026-03-01,0.2958,-0.3823,-0.1
S_176,51.16,16.93,2023-06-01,0.5925,-0.5604,0.2033
S_176,51.16,16.93,2023-07-01,0.5701,-0.5429,0.1394
S_176,51.16,16.93,2023-08-01,0.5572,-0.5126,0.1513
S_176,51.16,16.93,2023-09-01,0.6077,-0.5678,0.1742
S_176,51.16,16.93,2023-10-01,0.552,-0.5293,0.1018
S_176,51.16,16.93,2023-11-01,0.5087,-0.5448,0.0813
S_176,51.16,16.93,2023-12-01,0.3805,-0.424,0.0566
S_176,51.16,16.93,2024-01-01,0.2891,-0.3355,0.1768
S_176,51.16,16.93,2024-02-01,0.3957,-0.4778,-0.0179
S_176,51.16,16.93,2024-03-01,0.4598814580262104,-0.4659667700171072,0.0309211824429147
S_176,51.16,16.93,2024-04-01,0.4993,-0.4971,0.1221
S_176,51.16,16.93,2024-05-01,0.5461,-0.5167,0.1483
S_176,51.16,16.93,2024-06-01,0.5389,-0.5001,0.1458
S_176,51.16,16.93,2024-07-01,0.5305,-0.4938,0.1089
S_176,51.16,16.93,2024-08-01,0.5923,-0.557,0.1348
S_176,51.16,16.93,2024-09-01,0.5723,-0.5491,0.1369
S_176,51.16,16.93,2024-10-01,0.5064,-0.5159,0.0534
S_176,51.16,16.93,2024-11-01,0.4581,-0.472,0.061
S_176,51.16,16.93,2024-12-01,0.2269,-0.2315,0.0479
S_176,51.16,16.93,2025-01-01,0.3736,-0.444,-0.0115
S_176,51.16,16.93,2025-02-01,0.38,-0.4622,-0.0272
S_176,51.16,16.93,2025-03-01,0.3353,-0.3966,-0.0701
S_176,51.16,16.93,2025-04-01,0.3844,-0.4203,-0.0419
S_176,51.16,16.93,2025-05-01,0.641,-0.5643,0.2184
S_176,51.16,16.93,2025-06-01,0.5933,-0.5641,0.1765
S_176,51.16,16.93,2025-07-01,0.578,-0.5432,0.1505
S_176,51.16,16.93,2025-08-01,0.6089,-0.5662,0.178
S_176,51.16,16.93,2025-09-01,0.5946,-0.5673,0.1607
S_176,51.16,16.93,2025-10-01,0.3704118706732564,-0.3408541633077788,0.1061128911699562
S_176,51.16,16.93,2025-11-01,0.4622,-0.5208,0.0301
S_176,51.16,16.93,2025-12-01,0.4215,-0.4728,0.0366
S_176,51.16,16.93,2026-01-01,0.0221,-0.0182,0.3653
S_176,51.16,16.93,2026-02-01,0.3204,-0.4066,-0.1015
S_176,51.16,16.93,2026-03-01,0.3166,-0.3992,-0.095
S_177,51.18,16.93,2023-06-01,0.6964,-0.6042,0.3442
S_177,51.18,16.93,2023-07-01,0.5998,-0.5446,0.1815
S_177,51.18,16.93,2023-08-01,0.6203,-0.544,0.1757
S_177,51.18,16.93,2023-09-01,0.6499,-0.5731,0.1966
S_177,51.18,16.93,2023-10-01,0.5773,-0.5498,0.0974
S_177,51.18,16.93,2023-11-01,0.4626,-0.4923,0.0221
S_177,51.18,16.93,2023-12-01,0.3247,-0.3596,0.0035
S_177,51.18,16.93,2024-01-01,0.2548,-0.3016,0.1624
S_177,51.18,16.93,2024-02-01,0.3475,-0.4309,-0.0686
S_177,51.18,16.93,2024-03-01,0.5075914766592124,-0.5041477624415632,0.0560244442435009
S_177,51.18,16.93,2024-04-01,0.5947,-0.5484,0.1747
S_177,51.18,16.93,2024-05-01,0.6308,-0.5667,0.2078
S_177,51.18,16.93,2024-06-01,0.6664,-0.5824,0.2865
S_177,51.18,16.93,2024-07-01,0.6037,-0.5316,0.1638
S_177,51.18,16.93,2024-08-01,0.6442,-0.5672,0.1558
S_177,51.18,16.93,2024-09-01,0.5628,-0.5299,0.3055
S_177,51.18,16.93,2024-10-01,0.503,-0.481,0.0489
S_177,51.18,16.93,2024-11-01,0.4345,-0.4326,0.0401
S_177,51.18,16.93,2024-12-01,0.1166,-0.0988,0.0358
S_177,51.18,16.93,2025-01-01,0.3326,-0.3874,-0.0327
S_177,51.18,16.93,2025-02-01,0.3271,-0.3975,-0.0681
S_177,51.18,16.93,2025-03-01,0.3197,-0.3547,-0.0969
S_177,51.18,16.93,2025-04-01,0.3832,-0.3823,-0.0739
S_177,51.18,16.93,2025-05-01,0.6442,-0.5557,0.2369
S_177,51.18,16.93,2025-06-01,0.6931,-0.6229,0.2755
S_177,51.18,16.93,2025-07-01,0.677,-0.5946,0.2329
S_177,51.18,16.93,2025-08-01,0.681,-0.5958,0.2559
S_177,51.18,16.93,2025-09-01,0.6367,-0.5735,0.2056
S_177,51.18,16.93,2025-10-01,0.3543375609245002,-0.3352030062489641,0.0831481431248797
S_177,51.18,16.93,2025-11-01,0.431,-0.489,0.0066
S_177,51.18,16.93,2025-12-01,0.3737,-0.4095,-0.0017
S_177,51.18,16.93,2026-01-01,0.2243,-0.2189,0.2446
S_177,51.18,16.93,2026-02-01,0.2849,-0.3745,-0.1032
S_177,51.18,16.93,2026-03-01,0.281,-0.3491,-0.1504
S_178,51.2,16.93,2023-06-01,0.7456,-0.6607,0.3304
S_178,51.2,16.93,2023-07-01,0.6827,-0.6298,0.2148
S_178,51.2,16.93,2023-08-01,0.566,-0.512,0.1585
S_178,51.2,16.93,2023-09-01,0.7129,-0.6459,0.2058
S_178,51.2,16.93,2023-10-01,0.6017,-0.5632,0.1326
S_178,51.2,16.93,2023-11-01,0.5438,-0.586,0.0191
S_178,51.2,16.93,2023-12-01,0.3824,-0.4246,0.0045
S_178,51.2,16.93,2024-01-01,0.3126,-0.3627,0.0948
S_178,51.2,16.93,2024-02-01,0.4258,-0.5024,-0.0682
S_178,51.2,16.93,2024-03-01,0.5233008475845177,-0.5140710751791411,0.0709575803552926
S_178,51.2,16.93,2024-04-01,0.645,-0.5749,0.2083
S_178,51.2,16.93,2024-05-01,0.6388,-0.5717,0.2151
S_178,51.2,16.93,2024-06-01,0.7132,-0.6373,0.2535
S_178,51.2,16.93,2024-07-01,0.6777,-0.6026,0.1849
S_178,51.2,16.93,2024-08-01,0.7285,-0.6554,0.1821
S_178,51.2,16.93,2024-09-01,0.5573,-0.5261,0.2678
S_178,51.2,16.93,2024-10-01,0.54,-0.5383,0.0178
S_178,51.2,16.93,2024-11-01,0.4719,-0.4777,0.0169
S_178,51.2,16.93,2024-12-01,0.2508492603568132,-0.2743746212085683,0.0411984848099171
S_178,51.2,16.93,2025-01-01,0.3996,-0.4595,-0.0658
S_178,51.2,16.93,2025-02-01,0.4181,-0.5067,-0.0491
S_178,51.2,16.93,2025-03-01,0.3709,-0.4161,-0.1168
S_178,51.2,16.93,2025-04-01,0.4494,-0.4553,-0.0594
S_178,51.2,16.93,2025-05-01,0.7128,-0.6088,0.2728
S_178,51.2,16.93,2025-06-01,0.7591,-0.6888,0.2984
S_178,51.2,16.93,2025-07-01,0.6468,-0.582,0.195
S_178,51.2,16.93,2025-08-01,0.7358,-0.6627,0.2436
S_178,51.2,16.93,2025-09-01,0.7023,-0.6511,0.193
S_178,51.2,16.93,2025-10-01,0.3615811201963081,-0.3418670059373712,0.0858967914455094
S_178,51.2,16.93,2025-11-01,0.4847,-0.5588,-0.045
S_178,51.2,16.93,2025-12-01,0.4269,-0.4728,-0.0076
S_178,51.2,16.93,2026-01-01,0.144,-0.1328,0.4462
S_178,51.2,16.93,2026-02-01,0.35,-0.4432,-0.1522
S_178,51.2,16.93,2026-03-01,0.3443,-0.4269,-0.1632
S_179,51.22,16.93,2023-06-01,0.6932499999861911,-0.6382499999937958,0.2952999999956515
S_179,51.22,16.93,2023-07-01,0.6164499999891765,-0.5978249999944645,0.1666999999945926
S_179,51.22,16.93,2023-08-01,0.4878999999915669,-0.4519749999917649,0.1325750000041509
S_179,51.22,16.93,2023-09-01,0.6483999999905126,-0.6056499999939043,0.1561499999942881
S_179,51.22,16.93,2023-10-01,0.5726750000036432,-0.5480500000044306,0.1076750000028626
S_179,51.22,16.93,2023-11-01,0.5491000000015597,-0.5812999999969509,0.0588000000144346
S_179,51.22,16.93,2023-12-01,0.422825000009434,-0.4562000000064252,0.0678750000158698
S_179,51.22,16.93,2024-01-01,0.3245000000040873,-0.3813500000060267,0.1602250000266509
S_179,51.22,16.93,2024-02-01,0.4460750000097896,-0.5132500000086058,0.0137250000147316
S_179,51.22,16.93,2024-03-01,0.5350361303614701,-0.5209966983267929,0.0797249868818951
S_179,51.22,16.93,2024-04-01,0.6887349422009983,-0.6165753534270336,0.2392798990087849
S_179,51.22,16.93,2024-05-01,0.6278000000031528,-0.5838000000045338,0.2087750000051967
S_179,51.22,16.93,2024-06-01,0.6787249999964822,-0.6110999999973415,0.239749999998566
S_179,51.22,16.93,2024-07-01,0.610949999982938,-0.5638749999899936,0.1558499999916978
S_179,51.22,16.93,2024-08-01,0.6700999999901103,-0.6232749999945044,0.1610499999945597
S_179,51.22,16.93,2024-09-01,0.5977250000124603,-0.5711250000133723,0.1980749999810615
S_179,51.22,16.93,2024-10-01,0.5321499999936347,-0.5423749999958318,0.038424999997034
S_179,51.22,16.93,2024-11-01,0.4826249999957297,-0.4859749999946763,0.0601500000062133
S_179,51.22,16.93,2024-12-01,0.2358313789788148,-0.2552150111059838,0.0367438126261288
S_179,51.22,16.93,2025-01-01,0.4112250000038137,-0.47775000000601,-0.0024749999936571
S_179,51.22,16.93,2025-02-01,0.3972249999982032,-0.4796499999982488,0.0358500000048051
S_179,51.22,16.93,2025-03-01,0.3660999999990163,-0.4221000000002141,-0.0790249999924449
S_179,51.22,16.93,2025-04-01,0.4352249999966159,-0.4618250000030755,-0.0346499999907943
S_179,51.22,16.93,2025-05-01,0.664550000006136,-0.5960250000051868,0.2342750000083465
S_179,51.22,16.93,2025-06-01,0.7092499999893066,-0.658449999993834,0.2546749999917198
S_179,51.22,16.93,2025-07-01,0.6311500000064423,-0.5809750000062466,0.1785500000064421
S_179,51.22,16.93,2025-08-01,0.6856499999914375,-0.6352499999960516,0.2074749999953622
S_179,51.22,16.93,2025-09-01,0.6519499999893488,-0.6183249999930297,0.1589499999960618
S_179,51.22,16.93,2025-10-01,0.3453575696190036,-0.3341160265514529,0.073703074445166
S_179,51.22,16.93,2025-11-01,0.4890249999963963,-0.5509999999958147,-0.0098249999964613
S_179,51.22,16.93,2025-12-01,0.4207250000033268,-0.4710500000031873,0.0431000000106499
S_179,51.22,16.93,2026-01-01,0.1335750000035656,-0.130675000002365,0.5208749999954896
S_179,51.22,16.93,2026-02-01,0.332824999997478,-0.4282749999973472,-0.1092999999894077
S_179,51.22,16.93,2026-03-01,0.3340749999955646,-0.4225249999967008,-0.1206749999895337
S_180,51.24,16.93,2023-06-01,0.6557,-0.6225,0.2283
S_180,51.24,16.93,2023-07-01,0.6101,-0.5985,0.1316
S_180,51.24,16.93,2023-08-01,0.4746,-0.4461,0.1213
S_180,51.24,16.93,2023-09-01,0.68,-0.6288,0.1705
S_180,51.24,16.93,2023-10-01,0.6235,-0.5873,0.1261
S_180,51.24,16.93,2023-11-01,0.5689,-0.6041,0.0761
S_180,51.24,16.93,2023-12-01,0.4435,-0.4818,0.0888
S_180,51.24,16.93,2024-01-01,0.3447,-0.4112,0.1866
S_180,51.24,16.93,2024-02-01,0.4492,-0.5297,0.024
S_180,51.24,16.93,2024-03-01,0.4892848878136242,-0.4811755229085828,0.045396336264558
S_180,51.24,16.93,2024-04-01,0.661488263762397,-0.598860341698046,0.2336193161172372
S_180,51.24,16.93,2024-05-01,0.6297,-0.5913,0.1791
S_180,51.24,16.93,2024-06-01,0.6628,-0.6042,0.1898
S_180,51.24,16.93,2024-07-01,0.6193,-0.5712,0.1626
S_180,51.24,16.93,2024-08-01,0.6793,-0.6319,0.1714
S_180,51.24,16.93,2024-09-01,0.6639,-0.6309,0.1534
S_180,51.24,16.93,2024-10-01,0.5615,-0.5727,0.0864
S_180,51.24,16.93,2024-11-01,0.5112,-0.5141,0.0978
S_180,51.24,16.93,2024-12-01,0.209156726285124,-0.2100249443565747,0.0599283610462148
S_180,51.24,16.93,2025-01-01,0.4362,-0.5172,0.0049
S_180,51.24,16.93,2025-02-01,0.3952,-0.4834,0.0558
S_180,51.24,16.93,2025-03-01,0.3753,-0.4431,-0.0737
S_180,51.24,16.93,2025-04-01,0.4524,-0.4901,-0.0247
S_180,51.24,16.93,2025-05-01,0.6942,-0.6238,0.2299
S_180,51.24,16.93,2025-06-01,0.667,-0.6316,0.1905
S_180,51.24,16.93,2025-07-01,0.6095,-0.5656,0.1421
S_180,51.24,16.93,2025-08-01,0.6695,-0.6242,0.1825
S_180,51.24,16.93,2025-09-01,0.6622,-0.6281,0.1585
S_180,51.24,16.93,2025-10-01,0.3459572576332297,-0.3401144701668836,0.07474310134873
S_180,51.24,16.93,2025-11-01,0.531,-0.5803,0.0214
S_180,51.24,16.93,2025-12-01,0.439,-0.4925,0.0611
S_180,51.24,16.93,2026-01-01,0.1525,-0.1622,0.481
S_180,51.24,16.93,2026-02-01,0.3522,-0.4473,-0.1102
S_180,51.24,16.93,2026-03-01,0.3539,-0.4472,-0.1148
S_181,50.96,16.95,2023-06-01,0.7333,-0.6914,0.3848
S_181,50.96,16.95,2023-07-01,0.5081,-0.5355,0.1761
S_181,50.96,16.95,2023-08-01,0.4356,-0.4775,-0.0453
S_181,50.96,16.95,2023-09-01,0.4602,-0.5037,-0.0446
S_181,50.96,16.95,2023-10-01,0.4329,-0.4847,-0.0933
S_181,50.96,16.95,2023-11-01,0.4645,-0.4694,0.0332
S_181,50.96,16.95,2023-12-01,0.5052,-0.5011,0.0816
S_181,50.96,16.95,2024-01-01,0.1542,-0.1682,0.6826
S_181,50.96,16.95,2024-02-01,0.3892,-0.4633,-0.1037
S_181,50.96,16.95,2024-03-01,0.537,-0.5215,0.079
S_181,50.96,16.95,2024-04-01,0.5532,-0.5432,0.1357
S_181,50.96,16.95,2024-05-01,0.609,-0.5818,0.2209
S_181,50.96,16.95,2024-06-01,0.6469,-0.5882,0.2277
S_181,50.96,16.95,2024-07-01,0.4995,-0.5253,0.0235
S_181,50.96,16.95,2024-08-01,0.5852,-0.5586,0.1015
S_181,50.96,16.95,2024-09-01,0.5283,-0.5398,0.033
S_181,50.96,16.95,2024-10-01,0.5191,-0.5495,0.0357
S_181,50.96,16.95,2024-11-01,0.5154,-0.5367,0.0415
S_181,50.96,16.95,2024-12-01,0.4258,-0.4272,0.1021
S_181,50.96,16.95,2025-01-01,0.4477,-0.5311,-0.0174
S_181,50.96,16.95,2025-02-01,0.3831,-0.4605,-0.0909
S_181,50.96,16.95,2025-03-01,0.3903,-0.465,-0.1163
S_181,50.96,16.95,2025-04-01,0.533,-0.5383,0.0957
S_181,50.96,16.95,2025-05-01,0.5024,-0.5073,0.0929
S_181,50.96,16.95,2025-06-01,0.7383,-0.6743,0.3858
S_181,50.96,16.95,2025-07-01,0.6542,-0.6137,0.3182
S_181,50.96,16.95,2025-08-01,0.5798,-0.5698,0.1644
S_181,50.96,16.95,2025-09-01,0.5298,-0.5415,0.0422
S_181,50.96,16.95,2025-10-01,0.3089117559956288,-0.2731904930299479,0.1140244022580662
S_181,50.96,16.95,2025-11-01,0.5289,-0.551,0.0347
S_181,50.96,16.95,2025-12-01,0.5598,-0.6046,0.0623
S_181,50.96,16.95,2026-01-01,0.3909,-0.4993,-0.1293
S_181,50.96,16.95,2026-02-01,0.3545,-0.4431,-0.1579
S_181,50.96,16.95,2026-03-01,0.3784,-0.4652,-0.1437
S_182,50.98,16.95,2023-06-01,0.6749,-0.6395,0.2392
S_182,50.98,16.95,2023-07-01,0.6582,-0.6292,0.2512
S_182,50.98,16.95,2023-08-01,0.546,-0.5531,0.0401
S_182,50.98,16.95,2023-09-01,0.5671,-0.568,0.0455
S_182,50.98,16.95,2023-10-01,0.5111,-0.5362,-0.0529
S_182,50.98,16.95,2023-11-01,0.3885,-0.4062,-0.033
S_182,50.98,16.95,2023-12-01,0.3183,-0.3805,-0.1939
S_182,50.98,16.95,2024-01-01,0.1032,-0.1306,0.5394
S_182,50.98,16.95,2024-02-01,0.3071,-0.4314,-0.253
S_182,50.98,16.95,2024-03-01,0.3711,-0.3983,-0.1017
S_182,50.98,16.95,2024-04-01,0.4197,-0.4506,-0.144
S_182,50.98,16.95,2024-05-01,0.577,-0.5641,0.0431
S_182,50.98,16.95,2024-06-01,0.7056,-0.6417,0.2179
S_182,50.98,16.95,2024-07-01,0.6051,-0.5972,0.1426
S_182,50.98,16.95,2024-08-01,0.6166,-0.5897,0.138
S_182,50.98,16.95,2024-09-01,0.6024,-0.5892,0.0943
S_182,50.98,16.95,2024-10-01,0.5108,-0.553,-0.0297
S_182,50.98,16.95,2024-11-01,0.4469,-0.493,-0.1028
S_182,50.98,16.95,2024-12-01,0.3448,-0.3525,-0.0744
S_182,50.98,16.95,2025-01-01,0.3754,-0.4853,-0.1773
S_182,50.98,16.95,2025-02-01,0.3453,-0.4325,-0.2165
S_182,50.98,16.95,2025-03-01,0.3301,-0.419,-0.2415
S_182,50.98,16.95,2025-04-01,0.5307,-0.5256,-0.0043
S_182,50.98,16.95,2025-05-01,0.5684,-0.5365,0.0629
S_182,50.98,16.95,2025-06-01,0.7585,-0.6972,0.373
S_182,50.98,16.95,2025-07-01,0.7004,-0.6469,0.318
S_182,50.98,16.95,2025-08-01,0.5676,-0.5622,0.0894
S_182,50.98,16.95,2025-09-01,0.5798,-0.573,0.0724
S_182,50.98,16.95,2025-10-01,0.3095016649793388,-0.2737039796926428,0.1144636179621881
S_182,50.98,16.95,2025-11-01,0.4259,-0.4984,-0.1176
S_182,50.98,16.95,2025-12-01,0.3991,-0.5676,-0.2115
S_182,50.98,16.95,2026-01-01,0.3307,-0.469,-0.2303
S_182,50.98,16.95,2026-02-01,0.2925,-0.4104,-0.2889
S_182,50.98,16.95,2026-03-01,0.3159,-0.4378,-0.2834
S_183,51.0,16.95,2023-06-01,0.4713,-0.476,0.1231
S_183,51.0,16.95,2023-07-01,0.4828,-0.491,0.1479
S_183,51.0,16.95,2023-08-01,0.4372,-0.4475,0.0348
S_183,51.0,16.95,2023-09-01,0.4651,-0.4719,0.0629
S_183,51.0,16.95,2023-10-01,0.4283,-0.4404,0.0156
S_183,51.0,16.95,2023-11-01,0.2673,-0.3093,-0.0422
S_183,51.0,16.95,2023-12-01,0.2886,-0.3375,-0.077
S_183,51.0,16.95,2024-01-01,0.093,-0.1206,0.5673
S_183,51.0,16.95,2024-02-01,0.2627,-0.3276,-0.0617
S_183,51.0,16.95,2024-03-01,0.421,-0.4277,0.0319
S_183,51.0,16.95,2024-04-01,0.366,-0.3799,0.0398
S_183,51.0,16.95,2024-05-01,0.4328,-0.4456,0.0804
S_183,51.0,16.95,2024-06-01,0.461,-0.4531,0.101
S_183,51.0,16.95,2024-07-01,0.3889,-0.4159,0.0351
S_183,51.0,16.95,2024-08-01,0.4045,-0.4149,0.0412
S_183,51.0,16.95,2024-09-01,0.4046,-0.4244,0.035
S_183,51.0,16.95,2024-10-01,0.3568,-0.4007,-0.0231
S_183,51.0,16.95,2024-11-01,0.3445,-0.3893,-0.0406
S_183,51.0,16.95,2024-12-01,0.2621,-0.2713,0.048
S_183,51.0,16.95,2025-01-01,0.3117,-0.3924,-0.0231
S_183,51.0,16.95,2025-02-01,0.3064,-0.3733,-0.0489
S_183,51.0,16.95,2025-03-01,0.3035,-0.3606,-0.0517
S_183,51.0,16.95,2025-04-01,0.469,-0.46,0.1622
S_183,51.0,16.95,2025-05-01,0.4505,-0.4406,0.1577
S_183,51.0,16.95,2025-06-01,0.4915,-0.4784,0.2141
S_183,51.0,16.95,2025-07-01,0.4273,-0.4382,0.1668
S_183,51.0,16.95,2025-08-01,0.3824,-0.4057,0.0289
S_183,51.0,16.95,2025-09-01,0.3913,-0.4129,0.0122
S_183,51.0,16.95,2025-10-01,0.3104247124263724,-0.2745030952098046,0.1151412766210808
S_183,51.0,16.95,2025-11-01,0.3158,-0.3806,-0.0754
S_183,51.0,16.95,2025-12-01,0.3377,-0.4189,-0.0383
S_183,51.0,16.95,2026-01-01,0.2845,-0.3839,-0.1004
S_183,51.0,16.95,2026-02-01,0.2497,-0.3324,-0.1236
S_183,51.0,16.95,2026-03-01,0.2704,-0.354,-0.1119
S_184,51.02,16.95,2023-06-01,0.6051,-0.5753,0.1661
S_184,51.02,16.95,2023-07-01,0.6089,-0.5881,0.199
S_184,51.02,16.95,2023-08-01,0.5724,-0.5494,0.0912
S_184,51.02,16.95,2023-09-01,0.6068,-0.5778,0.1282
S_184,51.02,16.95,2023-10-01,0.5258,-0.5363,0.0124
S_184,51.02,16.95,2023-11-01,0.3207133334246174,-0.3543238023382732,-0.0359993649531251
S_184,51.02,16.95,2023-12-01,0.3575,-0.4116,-0.0921
S_184,51.02,16.95,2024-01-01,0.134,-0.1676,0.5193
S_184,51.02,16.95,2024-02-01,0.3419,-0.4379,-0.1405
S_184,51.02,16.95,2024-03-01,0.45,-0.4389,0.0195
S_184,51.02,16.95,2024-04-01,0.4308,-0.4601,-0.0593
S_184,51.02,16.95,2024-05-01,0.5153,-0.5218,0.05
S_184,51.02,16.95,2024-06-01,0.5584,-0.5409,0.0759
S_184,51.02,16.95,2024-07-01,0.5434,-0.5484,0.0796
S_184,51.02,16.95,2024-08-01,0.5676,-0.553,0.0949
S_184,51.02,16.95,2024-09-01,0.5382,-0.5477,0.0584
S_184,51.02,16.95,2024-10-01,0.3893,-0.4633,-0.1099
S_184,51.02,16.95,2024-11-01,0.3892,-0.4482,-0.1229
S_184,51.02,16.95,2024-12-01,0.2902,-0.3021,-0.0429
S_184,51.02,16.95,2025-01-01,0.3595,-0.4546,-0.1075
S_184,51.02,16.95,2025-02-01,0.3467,-0.4296,-0.1547
S_184,51.02,16.95,2025-03-01,0.3651,-0.4271,-0.1438
S_184,51.02,16.95,2025-04-01,0.5815,-0.5672,0.1227
S_184,51.02,16.95,2025-05-01,0.5734,-0.5573,0.1233
S_184,51.02,16.95,2025-06-01,0.6914,-0.6467,0.3003
S_184,51.02,16.95,2025-07-01,0.6089,-0.5864,0.2602
S_184,51.02,16.95,2025-08-01,0.5054,-0.5227,0.0798
S_184,51.02,16.95,2025-09-01,0.5206,-0.5261,0.0421
S_184,51.02,16.95,2025-10-01,0.3119024020680428,-0.2757755852213143,0.116211456584641
S_184,51.02,16.95,2025-11-01,0.3983,-0.4643,-0.0824
S_184,51.02,16.95,2025-12-01,0.3981,-0.5036,-0.1011
S_184,51.02,16.95,2026-01-01,0.339,-0.4576,-0.16
S_184,51.02,16.95,2026-02-01,0.2925,-0.3918,-0.2047
S_184,51.02,16.95,2026-03-01,0.3153,-0.4191,-0.1995
S_185,51.04,16.95,2023-06-01,0.377,-0.3689,0.144
S_185,51.04,16.95,2023-07-01,0.2883,-0.3083,0.042
S_185,51.04,16.95,2023-08-01,0.2948,-0.3,0.013
S_185,51.04,16.95,2023-09-01,0.3256,-0.332,0.0481
S_185,51.04,16.95,2023-10-01,0.3034,-0.3157,0.0022
S_185,51.04,16.95,2023-11-01,0.5300190042335938,-0.4609979364186456,0.1442278966829035
S_185,51.04,16.95,2023-12-01,0.2182,-0.2472,-0.0318
S_185,51.04,16.95,2024-01-01,0.0944,-0.1211,0.4883
S_185,51.04,16.95,2024-02-01,0.1346,-0.1768,0.0273
S_185,51.04,16.95,2024-03-01,0.1827,-0.1379,0.1146
S_185,51.04,16.95,2024-04-01,0.3114,-0.3173,0.0392
S_185,51.04,16.95,2024-05-01,0.2873,-0.306,0.0322
S_185,51.04,16.95,2024-06-01,0.3097,-0.3119,0.0339
S_185,51.04,16.95,2024-07-01,0.3109,-0.3226,0.0382
S_185,51.04,16.95,2024-08-01,0.3221,-0.3248,0.0509
S_185,51.04,16.95,2024-09-01,0.3083,-0.3303,0.0355
S_185,51.04,16.95,2024-10-01,0.2678,-0.3005,-0.0159
S_185,51.04,16.95,2024-11-01,0.2444,-0.2781,-0.0274
S_185,51.04,16.95,2024-12-01,0.1639,-0.1684,0.0562
S_185,51.04,16.95,2025-01-01,0.2078,-0.2775,-0.0263
S_185,51.04,16.95,2025-02-01,0.1979,-0.263,-0.0464
S_185,51.04,16.95,2025-03-01,0.2056,-0.2647,-0.056
S_185,51.04,16.95,2025-04-01,0.33,-0.3369,0.0735
S_185,51.04,16.95,2025-05-01,0.3217,-0.3207,0.0731
S_185,51.04,16.95,2025-06-01,0.3615,-0.3611,0.1222
S_185,51.04,16.95,2025-07-01,0.3297,-0.3368,0.0951
S_185,51.04,16.95,2025-08-01,0.3216,-0.3274,0.0547
S_185,51.04,16.95,2025-09-01,0.3018,-0.3156,0.0296
S_185,51.04,16.95,2025-10-01,0.3143195710214761,-0.2778444556173414,0.1179349514058934
S_185,51.04,16.95,2025-11-01,0.2329,-0.2743,-0.0366
S_185,51.04,16.95,2025-12-01,0.2099,-0.2898,-0.0305
S_185,51.04,16.95,2026-01-01,0.1899,-0.2762,-0.063
S_185,51.04,16.95,2026-02-01,0.1588,-0.2352,-0.0871
S_185,51.04,16.95,2026-03-01,0.1681,-0.2482,-0.079
S_186,51.06,16.95,2023-06-01,0.7515,-0.6885,0.4046
S_186,51.06,16.95,2023-07-01,0.4777,-0.5204,0.1553
S_186,51.06,16.95,2023-08-01,0.5096,-0.5075,0.0254
S_186,51.06,16.95,2023-09-01,0.5693,-0.5545,0.0654
S_186,51.06,16.95,2023-10-01,0.4956,-0.5211,-0.0345
S_186,51.06,16.95,2023-11-01,0.4437295492970358,-0.3855075939041658,0.0907541884427125
S_186,51.06,16.95,2023-12-01,0.383,-0.4287,-0.0831
S_186,51.06,16.95,2024-01-01,0.2055,-0.2346,0.4318
S_186,51.06,16.95,2024-02-01,0.2976,-0.37,-0.0987
S_186,51.06,16.95,2024-03-01,0.3331,-0.3505,-0.0233
S_186,51.06,16.95,2024-04-01,0.5208,-0.491,0.0416
S_186,51.06,16.95,2024-05-01,0.5094,-0.5073,0.0173
S_186,51.06,16.95,2024-06-01,0.5289,-0.5105,0.0066
S_186,51.06,16.95,2024-07-01,0.5914,-0.5856,0.1092
S_186,51.06,16.95,2024-08-01,0.6263,-0.6,0.1379
S_186,51.06,16.95,2024-09-01,0.5293,-0.5496,0.0378
S_186,51.06,16.95,2024-10-01,0.4816,-0.5146,-0.0252
S_186,51.06,16.95,2024-11-01,0.4621,-0.4918,-0.0281
S_186,51.06,16.95,2024-12-01,0.4007,-0.4047,0.0437
S_186,51.06,16.95,2025-01-01,0.4197,-0.4925,-0.0502
S_186,51.06,16.95,2025-02-01,0.3587,-0.4424,-0.1385
S_186,51.06,16.95,2025-03-01,0.3613,-0.4252,-0.1356
S_186,51.06,16.95,2025-04-01,0.6415,-0.5961,0.1898
S_186,51.06,16.95,2025-05-01,0.6404,-0.5867,0.2057
S_186,51.06,16.95,2025-06-01,0.6972,-0.6513,0.3024
S_186,51.06,16.95,2025-07-01,0.6146,-0.5915,0.2459
S_186,51.06,16.95,2025-08-01,0.4962,-0.515,0.0594
S_186,51.06,16.95,2025-09-01,0.4735,-0.5013,-0.0287
S_186,51.06,16.95,2025-10-01,0.3183341312426941,-0.2812509228102185,0.1207316226021662
S_186,51.06,16.95,2025-11-01,0.3748,-0.4584,-0.1128
S_186,51.06,16.95,2025-12-01,0.3647,-0.4956,-0.1063
S_186,51.06,16.95,2026-01-01,0.3186,-0.4486,-0.1562
S_186,51.06,16.95,2026-02-01,0.2713,-0.3798,-0.189
S_186,51.06,16.95,2026-03-01,0.2914,-0.4087,-0.1917
S_187,51.08,16.95,2023-06-01,0.5881,-0.5401,0.3002
S_187,51.08,16.95,2023-07-01,0.4734,-0.4677,0.1716
S_187,51.08,16.95,2023-08-01,0.3948,-0.4027,-0.0046
S_187,51.08,16.95,2023-09-01,0.4229,-0.4324,0.0269
S_187,51.08,16.95,2023-10-01,0.3323,-0.374,-0.1034
S_187,51.08,16.95,2023-11-01,0.3855,-0.3455,0.0412
S_187,51.08,16.95,2023-12-01,0.3912,-0.3942,0.0306
S_187,51.08,16.95,2024-01-01,0.1881,-0.2049,0.5137
S_187,51.08,16.95,2024-02-01,0.3315,-0.3459,0.0195
S_187,51.08,16.95,2024-03-01,0.7304,-0.6452,0.3723
S_187,51.08,16.95,2024-04-01,0.7611,-0.6882,0.366
S_187,51.08,16.95,2024-05-01,0.5469,-0.5202,0.1961
S_187,51.08,16.95,2024-06-01,0.5457,-0.4966,0.1986
S_187,51.08,16.95,2024-07-01,0.3857,-0.4132,-0.0004
S_187,51.08,16.95,2024-08-01,0.4201,-0.4266,0.0165
S_187,51.08,16.95,2024-09-01,0.5409,-0.5084,0.1228
S_187,51.08,16.95,2024-10-01,0.4677,-0.4642,0.0546
S_187,51.08,16.95,2024-11-01,0.401,-0.4157,0.0363
S_187,51.08,16.95,2024-12-01,0.2228,-0.2471,-0.0229
S_187,51.08,16.95,2025-01-01,0.2523,-0.3368,-0.106
S_187,51.08,16.95,2025-02-01,0.2429,-0.3272,-0.1362
S_187,51.08,16.95,2025-03-01,0.2435,-0.3159,-0.1434
S_187,51.08,16.95,2025-04-01,0.4062,-0.4162,0.008
S_187,51.08,16.95,2025-05-01,0.3653,-0.3798,-0.0519
S_187,51.08,16.95,2025-06-01,0.5942,-0.5555,0.2233
S_187,51.08,16.95,2025-07-01,0.5665,-0.5315,0.2131
S_187,51.08,16.95,2025-08-01,0.5651,-0.5329,0.1973
S_187,51.08,16.95,2025-09-01,0.5424,-0.5081,0.1535
S_187,51.08,16.95,2025-10-01,0.3250666101858178,-0.2868796871344256,0.1252207106287018
S_187,51.08,16.95,2025-11-01,0.3245,-0.3877,-0.057
S_187,51.08,16.95,2025-12-01,0.3099,-0.4148,-0.0908
S_187,51.08,16.95,2026-01-01,0.2769,-0.3935,-0.1304
S_187,51.08,16.95,2026-02-01,0.2225,-0.3129,-0.1638
S_187,51.08,16.95,2026-03-01,0.2348,-0.3388,-0.1572
S_188,51.1,16.95,2023-06-01,0.5409,-0.5155,0.1985
S_188,51.1,16.95,2023-07-01,0.4836,-0.4777,0.1201
S_188,51.1,16.95,2023-08-01,0.49,-0.4689,0.0974
S_188,51.1,16.95,2023-09-01,0.5004,-0.4882,0.1217
S_188,51.1,16.95,2023-10-01,0.5377,-0.5137,0.1312
S_188,51.1,16.95,2023-11-01,0.3601500710953704,-0.337525759632026,0.0463198247843914
S_188,51.1,16.95,2023-12-01,0.335,-0.3597,-0.0029
S_188,51.1,16.95,2024-01-01,0.1694,-0.1871,0.4264
S_188,51.1,16.95,2024-02-01,0.3098,-0.3676,-0.0599
S_188,51.1,16.95,2024-03-01,0.3679,-0.3593,0.0584
S_188,51.1,16.95,2024-04-01,0.5045,-0.4627,0.16
S_188,51.1,16.95,2024-05-01,0.4785,-0.467,0.1136
S_188,51.1,16.95,2024-06-01,0.504,-0.4648,0.1716
S_188,51.1,16.95,2024-07-01,0.5112,-0.4907,0.1208
S_188,51.1,16.95,2024-08-01,0.5344,-0.5033,0.1449
S_188,51.1,16.95,2024-09-01,0.501,-0.4971,0.1097
S_188,51.1,16.95,2024-10-01,0.438,-0.4558,0.0461
S_188,51.1,16.95,2024-11-01,0.37,-0.3935,0.0133
S_188,51.1,16.95,2024-12-01,0.3067,-0.3228,0.0464
S_188,51.1,16.95,2025-01-01,0.3309,-0.3896,-0.0047
S_188,51.1,16.95,2025-02-01,0.3066,-0.3697,-0.0349
S_188,51.1,16.95,2025-03-01,0.3093,-0.3611,-0.039
S_188,51.1,16.95,2025-04-01,0.5096,-0.4847,0.1449
S_188,51.1,16.95,2025-05-01,0.4495,-0.4272,0.1277
S_188,51.1,16.95,2025-06-01,0.5357,-0.522,0.1713
S_188,51.1,16.95,2025-07-01,0.5313,-0.5111,0.1572
S_188,51.1,16.95,2025-08-01,0.5187,-0.4938,0.1343
S_188,51.1,16.95,2025-09-01,0.504,-0.4889,0.1204
S_188,51.1,16.95,2025-10-01,0.3363956458476898,-0.2961536277578089,0.1322706796044893
S_188,51.1,16.95,2025-11-01,0.4144,-0.4449,0.0429
S_188,51.1,16.95,2025-12-01,0.3899,-0.4416,0.0134
S_188,51.1,16.95,2026-01-01,0.3288,-0.4163,-0.0305
S_188,51.1,16.95,2026-02-01,0.2866,-0.3588,-0.0812
S_188,51.1,16.95,2026-03-01,0.3017,-0.3835,-0.0664
S_189,51.12,16.95,2023-06-01,0.5229249999924108,-0.498999999993695,0.1802249999954788
S_189,51.12,16.95,2023-07-01,0.5093749999916296,-0.489199999993239,0.1377749999953951
S_189,51.12,16.95,2023-08-01,0.5270499999831465,-0.4915999999858164,0.1302999999926492
S_189,51.12,16.95,2023-09-01,0.5436249999942673,-0.5139749999948651,0.159074999998597
S_189,51.12,16.95,2023-10-01,0.5321749999744646,-0.5072499999761313,0.1268999999893477
S_189,51.12,16.95,2023-11-01,0.4276840950810661,-0.4412654459765741,0.0669095055335578
S_189,51.12,16.95,2023-12-01,0.3365750000046715,-0.353950000004391,-0.0123249999991669
S_189,51.12,16.95,2024-01-01,0.2003999999880313,-0.2233499999849185,0.3139249999999762
S_189,51.12,16.95,2024-02-01,0.302999999987379,-0.3581499999847249,-0.0596500000057794
S_189,51.12,16.95,2024-03-01,0.444657142826494,-0.4342285714034146,0.0864999999775065
S_189,51.12,16.95,2024-04-01,0.4911999999917747,-0.4497249999917179,0.1320749999971865
S_189,51.12,16.95,2024-05-01,0.482275000000654,-0.4662499999994072,0.1191750000016592
S_189,51.12,16.95,2024-06-01,0.5120749999945038,-0.4762999999937291,0.1593750000015534
S_189,51.12,16.95,2024-07-01,0.541499999971932,-0.5051499999780595,0.1543499999820003
S_189,51.12,16.95,2024-08-01,0.5535249999899895,-0.5155499999908972,0.1648749999948599
S_189,51.12,16.95,2024-09-01,0.5273499999883458,-0.5086499999894464,0.1354499999950721
S_189,51.12,16.95,2024-10-01,0.4460749999895804,-0.4589999999925159,0.0498749999963959
S_189,51.12,16.95,2024-11-01,0.3441249999914587,-0.3721499999834711,-0.0154250000001185
S_189,51.12,16.95,2024-12-01,0.2687499999957339,-0.2783749999947579,0.0173249999990671
S_189,51.12,16.95,2025-01-01,0.3127999999940508,-0.3719749999905189,-0.0271250000007122
S_189,51.12,16.95,2025-02-01,0.2901499999984266,-0.3530999999981977,-0.0518000000009351
S_189,51.12,16.95,2025-03-01,0.2912249999953299,-0.3439249999918696,-0.0591249999985881
S_189,51.12,16.95,2025-04-01,0.5042749999958337,-0.4704249999945288,0.1385000000003622
S_189,51.12,16.95,2025-05-01,0.4894499999925575,-0.4495749999917124,0.150949999998638
S_189,51.12,16.95,2025-06-01,0.5411749999902011,-0.5208999999902184,0.1703499999942612
S_189,51.12,16.95,2025-07-01,0.5404749999619536,-0.5229749999662698,0.1677499999763845
S_189,51.12,16.95,2025-08-01,0.5393749999962856,-0.5075999999961823,0.1538749999999679
S_189,51.12,16.95,2025-09-01,0.5351499999979962,-0.5083999999985265,0.1471749999988753
S_189,51.12,16.95,2025-10-01,0.3622632168614403,-0.3218005155724752,0.1391246937620116
S_189,51.12,16.95,2025-11-01,0.4087999999868498,-0.4433249999869419,0.0210999999937947
S_189,51.12,16.95,2025-12-01,0.3756999999972548,-0.4279999999976919,-0.0024000000024189
S_189,51.12,16.95,2026-01-01,0.3289999999857125,-0.4131749999834255,-0.0327000000076427
S_189,51.12,16.95,2026-02-01,0.2731499999909311,-0.3481999999875234,-0.1015000000012974
S_189,51.12,16.95,2026-03-01,0.2899499999944724,-0.3733749999916506,-0.0863750000025749
S_190,51.14,16.95,2023-06-01,0.5418,-0.5087,0.1972
S_190,51.14,16.95,2023-07-01,0.5175,-0.4892,0.1395
S_190,51.14,16.95,2023-08-01,0.5377,-0.4955,0.1344
S_190,51.14,16.95,2023-09-01,0.5599,-0.5217,0.1703
S_190,51.14,16.95,2023-10-01,0.5924,-0.5548,0.1585
S_190,51.14,16.95,2023-11-01,0.3616,-0.3487,0.0455
S_190,51.14,16.95,2023-12-01,0.3249,-0.3356,-0.0382
S_190,51.14,16.95,2024-01-01,0.2314,-0.2563,0.2086
S_190,51.14,16.95,2024-02-01,0.2849,-0.3187,-0.0527
S_190,51.14,16.95,2024-03-01,0.3725,-0.3853,0.0159
S_190,51.14,16.95,2024-04-01,0.5203,-0.463,0.144
S_190,51.14,16.95,2024-05-01,0.5092,-0.478,0.1435
S_190,51.14,16.95,2024-06-01,0.5468,-0.5027,0.1686
S_190,51.14,16.95,2024-07-01,0.5452,-0.5016,0.145
S_190,51.14,16.95,2024-08-01,0.551,-0.5083,0.1588
S_190,51.14,16.95,2024-09-01,0.5337,-0.5035,0.1457
S_190,51.14,16.95,2024-10-01,0.4772,-0.4679,0.0671
S_190,51.14,16.95,2024-11-01,0.3434,-0.3442,-0.0135
S_190,51.14,16.95,2024-12-01,0.2769,-0.2747,0.0081
S_190,51.14,16.95,2025-01-01,0.3159,-0.3643,-0.0356
S_190,51.14,16.95,2025-02-01,0.295,-0.3501,-0.0516
S_190,51.14,16.95,2025-03-01,0.2938,-0.339,-0.066
S_190,51.14,16.95,2025-04-01,0.5354,-0.4799,0.1618
S_190,51.14,16.95,2025-05-01,0.5365,-0.4788,0.1748
S_190,51.14,16.95,2025-06-01,0.5454,-0.5174,0.1731
S_190,51.14,16.95,2025-07-01,0.4341,-0.44,0.0901
S_190,51.14,16.95,2025-08-01,0.5293,-0.4955,0.1418
S_190,51.14,16.95,2025-09-01,0.5444,-0.5076,0.1558
S_190,51.14,16.95,2025-10-01,0.3656099732375018,-0.3279130875226673,0.1316629056462345
S_190,51.14,16.95,2025-11-01,0.426,-0.4413,0.0328
S_190,51.14,16.95,2025-12-01,0.3752,-0.4156,-0.0038
S_190,51.14,16.95,2026-01-01,0.3214,-0.4047,-0.0417
S_190,51.14,16.95,2026-02-01,0.2758,-0.3457,-0.108
S_190,51.14,16.95,2026-03-01,0.2929,-0.3699,-0.0946
S_191,51.16,16.95,2023-06-01,0.6343359426086862,-0.5885981228163375,0.2581027510301261
S_191,51.16,16.95,2023-07-01,0.5423607282958969,-0.5334927968781189,0.1240210877697326
S_191,51.16,16.95,2023-08-01,0.5569759850414551,-0.5253484483284623,0.0849960529978357
S_191,51.16,16.95,2023-09-01,0.6146328626577277,-0.5691914413028035,0.1696066416240249
S_191,51.16,16.95,2023-10-01,0.5658010431966497,-0.5386996311830744,0.107473971649178
S_191,51.16,16.95,2023-11-01,0.4808698815292268,-0.4859572960163855,0.050767233678816
S_191,51.16,16.95,2023-12-01,0.3814548972674283,-0.4134429296865555,0.0268995513591062
S_191,51.16,16.95,2024-01-01,0.2763137484002022,-0.3186273041251679,0.1870639211353603
S_191,51.16,16.95,2024-02-01,0.360174845508268,-0.4331442288257072,-0.0568524187041882
S_191,51.16,16.95,2024-03-01,0.4298849020575986,-0.4362795056022497,0.0161393629194868
S_191,51.16,16.95,2024-04-01,0.5547551765758272,-0.5032232043339749,0.1664243837618659
S_191,51.16,16.95,2024-05-01,0.5386451990522394,-0.5114744202528705,0.1473274802720398
S_191,51.16,16.95,2024-06-01,0.6017151603938088,-0.5473703700608721,0.1821383248449873
S_191,51.16,16.95,2024-07-01,0.5726784869628612,-0.5274002724671504,0.1430208950821729
S_191,51.16,16.95,2024-08-01,0.6515147516527012,-0.5953913215680907,0.1786208950701098
S_191,51.16,16.95,2024-09-01,0.5996448302185726,-0.5619405309260103,0.1607995747352621
S_191,51.16,16.95,2024-10-01,0.5614073159856002,-0.5476750547229265,0.0771650275847711
S_191,51.16,16.95,2024-11-01,0.444743411378928,-0.4577058241588026,0.0385145989096317
S_191,51.16,16.95,2024-12-01,0.2968882484575351,-0.2973296698139662,0.0421135557238075
S_191,51.16,16.95,2025-01-01,0.3593674098181763,-0.4258519370206568,-0.0217065452838942
S_191,51.16,16.95,2025-02-01,0.3432137882958487,-0.4252795301511684,-0.0564691108401647
S_191,51.16,16.95,2025-03-01,0.3269144062342263,-0.3956241842538129,-0.077902574901936
S_191,51.16,16.95,2025-04-01,0.5542222603666981,-0.52235562808542,0.1239594057968546
S_191,51.16,16.95,2025-05-01,0.6407008670233484,-0.5704136286761409,0.2249136121490318
S_191,51.16,16.95,2025-06-01,0.6344866369221118,-0.5980474615562298,0.1949717889078545
S_191,51.16,16.95,2025-07-01,0.6157236392998946,-0.5803017574588366,0.2008175990727863
S_191,51.16,16.95,2025-08-01,0.6188192504803716,-0.5715155126830987,0.1828958369348992
S_191,51.16,16.95,2025-09-01,0.590532068579994,-0.5594135557192713,0.1504317961089748
S_191,51.16,16.95,2025-10-01,0.3675359382853126,-0.3383778316245815,0.1050408251223759
S_191,51.16,16.95,2025-11-01,0.4631395208212369,-0.5122678516054602,0.0129101468483205
S_191,51.16,16.95,2025-12-01,0.4090495946931447,-0.4676595254911611,0.0284066815233076
S_191,51.16,16.95,2026-01-01,0.2427019404084873,-0.3062083494442117,0.0823752542709351
S_191,51.16,16.95,2026-02-01,0.3075022858817818,-0.3977067379521623,-0.1193315236255637
S_191,51.16,16.95,2026-03-01,0.3163551133228343,-0.4011826500327197,-0.0934450229161526
S_192,51.18,16.95,2023-06-01,0.7903,-0.7143,0.3917
S_192,51.18,16.95,2023-07-01,0.542,-0.577,0.0854
S_192,51.18,16.95,2023-08-01,0.5391,-0.5322,0.0185
S_192,51.18,16.95,2023-09-01,0.6841,-0.6262,0.1569
S_192,51.18,16.95,2023-10-01,0.5168,-0.5192,0.0329
S_192,51.18,16.95,2023-11-01,0.4839,-0.4995,0.0107
S_192,51.18,16.95,2023-12-01,0.4098,-0.45,0.0157
S_192,51.18,16.95,2024-01-01,0.2994,-0.36,0.1443
S_192,51.18,16.95,2024-02-01,0.4062,-0.4966,-0.0727
S_192,51.18,16.95,2024-03-01,0.5034,-0.5135,0.0233
S_192,51.18,16.95,2024-04-01,0.7338,-0.6256,0.2829
S_192,51.18,16.95,2024-05-01,0.5828,-0.5571,0.1729
S_192,51.18,16.95,2024-06-01,0.687,-0.6144,0.2587
S_192,51.18,16.95,2024-07-01,0.6612,-0.6066,0.1814
S_192,51.18,16.95,2024-08-01,0.7491,-0.6783,0.2485
S_192,51.18,16.95,2024-09-01,0.7023,-0.6382,0.2109
S_192,51.18,16.95,2024-10-01,0.6442,-0.6107,0.1179
S_192,51.18,16.95,2024-11-01,0.467,-0.4901,0.0368
S_192,51.18,16.95,2024-12-01,0.429,-0.4276,0.0753
S_192,51.18,16.95,2025-01-01,0.4006,-0.477,-0.0176
S_192,51.18,16.95,2025-02-01,0.3625,-0.4462,-0.0582
S_192,51.18,16.95,2025-03-01,0.3344,-0.4165,-0.0887
S_192,51.18,16.95,2025-04-01,0.6103,-0.5648,0.1724
S_192,51.18,16.95,2025-05-01,0.6816,-0.6084,0.2626
S_192,51.18,16.95,2025-06-01,0.7458,-0.6892,0.2855
S_192,51.18,16.95,2025-07-01,0.7607,-0.6894,0.3106
S_192,51.18,16.95,2025-08-01,0.745,-0.674,0.2344
S_192,51.18,16.95,2025-09-01,0.6387,-0.6083,0.1211
S_192,51.18,16.95,2025-10-01,0.33,-0.316,0.0641
S_192,51.18,16.95,2025-11-01,0.4608,-0.5348,-0.0289
S_192,51.18,16.95,2025-12-01,0.45,-0.4857,0.0619
S_192,51.18,16.95,2026-01-01,0.4416,-0.5424,-0.0405
S_192,51.18,16.95,2026-02-01,0.3384,-0.4264,-0.115
S_192,51.18,16.95,2026-03-01,0.3541,-0.4478,-0.0861
S_193,51.2,16.95,2023-06-01,0.7757,-0.6999,0.3298
S_193,51.2,16.95,2023-07-01,0.6461,-0.6283,0.1325
S_193,51.2,16.95,2023-08-01,0.5776,-0.5344,0.0864
S_193,51.2,16.95,2023-09-01,0.7161,-0.6544,0.1513
S_193,51.2,16.95,2023-10-01,0.6081,-0.5758,0.0905
S_193,51.2,16.95,2023-11-01,0.5984,-0.6062,0.0559
S_193,51.2,16.95,2023-12-01,0.4346,-0.462,0.0627
S_193,51.2,16.95,2024-01-01,0.3422,-0.404,0.1244
S_193,51.2,16.95,2024-02-01,0.4621,-0.5418,-0.0481
S_193,51.2,16.95,2024-03-01,0.5465806303588522,-0.5349905591031315,0.0762209764491062
S_193,51.2,16.95,2024-04-01,0.7198,-0.6553,0.1977
S_193,51.2,16.95,2024-05-01,0.6758,-0.6175,0.2121
S_193,51.2,16.95,2024-06-01,0.7232,-0.6412,0.2242
S_193,51.2,16.95,2024-07-01,0.6465,-0.596,0.124
S_193,51.2,16.95,2024-08-01,0.7605,-0.6848,0.1848
S_193,51.2,16.95,2024-09-01,0.6842,-0.6278,0.1994
S_193,51.2,16.95,2024-10-01,0.6042,-0.5947,0.053
S_193,51.2,16.95,2024-11-01,0.524,-0.5301,0.0524
S_193,51.2,16.95,2024-12-01,0.3356,-0.4456,0.0292
S_193,51.2,16.95,2025-01-01,0.3872,-0.4861,-0.0597
S_193,51.2,16.95,2025-02-01,0.3955,-0.51,-0.0691
S_193,51.2,16.95,2025-03-01,0.3528,-0.4341,-0.1216
S_193,51.2,16.95,2025-04-01,0.6016,-0.5712,0.1103
S_193,51.2,16.95,2025-05-01,0.7398,-0.6426,0.2804
S_193,51.2,16.95,2025-06-01,0.7619,-0.7,0.2525
S_193,51.2,16.95,2025-07-01,0.7575,-0.6836,0.2569
S_193,51.2,16.95,2025-08-01,0.7626,-0.6869,0.2263
S_193,51.2,16.95,2025-09-01,0.7306,-0.6736,0.1778
S_193,51.2,16.95,2025-10-01,0.4077,-0.3805,0.098
S_193,51.2,16.95,2025-11-01,0.5165,-0.5809,-0.015
S_193,51.2,16.95,2025-12-01,0.4395,-0.4991,0.0405
S_193,51.2,16.95,2026-01-01,0.1808,-0.1769,0.4158
S_193,51.2,16.95,2026-02-01,0.3368,-0.4449,-0.1517
S_193,51.2,16.95,2026-03-01,0.3408,-0.4487,-0.1318
S_194,51.22,16.95,2023-06-01,0.6892,-0.637,0.3185
S_194,51.22,16.95,2023-07-01,0.5647,-0.5709,0.1457
S_194,51.22,16.95,2023-08-01,0.4267,-0.406,0.0979
S_194,51.22,16.95,2023-09-01,0.5566,-0.5461,0.0865
S_194,51.22,16.95,2023-10-01,0.4422,-0.4535,0.0221
S_194,51.22,16.95,2023-11-01,0.5242,-0.5547,0.0472
S_194,51.22,16.95,2023-12-01,0.4299,-0.4625,0.0784
S_194,51.22,16.95,2024-01-01,0.3112,-0.3712,0.153
S_194,51.22,16.95,2024-02-01,0.4381,-0.4937,0.0522
S_194,51.22,16.95,2024-03-01,0.5126751678997759,-0.4975254299839924,0.0689063843027744
S_194,51.22,16.95,2024-04-01,0.5991487046847367,-0.5575635020639618,0.1631346812425004
S_194,51.22,16.95,2024-05-01,0.5812,-0.5559,0.1817
S_194,51.22,16.95,2024-06-01,0.6713,-0.6016,0.2686
S_194,51.22,16.95,2024-07-01,0.5654,-0.5314,0.1392
S_194,51.22,16.95,2024-08-01,0.6216,-0.5949,0.1471
S_194,51.22,16.95,2024-09-01,0.6289,-0.6021,0.1464
S_194,51.22,16.95,2024-10-01,0.5338,-0.5437,0.0361
S_194,51.22,16.95,2024-11-01,0.4834,-0.4873,0.0675
S_194,51.22,16.95,2024-12-01,0.3793166666820847,-0.4132999999785854,0.0611833333438945
S_194,51.22,16.95,2025-01-01,0.4152,-0.4807,0.0275
S_194,51.22,16.95,2025-02-01,0.3938,-0.472,0.0956
S_194,51.22,16.95,2025-03-01,0.3558,-0.414,-0.0582
S_194,51.22,16.95,2025-04-01,0.3935,-0.4352,-0.0403
S_194,51.22,16.95,2025-05-01,0.5819,-0.5453,0.1703
S_194,51.22,16.95,2025-06-01,0.6703,-0.6306,0.2267
S_194,51.22,16.95,2025-07-01,0.5854,-0.5565,0.1456
S_194,51.22,16.95,2025-08-01,0.6372,-0.6036,0.1644
S_194,51.22,16.95,2025-09-01,0.6162,-0.5903,0.1286
S_194,51.22,16.95,2025-10-01,0.3415833333192654,-0.3319999999905247,0.0725333333282362
S_194,51.22,16.95,2025-11-01,0.457,-0.5239,-0.0277
S_194,51.22,16.95,2025-12-01,0.383,-0.4395,0.0452
S_194,51.22,16.95,2026-01-01,0.0946,-0.0923,0.632
S_194,51.22,16.95,2026-02-01,0.2994,-0.4013,-0.0908
S_194,51.22,16.95,2026-03-01,0.3032,-0.3992,-0.1047
S_195,51.24,16.95,2023-06-01,0.671,-0.6283,0.2771
S_195,51.24,16.95,2023-07-01,0.6238,-0.608,0.1818
S_195,51.24,16.95,2023-08-01,0.5162,-0.4922,0.1534
S_195,51.24,16.95,2023-09-01,0.6752,-0.6243,0.1976
S_195,51.24,16.95,2023-10-01,0.4974,-0.4891,0.0856
S_195,51.24,16.95,2023-11-01,0.5609,-0.5847,0.0921
S_195,51.24,16.95,2023-12-01,0.4368,-0.4618,0.1391
S_195,51.24,16.95,2024-01-01,0.3627,-0.4141,0.1815
S_195,51.24,16.95,2024-02-01,0.3693,-0.4348,0.0206
S_195,51.24,16.95,2024-03-01,0.4922461243991576,-0.4816551201276078,0.0504597172733314
S_195,51.24,16.95,2024-04-01,0.5930639054928497,-0.5596954855502199,0.1678486147853056
S_195,51.24,16.95,2024-05-01,0.6294,-0.594,0.2024
S_195,51.24,16.95,2024-06-01,0.7144,-0.6449,0.2609
S_195,51.24,16.95,2024-07-01,0.5972,-0.5619,0.1595
S_195,51.24,16.95,2024-08-01,0.6646,-0.6283,0.1666
S_195,51.24,16.95,2024-09-01,0.6479,-0.616,0.1594
S_195,51.24,16.95,2024-10-01,0.562,-0.571,0.053
S_195,51.24,16.95,2024-11-01,0.4755,-0.4768,0.0881
S_195,51.24,16.95,2024-12-01,0.3860021933250294,-0.4075831291229684,0.0783794291085668
S_195,51.24,16.95,2025-01-01,0.424,-0.4908,0.0171
S_195,51.24,16.95,2025-02-01,0.3575,-0.419,0.156
S_195,51.24,16.95,2025-03-01,0.3675,-0.4246,-0.0794
S_195,51.24,16.95,2025-04-01,0.4231,-0.4614,-0.0461
S_195,51.24,16.95,2025-05-01,0.6475,-0.5957,0.2305
S_195,51.24,16.95,2025-06-01,0.675,-0.6373,0.2283
S_195,51.24,16.95,2025-07-01,0.6709,-0.6188,0.2038
S_195,51.24,16.95,2025-08-01,0.6804,-0.6401,0.2154
S_195,51.24,16.95,2025-09-01,0.6837,-0.6429,0.2006
S_195,51.24,16.95,2025-10-01,0.3410120847217449,-0.3368722171831683,0.0728560144016363
S_195,51.24,16.95,2025-11-01,0.5106,-0.5587,0.0198
S_195,51.24,16.95,2025-12-01,0.4323,-0.4757,0.0925
S_195,51.24,16.95,2026-01-01,0.1428,-0.1397,0.5727
S_195,51.24,16.95,2026-02-01,0.342,-0.4355,-0.0878
S_195,51.24,16.95,2026-03-01,0.3422,-0.4343,-0.1054
S_196,50.96,16.97,2023-06-01,0.6501637284587714,-0.6294652202711409,0.2377163632206377
S_196,50.96,16.97,2023-07-01,0.6196793939179394,-0.6071612498815673,0.2437278656234161
S_196,50.96,16.97,2023-08-01,0.5475106119808812,-0.555419868417821,0.0604393115892483
S_196,50.96,16.97,2023-09-01,0.5633504452007853,-0.5715067778600025,0.0655695594614369
S_196,50.96,16.97,2023-10-01,0.4642710279246419,-0.5067970163815799,-0.0649848960059483
S_196,50.96,16.97,2023-11-01,0.4108624526687698,-0.428130849251338,0.004279746201276
S_196,50.96,16.97,2023-12-01,0.4242046914829622,-0.4557338727862713,-0.0022950525661717
S_196,50.96,16.97,2024-01-01,0.1425028872932061,-0.163833464064441,0.6140673933083125
S_196,50.96,16.97,2024-02-01,0.3428151837815,-0.4385484317997113,-0.1507639376647576
S_196,50.96,16.97,2024-03-01,0.4966965979350007,-0.4855648183713509,0.0469064557567364
S_196,50.96,16.97,2024-04-01,0.5194543425869611,-0.52513251718725,0.0415085489690977
S_196,50.96,16.97,2024-05-01,0.6001986843221424,-0.5857071466774088,0.1454979136236668
S_196,50.96,16.97,2024-06-01,0.6321464913740155,-0.6013181041368096,0.1760344673683699
S_196,50.96,16.97,2024-07-01,0.5607527476142767,-0.5684444215056469,0.0894318525237337
S_196,50.96,16.97,2024-08-01,0.6259334241579846,-0.5928830752895189,0.1416146787205352
S_196,50.96,16.97,2024-09-01,0.5569467638293417,-0.5624945377984607,0.0720724233713048
S_196,50.96,16.97,2024-10-01,0.4607609774117601,-0.5221673300150009,-0.0328561000750456
S_196,50.96,16.97,2024-11-01,0.4266416140611774,-0.4910038341533499,-0.0821369857801014
S_196,50.96,16.97,2024-12-01,0.3449618513032769,-0.3813365041337319,-0.0416520897664256
S_196,50.96,16.97,2025-01-01,0.3835195395311727,-0.4924754070222119,-0.1081895008580528
S_196,50.96,16.97,2025-02-01,0.3528260848104427,-0.4411860190228598,-0.1604185293743364
S_196,50.96,16.97,2025-03-01,0.3574528673458027,-0.4397169646171859,-0.1829907600855733
S_196,50.96,16.97,2025-04-01,0.4969270316689539,-0.5177232374246424,0.008243474691921
S_196,50.96,16.97,2025-05-01,0.4924377964462698,-0.5024842547316091,0.0256472290332053
S_196,50.96,16.97,2025-06-01,0.7361645225254146,-0.6900515681954266,0.3328608810755429
S_196,50.96,16.97,2025-07-01,0.6887467073935435,-0.6487612897761686,0.2977685892528473
S_196,50.96,16.97,2025-08-01,0.6419706659026715,-0.6175531398007489,0.201670842049528
S_196,50.96,16.97,2025-09-01,0.5647478303879382,-0.5701406272697278,0.076500232564854
S_196,50.96,16.97,2025-10-01,0.2722185677770009,-0.2563360491331898,0.1120292264385982
S_196,50.96,16.97,2025-11-01,0.386785939218051,-0.4753092165308519,-0.0912721908039731
S_196,50.96,16.97,2025-12-01,0.4136666157786288,-0.5521432021982556,-0.1167630472075496
S_196,50.96,16.97,2026-01-01,0.3381451591555655,-0.4781715728742704,-0.2034057113098339
S_196,50.96,16.97,2026-02-01,0.30045768824331,-0.4160647950179175,-0.2405873911052249
S_196,50.96,16.97,2026-03-01,0.3227786796732564,-0.4396612897971836,-0.2332800517332601
S_197,50.98,16.97,2023-06-01,0.4777,-0.509,-0.0487
S_197,50.98,16.97,2023-07-01,0.7846,-0.7232,0.3485
S_197,50.98,16.97,2023-08-01,0.7399,-0.6933,0.2687
S_197,50.98,16.97,2023-09-01,0.74,-0.6931,0.2756
S_197,50.98,16.97,2023-10-01,0.5731,-0.5802,0.0574
S_197,50.98,16.97,2023-11-01,0.273,-0.3613,-0.0699
S_197,50.98,16.97,2023-12-01,0.2794,-0.3914,-0.1219
S_197,50.98,16.97,2024-01-01,0.0792,-0.1178,0.5292
S_197,50.98,16.97,2024-02-01,0.2783,-0.4094,-0.2271
S_197,50.98,16.97,2024-03-01,0.3015,-0.3525,-0.1609
S_197,50.98,16.97,2024-04-01,0.3666,-0.4148,-0.1664
S_197,50.98,16.97,2024-05-01,0.4902,-0.5198,-0.0417
S_197,50.98,16.97,2024-06-01,0.6418,-0.607,0.1238
S_197,50.98,16.97,2024-07-01,0.664,-0.6431,0.2213
S_197,50.98,16.97,2024-08-01,0.6843,-0.6394,0.2153
S_197,50.98,16.97,2024-09-01,0.5213,-0.5507,0.0533
S_197,50.98,16.97,2024-10-01,0.3796,-0.4733,-0.1124
S_197,50.98,16.97,2024-11-01,0.3827,-0.4602,-0.1837
S_197,50.98,16.97,2024-12-01,0.3244,-0.3648,-0.0815
S_197,50.98,16.97,2025-01-01,0.3751,-0.4854,-0.1369
S_197,50.98,16.97,2025-02-01,0.3637,-0.4476,-0.1853
S_197,50.98,16.97,2025-03-01,0.3715,-0.4447,-0.1926
S_197,50.98,16.97,2025-04-01,0.5247,-0.5388,0.0302
S_197,50.98,16.97,2025-05-01,0.5157,-0.5228,0.0429
S_197,50.98,16.97,2025-06-01,0.6863,-0.6759,0.2682
S_197,50.98,16.97,2025-07-01,0.651,-0.6364,0.2341
S_197,50.98,16.97,2025-08-01,0.6846,-0.6491,0.2361
S_197,50.98,16.97,2025-09-01,0.5791,-0.5841,0.087
S_197,50.98,16.97,2025-10-01,0.2619974248139157,-0.2472222865424568,0.0903365651235726
S_197,50.98,16.97,2025-11-01,0.3136,-0.4345,-0.1674
S_197,50.98,16.97,2025-12-01,0.3599,-0.5212,-0.1537
S_197,50.98,16.97,2026-01-01,0.3227,-0.4765,-0.2396
S_197,50.98,16.97,2026-02-01,0.2863,-0.4101,-0.2768
S_197,50.98,16.97,2026-03-01,0.3092,-0.4355,-0.2743
S_198,51.0,16.97,2023-06-01,0.4661,-0.4881,0.1043
S_198,51.0,16.97,2023-07-01,0.5578,-0.5583,0.2269
S_198,51.0,16.97,2023-08-01,0.5137,-0.5071,0.1008
S_198,51.0,16.97,2023-09-01,0.5382,-0.5282,0.122
S_198,51.0,16.97,2023-10-01,0.4342,-0.4828,-0.0743
S_198,51.0,16.97,2023-11-01,0.2608,-0.3182,-0.07
S_198,51.0,16.97,2023-12-01,0.2971,-0.3569,-0.0871
S_198,51.0,16.97,2024-01-01,0.0882,-0.1172,0.579
S_198,51.0,16.97,2024-02-01,0.2665,-0.3671,-0.1098
S_198,51.0,16.97,2024-03-01,0.4641,-0.4576,0.062
S_198,51.0,16.97,2024-04-01,0.3458,-0.3917,-0.038
S_198,51.0,16.97,2024-05-01,0.3897,-0.4283,0.0139
S_198,51.0,16.97,2024-06-01,0.5219,-0.5057,0.0984
S_198,51.0,16.97,2024-07-01,0.5331,-0.5318,0.1386
S_198,51.0,16.97,2024-08-01,0.5355,-0.5179,0.1351
S_198,51.0,16.97,2024-09-01,0.3503,-0.4223,-0.0711
S_198,51.0,16.97,2024-10-01,0.2833,-0.3803,-0.1522
S_198,51.0,16.97,2024-11-01,0.3172,-0.3956,-0.1022
S_198,51.0,16.97,2024-12-01,0.2304,-0.2585,0.0764
S_198,51.0,16.97,2025-01-01,0.3353,-0.4275,-0.0441
S_198,51.0,16.97,2025-02-01,0.322,-0.399,-0.0869
S_198,51.0,16.97,2025-03-01,0.3578,-0.4048,-0.0674
S_198,51.0,16.97,2025-04-01,0.5616,-0.547,0.201
S_198,51.0,16.97,2025-05-01,0.5471,-0.5308,0.2009
S_198,51.0,16.97,2025-06-01,0.6039,-0.5712,0.3062
S_198,51.0,16.97,2025-07-01,0.5049,-0.5051,0.256
S_198,51.0,16.97,2025-08-01,0.3569,-0.4164,-0.0116
S_198,51.0,16.97,2025-09-01,0.3585,-0.401,-0.0668
S_198,51.0,16.97,2025-10-01,0.3083792102729806,-0.2727903407441994,0.1137745632936701
S_198,51.0,16.97,2025-11-01,0.363,-0.4196,-0.0752
S_198,51.0,16.97,2025-12-01,0.3697,-0.4582,-0.0266
S_198,51.0,16.97,2026-01-01,0.3127,-0.4245,-0.1337
S_198,51.0,16.97,2026-02-01,0.2565,-0.3519,-0.163
S_198,51.0,16.97,2026-03-01,0.278,-0.375,-0.1558
S_199,51.02,16.97,2023-06-01,0.4787505084990606,-0.4768817830052103,0.1282734500494587
S_199,51.02,16.97,2023-07-01,0.4797970465813378,-0.4823440829019789,0.1375731843880812
S_199,51.02,16.97,2023-08-01,0.4694914880546644,-0.4605025253110145,0.0732356536131794
S_199,51.02,16.97,2023-09-01,0.4970005119095667,-0.4871074824464204,0.1039386936784412
S_199,51.02,16.97,2023-10-01,0.4322336236927216,-0.4533275435630313,-0.0045977540059586
S_199,51.02,16.97,2023-11-01,0.417022618193454,-0.4174022687155824,0.0676462627842788
S_199,51.02,16.97,2023-12-01,0.3067326534702007,-0.3510275999986199,-0.057669230551083
S_199,51.02,16.97,2024-01-01,0.1158452954117622,-0.144271709128919,0.5242849359042351
S_199,51.02,16.97,2024-02-01,0.2429594360129855,-0.3162888333576221,-0.0726161939159645
S_199,51.02,16.97,2024-03-01,0.3683434250738585,-0.3567229387098447,0.0489423282956744
S_199,51.02,16.97,2024-04-01,0.3881175095855603,-0.4089078278950785,0.0018393281447294
S_199,51.02,16.97,2024-05-01,0.410576729534296,-0.4293306799584306,0.0434756395995876
S_199,51.02,16.97,2024-06-01,0.4701755501062202,-0.4601827532249831,0.0758464582961887
S_199,51.02,16.97,2024-07-01,0.4625546550081605,-0.467861529211026,0.0845164430094991
S_199,51.02,16.97,2024-08-01,0.4765061268687267,-0.4679304872761324,0.0955439797197538
S_199,51.02,16.97,2024-09-01,0.4126401290857929,-0.4436768258762782,0.0227946740753126
S_199,51.02,16.97,2024-10-01,0.3368295735086254,-0.3983930528445817,-0.0685016679465766
S_199,51.02,16.97,2024-11-01,0.3322852483204371,-0.3864324607832038,-0.063735613713539
S_199,51.02,16.97,2024-12-01,0.2248370092052335,-0.2344622999298874,0.0252594291357501
S_199,51.02,16.97,2025-01-01,0.306556259698353,-0.3912005284420906,-0.0514408997750552
S_199,51.02,16.97,2025-02-01,0.2935001596150304,-0.3673131538471475,-0.0838685727287617
S_199,51.02,16.97,2025-03-01,0.3098592034166915,-0.3671518640560873,-0.0820580570502791
S_199,51.02,16.97,2025-04-01,0.4809263242123642,-0.4766316102642448,0.1183058309904795
S_199,51.02,16.97,2025-05-01,0.4706301583658787,-0.4595684034178435,0.1239213038046238
S_199,51.02,16.97,2025-06-01,0.5468466977022901,-0.5238414680893517,0.2262434016882195
S_199,51.02,16.97,2025-07-01,0.4861562431735946,-0.4793640077852285,0.1923995981093991
S_199,51.02,16.97,2025-08-01,0.4147723903607749,-0.4331428402320867,0.0570198684553255
S_199,51.02,16.97,2025-09-01,0.4107798659532959,-0.4277089908115837,0.0197810219911247
S_199,51.02,16.97,2025-10-01,0.3093017053779712,-0.2736078233304204,0.1144954733037035
S_199,51.02,16.97,2025-11-01,0.3508895875084657,-0.4032415245300083,-0.04757891223673
S_199,51.02,16.97,2025-12-01,0.3484177256231172,-0.4334969667768245,-0.0342495548000804
S_199,51.02,16.97,2026-01-01,0.297504129999916,-0.3975345141011704,-0.0970966709350302
S_199,51.02,16.97,2026-02-01,0.2528355971810444,-0.3389466743423279,-0.1334973686628424
S_199,51.02,16.97,2026-03-01,0.2716038974116408,-0.3607136189992397,-0.1246420626549418
S_200,51.04,16.97,2023-06-01,0.437,-0.4436,0.1033
S_200,51.04,16.97,2023-07-01,0.4081,-0.4237,0.0544
S_200,51.04,16.97,2023-08-01,0.4459,-0.4385,0.0703
S_200,51.04,16.97,2023-09-01,0.4672,-0.465,0.1011
S_200,51.04,16.97,2023-10-01,0.4278,-0.4382,0.0433
S_200,51.04,16.97,2023-11-01,0.5038999632940947,-0.4646763565083108,0.1438677852565829
S_200,51.04,16.97,2023-12-01,0.3282,-0.358,-0.0121
S_200,51.04,16.97,2024-01-01,0.1405,-0.1644,0.5
S_200,51.04,16.97,2024-02-01,0.1971,-0.2425,-0.0382
S_200,51.04,16.97,2024-03-01,0.3222,-0.3284,0.0189
S_200,51.04,16.97,2024-04-01,0.442,-0.4397,0.0764
S_200,51.04,16.97,2024-05-01,0.4139,-0.4251,0.0745
S_200,51.04,16.97,2024-06-01,0.4437,-0.4388,0.0829
S_200,51.04,16.97,2024-07-01,0.4184,-0.4261,0.0681
S_200,51.04,16.97,2024-08-01,0.4356,-0.4341,0.0882
S_200,51.04,16.97,2024-09-01,0.4232,-0.4412,0.0721
S_200,51.04,16.97,2024-10-01,0.3867,-0.4208,0.0194
S_200,51.04,16.97,2024-11-01,0.3526,-0.3921,0.0082
S_200,51.04,16.97,2024-12-01,0.197,-0.1895,0.0204
S_200,51.04,16.97,2025-01-01,0.2947,-0.3719,-0.0205
S_200,51.04,16.97,2025-02-01,0.2794,-0.3471,-0.0365
S_200,51.04,16.97,2025-03-01,0.2804,-0.342,-0.0534
S_200,51.04,16.97,2025-04-01,0.4064,-0.4145,0.0629
S_200,51.04,16.97,2025-05-01,0.3967,-0.3888,0.0835
S_200,51.04,16.97,2025-06-01,0.4763,-0.4687,0.1458
S_200,51.04,16.97,2025-07-01,0.4553,-0.4474,0.1298
S_200,51.04,16.97,2025-08-01,0.4479,-0.4351,0.1045
S_200,51.04,16.97,2025-09-01,0.4303,-0.4353,0.0771
S_200,51.04,16.97,2025-10-01,0.3110711159207727,-0.275161307756838,0.1158478940337222
S_200,51.04,16.97,2025-11-01,0.3748,-0.417,0.0071
S_200,51.04,16.97,2025-12-01,0.3754,-0.4403,0.0223
S_200,51.04,16.97,2026-01-01,0.3169,-0.3963,-0.0217
S_200,51.04,16.97,2026-02-01,0.276,-0.3465,-0.0656
S_200,51.04,16.97,2026-03-01,0.2947,-0.3676,-0.0509
S_201,51.06,16.97,2023-06-01,0.5623736729525972,-0.5340962126224922,0.2291337764722565
S_201,51.06,16.97,2023-07-01,0.4560049075283803,-0.4671570372378097,0.1157772112188445
S_201,51.06,16.97,2023-08-01,0.4793644164976794,-0.4653580638887274,0.0728310254030332
S_201,51.06,16.97,2023-09-01,0.5331746762343175,-0.5190713636851148,0.1073940395868542
S_201,51.06,16.97,2023-10-01,0.4617175329582378,-0.4616359095767758,0.0448747890810326
S_201,51.06,16.97,2023-11-01,0.4632632590549815,-0.4255506263160624,0.1270239235841191
S_201,51.06,16.97,2023-12-01,0.3864523622793083,-0.4131905508983909,-0.0100786232276235
S_201,51.06,16.97,2024-01-01,0.1916877035070601,-0.2117786796549517,0.4731832280669934
S_201,51.06,16.97,2024-02-01,0.3026634958758241,-0.3441196358605152,-0.025521632736676
S_201,51.06,16.97,2024-03-01,0.3288247360804904,-0.324433607163714,0.0460559803554531
S_201,51.06,16.97,2024-04-01,0.4779449733117774,-0.453443906755707,0.0928806765195272
S_201,51.06,16.97,2024-05-01,0.4671977044252718,-0.4628069209519569,0.0818343943765058
S_201,51.06,16.97,2024-06-01,0.5324551697458056,-0.5040991095769732,0.1155702902405144
S_201,51.06,16.97,2024-07-01,0.4944663335840156,-0.4872836835482909,0.0964125125425461
S_201,51.06,16.97,2024-08-01,0.5335847267419945,-0.5151866039047078,0.1116685561877288
S_201,51.06,16.97,2024-09-01,0.4854732077610371,-0.4916117817374693,0.087373337150829
S_201,51.06,16.97,2024-10-01,0.4349654032583263,-0.4602202441036003,0.0261273839245093
S_201,51.06,16.97,2024-11-01,0.3986982260297719,-0.4278933652336203,0.0054827862771023
S_201,51.06,16.97,2024-12-01,0.3116563560476611,-0.3165611769403308,0.0354204134003438
S_201,51.06,16.97,2025-01-01,0.3625746762095553,-0.4350707058310449,-0.0282304570746788
S_201,51.06,16.97,2025-02-01,0.3185061833022822,-0.3866274073076731,-0.0544386138710381
S_201,51.06,16.97,2025-03-01,0.325450701168379,-0.3852263008588952,-0.0831643463939861
S_201,51.06,16.97,2025-04-01,0.5300701842270279,-0.5052721577379687,0.1269606952177735
S_201,51.06,16.97,2025-05-01,0.5139604062412735,-0.4824406905766321,0.12772795228578
S_201,51.06,16.97,2025-06-01,0.5979225795777049,-0.5684211276665321,0.2216814871421231
S_201,51.06,16.97,2025-07-01,0.5112162173027072,-0.497086723616433,0.169767393301129
S_201,51.06,16.97,2025-08-01,0.477840441437787,-0.4700449334143984,0.099910459224623
S_201,51.06,16.97,2025-09-01,0.5132128181001647,-0.5058071067963785,0.0896766428654886
S_201,51.06,16.97,2025-10-01,0.3145611739498035,-0.2782016551034598,0.1184711096972331
S_201,51.06,16.97,2025-11-01,0.4094179747319199,-0.4599396239971897,-0.0108184330657767
S_201,51.06,16.97,2025-12-01,0.3817051401271251,-0.463871058127959,-0.0074631669467589
S_201,51.06,16.97,2026-01-01,0.3255313776763466,-0.4163901889079595,-0.0481636321405056
S_201,51.06,16.97,2026-02-01,0.2826162337920396,-0.3637099210919622,-0.0984026148252757
S_201,51.06,16.97,2026-03-01,0.3011417571215239,-0.386933527348743,-0.0882524985232188
S_202,51.08,16.97,2023-06-01,0.6297,-0.587,0.2397
S_202,51.08,16.97,2023-07-01,0.6008,-0.5697,0.1898
S_202,51.08,16.97,2023-08-01,0.6131,-0.567,0.1651
S_202,51.08,16.97,2023-09-01,0.641,-0.599,0.2126
S_202,51.08,16.97,2023-10-01,0.5737,-0.5288,0.156
S_202,51.08,16.97,2023-11-01,0.3865,-0.3807,0.0585
S_202,51.08,16.97,2023-12-01,0.4448,-0.4663,0.0362
S_202,51.08,16.97,2024-01-01,0.2316,-0.2412,0.4591
S_202,51.08,16.97,2024-02-01,0.3929,-0.4186,0.0285
S_202,51.08,16.97,2024-03-01,0.4345,-0.4263,0.0941
S_202,51.08,16.97,2024-04-01,0.5888,-0.5259,0.1986
S_202,51.08,16.97,2024-05-01,0.6055,-0.5669,0.1888
S_202,51.08,16.97,2024-06-01,0.6154,-0.5683,0.1985
S_202,51.08,16.97,2024-07-01,0.6034,-0.5666,0.1531
S_202,51.08,16.97,2024-08-01,0.6191,-0.5741,0.1762
S_202,51.08,16.97,2024-09-01,0.6292,-0.5981,0.1889
S_202,51.08,16.97,2024-10-01,0.5548,-0.5582,0.1139
S_202,51.08,16.97,2024-11-01,0.4905,-0.5057,0.0596
S_202,51.08,16.97,2024-12-01,0.4001,-0.4046,0.0834
S_202,51.08,16.97,2025-01-01,0.4513,-0.5103,0.041
S_202,51.08,16.97,2025-02-01,0.4027,-0.4578,0.006
S_202,51.08,16.97,2025-03-01,0.3926,-0.4375,-0.0179
S_202,51.08,16.97,2025-04-01,0.6299,-0.5682,0.2123
S_202,51.08,16.97,2025-05-01,0.6099,-0.5444,0.221
S_202,51.08,16.97,2025-06-01,0.6229,-0.5944,0.2157
S_202,51.08,16.97,2025-07-01,0.5921,-0.5657,0.1864
S_202,51.08,16.97,2025-08-01,0.5999,-0.5609,0.1678
S_202,51.08,16.97,2025-09-01,0.6152,-0.5792,0.1755
S_202,51.08,16.97,2025-10-01,0.3215092529635774,-0.2841882124048681,0.1235666160987519
S_202,51.08,16.97,2025-11-01,0.5387,-0.5555,0.1059
S_202,51.08,16.97,2025-12-01,0.5265,-0.5788,0.0779
S_202,51.08,16.97,2026-01-01,0.437,-0.5034,0.0439
S_202,51.08,16.97,2026-02-01,0.3881,-0.4557,-0.0486
S_202,51.08,16.97,2026-03-01,0.4114,-0.4826,-0.0287
S_203,51.1,16.97,2023-06-01,0.522950000036626,-0.4979250000312396,0.1800750000231929
S_203,51.1,16.97,2023-07-01,0.4928750000132927,-0.4778750000130751,0.1288250000067059
S_203,51.1,16.97,2023-08-01,0.5046750000245588,-0.4759000000218901,0.1160000000093764
S_203,51.1,16.97,2023-09-01,0.525225000036862,-0.5007500000329757,0.1500750000172595
S_203,51.1,16.97,2023-10-01,0.4947750000198466,-0.4694000000164872,0.1139250000098431
S_203,51.1,16.97,2023-11-01,0.3399658382118913,-0.3261048209043173,0.0452462821532491
S_203,51.1,16.97,2023-12-01,0.3278250000359949,-0.3457250000383784,-0.0158499999801384
S_203,51.1,16.97,2024-01-01,0.1690000000223006,-0.1822000000213023,0.409525000007597
S_203,51.1,16.97,2024-02-01,0.3025000000226712,-0.3479500000196607,-0.0505249999824043
S_203,51.1,16.97,2024-03-01,0.4491024648991334,-0.4274290946641196,0.1181665057382867
S_203,51.1,16.97,2024-04-01,0.4991750000096001,-0.4562750000065567,0.1505000000065195
S_203,51.1,16.97,2024-05-01,0.4915500000349442,-0.4730750000296795,0.1278750000171576
S_203,51.1,16.97,2024-06-01,0.5241000000084356,-0.4866000000053389,0.1671500000090305
S_203,51.1,16.97,2024-07-01,0.5107000000261741,-0.4869500000230506,0.1247000000082895
S_203,51.1,16.97,2024-08-01,0.5230000000208307,-0.4927750000176106,0.1404750000070064
S_203,51.1,16.97,2024-09-01,0.5170750000108488,-0.5026250000112171,0.1315000000011424
S_203,51.1,16.97,2024-10-01,0.4443250000229245,-0.4539500000221744,0.0608500000094025
S_203,51.1,16.97,2024-11-01,0.3665750000426582,-0.3836500000425653,0.0097750000169918
S_203,51.1,16.97,2024-12-01,0.2905500000327695,-0.3015500000318459,0.0305750000183069
S_203,51.1,16.97,2025-01-01,0.3329750000266493,-0.3884500000256852,-0.0122249999844943
S_203,51.1,16.97,2025-02-01,0.3035000000242899,-0.3606000000251829,-0.0367249999889611
S_203,51.1,16.97,2025-03-01,0.3077500000165387,-0.3545500000167705,-0.0418249999949719
S_203,51.1,16.97,2025-04-01,0.5177000000118389,-0.4813500000103439,0.1532000000060837
S_203,51.1,16.97,2025-05-01,0.4856250000110464,-0.4467000000089341,0.1513750000075951
S_203,51.1,16.97,2025-06-01,0.5272750000169986,-0.5114500000154045,0.1636750000095337
S_203,51.1,16.97,2025-07-01,0.491700000038584,-0.4778000000333612,0.135375000020176
S_203,51.1,16.97,2025-08-01,0.5101250000180831,-0.4839500000157517,0.1312000000076832
S_203,51.1,16.97,2025-09-01,0.5096250000250799,-0.4870750000236125,0.1290500000094178
S_203,51.1,16.97,2025-10-01,0.3364764706040699,-0.2965764706006517,0.1332588235377354
S_203,51.1,16.97,2025-11-01,0.4188750000188754,-0.4436000000177617,0.0417750000101347
S_203,51.1,16.97,2025-12-01,0.3962750000500101,-0.4421500000520135,0.0108000000271866
S_203,51.1,16.97,2026-01-01,0.3325750000142259,-0.4081500000162055,-0.024099999992445
S_203,51.1,16.97,2026-02-01,0.2885500000043615,-0.3560000000042224,-0.0853499999973586
S_203,51.1,16.97,2026-03-01,0.3061750000425272,-0.380575000042452,-0.0719999999806429
S_204,51.12,16.97,2023-06-01,0.457,-0.441,0.1404
S_204,51.12,16.97,2023-07-01,0.4399,-0.4281,0.1005
S_204,51.12,16.97,2023-08-01,0.4606,-0.4355,0.1076
S_204,51.12,16.97,2023-09-01,0.4808,-0.4572,0.1381
S_204,51.12,16.97,2023-10-01,0.428,-0.41,0.0825
S_204,51.12,16.97,2023-11-01,0.3006,-0.2956,0.0443
S_204,51.12,16.97,2023-12-01,0.2569,-0.2645,-0.049
S_204,51.12,16.97,2024-01-01,0.1462,-0.156,0.324
S_204,51.12,16.97,2024-02-01,0.25,-0.3001,-0.089
S_204,51.12,16.97,2024-03-01,0.3267250000143072,-0.3278750000148221,0.0093500000096475
S_204,51.12,16.97,2024-04-01,0.4369,-0.4002,0.114
S_204,51.12,16.97,2024-05-01,0.4356,-0.4248,0.1022
S_204,51.12,16.97,2024-06-01,0.4832,-0.4481,0.1571
S_204,51.12,16.97,2024-07-01,0.4641,-0.4446,0.117
S_204,51.12,16.97,2024-08-01,0.4688,-0.4469,0.1252
S_204,51.12,16.97,2024-09-01,0.4627,-0.4504,0.1096
S_204,51.12,16.97,2024-10-01,0.3897,-0.3948,0.0421
S_204,51.12,16.97,2024-11-01,0.3005,-0.3116,-0.0208
S_204,51.12,16.97,2024-12-01,0.218,-0.2234,0.0009
S_204,51.12,16.97,2025-01-01,0.2689,-0.3112,-0.0441
S_204,51.12,16.97,2025-02-01,0.2421,-0.2946,-0.0612
S_204,51.12,16.97,2025-03-01,0.2622,-0.3022,-0.0511
S_204,51.12,16.97,2025-04-01,0.4661,-0.4355,0.1322
S_204,51.12,16.97,2025-05-01,0.444,-0.4085,0.1359
S_204,51.12,16.97,2025-06-01,0.4684,-0.4591,0.1286
S_204,51.12,16.97,2025-07-01,0.3865,-0.3887,0.0772
S_204,51.12,16.97,2025-08-01,0.4619,-0.4413,0.1132
S_204,51.12,16.97,2025-09-01,0.4605,-0.4396,0.1127
S_204,51.12,16.97,2025-10-01,0.4073,-0.3537,0.1751
S_204,51.12,16.97,2025-11-01,0.357,-0.3814,0.0055
S_204,51.12,16.97,2025-12-01,0.3294,-0.3583,-0.0259
S_204,51.12,16.97,2026-01-01,0.2717,-0.3441,-0.0638
S_204,51.12,16.97,2026-02-01,0.2325,-0.2932,-0.1082
S_204,51.12,16.97,2026-03-01,0.2519,-0.3216,-0.0984
S_205,51.14,16.97,2023-06-01,0.504885714296591,-0.4701285714426349,0.1853999999997884
S_205,51.14,16.97,2023-07-01,0.4753142857242583,-0.4479571428671079,0.1246000000032444
S_205,51.14,16.97,2023-08-01,0.5184571428593003,-0.4749571428599578,0.1108285714350249
S_205,51.14,16.97,2023-09-01,0.5276000000098685,-0.4881285714430923,0.1663285714232752
S_205,51.14,16.97,2023-10-01,0.516828571432446,-0.4778571428634745,0.1262000000005365
S_205,51.14,16.97,2023-11-01,0.311928571475675,-0.2996714286186058,0.0388142857218126
S_205,51.14,16.97,2023-12-01,0.2862142857458838,-0.3053000000267119,-0.0037428571589871
S_205,51.14,16.97,2024-01-01,0.1827857143100107,-0.20562857145118,0.2687714285579393
S_205,51.14,16.97,2024-02-01,0.2529285714452,-0.3073000000097653,-0.0727428571398846
S_205,51.14,16.97,2024-03-01,0.3691206248791211,-0.3751998779575871,-0.0019950787408427
S_205,51.14,16.97,2024-04-01,0.4638142857289482,-0.4255571428651798,0.1207571428635901
S_205,51.14,16.97,2024-05-01,0.4746714285872948,-0.4437571428721751,0.1286285714344236
S_205,51.14,16.97,2024-06-01,0.4884285714543616,-0.4542285714494637,0.1337142857299605
S_205,51.14,16.97,2024-07-01,0.501171428584034,-0.4594285714454968,0.1327428571441465
S_205,51.14,16.97,2024-08-01,0.5360571428691716,-0.4869142857255397,0.1588571428601354
S_205,51.14,16.97,2024-09-01,0.4932571428761679,-0.4734428571579667,0.1898999999514337
S_205,51.14,16.97,2024-10-01,0.4408571428654899,-0.4329571428663642,0.0609142857126571
S_205,51.14,16.97,2024-11-01,0.335357142866801,-0.3443714285785197,-0.0017000000020567
S_205,51.14,16.97,2024-12-01,0.2279285714474762,-0.2306000000172229,0.014985714282849
S_205,51.14,16.97,2025-01-01,0.273200000001153,-0.3241000000006059,-0.0229857142855572
S_205,51.14,16.97,2025-02-01,0.2555857143082648,-0.3150571428808086,-0.0603571428562508
S_205,51.14,16.97,2025-03-01,0.2692428571539124,-0.315800000011635,-0.0528714285773181
S_205,51.14,16.97,2025-04-01,0.5348428571524816,-0.4733571428699333,0.1696999999995468
S_205,51.14,16.97,2025-05-01,0.5285142857029901,-0.4655000000012727,0.1822714285557738
S_205,51.14,16.97,2025-06-01,0.5201285714421198,-0.494714285728178,0.1487428571505711
S_205,51.14,16.97,2025-07-01,0.5330428571462985,-0.513814285717622,0.1586714285728029
S_205,51.14,16.97,2025-08-01,0.5062000000072876,-0.4669428571581255,0.1460714285635422
S_205,51.14,16.97,2025-09-01,0.5028142857240633,-0.4658571428653031,0.1504000000042462
S_205,51.14,16.97,2025-10-01,0.3829687650892979,-0.3414388910420659,0.1386604425350228
S_205,51.14,16.97,2025-11-01,0.3856142857317438,-0.4083857143042961,0.0135142857180805
S_205,51.14,16.97,2025-12-01,0.3262857143066666,-0.3771571428778615,-0.015228571423664
S_205,51.14,16.97,2026-01-01,0.259728571440808,-0.3308285714449973,-0.0292428571475225
S_205,51.14,16.97,2026-02-01,0.237400000010876,-0.3134142857222236,-0.0952142857222625
S_205,51.14,16.97,2026-03-01,0.2491714285953466,-0.3237571428822931,-0.0819142857244071
S_206,51.16,16.97,2023-06-01,0.6500555286107964,-0.5908278827817215,0.2688702865166364
S_206,51.16,16.97,2023-07-01,0.5376391052361754,-0.5231818603419133,0.1027008483201866
S_206,51.16,16.97,2023-08-01,0.5550340661050384,-0.5177696000115207,0.0708798712307796
S_206,51.16,16.97,2023-09-01,0.6428988835766073,-0.5799728003322864,0.1772842238500866
S_206,51.16,16.97,2023-10-01,0.5792209378236675,-0.5384559862986258,0.1098406400681171
S_206,51.16,16.97,2023-11-01,0.4143369983099553,-0.4034447245747569,0.0380133652429749
S_206,51.16,16.97,2023-12-01,0.3636646360291573,-0.3948036661132605,2.46547084106116e-05
S_206,51.16,16.97,2024-01-01,0.2438673231690436,-0.2966570912173537,0.2088620274245912
S_206,51.16,16.97,2024-02-01,0.3086876530108481,-0.3797332848104584,-0.0737426880755208
S_206,51.16,16.97,2024-03-01,0.42122298582165,-0.4252626353938269,0.0127695526156844
S_206,51.16,16.97,2024-04-01,0.6202674653090254,-0.5541824601637161,0.1978049247050206
S_206,51.16,16.97,2024-05-01,0.5730524704634105,-0.5293106110724141,0.1691600071705939
S_206,51.16,16.97,2024-06-01,0.5675630930744264,-0.5184889197285637,0.1589439270474159
S_206,51.16,16.97,2024-07-01,0.5943531569822015,-0.5416984651675087,0.1309101845654988
S_206,51.16,16.97,2024-08-01,0.6416702472316507,-0.5742718098201486,0.1890559781679242
S_206,51.16,16.97,2024-09-01,0.611615602815559,-0.5662729147388325,0.2032818718443876
S_206,51.16,16.97,2024-10-01,0.5400041711845371,-0.5198388764059519,0.0794293228337892
S_206,51.16,16.97,2024-11-01,0.4149827838205002,-0.4278516891976693,0.028828569302836
S_206,51.16,16.97,2024-12-01,0.3614773262655134,-0.3947301122324449,0.0380086023383307
S_206,51.16,16.97,2025-01-01,0.3327453359326457,-0.4076658079509218,-0.0202363625883171
S_206,51.16,16.97,2025-02-01,0.3249413069358933,-0.4153657802023631,-0.0763837187855823
S_206,51.16,16.97,2025-03-01,0.3025937022673269,-0.3684104018792654,-0.0691824994579608
S_206,51.16,16.97,2025-04-01,0.6103515747883878,-0.542691500585936,0.1926416779555334
S_206,51.16,16.97,2025-05-01,0.6240280445982279,-0.55001155418791,0.2253532910364617
S_206,51.16,16.97,2025-06-01,0.6122085827079828,-0.5751084682916779,0.1791627139374562
S_206,51.16,16.97,2025-07-01,0.6303218727977726,-0.5936373056903168,0.1813989817532767
S_206,51.16,16.97,2025-08-01,0.6313829652455745,-0.5687605399944488,0.1765606936847969
S_206,51.16,16.97,2025-09-01,0.6023654646837989,-0.5527864614115958,0.1475424788785274
S_206,51.16,16.97,2025-10-01,0.3708089537246937,-0.3347933116279219,0.1225702235599756
S_206,51.16,16.97,2025-11-01,0.4712312367958439,-0.519540620426239,0.0069363625913198
S_206,51.16,16.97,2025-12-01,0.3650210915199046,-0.4332204524071271,0.0109222634495849
S_206,51.16,16.97,2026-01-01,0.331148918791887,-0.4323986466260925,-0.0493809368739143
S_206,51.16,16.97,2026-02-01,0.2723673427953205,-0.3652706575305797,-0.1115599401505506
S_206,51.16,16.97,2026-03-01,0.2859857194204254,-0.3849753730454071,-0.0808871675807855
S_207,51.18,16.97,2023-06-01,0.7573,-0.6867,0.285
S_207,51.18,16.97,2023-07-01,0.6201,-0.6034,0.0706
S_207,51.18,16.97,2023-08-01,0.6092,-0.5759,0.0154
S_207,51.18,16.97,2023-09-01,0.7706,-0.6799,0.1921
S_207,51.18,16.97,2023-10-01,0.6842,-0.6177,0.1182
S_207,51.18,16.97,2023-11-01,0.6059,-0.5777,0.0717
S_207,51.18,16.97,2023-12-01,0.4681,-0.5071,-0.0036
S_207,51.18,16.97,2024-01-01,0.3027,-0.3875,0.1957
S_207,51.18,16.97,2024-02-01,0.3513,-0.4421,-0.0954
S_207,51.18,16.97,2024-03-01,0.5395,-0.5333,0.054
S_207,51.18,16.97,2024-04-01,0.7298,-0.6571,0.2331
S_207,51.18,16.97,2024-05-01,0.6892,-0.6325,0.2004
S_207,51.18,16.97,2024-06-01,0.6476,-0.5826,0.1444
S_207,51.18,16.97,2024-07-01,0.6685,-0.6158,0.082
S_207,51.18,16.97,2024-08-01,0.7394,-0.6556,0.1698
S_207,51.18,16.97,2024-09-01,0.7262,-0.6592,0.1442
S_207,51.18,16.97,2024-10-01,0.6412,-0.6163,0.0674
S_207,51.18,16.97,2024-11-01,0.5377,-0.5522,0.0827
S_207,51.18,16.97,2024-12-01,0.4023,-0.473,0.0463
S_207,51.18,16.97,2025-01-01,0.3904,-0.4998,-0.0329
S_207,51.18,16.97,2025-02-01,0.3321,-0.4498,-0.1023
S_207,51.18,16.97,2025-03-01,0.3513,-0.4448,-0.0905
S_207,51.18,16.97,2025-04-01,0.7417,-0.6667,0.2365
S_207,51.18,16.97,2025-05-01,0.7298,-0.6549,0.2517
S_207,51.18,16.97,2025-06-01,0.6613,-0.6312,0.124
S_207,51.18,16.97,2025-07-01,0.6385,-0.608,0.1051
S_207,51.18,16.97,2025-08-01,0.7232,-0.6466,0.1658
S_207,51.18,16.97,2025-09-01,0.7155,-0.6485,0.1424
S_207,51.18,16.97,2025-10-01,0.3546615414741698,-0.3320295215894808,0.0926992722173779
S_207,51.18,16.97,2025-11-01,0.5203,-0.5687,0.0196
S_207,51.18,16.97,2025-12-01,0.3814,-0.5085,0.015
S_207,51.18,16.97,2026-01-01,0.328,-0.4756,-0.0871
S_207,51.18,16.97,2026-02-01,0.2904,-0.4181,-0.1667
S_207,51.18,16.97,2026-03-01,0.3083,-0.4463,-0.0938
S_208,51.2,16.97,2023-06-01,0.7235093693144832,-0.6657715894164351,0.2994447669788985
S_208,51.2,16.97,2023-07-01,0.5934016280760175,-0.5902142534804143,0.1213413814557543
S_208,51.2,16.97,2023-08-01,0.5541521696086372,-0.5330092564338332,0.0426428168372555
S_208,51.2,16.97,2023-09-01,0.6798648913543007,-0.6239340820004333,0.145840162122308
S_208,51.2,16.97,2023-10-01,0.5445709384240554,-0.5239592598607697,0.0606206060805038
S_208,51.2,16.97,2023-11-01,0.5575413649248276,-0.5614168283779126,0.05375497708262
S_208,51.2,16.97,2023-12-01,0.4374226194786312,-0.4683970961754039,0.0366057911161504
S_208,51.2,16.97,2024-01-01,0.3204255233084165,-0.3863061200319975,0.1592042992883268
S_208,51.2,16.97,2024-02-01,0.4104351086683208,-0.4811162269948918,-0.0457517608841808
S_208,51.2,16.97,2024-03-01,0.5544701697033805,-0.5387594228847993,0.0861815874663371
S_208,51.2,16.97,2024-04-01,0.6617761777389761,-0.6026980430431538,0.1982517774120712
S_208,51.2,16.97,2024-05-01,0.6190462257264244,-0.5815804040557911,0.1837770915111963
S_208,51.2,16.97,2024-06-01,0.6468065054048797,-0.5818541431230789,0.1962254999449645
S_208,51.2,16.97,2024-07-01,0.6007105555796192,-0.5646604392852654,0.1045908000159527
S_208,51.2,16.97,2024-08-01,0.6788953552844074,-0.6258405708678046,0.1542214565971867
S_208,51.2,16.97,2024-09-01,0.6454632233733408,-0.6066929496422196,0.1432461624441168
S_208,51.2,16.97,2024-10-01,0.5664844074984242,-0.565759292917673,0.0399416305648352
S_208,51.2,16.97,2024-11-01,0.4807834042351179,-0.489215240243581,0.0592725596290596
S_208,51.2,16.97,2024-12-01,0.3873232938390572,-0.4321048607875152,0.05312637381284
S_208,51.2,16.97,2025-01-01,0.3973359990637324,-0.4812890590791375,-0.0208909761561668
S_208,51.2,16.97,2025-02-01,0.3677062163717839,-0.4602810619004819,-0.0552597016503876
S_208,51.2,16.97,2025-03-01,0.3602962057600208,-0.4337911123889333,-0.0822529237835141
S_208,51.2,16.97,2025-04-01,0.5951397271886832,-0.5683766331945778,0.1327459999796995
S_208,51.2,16.97,2025-05-01,0.6864285633775656,-0.6173287959512033,0.2504611535540678
S_208,51.2,16.97,2025-06-01,0.6717566615996503,-0.6368042993154219,0.1986457770954211
S_208,51.2,16.97,2025-07-01,0.6606759052775332,-0.6259273206882582,0.202591241813359
S_208,51.2,16.97,2025-08-01,0.6789107249034283,-0.6290862681490554,0.1671238154658279
S_208,51.2,16.97,2025-09-01,0.6451444050140985,-0.609074749202504,0.1254708751588441
S_208,51.2,16.97,2025-10-01,0.3529691342336592,-0.3345023774034198,0.0870949314232137
S_208,51.2,16.97,2025-11-01,0.4714047644742896,-0.5355263173974008,-0.0180698484798497
S_208,51.2,16.97,2025-12-01,0.4027933749138235,-0.4737769552672304,0.0341155292324857
S_208,51.2,16.97,2026-01-01,0.264076114436168,-0.3292418562794787,0.1907854877699323
S_208,51.2,16.97,2026-02-01,0.3048489933078078,-0.4128453917494927,-0.1340682438041845
S_208,51.2,16.97,2026-03-01,0.3255871984511527,-0.4362006578373217,-0.1069248654715718
S_209,51.22,16.97,2023-06-01,0.5903,-0.5764,0.2183
S_209,51.22,16.97,2023-07-01,0.5343,-0.5526,0.1437
S_209,51.22,16.97,2023-08-01,0.4863,-0.4893,0.0432
S_209,51.22,16.97,2023-09-01,0.5499,-0.5359,0.0863
S_209,51.22,16.97,2023-10-01,0.4138,-0.4282,0.0004
S_209,51.22,16.97,2023-11-01,0.4919,-0.5051,0.0383
S_209,51.22,16.97,2023-12-01,0.4291,-0.4491,0.0655
S_209,51.22,16.97,2024-01-01,0.3229,-0.3781,0.1619
S_209,51.22,16.97,2024-02-01,0.4209,-0.4485,0.0253
S_209,51.22,16.97,2024-03-01,0.6452,-0.5868,0.2022
S_209,51.22,16.97,2024-04-01,0.4848,-0.4795,0.1041
S_209,51.22,16.97,2024-05-01,0.5189,-0.5129,0.1403
S_209,51.22,16.97,2024-06-01,0.5523,-0.5078,0.1689
S_209,51.22,16.97,2024-07-01,0.5121,-0.5057,0.0833
S_209,51.22,16.97,2024-08-01,0.5773,-0.559,0.1131
S_209,51.22,16.97,2024-09-01,0.4858,-0.5108,0.0383
S_209,51.22,16.97,2024-10-01,0.3991,-0.4545,-0.0557
S_209,51.22,16.97,2024-11-01,0.3788,-0.3867,0.0369
S_209,51.22,16.97,2024-12-01,0.3946,-0.3809,0.0682
S_209,51.22,16.97,2025-01-01,0.4121,-0.461,0.0276
S_209,51.22,16.97,2025-02-01,0.3792,-0.431,0.0077
S_209,51.22,16.97,2025-03-01,0.3951,-0.4347,-0.0301
S_209,51.22,16.97,2025-04-01,0.5847,-0.5614,0.1738
S_209,51.22,16.97,2025-05-01,0.5931,-0.5608,0.2107
S_209,51.22,16.97,2025-06-01,0.5931,-0.5836,0.1996
S_209,51.22,16.97,2025-07-01,0.5153,-0.5413,0.1694
S_209,51.22,16.97,2025-08-01,0.5042,-0.522,0.0617
S_209,51.22,16.97,2025-09-01,0.5098,-0.5184,0.054
S_209,51.22,16.97,2025-10-01,0.3047,-0.3076,0.059
S_209,51.22,16.97,2025-11-01,0.3876,-0.4652,-0.052
S_209,51.22,16.97,2025-12-01,0.3541,-0.4053,0.0272
S_209,51.22,16.97,2026-01-01,0.1579,-0.1845,0.4072
S_209,51.22,16.97,2026-02-01,0.2912,-0.3837,-0.1144
S_209,51.22,16.97,2026-03-01,0.3075,-0.4054,-0.1099
S_210,51.24,16.97,2023-06-01,0.6438276894908881,-0.6126953318842444,0.2729118877663281
S_210,51.24,16.97,2023-07-01,0.5460601269162583,-0.5624837331400739,0.1370409562119018
S_210,51.24,16.97,2023-08-01,0.4551858263636587,-0.4586825936138499,0.0538224998050715
S_210,51.24,16.97,2023-09-01,0.5768583859823885,-0.5559459532437402,0.1079722706264896
S_210,51.24,16.97,2023-10-01,0.4412558675054271,-0.4523940162164813,0.0243389427982251
S_210,51.24,16.97,2023-11-01,0.5198030400661425,-0.5363568542558378,0.066028699605335
S_210,51.24,16.97,2023-12-01,0.4352141172232058,-0.4526000963438428,0.0960687654053412
S_210,51.24,16.97,2024-01-01,0.3337782544055352,-0.3888957406098076,0.1527572230871343
S_210,51.24,16.97,2024-02-01,0.3972325502750807,-0.4433102996190597,0.0198027675839823
S_210,51.24,16.97,2024-03-01,0.4703011651577628,-0.4618961911636065,0.0405072376502456
S_210,51.24,16.97,2024-04-01,0.5001852813751516,-0.4867466923870047,0.1158811509334711
S_210,51.24,16.97,2024-05-01,0.5641786397672557,-0.5463237989203267,0.1727172536308351
S_210,51.24,16.97,2024-06-01,0.6214767791318858,-0.567206601730095,0.2156746294762143
S_210,51.24,16.97,2024-07-01,0.5280932785991234,-0.5169952355603222,0.0929644826547477
S_210,51.24,16.97,2024-08-01,0.575715160454225,-0.5619362881103104,0.1059627981662659
S_210,51.24,16.97,2024-09-01,0.5571998802891133,-0.554057143264731,0.0940950593974411
S_210,51.24,16.97,2024-10-01,0.4752907601105319,-0.5045859392185247,0.0038376436542169
S_210,51.24,16.97,2024-11-01,0.4314187619885024,-0.4346174064166175,0.0549565253459312
S_210,51.24,16.97,2024-12-01,0.3990034814005693,-0.3963157804683552,0.0888150526869463
S_210,51.24,16.97,2025-01-01,0.4269611934466498,-0.4800795700711447,0.0415001362288873
S_210,51.24,16.97,2025-02-01,0.3734067379584098,-0.4307279220641325,0.0848099142799566
S_210,51.24,16.97,2025-03-01,0.3795651638276958,-0.4256802678079984,-0.0413944414791011
S_210,51.24,16.97,2025-04-01,0.5115705131372565,-0.5138057745688014,0.0897744835073753
S_210,51.24,16.97,2025-05-01,0.6079041066275656,-0.568121031334078,0.2134873181558212
S_210,51.24,16.97,2025-06-01,0.6331281546569316,-0.6087770516104183,0.217987005770604
S_210,51.24,16.97,2025-07-01,0.5716965911597252,-0.5651320686105098,0.1774577281414122
S_210,51.24,16.97,2025-08-01,0.5716502291928451,-0.5671834606653157,0.1119871585747013
S_210,51.24,16.97,2025-09-01,0.5647582662846119,-0.5559605521673354,0.1007615788241996
S_210,51.24,16.97,2025-10-01,0.3246023408110446,-0.3284707011220655,0.0637103193437159
S_210,51.24,16.97,2025-11-01,0.4512003289268593,-0.506716788481628,-0.0016149677454655
S_210,51.24,16.97,2025-12-01,0.3956244003097144,-0.4423054222926371,0.0708534288243405
S_210,51.24,16.97,2026-01-01,0.1766046515713056,-0.2008482624686371,0.4286068839524907
S_210,51.24,16.97,2026-02-01,0.3081399694549294,-0.3996545119364955,-0.0891275367122946
S_210,51.24,16.97,2026-03-01,0.3177666157417152,-0.4104756395931299,-0.0934243604096196
S_211,50.96,16.99,2023-06-01,0.722,-0.6809,0.376
S_211,50.96,16.99,2023-07-01,0.5391,-0.5472,0.2013
S_211,50.96,16.99,2023-08-01,0.4681,-0.4971,-0.0277
S_211,50.96,16.99,2023-09-01,0.4872,-0.5202,-0.0201
S_211,50.96,16.99,2023-10-01,0.3537,-0.4347,-0.1676
S_211,50.96,16.99,2023-11-01,0.5109,-0.4692,0.0759
S_211,50.96,16.99,2023-12-01,0.5629,-0.5279,0.1689
S_211,50.96,16.99,2024-01-01,0.2219,-0.229,0.6832
S_211,50.96,16.99,2024-02-01,0.3862,-0.448,-0.0492
S_211,50.96,16.99,2024-03-01,0.7404,-0.6444,0.3277
S_211,50.96,16.99,2024-04-01,0.7091,-0.6701,0.2864
S_211,50.96,16.99,2024-05-01,0.7178,-0.6708,0.3297
S_211,50.96,16.99,2024-06-01,0.5558,-0.5802,0.147
S_211,50.96,16.99,2024-07-01,0.4874,-0.5166,-0.0141
S_211,50.96,16.99,2024-08-01,0.6149,-0.5829,0.1106
S_211,50.96,16.99,2024-09-01,0.5891,-0.5781,0.1142
S_211,50.96,16.99,2024-10-01,0.4482,-0.5219,-0.0241
S_211,50.96,16.99,2024-11-01,0.3675,-0.4747,-0.0896
S_211,50.96,16.99,2024-12-01,0.2848,-0.3724,-0.1224
S_211,50.96,16.99,2025-01-01,0.3335,-0.466,-0.1214
S_211,50.96,16.99,2025-02-01,0.317,-0.4216,-0.1654
S_211,50.96,16.99,2025-03-01,0.3299,-0.4241,-0.1987
S_211,50.96,16.99,2025-04-01,0.4092,-0.4705,-0.0923
S_211,50.96,16.99,2025-05-01,0.4055,-0.4533,-0.0852
S_211,50.96,16.99,2025-06-01,0.7681,-0.7149,0.3162
S_211,50.96,16.99,2025-07-01,0.7528,-0.6975,0.3267
S_211,50.96,16.99,2025-08-01,0.7141,-0.6729,0.2839
S_211,50.96,16.99,2025-09-01,0.5747,-0.5828,0.1032
S_211,50.96,16.99,2025-10-01,0.2626224999261686,-0.2556562718000724,0.090402788493369
S_211,50.96,16.99,2025-11-01,0.2902,-0.4241,-0.1225
S_211,50.96,16.99,2025-12-01,0.3316,-0.5197,-0.1919
S_211,50.96,16.99,2026-01-01,0.3061,-0.4652,-0.2223
S_211,50.96,16.99,2026-02-01,0.2662,-0.399,-0.2529
S_211,50.96,16.99,2026-03-01,0.2856,-0.4196,-0.2464
S_212,50.98,16.99,2023-06-01,0.6346000000381191,-0.619450000028537,0.2230250000656699
S_212,50.98,16.99,2023-07-01,0.6285749999513606,-0.6114249999697032,0.2681249999808956
S_212,50.98,16.99,2023-08-01,0.5694249999428548,-0.570324999961832,0.0834499999354865
S_212,50.98,16.99,2023-09-01,0.5926749999538531,-0.5889499999676678,0.1039749999401227
S_212,50.98,16.99,2023-10-01,0.4852749999621084,-0.5166749999775192,-0.0281250000381993
S_212,50.98,16.99,2023-11-01,0.4559999999976893,-0.4547499999928978,0.0838999999918147
S_212,50.98,16.99,2023-12-01,0.4588500000236321,-0.4782500000097087,0.0485000000118345
S_212,50.98,16.99,2024-01-01,0.1584750000211386,-0.1791750000148417,0.624125000037018
S_212,50.98,16.99,2024-02-01,0.379674999998826,-0.4839249999914768,-0.0989750000005435
S_212,50.98,16.99,2024-03-01,0.4850750000030428,-0.4819250000042082,0.0367749999882123
S_212,50.98,16.99,2024-04-01,0.4717500000048178,-0.492375000010319,0.0173249999892114
S_212,50.98,16.99,2024-05-01,0.5770250000188915,-0.5733500000142759,0.1335500000324467
S_212,50.98,16.99,2024-06-01,0.6243999999887758,-0.5981249999969661,0.1668999999997251
S_212,50.98,16.99,2024-07-01,0.5816999999650948,-0.584549999976335,0.1093499999560047
S_212,50.98,16.99,2024-08-01,0.62977499998419,-0.600899999990115,0.1448749999805187
S_212,50.98,16.99,2024-09-01,0.4872499999918109,-0.5224999999964366,0.0098749999838783
S_212,50.98,16.99,2024-10-01,0.3950999999959605,-0.4799999999971742,-0.1146250000117514
S_212,50.98,16.99,2024-11-01,0.409700000008993,-0.4769250000034119,-0.1113749999793595
S_212,50.98,16.99,2024-12-01,0.3444250000105824,-0.3757000000030751,-0.0292499999802409
S_212,50.98,16.99,2025-01-01,0.4026000000056202,-0.4936000000003169,-0.0799749999953726
S_212,50.98,16.99,2025-02-01,0.3859750000043868,-0.4610250000024802,-0.1296249999889279
S_212,50.98,16.99,2025-03-01,0.3924750000006991,-0.4549000000002802,-0.1414249999957731
S_212,50.98,16.99,2025-04-01,0.5474250000032477,-0.5572500000043609,0.0718000000059059
S_212,50.98,16.99,2025-05-01,0.5379000000232417,-0.541675000018543,0.0763750000306192
S_212,50.98,16.99,2025-06-01,0.7386750000111397,-0.6957750000047319,0.3284000000176708
S_212,50.98,16.99,2025-07-01,0.6879250000084913,-0.6513250000041769,0.3064000000182293
S_212,50.98,16.99,2025-08-01,0.6129249999646914,-0.6054999999788525,0.1790999999690779
S_212,50.98,16.99,2025-09-01,0.5319499999687715,-0.549399999980546,0.0348999999636652
S_212,50.98,16.99,2025-10-01,0.2714903985122425,-0.2560972468931207,0.1116362724985181
S_212,50.98,16.99,2025-11-01,0.3806499999743555,-0.4668749999852212,-0.087450000032131
S_212,50.98,16.99,2025-12-01,0.3931249999788426,-0.5310249999865442,-0.111400000039589
S_212,50.98,16.99,2026-01-01,0.341749999989987,-0.4803499999974662,-0.1929750000242574
S_212,50.98,16.99,2026-02-01,0.2900249999986832,-0.4099249999976329,-0.2452250000043859
S_212,50.98,16.99,2026-03-01,0.3111499999955333,-0.4330499999950357,-0.238425000010793
S_213,51.0,16.99,2023-06-01,0.6872,-0.6658,0.3119
S_213,51.0,16.99,2023-07-01,0.5565,-0.5708,0.2582
S_213,51.0,16.99,2023-08-01,0.483,-0.5154,-0.0157
S_213,51.0,16.99,2023-09-01,0.54,-0.5481,0.028
S_213,51.0,16.99,2023-10-01,0.4209,-0.4762,-0.0865
S_213,51.0,16.99,2023-11-01,0.4676,-0.45,0.1004
S_213,51.0,16.99,2023-12-01,0.5065,-0.4951,0.0476
S_213,51.0,16.99,2024-01-01,0.1559,-0.1715,0.6729
S_213,51.0,16.99,2024-02-01,0.3947,-0.4967,-0.1055
S_213,51.0,16.99,2024-03-01,0.331,-0.3895,-0.1936
S_213,51.0,16.99,2024-04-01,0.4081,-0.4636,-0.0896
S_213,51.0,16.99,2024-05-01,0.5325,-0.5471,0.1015
S_213,51.0,16.99,2024-06-01,0.6366,-0.6009,0.1851
S_213,51.0,16.99,2024-07-01,0.5572,-0.5742,0.088
S_213,51.0,16.99,2024-08-01,0.5728,-0.5727,0.0864
S_213,51.0,16.99,2024-09-01,0.3895,-0.4738,-0.128
S_213,51.0,16.99,2024-10-01,0.3536,-0.4522,-0.2039
S_213,51.0,16.99,2024-11-01,0.4464,-0.4786,-0.0914
S_213,51.0,16.99,2024-12-01,0.4067,-0.3879,0.0784
S_213,51.0,16.99,2025-01-01,0.4696,-0.5131,-0.0136
S_213,51.0,16.99,2025-02-01,0.4486,-0.4961,-0.0764
S_213,51.0,16.99,2025-03-01,0.4367,-0.4765,-0.0962
S_213,51.0,16.99,2025-04-01,0.6363,-0.6201,0.1881
S_213,51.0,16.99,2025-05-01,0.6209,-0.605,0.183
S_213,51.0,16.99,2025-06-01,0.7503,-0.6989,0.3733
S_213,51.0,16.99,2025-07-01,0.6696,-0.6334,0.3466
S_213,51.0,16.99,2025-08-01,0.4873,-0.5288,0.0645
S_213,51.0,16.99,2025-09-01,0.4162,-0.4758,-0.1067
S_213,51.0,16.99,2025-10-01,0.2615253660069443,-0.2469042330256549,0.0900237888579052
S_213,51.0,16.99,2025-11-01,0.3896,-0.4637,-0.1318
S_213,51.0,16.99,2025-12-01,0.3857,-0.5093,-0.1483
S_213,51.0,16.99,2026-01-01,0.3486,-0.4869,-0.2236
S_213,51.0,16.99,2026-02-01,0.2955,-0.4054,-0.2559
S_213,51.0,16.99,2026-03-01,0.3193,-0.431,-0.2559
S_214,51.02,16.99,2023-06-01,0.5927009371648304,-0.5729731279666296,0.2056709384164703
S_214,51.02,16.99,2023-07-01,0.5431379229855643,-0.5467339526039183,0.1857692938323297
S_214,51.02,16.99,2023-08-01,0.5410685561819881,-0.5301348031040367,0.0846508140232252
S_214,51.02,16.99,2023-09-01,0.5730507410690807,-0.5583612168289919,0.118148335463244
S_214,51.02,16.99,2023-10-01,0.4890876869936226,-0.5025089109924016,0.0164596617491106
S_214,51.02,16.99,2023-11-01,0.522999083408071,-0.49974319252203,0.1386263077291055
S_214,51.02,16.99,2023-12-01,0.4095302712367153,-0.4325594924341068,-0.0080537178429676
S_214,51.02,16.99,2024-01-01,0.1491590438070975,-0.1747315070949075,0.5503087747327764
S_214,51.02,16.99,2024-02-01,0.3310319391757717,-0.4518276632327339,-0.127272157732598
S_214,51.02,16.99,2024-03-01,0.3814105954814529,-0.400019194071301,-0.0474590272419746
S_214,51.02,16.99,2024-04-01,0.4520887301714373,-0.463842816836234,0.0177828592591276
S_214,51.02,16.99,2024-05-01,0.5243635027145187,-0.5223186724706488,0.1061419264224867
S_214,51.02,16.99,2024-06-01,0.5973238456448013,-0.5596219850103687,0.1713787030238526
S_214,51.02,16.99,2024-07-01,0.5470987476021092,-0.5426329259338665,0.110289235225699
S_214,51.02,16.99,2024-08-01,0.56545868184757,-0.5480163301642498,0.1206242076554361
S_214,51.02,16.99,2024-09-01,0.4813315869127547,-0.5092854409957499,0.0140493387662957
S_214,51.02,16.99,2024-10-01,0.4329085421648035,-0.4834903981203091,-0.0619842216427175
S_214,51.02,16.99,2024-11-01,0.4240033923621827,-0.4598887136387236,-0.0474498671656839
S_214,51.02,16.99,2024-12-01,0.3297497144107923,-0.333248318933514,0.0486964548831481
S_214,51.02,16.99,2025-01-01,0.396450508479351,-0.4595694465945834,-0.0288892916468909
S_214,51.02,16.99,2025-02-01,0.3796398964745407,-0.4394091834597389,-0.0715947538465147
S_214,51.02,16.99,2025-03-01,0.3892989402827518,-0.4366290518977217,-0.0758973287562932
S_214,51.02,16.99,2025-04-01,0.5830606786916739,-0.5621892984928979,0.1640031033349369
S_214,51.02,16.99,2025-05-01,0.5723356205742325,-0.5470096321095159,0.1758901091194988
S_214,51.02,16.99,2025-06-01,0.6548759189194286,-0.6210560105831273,0.2881751812768978
S_214,51.02,16.99,2025-07-01,0.5902030468980838,-0.5683838363003811,0.250217356796964
S_214,51.02,16.99,2025-08-01,0.4935690378810645,-0.5058829624247692,0.0841606883965745
S_214,51.02,16.99,2025-09-01,0.4788284106171797,-0.4966686126361853,0.0114423283198267
S_214,51.02,16.99,2025-10-01,0.3059324703300465,-0.2707677484673907,0.1121977841529824
S_214,51.02,16.99,2025-11-01,0.4395944648477589,-0.482900448634204,-0.0240563725514834
S_214,51.02,16.99,2025-12-01,0.4267608080941203,-0.5139423351375761,-0.032756412463465
S_214,51.02,16.99,2026-01-01,0.3614360788740869,-0.4654644495602846,-0.1043250814984491
S_214,51.02,16.99,2026-02-01,0.3092604392839929,-0.4001537013218621,-0.1615238621777416
S_214,51.02,16.99,2026-03-01,0.3312244402144271,-0.4245986278963545,-0.1510319956202457
S_215,51.04,16.99,2023-06-01,0.6403,-0.5946,0.2636
S_215,51.04,16.99,2023-07-01,0.5351,-0.5389,0.1465
S_215,51.04,16.99,2023-08-01,0.5602,-0.5343,0.1007
S_215,51.04,16.99,2023-09-01,0.6022,-0.5729,0.1505
S_215,51.04,16.99,2023-10-01,0.5603,-0.5388,0.0961
S_215,51.04,16.99,2023-11-01,0.7371,-0.6332,0.3394
S_215,51.04,16.99,2023-12-01,0.4318,-0.4426,0.0123
S_215,51.04,16.99,2024-01-01,0.1726,-0.1955,0.5157
S_215,51.04,16.99,2024-02-01,0.3207,-0.4242,-0.1299
S_215,51.04,16.99,2024-03-01,0.4379,-0.4382,0.0386
S_215,51.04,16.99,2024-04-01,0.5102,-0.488,0.1061
S_215,51.04,16.99,2024-05-01,0.5583,-0.5362,0.1391
S_215,51.04,16.99,2024-06-01,0.6054,-0.5611,0.1759
S_215,51.04,16.99,2024-07-01,0.6176,-0.5816,0.161
S_215,51.04,16.99,2024-08-01,0.6486,-0.5973,0.1954
S_215,51.04,16.99,2024-09-01,0.5485,-0.5535,0.0789
S_215,51.04,16.99,2024-10-01,0.5039,-0.5233,0.0138
S_215,51.04,16.99,2024-11-01,0.4747,-0.4952,0.036
S_215,51.04,16.99,2024-12-01,0.3364,-0.3396,0.0694
S_215,51.04,16.99,2025-01-01,0.4035,-0.4652,0.0092
S_215,51.04,16.99,2025-02-01,0.3769,-0.435,-0.0348
S_215,51.04,16.99,2025-03-01,0.3888,-0.435,-0.0397
S_215,51.04,16.99,2025-04-01,0.5898,-0.5548,0.1761
S_215,51.04,16.99,2025-05-01,0.6006,-0.5586,0.2239
S_215,51.04,16.99,2025-06-01,0.6457,-0.6212,0.2709
S_215,51.04,16.99,2025-07-01,0.5941,-0.5747,0.2194
S_215,51.04,16.99,2025-08-01,0.5534,-0.5334,0.1322
S_215,51.04,16.99,2025-09-01,0.5694,-0.5538,0.1188
S_215,51.04,16.99,2025-10-01,0.3062655732953118,-0.2711220347764953,0.112590483243462
S_215,51.04,16.99,2025-11-01,0.4952,-0.5221,0.0439
S_215,51.04,16.99,2025-12-01,0.4593,-0.538,0.0138
S_215,51.04,16.99,2026-01-01,0.3792,-0.4624,-0.0194
S_215,51.04,16.99,2026-02-01,0.3362,-0.4154,-0.1035
S_215,51.04,16.99,2026-03-01,0.3593,-0.4404,-0.0851
S_216,51.06,16.99,2023-06-01,0.5606769373336924,-0.5356267893992785,0.1955465332796317
S_216,51.06,16.99,2023-07-01,0.5100735498045569,-0.5061311616505692,0.1258490332038691
S_216,51.06,16.99,2023-08-01,0.5347134992984227,-0.5096037013236345,0.11187142494411
S_216,51.06,16.99,2023-09-01,0.565229942328085,-0.541694765553351,0.1551219300118599
S_216,51.06,16.99,2023-10-01,0.5181185678867902,-0.5011907504250117,0.1010558874503315
S_216,51.06,16.99,2023-11-01,0.4854365249697253,-0.4488767134750943,0.1632517351326515
S_216,51.06,16.99,2023-12-01,0.3961654762279997,-0.4158404545638116,0.0164726876020562
S_216,51.06,16.99,2024-01-01,0.1805143181649139,-0.1988752308686693,0.4787884776363574
S_216,51.06,16.99,2024-02-01,0.3224148052746005,-0.385233163954383,-0.0573950434683405
S_216,51.06,16.99,2024-03-01,0.415137388280364,-0.4132879979466126,0.0661947655313271
S_216,51.06,16.99,2024-04-01,0.5050608693800999,-0.4779672618939261,0.1257256926004781
S_216,51.06,16.99,2024-05-01,0.520537049098578,-0.5050211111414931,0.1320307611850208
S_216,51.06,16.99,2024-06-01,0.5436967424627807,-0.5149728355293065,0.1449762409907178
S_216,51.06,16.99,2024-07-01,0.5406872403470414,-0.5202207973283451,0.1260354726284532
S_216,51.06,16.99,2024-08-01,0.5597147006998753,-0.5296109993747811,0.149627146530047
S_216,51.06,16.99,2024-09-01,0.5330244119941551,-0.5297841053687627,0.1181399061596443
S_216,51.06,16.99,2024-10-01,0.4819385209582027,-0.5004249170617606,0.0567502091986347
S_216,51.06,16.99,2024-11-01,0.4287844625158979,-0.4524147186357985,0.0441219733367068
S_216,51.06,16.99,2024-12-01,0.3162114611004497,-0.3208915080179844,0.0635864394328301
S_216,51.06,16.99,2025-01-01,0.3812888780888064,-0.4464013672571003,0.016898676065021
S_216,51.06,16.99,2025-02-01,0.3502175577524253,-0.4103288275892927,-0.0164801515200251
S_216,51.06,16.99,2025-03-01,0.3514375541583466,-0.4031645094206825,-0.0316959415457836
S_216,51.06,16.99,2025-04-01,0.5393261797095413,-0.5106809524346078,0.1534748124521207
S_216,51.06,16.99,2025-05-01,0.5294846537804075,-0.4942198305492209,0.1755350109069678
S_216,51.06,16.99,2025-06-01,0.5723285137890504,-0.5542492244660223,0.2001102417747394
S_216,51.06,16.99,2025-07-01,0.5381689250132277,-0.5226298377156471,0.1688784704557578
S_216,51.06,16.99,2025-08-01,0.5288206060772829,-0.5066696392783695,0.1334846717074907
S_216,51.06,16.99,2025-09-01,0.5347293326670355,-0.5195222258839632,0.1274129942329668
S_216,51.06,16.99,2025-10-01,0.3076343435445576,-0.2724232323611839,0.1138610706828039
S_216,51.06,16.99,2025-11-01,0.4662104509772173,-0.4960326335165645,0.0594582215062195
S_216,51.06,16.99,2025-12-01,0.4460293939305408,-0.5120981710096646,0.0367147799017174
S_216,51.06,16.99,2026-01-01,0.370623506472177,-0.4479461940777455,0.0033383296966096
S_216,51.06,16.99,2026-02-01,0.3270415259580155,-0.4012464466102987,-0.071305321119663
S_216,51.06,16.99,2026-03-01,0.3478072113862698,-0.4245142135651717,-0.053009484167921
S_217,51.08,16.99,2023-06-01,0.5187420563872724,-0.49730353543035,0.1719982576506044
S_217,51.08,16.99,2023-07-01,0.4944251516076349,-0.4814351587910779,0.1266186111828114
S_217,51.08,16.99,2023-08-01,0.5054485534984785,-0.4791171393240571,0.114484758355079
S_217,51.08,16.99,2023-09-01,0.5323047980959534,-0.5080893218751205,0.1546962807300146
S_217,51.08,16.99,2023-10-01,0.4844981530312989,-0.4641922222574026,0.1069995815795149
S_217,51.08,16.99,2023-11-01,0.3247861256058049,-0.3185734885065951,0.0449960894668596
S_217,51.08,16.99,2023-12-01,0.3313263709520306,-0.3486981963580359,-0.0155254400866337
S_217,51.08,16.99,2024-01-01,0.1634243507178547,-0.1772755700489509,0.4238641956156236
S_217,51.08,16.99,2024-02-01,0.3070402886584482,-0.3487951659827294,-0.0447218433656948
S_217,51.08,16.99,2024-03-01,0.3799567929669089,-0.3764021248478374,0.0605403066218489
S_217,51.08,16.99,2024-04-01,0.4952377887249256,-0.4549424135214727,0.1474107468165237
S_217,51.08,16.99,2024-05-01,0.4986290621428356,-0.4802434849131882,0.1339324242904149
S_217,51.08,16.99,2024-06-01,0.513944938826764,-0.4853111905939974,0.1468368832068027
S_217,51.08,16.99,2024-07-01,0.505749163171824,-0.4857257179739568,0.1192126804217129
S_217,51.08,16.99,2024-08-01,0.5156742894175526,-0.4895943471064927,0.132748719382101
S_217,51.08,16.99,2024-09-01,0.5229322584020273,-0.5097537879533806,0.1379205447896118
S_217,51.08,16.99,2024-10-01,0.4491808911388456,-0.4617443471075005,0.0667890260086331
S_217,51.08,16.99,2024-11-01,0.364203726687525,-0.3815922043186978,0.0249982755989801
S_217,51.08,16.99,2024-12-01,0.288263881787421,-0.2994103283989604,0.0284494336488372
S_217,51.08,16.99,2025-01-01,0.3382148485838673,-0.3987269806185207,-0.007526554811012
S_217,51.08,16.99,2025-02-01,0.3090191162476161,-0.3655226696385155,-0.029935638516424
S_217,51.08,16.99,2025-03-01,0.3111932323818784,-0.360135873069867,-0.0381650757688693
S_217,51.08,16.99,2025-04-01,0.5195905844982327,-0.4833597799947628,0.1543880592005696
S_217,51.08,16.99,2025-05-01,0.495152969072706,-0.4557298810123295,0.1597041017619997
S_217,51.08,16.99,2025-06-01,0.5267359163915736,-0.512529881015088,0.1617220166490868
S_217,51.08,16.99,2025-07-01,0.4992122619969398,-0.486480490686903,0.1394667388707336
S_217,51.08,16.99,2025-08-01,0.5039166775768141,-0.4814204401755445,0.1260371970134163
S_217,51.08,16.99,2025-09-01,0.5098275902843581,-0.4896656674557655,0.1303041017709491
S_217,51.08,16.99,2025-10-01,0.3122498116012016,-0.2766876398976073,0.117931573641253
S_217,51.08,16.99,2025-11-01,0.4221852021227068,-0.4493628716532325,0.0445418651275606
S_217,51.08,16.99,2025-12-01,0.4003635246716973,-0.4548787050318976,0.0079677490032255
S_217,51.08,16.99,2026-01-01,0.3364228175578909,-0.4098181494404101,-0.0157131601257437
S_217,51.08,16.99,2026-02-01,0.2929250036789961,-0.3629904365725767,-0.0809912734412425
S_217,51.08,16.99,2026-03-01,0.309516677600787,-0.3841199784596361,-0.0669640656349519
S_218,51.1,16.99,2023-06-01,0.4642,-0.4482,0.1417
S_218,51.1,16.99,2023-07-01,0.4472,-0.436,0.1049
S_218,51.1,16.99,2023-08-01,0.455,-0.4322,0.0939
S_218,51.1,16.99,2023-09-01,0.4787,-0.4586,0.1279
S_218,51.1,16.99,2023-10-01,0.4397,-0.4251,0.086
S_218,51.1,16.99,2023-11-01,0.3006,-0.2883,0.0358
S_218,51.1,16.99,2023-12-01,0.2746,-0.2924,-0.0477
S_218,51.1,16.99,2024-01-01,0.1288,-0.1445,0.4286
S_218,51.1,16.99,2024-02-01,0.2573,-0.3055,-0.0817
S_218,51.1,16.99,2024-03-01,0.346,-0.3427,0.0223
S_218,51.1,16.99,2024-04-01,0.4665,-0.4363,0.1294
S_218,51.1,16.99,2024-05-01,0.4466,-0.4336,0.1069
S_218,51.1,16.99,2024-06-01,0.4938,-0.4652,0.1414
S_218,51.1,16.99,2024-07-01,0.4641,-0.4459,0.1079
S_218,51.1,16.99,2024-08-01,0.4697,-0.4468,0.1156
S_218,51.1,16.99,2024-09-01,0.4754,-0.4649,0.1178
S_218,51.1,16.99,2024-10-01,0.3948,-0.407,0.0413
S_218,51.1,16.99,2024-11-01,0.3053,-0.3238,-0.013
S_218,51.1,16.99,2024-12-01,0.2374,-0.2554,-0.0084
S_218,51.1,16.99,2025-01-01,0.2808,-0.3427,-0.0411
S_218,51.1,16.99,2025-02-01,0.2626,-0.3203,-0.0568
S_218,51.1,16.99,2025-03-01,0.2669,-0.3174,-0.0593
S_218,51.1,16.99,2025-04-01,0.4652,-0.437,0.1234
S_218,51.1,16.99,2025-05-01,0.4391,-0.4067,0.1209
S_218,51.1,16.99,2025-06-01,0.4821,-0.4703,0.1391
S_218,51.1,16.99,2025-07-01,0.4569,-0.4457,0.1207
S_218,51.1,16.99,2025-08-01,0.46,-0.4398,0.1095
S_218,51.1,16.99,2025-09-01,0.4588,-0.4406,0.1076
S_218,51.1,16.99,2025-10-01,0.3314,-0.2951,0.1376
S_218,51.1,16.99,2025-11-01,0.3654,-0.3926,0.0128
S_218,51.1,16.99,2025-12-01,0.3393,-0.3899,-0.0222
S_218,51.1,16.99,2026-01-01,0.2928,-0.3688,-0.046
S_218,51.1,16.99,2026-02-01,0.247,-0.3163,-0.1034
S_218,51.1,16.99,2026-03-01,0.2597,-0.3346,-0.0945
S_219,51.12,16.99,2023-06-01,0.4578537577548464,-0.4338770915028468,0.1533921390508486
S_219,51.12,16.99,2023-07-01,0.4357493621188629,-0.4175422154287953,0.1061387501191478
S_219,51.12,16.99,2023-08-01,0.4638706260400955,-0.4310567014813936,0.1053111170744634
S_219,51.12,16.99,2023-09-01,0.4792514154282376,-0.4512845671069176,0.1419269187788056
S_219,51.12,16.99,2023-10-01,0.4409296299333128,-0.418077789245825,0.0921883049129932
S_219,51.12,16.99,2023-11-01,0.2453467074108929,-0.2377969200376165,0.0241297262641093
S_219,51.12,16.99,2023-12-01,0.2393563725572893,-0.2562423915760208,-0.0349405474676024
S_219,51.12,16.99,2024-01-01,0.1247501561944078,-0.1419351485556759,0.348700561502553
S_219,51.12,16.99,2024-02-01,0.2221387501169333,-0.2720533325014802,-0.0791801315659138
S_219,51.12,16.99,2024-03-01,0.2959576556584446,-0.2958291088678156,0.0011098526832094
S_219,51.12,16.99,2024-04-01,0.4444405708513237,-0.4127001761523656,0.1198474051445542
S_219,51.12,16.99,2024-05-01,0.4432610971177569,-0.420914678721121,0.1156783507438349
S_219,51.12,16.99,2024-06-01,0.4378752143278426,-0.4158254269572699,0.1200690943022973
S_219,51.12,16.99,2024-07-01,0.4589860589225841,-0.4316440361632695,0.1150722706151019
S_219,51.12,16.99,2024-08-01,0.4671380922844329,-0.4352290285237414,0.1344631504319547
S_219,51.12,16.99,2024-09-01,0.453970120964788,-0.4452070104431102,0.1697997908043333
S_219,51.12,16.99,2024-10-01,0.3742967672593925,-0.3800781181559006,0.0447607681992748
S_219,51.12,16.99,2024-11-01,0.2795996146456295,-0.293752209501546,-0.0148942487908805
S_219,51.12,16.99,2024-12-01,0.2048263572862341,-0.2140304240060864,-0.0032385340645573
S_219,51.12,16.99,2025-01-01,0.2455668483039276,-0.2983396405095087,-0.0335676589139083
S_219,51.12,16.99,2025-02-01,0.2287271114535921,-0.2798118712349531,-0.0584761611850066
S_219,51.12,16.99,2025-03-01,0.2443301515182392,-0.2859364642239589,-0.0467763937648359
S_219,51.12,16.99,2025-04-01,0.4701634793465275,-0.4252247292256649,0.1403559074070286
S_219,51.12,16.99,2025-05-01,0.4528483753646717,-0.4054366004664636,0.1479202372509315
S_219,51.12,16.99,2025-06-01,0.4705406671855561,-0.4549950428660483,0.1378837730336284
S_219,51.12,16.99,2025-07-01,0.4930946974684715,-0.4764719816387944,0.1413230846695474
S_219,51.12,16.99,2025-08-01,0.4615475812887836,-0.4323409961007596,0.1218704897848516
S_219,51.12,16.99,2025-09-01,0.4543667519878051,-0.4272688617254593,0.1234893315751978
S_219,51.12,16.99,2025-10-01,0.3289071087744723,-0.290183854790084,0.1279501909919913
S_219,51.12,16.99,2025-11-01,0.3365449664868929,-0.3615548807514173,-0.0013831317227692
S_219,51.12,16.99,2025-12-01,0.3008924679572763,-0.3447734899393749,-0.036814598911676
S_219,51.12,16.99,2026-01-01,0.2612657253269067,-0.3302535251701718,-0.0498030964916812
S_219,51.12,16.99,2026-02-01,0.2163789122318356,-0.2837696558022857,-0.088468124080388
S_219,51.12,16.99,2026-03-01,0.2276947139441247,-0.3001287959397665,-0.0847097780194389
S_220,51.14,16.99,2023-06-01,0.4664,-0.4139,0.1949
S_220,51.14,16.99,2023-07-01,0.4368,-0.3899,0.1286
S_220,51.14,16.99,2023-08-01,0.5117,-0.4434,0.1382
S_220,51.14,16.99,2023-09-01,0.5041,-0.4507,0.1837
S_220,51.14,16.99,2023-10-01,0.48,-0.4293,0.1263
S_220,51.14,16.99,2023-11-01,0.1266,-0.1157,0.0102
S_220,51.14,16.99,2023-12-01,0.2086,-0.24,0.0277
S_220,51.14,16.99,2024-01-01,0.1176,-0.1452,0.2923
S_220,51.14,16.99,2024-02-01,0.1747,-0.2357,-0.0652
S_220,51.14,16.99,2024-03-01,0.2205,-0.2242,-0.0592
S_220,51.14,16.99,2024-04-01,0.4518,-0.4284,0.1166
S_220,51.14,16.99,2024-05-01,0.4629,-0.4069,0.1469
S_220,51.14,16.99,2024-06-01,0.3557,-0.3477,0.0701
S_220,51.14,16.99,2024-07-01,0.4718,-0.4121,0.1355
S_220,51.14,16.99,2024-08-01,0.4867,-0.4212,0.1871
S_220,51.14,16.99,2024-09-01,0.4368,-0.4257,0.3368
S_220,51.14,16.99,2024-10-01,0.3555,-0.3445,0.0703
S_220,51.14,16.99,2024-11-01,0.261,-0.2734,-0.013
S_220,51.14,16.99,2024-12-01,0.1842,-0.1899,0.0259
S_220,51.14,16.99,2025-01-01,0.2002,-0.2514,0.0104
S_220,51.14,16.99,2025-02-01,0.1914,-0.2331,-0.0473
S_220,51.14,16.99,2025-03-01,0.2107,-0.2417,-0.0227
S_220,51.14,16.99,2025-04-01,0.4996,-0.408,0.1817
S_220,51.14,16.99,2025-05-01,0.5044,-0.4145,0.2014
S_220,51.14,16.99,2025-06-01,0.476,-0.4394,0.1569
S_220,51.14,16.99,2025-07-01,0.6846,-0.6312,0.2514
S_220,51.14,16.99,2025-08-01,0.49,-0.4267,0.1687
S_220,51.14,16.99,2025-09-01,0.464,-0.4071,0.173
S_220,51.14,16.99,2025-10-01,0.3661527599027976,-0.3247665730032826,0.1326647006809712
S_220,51.14,16.99,2025-11-01,0.3065,-0.3223,-0.0008
S_220,51.14,16.99,2025-12-01,0.2467,-0.2919,-0.0311
S_220,51.14,16.99,2026-01-01,0.2349,-0.289,-0.0126
S_220,51.14,16.99,2026-02-01,0.1774,-0.249,-0.0337
S_220,51.14,16.99,2026-03-01,0.1794,-0.2505,-0.0437
S_221,51.16,16.99,2023-06-01,0.6310559968647734,-0.5754002656105388,0.2572964548613415
S_221,51.16,16.99,2023-07-01,0.5469162434723753,-0.5226631834510006,0.1226351884598964
S_221,51.16,16.99,2023-08-01,0.5587833243885074,-0.5174986609331594,0.0845914247965999
S_221,51.16,16.99,2023-09-01,0.6102053755388555,-0.5589701141164687,0.1640997275158124
S_221,51.16,16.99,2023-10-01,0.5601679644553452,-0.5186470129285563,0.1117798989959797
S_221,51.16,16.99,2023-11-01,0.4212007073815594,-0.4181146319311282,0.044751760872311
S_221,51.16,16.99,2023-12-01,0.3676982522157896,-0.3999814238454103,0.0086197720959934
S_221,51.16,16.99,2024-01-01,0.2424373711640138,-0.2952447669574288,0.2336271513624498
S_221,51.16,16.99,2024-02-01,0.2925479831451967,-0.3622263903181136,-0.0636771479398562
S_221,51.16,16.99,2024-03-01,0.4033560931934226,-0.4036301446357143,0.0102731775415544
S_221,51.16,16.99,2024-04-01,0.4857822111216442,-0.4485546179776761,0.1385248985357229
S_221,51.16,16.99,2024-05-01,0.5957039070717705,-0.542807412293046,0.1854287560322389
S_221,51.16,16.99,2024-06-01,0.5712061929578773,-0.520314230064465,0.1673559073850869
S_221,51.16,16.99,2024-07-01,0.5643756726311535,-0.5223578575093262,0.1069790484744936
S_221,51.16,16.99,2024-08-01,0.5879881218908605,-0.5357491226620306,0.1478152003267616
S_221,51.16,16.99,2024-09-01,0.5924838625072018,-0.5562625820707371,0.194994328611568
S_221,51.16,16.99,2024-10-01,0.5096688548623985,-0.5036515048976425,0.0666177187853036
S_221,51.16,16.99,2024-11-01,0.4008817128512761,-0.4305148080898594,0.0151270880788014
S_221,51.16,16.99,2024-12-01,0.3041102198014854,-0.340335895873985,0.025825812314399
S_221,51.16,16.99,2025-01-01,0.3235554188290857,-0.405413724978113,-0.0219210877541318
S_221,51.16,16.99,2025-02-01,0.2845426971166437,-0.3642346201105536,-0.0717910325807222
S_221,51.16,16.99,2025-03-01,0.2934921156571204,-0.3607452320982107,-0.0745846235310502
S_221,51.16,16.99,2025-04-01,0.5990820417835374,-0.5334154659401319,0.1840332081136108
S_221,51.16,16.99,2025-05-01,0.5841338425592993,-0.5182435641489809,0.196886364460319
S_221,51.16,16.99,2025-06-01,0.5823705228241662,-0.5521895971799754,0.1591217290640618
S_221,51.16,16.99,2025-07-01,0.4585483451890746,-0.4278595186828066,0.0940671373717471
S_221,51.16,16.99,2025-08-01,0.6123588442722602,-0.5537513122364064,0.1745399694455568
S_221,51.16,16.99,2025-09-01,0.6006125620847247,-0.5494470129002026,0.1640341219036798
S_221,51.16,16.99,2025-10-01,0.3836869290222398,-0.348438089304558,0.1250178900330528
S_221,51.16,16.99,2025-11-01,0.4329003055399783,-0.4727761378097721,0.0159583460621518
S_221,51.16,16.99,2025-12-01,0.3547754634353257,-0.4353971691256629,0.0064218818347275
S_221,51.16,16.99,2026-01-01,0.3154025748922053,-0.4170637848672843,-0.0446949630553375
S_221,51.16,16.99,2026-02-01,0.2626155292100397,-0.3616948267902913,-0.1130732738757353
S_221,51.16,16.99,2026-03-01,0.2766850487825765,-0.3820450394287335,-0.0804472688977301
S_222,51.18,16.99,2023-06-01,0.7059,-0.6478,0.3115
S_222,51.18,16.99,2023-07-01,0.543,-0.5502,0.0979
S_222,51.18,16.99,2023-08-01,0.5217,-0.5133,0.0158
S_222,51.18,16.99,2023-09-01,0.5733,-0.5511,0.0938
S_222,51.18,16.99,2023-10-01,0.5246,-0.509,0.0564
S_222,51.18,16.99,2023-11-01,0.5369,-0.5389,0.0486
S_222,51.18,16.99,2023-12-01,0.4384,-0.4646,0.0214
S_222,51.18,16.99,2024-01-01,0.301,-0.3578,0.2199
S_222,51.18,16.99,2024-02-01,0.3459,-0.4051,-0.044
S_222,51.18,16.99,2024-03-01,0.4984,-0.5038,0.0305
S_222,51.18,16.99,2024-04-01,0.6188,-0.571,0.1838
S_222,51.18,16.99,2024-05-01,0.6591,-0.6076,0.2189
S_222,51.18,16.99,2024-06-01,0.6873,-0.6168,0.2277
S_222,51.18,16.99,2024-07-01,0.5393,-0.529,0.0579
S_222,51.18,16.99,2024-08-01,0.5597,-0.5407,0.0895
S_222,51.18,16.99,2024-09-01,0.6189,-0.5834,0.1239
S_222,51.18,16.99,2024-10-01,0.5634,-0.5578,0.0692
S_222,51.18,16.99,2024-11-01,0.4092,-0.4608,0.0093
S_222,51.18,16.99,2024-12-01,0.3208,-0.3712,0.0189
S_222,51.18,16.99,2025-01-01,0.3509,-0.4441,-0.0313
S_222,51.18,16.99,2025-02-01,0.3072,-0.4011,-0.0827
S_222,51.18,16.99,2025-03-01,0.3111,-0.3929,-0.0983
S_222,51.18,16.99,2025-04-01,0.5793,-0.5465,0.1448
S_222,51.18,16.99,2025-05-01,0.535,-0.5043,0.1457
S_222,51.18,16.99,2025-06-01,0.6022,-0.5802,0.1533
S_222,51.18,16.99,2025-07-01,0.5651,-0.5409,0.1328
S_222,51.18,16.99,2025-08-01,0.6489,-0.601,0.181
S_222,51.18,16.99,2025-09-01,0.6377,-0.5976,0.1614
S_222,51.18,16.99,2025-10-01,0.3668,-0.326,0.1344
S_222,51.18,16.99,2025-11-01,0.4575,-0.513,-0.001
S_222,51.18,16.99,2025-12-01,0.38,-0.4671,0.0277
S_222,51.18,16.99,2026-01-01,0.3389,-0.4585,-0.0535
S_222,51.18,16.99,2026-02-01,0.2904,-0.3977,-0.1348
S_222,51.18,16.99,2026-03-01,0.3062,-0.424,-0.0926
S_223,51.2,16.99,2023-06-01,0.6225893315630439,-0.5965774603255414,0.2526933982824823
S_223,51.2,16.99,2023-07-01,0.5581649078793433,-0.5671722871442227,0.1152170045163216
S_223,51.2,16.99,2023-08-01,0.5350451357902996,-0.5276143663385722,0.0394618911891434
S_223,51.2,16.99,2023-09-01,0.5551062163676005,-0.540944365080913,0.0973058874515577
S_223,51.2,16.99,2023-10-01,0.5295780714072129,-0.5154909128689626,0.0613632233877195
S_223,51.2,16.99,2023-11-01,0.4956495547793629,-0.5146762010823149,0.0466083660141807
S_223,51.2,16.99,2023-12-01,0.4364580735764699,-0.4621323176950754,0.0407202771485305
S_223,51.2,16.99,2024-01-01,0.3149962621992787,-0.3715719981300862,0.1740658216703591
S_223,51.2,16.99,2024-02-01,0.3643020533102098,-0.4200342746716704,-0.0270987572990833
S_223,51.2,16.99,2024-03-01,0.4707132034392275,-0.4750335370310444,0.0354140773230182
S_223,51.2,16.99,2024-04-01,0.5520492093571328,-0.5223905908058392,0.1568904944669745
S_223,51.2,16.99,2024-05-01,0.5744689415318397,-0.5531470197895756,0.1813832514364837
S_223,51.2,16.99,2024-06-01,0.6012869892443596,-0.5506905908019025,0.187108269682362
S_223,51.2,16.99,2024-07-01,0.5396416938415806,-0.533889098984298,0.0716197321924154
S_223,51.2,16.99,2024-08-01,0.5943542725041862,-0.5653409328244612,0.1177648115423221
S_223,51.2,16.99,2024-09-01,0.5200854974224853,-0.530141228679797,0.0577491295372961
S_223,51.2,16.99,2024-10-01,0.4937804536451535,-0.5167075086652753,0.01701029961913
S_223,51.2,16.99,2024-11-01,0.4162845602602061,-0.4373125621233559,0.060283596897277
S_223,51.2,16.99,2024-12-01,0.3636324539341446,-0.3819520333570131,0.0653676024882183
S_223,51.2,16.99,2025-01-01,0.3962115987516247,-0.4584103794222363,0.0231221144146016
S_223,51.2,16.99,2025-02-01,0.3411366967964275,-0.4190212804376813,-0.0213473817862164
S_223,51.2,16.99,2025-03-01,0.3688800916609568,-0.422237450974543,-0.0407821848801358
S_223,51.2,16.99,2025-04-01,0.6157257490503014,-0.5817820252684679,0.1935284835580629
S_223,51.2,16.99,2025-05-01,0.5972168215200893,-0.5618355105272133,0.1996917867525233
S_223,51.2,16.99,2025-06-01,0.6184094092064731,-0.6006370821567967,0.1801354210373243
S_223,51.2,16.99,2025-07-01,0.541489209856984,-0.5474402199770727,0.1355219300077518
S_223,51.2,16.99,2025-08-01,0.5596070902555652,-0.5560696957124881,0.1094731045970504
S_223,51.2,16.99,2025-09-01,0.5579777328078526,-0.5471016280554575,0.1031218653103541
S_223,51.2,16.99,2025-10-01,0.3384729683549835,-0.3258891953216928,0.0968732009353986
S_223,51.2,16.99,2025-11-01,0.4582300318136701,-0.5113506943217739,0.0119390391274409
S_223,51.2,16.99,2025-12-01,0.3921091600910154,-0.4709505016416472,0.0523606718566559
S_223,51.2,16.99,2026-01-01,0.3427824174566996,-0.4556922918153115,-0.0394347962613934
S_223,51.2,16.99,2026-02-01,0.2977372583010769,-0.4016720944681022,-0.1171735064721822
S_223,51.2,16.99,2026-03-01,0.3131647950132151,-0.4172960695252714,-0.0875645225256877
S_224,51.22,16.99,2023-06-01,0.5955,-0.5844,0.2468
S_224,51.22,16.99,2023-07-01,0.5156,-0.5504,0.1201
S_224,51.22,16.99,2023-08-01,0.4949,-0.5112,0.0389
S_224,51.22,16.99,2023-09-01,0.5436,-0.5395,0.0947
S_224,51.22,16.99,2023-10-01,0.4459,-0.4591,0.0268
S_224,51.22,16.99,2023-11-01,0.4345,-0.4733,0.0112
S_224,51.22,16.99,2023-12-01,0.3985,-0.425,0.0373
S_224,51.22,16.99,2024-01-01,0.3052,-0.3711,0.1003
S_224,51.22,16.99,2024-02-01,0.3667,-0.4121,-0.0148
S_224,51.22,16.99,2024-03-01,0.4075,-0.4193,-0.001
S_224,51.22,16.99,2024-04-01,0.5217,-0.4937,0.1482
S_224,51.22,16.99,2024-05-01,0.5326,-0.529,0.1629
S_224,51.22,16.99,2024-06-01,0.5738,-0.5358,0.1638
S_224,51.22,16.99,2024-07-01,0.5428,-0.5483,0.064
S_224,51.22,16.99,2024-08-01,0.5527,-0.5452,0.1113
S_224,51.22,16.99,2024-09-01,0.4591,-0.4986,0.0179
S_224,51.22,16.99,2024-10-01,0.3814,-0.4445,-0.0434
S_224,51.22,16.99,2024-11-01,0.3704,-0.3546,0.1314
S_224,51.22,16.99,2024-12-01,0.3865,-0.3992,0.097
S_224,51.22,16.99,2025-01-01,0.4217,-0.4684,0.0643
S_224,51.22,16.99,2025-02-01,0.3632,-0.4134,0.0784
S_224,51.22,16.99,2025-03-01,0.3926,-0.4326,0.0021
S_224,51.22,16.99,2025-04-01,0.5836,-0.5638,0.2073
S_224,51.22,16.99,2025-05-01,0.5772,-0.5535,0.2137
S_224,51.22,16.99,2025-06-01,0.5957,-0.5944,0.2072
S_224,51.22,16.99,2025-07-01,0.4678,-0.5155,0.1358
S_224,51.22,16.99,2025-08-01,0.5361,-0.5498,0.0918
S_224,51.22,16.99,2025-09-01,0.5095,-0.5175,0.0752
S_224,51.22,16.99,2025-10-01,0.2947,-0.2998,0.0571
S_224,51.22,16.99,2025-11-01,0.3921,-0.4617,-0.0066
S_224,51.22,16.99,2025-12-01,0.3719,-0.428,0.058
S_224,51.22,16.99,2026-01-01,0.3234,-0.4219,-0.0243
S_224,51.22,16.99,2026-02-01,0.2943,-0.388,-0.0822
S_224,51.22,16.99,2026-03-01,0.3106,-0.4077,-0.0749
S_225,51.24,16.99,2023-06-01,0.6381,-0.6162,0.2911
S_225,51.24,16.99,2023-07-01,0.4669,-0.5209,0.0795
S_225,51.24,16.99,2023-08-01,0.3832,-0.4318,-0.0663
S_225,51.24,16.99,2023-09-01,0.5198,-0.5146,0.0552
S_225,51.24,16.99,2023-10-01,0.4119,-0.4391,-0.0114
S_225,51.24,16.99,2023-11-01,0.5035,-0.5063,0.081
S_225,51.24,16.99,2023-12-01,0.4435,-0.4399,0.0961
S_225,51.24,16.99,2024-01-01,0.3317,-0.387,0.1147
S_225,51.24,16.99,2024-02-01,0.3726,-0.411,-0.0094
S_225,51.24,16.99,2024-03-01,0.3443,-0.3675,-0.1
S_225,51.24,16.99,2024-04-01,0.4959,-0.4839,0.1135
S_225,51.24,16.99,2024-05-01,0.5322,-0.5253,0.1691
S_225,51.24,16.99,2024-06-01,0.5625,-0.5246,0.1798
S_225,51.24,16.99,2024-07-01,0.4486,-0.4732,0.0034
S_225,51.24,16.99,2024-08-01,0.4528,-0.4752,0.0091
S_225,51.24,16.99,2024-09-01,0.4872,-0.5014,0.0476
S_225,51.24,16.99,2024-10-01,0.4234,-0.4606,-0.0086
S_225,51.24,16.99,2024-11-01,0.4032,-0.4031,0.031
S_225,51.24,16.99,2024-12-01,0.4238,-0.4148,0.1253
S_225,51.24,16.99,2025-01-01,0.4531,-0.488,0.0897
S_225,51.24,16.99,2025-02-01,0.3691,-0.413,0.0831
S_225,51.24,16.99,2025-03-01,0.3929,-0.426,-0.0028
S_225,51.24,16.99,2025-04-01,0.6104,-0.5742,0.2336
S_225,51.24,16.99,2025-05-01,0.6015,-0.564,0.2298
S_225,51.24,16.99,2025-06-01,0.605,-0.59,0.2199
S_225,51.24,16.99,2025-07-01,0.5192,-0.5414,0.1817
S_225,51.24,16.99,2025-08-01,0.484,-0.5137,0.0218
S_225,51.24,16.99,2025-09-01,0.4644,-0.4823,0.028
S_225,51.24,16.99,2025-10-01,0.3671,-0.3678,0.0814
S_225,51.24,16.99,2025-11-01,0.4513,-0.4841,0.0458
S_225,51.24,16.99,2025-12-01,0.4094,-0.4479,0.111
S_225,51.24,16.99,2026-01-01,0.2871,-0.3551,0.1621
S_225,51.24,16.99,2026-02-01,0.2974,-0.3786,-0.064
S_225,51.24,16.99,2026-03-01,0.3139,-0.3997,-0.057
S_226,50.96,17.01,2023-06-01,0.6221823646509415,-0.6050310828900296,0.2177785952892446
S_226,50.96,17.01,2023-07-01,0.6357367858648924,-0.6094379399603644,0.2682096241930742
S_226,50.96,17.01,2023-08-01,0.5896951935226006,-0.5805031529419764,0.1183981237428364
S_226,50.96,17.01,2023-09-01,0.6063330220981576,-0.5991091517360331,0.1367741611049273
S_226,50.96,17.01,2023-10-01,0.5352561647017965,-0.5464859495275788,0.0238620847688369
S_226,50.96,17.01,2023-11-01,0.5598175836200585,-0.5231928932304661,0.1823772376327302
S_226,50.96,17.01,2023-12-01,0.4638900091121937,-0.4738256869995683,0.0623883308430711
S_226,50.96,17.01,2024-01-01,0.1764480039595184,-0.1948280930470292,0.5932653187204048
S_226,50.96,17.01,2024-02-01,0.3999909707457575,-0.5314646811156166,-0.0863843323167149
S_226,50.96,17.01,2024-03-01,0.5798807268847711,-0.5455010371180243,0.1724646123391199
S_226,50.96,17.01,2024-04-01,0.4912702826719315,-0.5023960214123228,0.0739890665055846
S_226,50.96,17.01,2024-05-01,0.5766648080602095,-0.5681610904375305,0.1544352864667111
S_226,50.96,17.01,2024-06-01,0.6136084048596111,-0.5912956468469931,0.1605707472531482
S_226,50.96,17.01,2024-07-01,0.5872522052354826,-0.5869587878474134,0.1096270559065115
S_226,50.96,17.01,2024-08-01,0.6391250896970103,-0.6067390018035657,0.1518653569565835
S_226,50.96,17.01,2024-09-01,0.4889199244055791,-0.5226549532559283,0.0157654762030638
S_226,50.96,17.01,2024-10-01,0.3965981451348734,-0.4797968796787328,-0.103008725428945
S_226,50.96,17.01,2024-11-01,0.4236551298641593,-0.48972804693098,-0.0740393167625413
S_226,50.96,17.01,2024-12-01,0.3553711004410669,-0.3871338556391976,-0.0149969584064891
S_226,50.96,17.01,2025-01-01,0.4207805345318626,-0.5058927357444443,-0.043727142545388
S_226,50.96,17.01,2025-02-01,0.4047263090348762,-0.4763258962182664,-0.092922710658452
S_226,50.96,17.01,2025-03-01,0.4268845400912185,-0.4776635347105158,-0.0900221864928756
S_226,50.96,17.01,2025-04-01,0.5895048177274462,-0.5875346351626382,0.1414845592454581
S_226,50.96,17.01,2025-05-01,0.5802633963731268,-0.5721579813569028,0.1456818843605238
S_226,50.96,17.01,2025-06-01,0.7430601129365677,-0.6916908347503596,0.3684495112513105
S_226,50.96,17.01,2025-07-01,0.6697793421926652,-0.6367058222113607,0.3254735525993983
S_226,50.96,17.01,2025-08-01,0.5496743208626191,-0.5607062158955427,0.1253461164535596
S_226,50.96,17.01,2025-09-01,0.5207195633235708,-0.5333636269498959,0.0216614897369959
S_226,50.96,17.01,2025-10-01,0.2435150350879723,-0.2491482032507013,0.0500692226225378
S_226,50.96,17.01,2025-11-01,0.4714599205236463,-0.5140164351063695,0.0069478115478334
S_226,50.96,17.01,2025-12-01,0.4541336115237809,-0.5574555426743213,-0.0389831790770161
S_226,50.96,17.01,2026-01-01,0.3671459049729639,-0.4904585651338868,-0.1492030821035196
S_226,50.96,17.01,2026-02-01,0.2953444303161157,-0.4155309445294567,-0.2312687078857605
S_226,50.96,17.01,2026-03-01,0.3140152754106621,-0.4353481018150726,-0.2205491445605366
S_227,50.98,17.01,2023-06-01,0.6515,-0.6221,0.2529
S_227,50.98,17.01,2023-07-01,0.6341,-0.6045,0.2645
S_227,50.98,17.01,2023-08-01,0.5867,-0.5755,0.1085
S_227,50.98,17.01,2023-09-01,0.6035,-0.5944,0.1324
S_227,50.98,17.01,2023-10-01,0.5934,-0.5756,0.0842
S_227,50.98,17.01,2023-11-01,0.5725,-0.5385,0.2292
S_227,50.98,17.01,2023-12-01,0.4866,-0.4986,0.0994
S_227,50.98,17.01,2024-01-01,0.1769,-0.1984,0.6112
S_227,50.98,17.01,2024-02-01,0.4595,-0.5816,-0.0141
S_227,50.98,17.01,2024-03-01,0.5674,-0.5413,0.1739
S_227,50.98,17.01,2024-04-01,0.4032,-0.421,0.0389
S_227,50.98,17.01,2024-05-01,0.5676,-0.5557,0.1447
S_227,50.98,17.01,2024-06-01,0.6634,-0.6044,0.2117
S_227,50.98,17.01,2024-07-01,0.6182,-0.6043,0.1422
S_227,50.98,17.01,2024-08-01,0.6471,-0.6086,0.1672
S_227,50.98,17.01,2024-09-01,0.4491,-0.4874,-0.0
S_227,50.98,17.01,2024-10-01,0.399,-0.4726,-0.1181
S_227,50.98,17.01,2024-11-01,0.4422,-0.4942,-0.0808
S_227,50.98,17.01,2024-12-01,0.3618,-0.3777,0.0085
S_227,50.98,17.01,2025-01-01,0.4322,-0.5099,-0.048
S_227,50.98,17.01,2025-02-01,0.4146,-0.4788,-0.0914
S_227,50.98,17.01,2025-03-01,0.4318,-0.4743,-0.0782
S_227,50.98,17.01,2025-04-01,0.6195,-0.5996,0.1612
S_227,50.98,17.01,2025-05-01,0.6095,-0.5856,0.1648
S_227,50.98,17.01,2025-06-01,0.75,-0.6934,0.3559
S_227,50.98,17.01,2025-07-01,0.6783,-0.638,0.3182
S_227,50.98,17.01,2025-08-01,0.5657,-0.5712,0.1319
S_227,50.98,17.01,2025-09-01,0.5578,-0.5549,0.0561
S_227,50.98,17.01,2025-10-01,0.2377491656850069,-0.227332250357115,0.0875688170809914
S_227,50.98,17.01,2025-11-01,0.5292,-0.5452,0.0719
S_227,50.98,17.01,2025-12-01,0.4953,-0.5739,0.0483
S_227,50.98,17.01,2026-01-01,0.3896,-0.4928,-0.0864
S_227,50.98,17.01,2026-02-01,0.3121,-0.4252,-0.1953
S_227,50.98,17.01,2026-03-01,0.3305,-0.4461,-0.1771
S_228,51.0,17.01,2023-06-01,0.5934000000094138,-0.5838500000046134,0.1620250000143883
S_228,51.0,17.01,2023-07-01,0.628950000012911,-0.6159000000087758,0.2608750000028595
S_228,51.0,17.01,2023-08-01,0.6036499999937204,-0.5878249999964162,0.1252499999929741
S_228,51.0,17.01,2023-09-01,0.623799999997836,-0.6062249999991863,0.1456249999989462
S_228,51.0,17.01,2023-10-01,0.5189500000219729,-0.5341000000126703,0.0043000000217744
S_228,51.0,17.01,2023-11-01,0.4549249999881261,-0.4629249999928181,0.0831499999970139
S_228,51.0,17.01,2023-12-01,0.4085000000089421,-0.4414750000058965,-0.0246499999814626
S_228,51.0,17.01,2024-01-01,0.1371000000045236,-0.1647500000033508,0.5837000000061693
S_228,51.0,17.01,2024-02-01,0.4111000000174337,-0.6007249999952778,-0.1405249999568037
S_228,51.0,17.01,2024-03-01,0.417425000024206,-0.4314500000137281,-0.0518749999665106
S_228,51.0,17.01,2024-04-01,0.4248499999962356,-0.4528249999948812,-0.0235499999895026
S_228,51.0,17.01,2024-05-01,0.519625000008298,-0.5290750000033994,0.0611750000132511
S_228,51.0,17.01,2024-06-01,0.6539000000049974,-0.6012750000002893,0.196025000001546
S_228,51.0,17.01,2024-07-01,0.6106000000240457,-0.5973000000143095,0.1594500000249335
S_228,51.0,17.01,2024-08-01,0.6255000000237222,-0.5972250000140136,0.1655000000242033
S_228,51.0,17.01,2024-09-01,0.4829500000043778,-0.5151999999991347,-0.000849999981433
S_228,51.0,17.01,2024-10-01,0.4272750000023609,-0.4928250000005634,-0.1043999999897097
S_228,51.0,17.01,2024-11-01,0.4199750000055489,-0.470750000006464,-0.1137999999903966
S_228,51.0,17.01,2024-12-01,0.3504750000007239,-0.3540250000050411,0.0092749999958106
S_228,51.0,17.01,2025-01-01,0.4247000000011858,-0.4918250000042939,-0.0559749999994304
S_228,51.0,17.01,2025-02-01,0.4166499999977311,-0.4765500000000134,-0.1071750000024905
S_228,51.0,17.01,2025-03-01,0.4425000000015383,-0.4792500000011555,-0.0866249999951199
S_228,51.0,17.01,2025-04-01,0.6614000000106144,-0.6312250000073455,0.2262750000174651
S_228,51.0,17.01,2025-05-01,0.6436500000020687,-0.613250000001222,0.2223750000030225
S_228,51.0,17.01,2025-06-01,0.7245250000060418,-0.6748250000043536,0.3608000000004615
S_228,51.0,17.01,2025-07-01,0.6250749999985694,-0.6012249999994372,0.3094500000022116
S_228,51.0,17.01,2025-08-01,0.4737000000012888,-0.5118500000004053,0.0476750000014589
S_228,51.0,17.01,2025-09-01,0.4731000000198826,-0.4986000000123717,-0.0448749999776252
S_228,51.0,17.01,2025-10-01,0.2379330306550565,-0.2274080344565257,0.0861675424256048
S_228,51.0,17.01,2025-11-01,0.4979750000250565,-0.5187250000132226,0.0056500000300518
S_228,51.0,17.01,2025-12-01,0.4802500000165666,-0.5502750000066113,0.0061250000251114
S_228,51.0,17.01,2026-01-01,0.376775000002547,-0.4948000000010194,-0.1390249999859375
S_228,51.0,17.01,2026-02-01,0.3020250000019543,-0.4138750000032657,-0.2196999999941403
S_228,51.0,17.01,2026-03-01,0.3220749999966404,-0.4365749999996046,-0.2094249999989842
S_229,51.02,17.01,2023-06-01,0.5607,-0.55,0.1139
S_229,51.02,17.01,2023-07-01,0.6333,-0.6175,0.2455
S_229,51.02,17.01,2023-08-01,0.6473,-0.6055,0.1791
S_229,51.02,17.01,2023-09-01,0.6518,-0.6201,0.188
S_229,51.02,17.01,2023-10-01,0.5294,-0.538,0.0208
S_229,51.02,17.01,2023-11-01,0.5497,-0.5444,0.1236
S_229,51.02,17.01,2023-12-01,0.3478,-0.4127,-0.0812
S_229,51.02,17.01,2024-01-01,0.1251,-0.1645,0.4979
S_229,51.02,17.01,2024-02-01,0.3724,-0.5826,-0.2094
S_229,51.02,17.01,2024-03-01,0.4172,-0.423,-0.0343
S_229,51.02,17.01,2024-04-01,0.4451,-0.457,-0.0046
S_229,51.02,17.01,2024-05-01,0.5604,-0.5524,0.1002
S_229,51.02,17.01,2024-06-01,0.6586,-0.6023,0.2157
S_229,51.02,17.01,2024-07-01,0.5575,-0.5545,0.1117
S_229,51.02,17.01,2024-08-01,0.5668,-0.5546,0.103
S_229,51.02,17.01,2024-09-01,0.5471,-0.5487,0.0502
S_229,51.02,17.01,2024-10-01,0.4739,-0.5193,-0.0534
S_229,51.02,17.01,2024-11-01,0.4014,-0.4538,-0.1263
S_229,51.02,17.01,2024-12-01,0.3164,-0.3251,-0.0213
S_229,51.02,17.01,2025-01-01,0.3882,-0.4624,-0.0882
S_229,51.02,17.01,2025-02-01,0.3843,-0.4524,-0.1284
S_229,51.02,17.01,2025-03-01,0.4194,-0.4653,-0.1077
S_229,51.02,17.01,2025-04-01,0.648,-0.6161,0.1993
S_229,51.02,17.01,2025-05-01,0.6197,-0.5893,0.1861
S_229,51.02,17.01,2025-06-01,0.6949,-0.6508,0.321
S_229,51.02,17.01,2025-07-01,0.6023,-0.5826,0.2698
S_229,51.02,17.01,2025-08-01,0.4723,-0.5055,0.0414
S_229,51.02,17.01,2025-09-01,0.4852,-0.5038,-0.0242
S_229,51.02,17.01,2025-10-01,0.2599638072803667,-0.2458706443849799,0.0890103366566483
S_229,51.02,17.01,2025-11-01,0.4798,-0.5095,-0.0063
S_229,51.02,17.01,2025-12-01,0.4716,-0.5466,-0.0027
S_229,51.02,17.01,2026-01-01,0.388,-0.496,-0.1284
S_229,51.02,17.01,2026-02-01,0.3196,-0.4176,-0.193
S_229,51.02,17.01,2026-03-01,0.3409,-0.4427,-0.1829
S_230,51.04,17.01,2023-06-01,0.5684420227492459,-0.5454221543193503,0.1778228121443361
S_230,51.04,17.01,2023-07-01,0.5500614260466384,-0.54180602370498,0.1621782544170772
S_230,51.04,17.01,2023-08-01,0.5684245365489249,-0.5388869493317753,0.1307830752940403
S_230,51.04,17.01,2023-09-01,0.5938526347665184,-0.5674788159042273,0.1663030400661296
S_230,51.04,17.01,2023-10-01,0.5300539504279904,-0.5204647950142028,0.0834038905605598
S_230,51.04,17.01,2023-11-01,0.5176466743207373,-0.4851861387127905,0.1698629577284003
S_230,51.04,17.01,2023-12-01,0.3853629742719789,-0.4162027111432439,-0.0059506213603051
S_230,51.04,17.01,2024-01-01,0.1640811183200143,-0.1883960296199417,0.4801840056025692
S_230,51.04,17.01,2024-02-01,0.3561009867491062,-0.4735955080189075,-0.1211725430929473
S_230,51.04,17.01,2024-03-01,0.4259247691307779,-0.4278460894745836,0.039313980985339
S_230,51.04,17.01,2024-04-01,0.4991599108431321,-0.4804688782605947,0.0950765066300555
S_230,51.04,17.01,2024-05-01,0.535798780662222,-0.5214679713103834,0.123373915197244
S_230,51.04,17.01,2024-06-01,0.5783537976453154,-0.5419386537682417,0.164183115190058
S_230,51.04,17.01,2024-07-01,0.557484896003942,-0.5388180875909272,0.1305107083311042
S_230,51.04,17.01,2024-08-01,0.5724248654558606,-0.5450518406724528,0.143539833200067
S_230,51.04,17.01,2024-09-01,0.544570177395545,-0.542017486201026,0.1024146952545116
S_230,51.04,17.01,2024-10-01,0.4850992059217912,-0.511644132499068,0.0268367133450095
S_230,51.04,17.01,2024-11-01,0.4123913848686746,-0.4415564124614263,0.0082829555698599
S_230,51.04,17.01,2024-12-01,0.3269461459068359,-0.3361592364776076,0.0490019735051276
S_230,51.04,17.01,2025-01-01,0.3868514718583857,-0.452376762582527,-0.0040703934396646
S_230,51.04,17.01,2025-02-01,0.3651179513587475,-0.4265470762224176,-0.0427567413799559
S_230,51.04,17.01,2025-03-01,0.3755191142537541,-0.4256793773889624,-0.0489357100508314
S_230,51.04,17.01,2025-04-01,0.5761423915741244,-0.5463625889257802,0.170600039902735
S_230,51.04,17.01,2025-05-01,0.5530736096623233,-0.5225421025717858,0.1800320121512881
S_230,51.04,17.01,2025-06-01,0.6137715164498388,-0.5877805402976543,0.2372430893247246
S_230,51.04,17.01,2025-07-01,0.5617761047469084,-0.5445921390415732,0.1987494983569138
S_230,51.04,17.01,2025-08-01,0.5176789686635017,-0.5111741477771425,0.1105300717037964
S_230,51.04,17.01,2025-09-01,0.527974011536855,-0.5211030400620412,0.0916485446692316
S_230,51.04,17.01,2025-10-01,0.2627987364974333,-0.2459947379448765,0.0897930393404435
S_230,51.04,17.01,2025-11-01,0.4746086949328673,-0.5054512392827122,0.0475104358587684
S_230,51.04,17.01,2025-12-01,0.4531234699927861,-0.5238844308633155,0.0255512957209949
S_230,51.04,17.01,2026-01-01,0.3740564289911623,-0.4601927968751171,-0.0267739385624083
S_230,51.04,17.01,2026-02-01,0.3249657817613912,-0.4074024785646705,-0.1058504286746088
S_230,51.04,17.01,2026-03-01,0.3456401621171405,-0.4307577845637053,-0.0893084458199692
S_231,51.06,17.01,2023-06-01,0.5197,-0.5054,0.1615
S_231,51.06,17.01,2023-07-01,0.493,-0.4867,0.1105
S_231,51.06,17.01,2023-08-01,0.5166,-0.4946,0.1148
S_231,51.06,17.01,2023-09-01,0.544,-0.5242,0.1573
S_231,51.06,17.01,2023-10-01,0.5005,-0.4886,0.108
S_231,51.06,17.01,2023-11-01,0.3395,-0.3348,0.0851
S_231,51.06,17.01,2023-12-01,0.3742,-0.3943,0.0269
S_231,51.06,17.01,2024-01-01,0.1806,-0.1967,0.4408
S_231,51.06,17.01,2024-02-01,0.3629,-0.4236,-0.0592
S_231,51.06,17.01,2024-03-01,0.4444,-0.4392,0.1075
S_231,51.06,17.01,2024-04-01,0.4853,-0.4611,0.1287
S_231,51.06,17.01,2024-05-01,0.4981,-0.4866,0.1255
S_231,51.06,17.01,2024-06-01,0.502,-0.485,0.1201
S_231,51.06,17.01,2024-07-01,0.5059,-0.4926,0.1129
S_231,51.06,17.01,2024-08-01,0.5166,-0.498,0.1285
S_231,51.06,17.01,2024-09-01,0.5272,-0.5204,0.1399
S_231,51.06,17.01,2024-10-01,0.4758,-0.493,0.0857
S_231,51.06,17.01,2024-11-01,0.3931,-0.4146,0.0667
S_231,51.06,17.01,2024-12-01,0.321,-0.3359,0.0743
S_231,51.06,17.01,2025-01-01,0.3708,-0.4351,0.034
S_231,51.06,17.01,2025-02-01,0.3365,-0.3968,0.0001
S_231,51.06,17.01,2025-03-01,0.3352,-0.3903,-0.0181
S_231,51.06,17.01,2025-04-01,0.5188,-0.4939,0.1533
S_231,51.06,17.01,2025-05-01,0.4954,-0.4689,0.1601
S_231,51.06,17.01,2025-06-01,0.5311,-0.5194,0.1567
S_231,51.06,17.01,2025-07-01,0.5027,-0.4933,0.1336
S_231,51.06,17.01,2025-08-01,0.5112,-0.4922,0.131
S_231,51.06,17.01,2025-09-01,0.517,-0.5026,0.1376
S_231,51.06,17.01,2025-10-01,0.2980871983283027,-0.2642471787920246,0.1070231698020498
S_231,51.06,17.01,2025-11-01,0.4506,-0.4838,0.0792
S_231,51.06,17.01,2025-12-01,0.4258,-0.4898,0.0407
S_231,51.06,17.01,2026-01-01,0.3531,-0.4308,0.0151
S_231,51.06,17.01,2026-02-01,0.3108,-0.3873,-0.0592
S_231,51.06,17.01,2026-03-01,0.3289,-0.4078,-0.0396
S_232,51.08,17.01,2023-06-01,0.4600032829095772,-0.4521143002152342,0.1340141522871424
S_232,51.08,17.01,2023-07-01,0.4199185499145307,-0.420373932303387,0.0860126804201217
S_232,51.08,17.01,2023-08-01,0.4452627237480062,-0.4333122186853245,0.0842201443382289
S_232,51.08,17.01,2023-09-01,0.4531091523944839,-0.4426598666649892,0.112838459673622
S_232,51.08,17.01,2023-10-01,0.4155722512275988,-0.4119152490510254,0.0691402886705661
S_232,51.08,17.01,2023-11-01,0.3226886001655114,-0.3169677848864871,0.0558882863597488
S_232,51.08,17.01,2023-12-01,0.2739480050896274,-0.2878287662712203,-0.0369508188937194
S_232,51.08,17.01,2024-01-01,0.1299038492444688,-0.1459923268754766,0.3870672006086856
S_232,51.08,17.01,2024-02-01,0.2468924568404364,-0.2928536220723416,-0.0727938600207261
S_232,51.08,17.01,2024-03-01,0.3276237230799094,-0.3324135246455527,0.041627442363623
S_232,51.08,17.01,2024-04-01,0.4386511580420432,-0.4074703968564305,0.1170119228246009
S_232,51.08,17.01,2024-05-01,0.4413139430801566,-0.4357956710639855,0.1048887734902704
S_232,51.08,17.01,2024-06-01,0.4395707973257519,-0.4265389214131118,0.1040846104326963
S_232,51.08,17.01,2024-07-01,0.4490636905502752,-0.4416640476842337,0.0975131421606136
S_232,51.08,17.01,2024-08-01,0.4388063132976085,-0.4276463673926084,0.099072626331966
S_232,51.08,17.01,2024-09-01,0.4429816920931698,-0.4435847404205569,0.0978124712225814
S_232,51.08,17.01,2024-10-01,0.3877658153905921,-0.4110836869459526,0.0357184632646349
S_232,51.08,17.01,2024-11-01,0.2886941379160662,-0.3091016018307089,0.0238377633545159
S_232,51.08,17.01,2024-12-01,0.2080157541314372,-0.2194920997277331,-0.0066761110116728
S_232,51.08,17.01,2025-01-01,0.2805210498638736,-0.3396713023958367,-0.021310155110978
S_232,51.08,17.01,2025-02-01,0.2440576372238031,-0.2988643868709457,-0.0484450360203807
S_232,51.08,17.01,2025-03-01,0.2542981963855067,-0.3030513926423749,-0.0472218866812259
S_232,51.08,17.01,2025-04-01,0.4578274423768483,-0.439001558515842,0.1227579077034192
S_232,51.08,17.01,2025-05-01,0.4193738276967945,-0.3967582468749585,0.1223230267839795
S_232,51.08,17.01,2025-06-01,0.4715154149266917,-0.4676415079947645,0.1320734451902787
S_232,51.08,17.01,2025-07-01,0.4296087519496664,-0.4287517497710172,0.1055081602346389
S_232,51.08,17.01,2025-08-01,0.4479633333896496,-0.4383092749402334,0.1004956277251962
S_232,51.08,17.01,2025-09-01,0.4498194733942903,-0.4417683586660524,0.1031333911003094
S_232,51.08,17.01,2025-10-01,0.2946897292150733,-0.261542640682723,0.1049010635703283
S_232,51.08,17.01,2025-11-01,0.3384250903547247,-0.3739606242612281,-0.0027439825798078
S_232,51.08,17.01,2025-12-01,0.3394176010590395,-0.3954923701895764,-0.022552438674525
S_232,51.08,17.01,2026-01-01,0.2864574026456332,-0.3609484668685827,-0.0323492857316596
S_232,51.08,17.01,2026-02-01,0.246750548374221,-0.3170916125956976,-0.0880085786518925
S_232,51.08,17.01,2026-03-01,0.2625724783833231,-0.3373842532834624,-0.075709797983153
S_233,51.1,17.01,2023-06-01,0.438,-0.4318,0.1296
S_233,51.1,17.01,2023-07-01,0.4122,-0.4156,0.0841
S_233,51.1,17.01,2023-08-01,0.4134,-0.4057,0.0717
S_233,51.1,17.01,2023-09-01,0.4427,-0.4334,0.1081
S_233,51.1,17.01,2023-10-01,0.4057,-0.4037,0.0664
S_233,51.1,17.01,2023-11-01,0.257,-0.2573,-0.0012
S_233,51.1,17.01,2023-12-01,0.2082,-0.2164,-0.0856
S_233,51.1,17.01,2024-01-01,0.0988,-0.1138,0.3504
S_233,51.1,17.01,2024-02-01,0.2001,-0.2365,-0.0815
S_233,51.1,17.01,2024-03-01,0.2864,-0.2907,0.0202
S_233,51.1,17.01,2024-04-01,0.4135,-0.3748,0.1192
S_233,51.1,17.01,2024-05-01,0.4216,-0.4173,0.103
S_233,51.1,17.01,2024-06-01,0.4109,-0.3967,0.1082
S_233,51.1,17.01,2024-07-01,0.4264,-0.4208,0.0936
S_233,51.1,17.01,2024-08-01,0.4335,-0.4222,0.0998
S_233,51.1,17.01,2024-09-01,0.4356,-0.4376,0.0923
S_233,51.1,17.01,2024-10-01,0.3501,-0.3715,0.0173
S_233,51.1,17.01,2024-11-01,0.24,-0.2548,-0.0119
S_233,51.1,17.01,2024-12-01,0.1693,-0.1764,-0.043
S_233,51.1,17.01,2025-01-01,0.2269,-0.2838,-0.0702
S_233,51.1,17.01,2025-02-01,0.2147,-0.2677,-0.0728
S_233,51.1,17.01,2025-03-01,0.2347,-0.281,-0.057
S_233,51.1,17.01,2025-04-01,0.4413,-0.4184,0.1174
S_233,51.1,17.01,2025-05-01,0.4119,-0.3865,0.1275
S_233,51.1,17.01,2025-06-01,0.4495,-0.4496,0.1224
S_233,51.1,17.01,2025-07-01,0.4242,-0.4253,0.1055
S_233,51.1,17.01,2025-08-01,0.423,-0.4171,0.0854
S_233,51.1,17.01,2025-09-01,0.4258,-0.4195,0.0912
S_233,51.1,17.01,2025-10-01,0.2975,-0.2648,0.1066
S_233,51.1,17.01,2025-11-01,0.3093,-0.3451,-0.032
S_233,51.1,17.01,2025-12-01,0.2829,-0.3366,-0.081
S_233,51.1,17.01,2026-01-01,0.2392,-0.3145,-0.088
S_233,51.1,17.01,2026-02-01,0.2054,-0.2736,-0.1169
S_233,51.1,17.01,2026-03-01,0.2165,-0.2912,-0.1095
S_234,51.12,17.01,2023-06-01,0.4086856049946789,-0.3941715532438504,0.1269494712387011
S_234,51.12,17.01,2023-07-01,0.4003292558054199,-0.3922209770884164,0.0878152710797187
S_234,51.12,17.01,2023-08-01,0.405221872800551,-0.3839520717129134,0.0745544155878393
S_234,51.12,17.01,2023-09-01,0.4147448505012076,-0.4049238063878584,0.0971127653901978
S_234,51.12,17.01,2023-10-01,0.4029588548660541,-0.3912855575985305,0.0696395351473873
S_234,51.12,17.01,2023-11-01,0.2628674098223133,-0.2615136611088624,0.0197776891605898
S_234,51.12,17.01,2023-12-01,0.1876074304023485,-0.19741587093025,-0.0526836043798427
S_234,51.12,17.01,2024-01-01,0.0986414213553086,-0.1166997237713085,0.3400017717795218
S_234,51.12,17.01,2024-02-01,0.199601609975085,-0.239580956505513,-0.0668654565904731
S_234,51.12,17.01,2024-03-01,0.2669401350045046,-0.2843795083461992,0.0047725633751296
S_234,51.12,17.01,2024-04-01,0.4132054968007634,-0.3824797371739101,0.1109086023368801
S_234,51.12,17.01,2024-05-01,0.3900655039868056,-0.3854030385151693,0.0848993805211352
S_234,51.12,17.01,2024-06-01,0.363077211859885,-0.3526604452182024,0.0861122603337046
S_234,51.12,17.01,2024-07-01,0.3998947123924928,-0.3839191382748975,0.0842212059215264
S_234,51.12,17.01,2024-08-01,0.4059752782628603,-0.3935199195720709,0.0889939981330449
S_234,51.12,17.01,2024-09-01,0.391990872960752,-0.3963015903421775,0.1458089652183106
S_234,51.12,17.01,2024-10-01,0.3142385724185711,-0.3280267975200058,0.0151252071686357
S_234,51.12,17.01,2024-11-01,0.2238476324242606,-0.2364275314120902,-0.0135084405303403
S_234,51.12,17.01,2024-12-01,0.1627756215075487,-0.1702833951624005,-0.028705267970472
S_234,51.12,17.01,2025-01-01,0.1923978179383924,-0.2439741063256038,-0.0466170902591027
S_234,51.12,17.01,2025-02-01,0.1869260832477042,-0.2325861574509724,-0.0561492424059238
S_234,51.12,17.01,2025-03-01,0.2183437456002211,-0.2614948268167543,-0.0509513574445672
S_234,51.12,17.01,2025-04-01,0.4147040960279523,-0.3810660564376256,0.1151572448931119
S_234,51.12,17.01,2025-05-01,0.3947961605640278,-0.3717068779448151,0.1122764501991406
S_234,51.12,17.01,2025-06-01,0.4086773262745266,-0.4057416779527918,0.104004877320956
S_234,51.12,17.01,2025-07-01,0.4782753175122393,-0.4642876922652051,0.1324130612496863
S_234,51.12,17.01,2025-08-01,0.3964040960241501,-0.3887144227602548,0.077153910520382
S_234,51.12,17.01,2025-09-01,0.3927476798133238,-0.3759588352323184,0.0907922263417628
S_234,51.12,17.01,2025-10-01,0.2746873293863082,-0.2462236445844906,0.0881822232285366
S_234,51.12,17.01,2025-11-01,0.2933515192529758,-0.3256854431817271,-0.0313203772418141
S_234,51.12,17.01,2025-12-01,0.2481259688282282,-0.2890490609588934,-0.0648702865213949
S_234,51.12,17.01,2026-01-01,0.2182449649330706,-0.2849137558943899,-0.0617212533198629
S_234,51.12,17.01,2026-02-01,0.1734124221438106,-0.239437629314883,-0.0890128127958433
S_234,51.12,17.01,2026-03-01,0.1827454029693974,-0.251577993150465,-0.0908103741350122
S_235,51.14,17.01,2023-06-01,0.5015285714659039,-0.4651571428927555,0.1837142857300134
S_235,51.14,17.01,2023-07-01,0.4793857143009686,-0.4490142857277756,0.1255857142924069
S_235,51.14,17.01,2023-08-01,0.5101714285682045,-0.4616142857102611,0.1215999999998767
S_235,51.14,17.01,2023-09-01,0.5211000000019431,-0.4806857142921428,0.1605428571344554
S_235,51.14,17.01,2023-10-01,0.4878142857253289,-0.4532285714387566,0.1195428571461585
S_235,51.14,17.01,2023-11-01,0.3310000000579174,-0.3320571429186094,0.0549000000121895
S_235,51.14,17.01,2023-12-01,0.2791714285943753,-0.299171428593396,0.0013999999931708
S_235,51.14,17.01,2024-01-01,0.1706000000097946,-0.2040142857248114,0.2762999999977981
S_235,51.14,17.01,2024-02-01,0.2427428571619206,-0.2987142857349523,-0.0451857142847781
S_235,51.14,17.01,2024-03-01,0.3429142857299344,-0.3594714285910796,0.021185714298095
S_235,51.14,17.01,2024-04-01,0.3767285714356262,-0.3496142857195981,0.1024571428604907
S_235,51.14,17.01,2024-05-01,0.4791428571380813,-0.4415142857139471,0.1291999999933707
S_235,51.14,17.01,2024-06-01,0.44718571428699,-0.4145142857142869,0.1386000000041041
S_235,51.14,17.01,2024-07-01,0.4912999999857339,-0.4503999999904088,0.1127857142765172
S_235,51.14,17.01,2024-08-01,0.5029857142766235,-0.4563999999929755,0.1424999999950294
S_235,51.14,17.01,2024-09-01,0.4838285714600231,-0.4697714285984537,0.2133428571066824
S_235,51.14,17.01,2024-10-01,0.4066285714387558,-0.4091571428683676,0.053942857143416
S_235,51.14,17.01,2024-11-01,0.3243428571519247,-0.3348142857235434,0.0083000000023704
S_235,51.14,17.01,2024-12-01,0.2385428571720035,-0.2476571428898139,0.0220857142847975
S_235,51.14,17.01,2025-01-01,0.2674714285666152,-0.3251999999945275,-0.0135000000031318
S_235,51.14,17.01,2025-02-01,0.2427857143027283,-0.2934714285930494,-0.0378428571445177
S_235,51.14,17.01,2025-03-01,0.253700000011409,-0.2975857143009564,-0.0419000000064129
S_235,51.14,17.01,2025-04-01,0.5052428571697252,-0.4448714285987483,0.155485714292058
S_235,51.14,17.01,2025-05-01,0.5104428571245977,-0.4482714285644829,0.1770857142719682
S_235,51.14,17.01,2025-06-01,0.4912714285539106,-0.4699714285581577,0.1398714285602297
S_235,51.14,17.01,2025-07-01,0.3702857142637933,-0.348557142838197,0.0751571428446738
S_235,51.14,17.01,2025-08-01,0.5021142856915369,-0.4581714285582388,0.1415142856945204
S_235,51.14,17.01,2025-09-01,0.4883142857023166,-0.4493142857052393,0.1399285714200897
S_235,51.14,17.01,2025-10-01,0.3569000000088957,-0.3235833333415048,0.1144833333368895
S_235,51.14,17.01,2025-11-01,0.36705714287357,-0.3928714285908138,0.0149000000037961
S_235,51.14,17.01,2025-12-01,0.3197857143122934,-0.3658000000331931,-0.0103999999920394
S_235,51.14,17.01,2026-01-01,0.2792857142909427,-0.3507000000075157,-0.0268285714308258
S_235,51.14,17.01,2026-02-01,0.2244142857187718,-0.3010714285765681,-0.0770142857174803
S_235,51.14,17.01,2026-03-01,0.2357571428690095,-0.3134428571561216,-0.0719571428611646
S_236,51.16,17.01,2023-06-01,0.6316,-0.5858,0.2459
S_236,51.16,17.01,2023-07-01,0.6092,-0.5708,0.1782
S_236,51.16,17.01,2023-08-01,0.6073,-0.5545,0.1487
S_236,51.16,17.01,2023-09-01,0.6398,-0.5896,0.195
S_236,51.16,17.01,2023-10-01,0.5882,-0.5476,0.1481
S_236,51.16,17.01,2023-11-01,0.4695,-0.4869,0.0564
S_236,51.16,17.01,2023-12-01,0.3851,-0.4196,-0.0146
S_236,51.16,17.01,2024-01-01,0.2661,-0.3175,0.2155
S_236,51.16,17.01,2024-02-01,0.3155,-0.3894,-0.0594
S_236,51.16,17.01,2024-03-01,0.3949,-0.3912,0.0286
S_236,51.16,17.01,2024-04-01,0.2142,-0.1988,0.0483
S_236,51.16,17.01,2024-05-01,0.599,-0.5505,0.1799
S_236,51.16,17.01,2024-06-01,0.6166,-0.5524,0.2205
S_236,51.16,17.01,2024-07-01,0.6084,-0.5599,0.1452
S_236,51.16,17.01,2024-08-01,0.6105,-0.5606,0.1513
S_236,51.16,17.01,2024-09-01,0.6272,-0.5869,0.1602
S_236,51.16,17.01,2024-10-01,0.5171,-0.529,0.0598
S_236,51.16,17.01,2024-11-01,0.4357,-0.4713,0.0013
S_236,51.16,17.01,2024-12-01,0.3379,-0.3661,0.0182
S_236,51.16,17.01,2025-01-01,0.3723,-0.454,-0.0371
S_236,51.16,17.01,2025-02-01,0.3214,-0.398,-0.0638
S_236,51.16,17.01,2025-03-01,0.3178,-0.3882,-0.0915
S_236,51.16,17.01,2025-04-01,0.6175,-0.5515,0.1885
S_236,51.16,17.01,2025-05-01,0.61,-0.5393,0.2048
S_236,51.16,17.01,2025-06-01,0.6131,-0.5811,0.192
S_236,51.16,17.01,2025-07-01,-0.0013,0.0159,-0.1098
S_236,51.16,17.01,2025-08-01,0.6198,-0.5679,0.1801
S_236,51.16,17.01,2025-09-01,0.6189,-0.5736,0.173
S_236,51.16,17.01,2025-10-01,0.3977,-0.3549,0.136
S_236,51.16,17.01,2025-11-01,0.4729,-0.5152,0.0471
S_236,51.16,17.01,2025-12-01,0.4188,-0.4955,0.0166
S_236,51.16,17.01,2026-01-01,0.3635,-0.4623,-0.038
S_236,51.16,17.01,2026-02-01,0.3004,-0.3985,-0.1328
S_236,51.16,17.01,2026-03-01,0.3221,-0.4262,-0.0956
S_237,51.18,17.01,2023-06-01,0.6395249999985466,-0.5995499999973279,0.2622750000007683
S_237,51.18,17.01,2023-07-01,0.5716999999983934,-0.5631999999988738,0.1472250000029448
S_237,51.18,17.01,2023-08-01,0.554100000000718,-0.5303750000004915,0.0853750000047569
S_237,51.18,17.01,2023-09-01,0.5887249999956924,-0.5598249999975122,0.137449999997609
S_237,51.18,17.01,2023-10-01,0.5353749999974646,-0.5177499999988805,0.0876000000011231
S_237,51.18,17.01,2023-11-01,0.5087749999958376,-0.5206499999975138,0.0659250000049624
S_237,51.18,17.01,2023-12-01,0.4233249999926013,-0.4465749999941047,0.0342249999864374
S_237,51.18,17.01,2024-01-01,0.2994500000018869,-0.3505000000014658,0.2141749999994703
S_237,51.18,17.01,2024-02-01,0.3535749999947629,-0.4103499999982913,-0.0247500000066082
S_237,51.18,17.01,2024-03-01,0.4060999999797157,-0.4016285714053975,0.0553285714364034
S_237,51.18,17.01,2024-04-01,0.4634000000519072,-0.4305250000475685,0.1328750000170052
S_237,51.18,17.01,2024-05-01,0.5965249999882186,-0.5612749999923581,0.1865749999941837
S_237,51.18,17.01,2024-06-01,0.5301499999118211,-0.4945749999354686,0.1824999999731712
S_237,51.18,17.01,2024-07-01,0.57012499999392,-0.5472249999992373,0.1033749999959457
S_237,51.18,17.01,2024-08-01,0.5818250000014756,-0.5519500000024318,0.1245000000052655
S_237,51.18,17.01,2024-09-01,0.5820500000106574,-0.5649750000061441,0.1131750000121722
S_237,51.18,17.01,2024-10-01,0.5000750000035615,-0.5191500000023069,0.0385750000019453
S_237,51.18,17.01,2024-11-01,0.4121250000012101,-0.4516500000002186,0.0145000000017264
S_237,51.18,17.01,2024-12-01,0.3370749999972298,-0.3663999999978862,0.041524999997987
S_237,51.18,17.01,2025-01-01,0.375150000003396,-0.452075000001186,-0.0094749999967484
S_237,51.18,17.01,2025-02-01,0.3285249999952073,-0.4025749999983885,-0.041750000008791
S_237,51.18,17.01,2025-03-01,0.3373499999957713,-0.4035499999968333,-0.0708500000023512
S_237,51.18,17.01,2025-04-01,0.593874999999699,-0.5552499999952623,0.1755749999972544
S_237,51.18,17.01,2025-05-01,0.572699999994299,-0.5321999999968079,0.1804499999951975
S_237,51.18,17.01,2025-06-01,0.616400000002979,-0.5898250000027127,0.1945250000072479
S_237,51.18,17.01,2025-07-01,0.3949333333507102,-0.3749000000174641,0.0657333333424803
S_237,51.18,17.01,2025-08-01,0.5956500000027963,-0.566875000001464,0.1490250000029618
S_237,51.18,17.01,2025-09-01,0.6028499999948127,-0.5705249999963512,0.1490749999984011
S_237,51.18,17.01,2025-10-01,0.3965250000100008,-0.3655750000101095,0.1341750000017011
S_237,51.18,17.01,2025-11-01,0.475024999999001,-0.5178749999999884,0.0340249999978689
S_237,51.18,17.01,2025-12-01,0.4150500000021211,-0.4859500000013971,0.0533249999986782
S_237,51.18,17.01,2026-01-01,0.3632000000017864,-0.4632749999992722,-0.0216249999929042
S_237,51.18,17.01,2026-02-01,0.3059750000027116,-0.4028500000010413,-0.1150249999956393
S_237,51.18,17.01,2026-03-01,0.322375000000433,-0.4263750000003048,-0.0818999999989229
S_238,51.2,17.01,2023-06-01,0.5892,-0.5718,0.2241
S_238,51.2,17.01,2023-07-01,0.5721,-0.5753,0.1592
S_238,51.2,17.01,2023-08-01,0.5361,-0.5242,0.0807
S_238,51.2,17.01,2023-09-01,0.5521,-0.5358,0.1112
S_238,51.2,17.01,2023-10-01,0.5089,-0.5061,0.0607
S_238,51.2,17.01,2023-11-01,0.5182,-0.5386,0.0859
S_238,51.2,17.01,2023-12-01,0.4501,-0.465,0.0948
S_238,51.2,17.01,2024-01-01,0.3332,-0.3812,0.2106
S_238,51.2,17.01,2024-02-01,0.3895,-0.4273,0.0258
S_238,51.2,17.01,2024-03-01,0.4576,-0.4608,0.0636
S_238,51.2,17.01,2024-04-01,0.5632,-0.5328,0.176
S_238,51.2,17.01,2024-05-01,0.571,-0.5513,0.1914
S_238,51.2,17.01,2024-06-01,0.5774,-0.5298,0.1827
S_238,51.2,17.01,2024-07-01,0.5563,-0.5443,0.0847
S_238,51.2,17.01,2024-08-01,0.5681,-0.5463,0.1157
S_238,51.2,17.01,2024-09-01,0.5065,-0.5221,0.0452
S_238,51.2,17.01,2024-10-01,0.4323,-0.4774,-0.0104
S_238,51.2,17.01,2024-11-01,0.3834,-0.4153,0.0243
S_238,51.2,17.01,2024-12-01,0.3617,-0.3762,0.0782
S_238,51.2,17.01,2025-01-01,0.4048,-0.4609,0.0332
S_238,51.2,17.01,2025-02-01,0.3594,-0.4208,-0.0025
S_238,51.2,17.01,2025-03-01,0.3844,-0.4324,-0.0337
S_238,51.2,17.01,2025-04-01,0.5952,-0.575,0.1981
S_238,51.2,17.01,2025-05-01,0.5857,-0.5619,0.2029
S_238,51.2,17.01,2025-06-01,0.627,-0.6057,0.2196
S_238,51.2,17.01,2025-07-01,0.5240024386670664,-0.5366009867541731,0.1600980430312819
S_238,51.2,17.01,2025-08-01,0.533,-0.5415,0.0894
S_238,51.2,17.01,2025-09-01,0.5608,-0.5465,0.1075
S_238,51.2,17.01,2025-10-01,0.3778,-0.3648,0.1259
S_238,51.2,17.01,2025-11-01,0.4812,-0.5188,0.038
S_238,51.2,17.01,2025-12-01,0.432,-0.4912,0.0978
S_238,51.2,17.01,2026-01-01,0.3765,-0.4726,-0.0068
S_238,51.2,17.01,2026-02-01,0.3137,-0.4077,-0.0995
S_238,51.2,17.01,2026-03-01,0.3267,-0.4286,-0.0794
S_239,51.22,17.01,2023-06-01,0.6034500000040359,-0.5844000000036514,0.2522250000054225
S_239,51.22,17.01,2023-07-01,0.5241249999967602,-0.5514999999978284,0.1255249999985267
S_239,51.22,17.01,2023-08-01,0.5025499999995582,-0.508949999999083,0.0503000000021512
S_239,51.22,17.01,2023-09-01,0.5580000000063908,-0.5440750000036162,0.1065000000058629
S_239,51.22,17.01,2023-10-01,0.4765750000024443,-0.4769500000009787,0.0517000000037403
S_239,51.22,17.01,2023-11-01,0.5023749999941213,-0.5187249999967373,0.0659249999952241
S_239,51.22,17.01,2023-12-01,0.4358750000009264,-0.4476749999972292,0.0721999999974645
S_239,51.22,17.01,2024-01-01,0.3237500000000971,-0.3801499999998895,0.1387999999991221
S_239,51.22,17.01,2024-02-01,0.3815999999993361,-0.4191999999980872,0.000349999994182
S_239,51.22,17.01,2024-03-01,0.4113603828476184,-0.4196161141018278,0.0065251214297219
S_239,51.22,17.01,2024-04-01,0.5232249999953651,-0.5024249999976497,0.1330499999913452
S_239,51.22,17.01,2024-05-01,0.5550250000046031,-0.5435000000029602,0.1720750000023436
S_239,51.22,17.01,2024-06-01,0.5859000000018737,-0.5395250000007893,0.193275000004115
S_239,51.22,17.01,2024-07-01,0.5321749999970945,-0.5345249999971105,0.0688000000013782
S_239,51.22,17.01,2024-08-01,0.5456499999971277,-0.5372999999977811,0.0996249999962321
S_239,51.22,17.01,2024-09-01,0.4999749999978862,-0.520024999999073,0.0492999999993954
S_239,51.22,17.01,2024-10-01,0.4184750000015148,-0.4677000000009332,-0.0268500000005072
S_239,51.22,17.01,2024-11-01,0.401875000006458,-0.4151500000052585,0.0547749999974567
S_239,51.22,17.01,2024-12-01,0.3826750000019419,-0.3935250000011883,0.0769499999970353
S_239,51.22,17.01,2025-01-01,0.4172499999993581,-0.4682250000003833,0.043699999994891
S_239,51.22,17.01,2025-02-01,0.3677500000012316,-0.4267500000017574,0.0118499999953308
S_239,51.22,17.01,2025-03-01,0.3841499999986623,-0.4291499999989442,-0.0265750000029373
S_239,51.22,17.01,2025-04-01,0.5991250000082665,-0.5768750000060676,0.2044000000056944
S_239,51.22,17.01,2025-05-01,0.5904249999900234,-0.5642249999924777,0.2116249999885147
S_239,51.22,17.01,2025-06-01,0.6252250000062207,-0.6083000000030575,0.2286500000048535
S_239,51.22,17.01,2025-07-01,0.5141016845002919,-0.5377313708548497,0.1733916339921687
S_239,51.22,17.01,2025-08-01,0.5145249999921622,-0.5331499999951619,0.0725249999929206
S_239,51.22,17.01,2025-09-01,0.5074749999993574,-0.516624999999673,0.0592749999980174
S_239,51.22,17.01,2025-10-01,0.3079749999938981,-0.3131999999968422,0.0616499999906516
S_239,51.22,17.01,2025-11-01,0.447925000010888,-0.4948500000062211,0.0239500000090209
S_239,51.22,17.01,2025-12-01,0.4237750000042725,-0.4716000000018106,0.0852500000010489
S_239,51.22,17.01,2026-01-01,0.3569750000000485,-0.446299999998651,-0.0040999999979845
S_239,51.22,17.01,2026-02-01,0.315250000004172,-0.4031750000020877,-0.0868249999987755
S_239,51.22,17.01,2026-03-01,0.3314750000012367,-0.4240000000008891,-0.0739499999989887
S_240,51.24,17.01,2023-06-01,0.6359,-0.6125,0.2883
S_240,51.24,17.01,2023-07-01,0.4774,-0.5269,0.0869
S_240,51.24,17.01,2023-08-01,0.4405,-0.471,-0.0148
S_240,51.24,17.01,2023-09-01,0.5398,-0.5309,0.0698
S_240,51.24,17.01,2023-10-01,0.455,-0.4551,0.0369
S_240,51.24,17.01,2023-11-01,0.5437,-0.5342,0.0984
S_240,51.24,17.01,2023-12-01,0.4681,-0.4591,0.0842
S_240,51.24,17.01,2024-01-01,0.342,-0.3949,0.1186
S_240,51.24,17.01,2024-02-01,0.3677,-0.4054,-0.0172
S_240,51.24,17.01,2024-03-01,0.3984214788032132,-0.4069068468273598,-0.01004303803994
S_240,51.24,17.01,2024-04-01,0.5091,-0.4971,0.0985
S_240,51.24,17.01,2024-05-01,0.546,-0.5413,0.1469
S_240,51.24,17.01,2024-06-01,0.5981,-0.5411,0.2372
S_240,51.24,17.01,2024-07-01,0.521,-0.5272,0.0773
S_240,51.24,17.01,2024-08-01,0.5427,-0.538,0.1039
S_240,51.24,17.01,2024-09-01,0.5376,-0.5401,0.0823
S_240,51.24,17.01,2024-10-01,0.4442,-0.4855,-0.0233
S_240,51.24,17.01,2024-11-01,0.4128,-0.4252,0.0265
S_240,51.24,17.01,2024-12-01,0.3759,-0.3861,0.0455
S_240,51.24,17.01,2025-01-01,0.4082,-0.4622,0.0217
S_240,51.24,17.01,2025-02-01,0.3608,-0.4292,-0.035
S_240,51.24,17.01,2025-03-01,0.3404,-0.3987,-0.0764
S_240,51.24,17.01,2025-04-01,0.5534,-0.5449,0.1463
S_240,51.24,17.01,2025-05-01,0.5465,-0.5315,0.157
S_240,51.24,17.01,2025-06-01,0.6403,-0.6164,0.2352
S_240,51.24,17.01,2025-07-01,0.5506,-0.554,0.183
S_240,51.24,17.01,2025-08-01,0.5067,-0.531,0.0653
S_240,51.24,17.01,2025-09-01,0.4564,-0.4872,0.0064
S_240,51.24,17.01,2025-10-01,0.3217,-0.3321,0.0471
S_240,51.24,17.01,2025-11-01,0.4424,-0.4851,0.0043
S_240,51.24,17.01,2025-12-01,0.4377,-0.4674,0.0753
S_240,51.24,17.01,2026-01-01,0.3613,-0.4424,0.0042
S_240,51.24,17.01,2026-02-01,0.3348,-0.4128,-0.0812
S_240,51.24,17.01,2026-03-01,0.3548,-0.4368,-0.0731
S_241,50.96,17.03,2023-06-01,0.5708821666511728,-0.5692174452278218,0.1421303798191026
S_241,50.96,17.03,2023-07-01,0.700733266243229,-0.6581464831871984,0.3105227894141293
S_241,50.96,17.03,2023-08-01,0.6360591298337902,-0.6142576742770399,0.1742913859468342
S_241,50.96,17.03,2023-09-01,0.651097417358854,-0.6304761296324176,0.1939663940891844
S_241,50.96,17.03,2023-10-01,0.5792907098937762,-0.5765821936818428,0.0705740115445231
S_241,50.96,17.03,2023-11-01,0.5362056050906134,-0.5190588013507382,0.187261889040981
S_241,50.96,17.03,2023-12-01,0.3743960652600062,-0.4157059717927521,-0.0450916030525501
S_241,50.96,17.03,2024-01-01,0.158939887052626,-0.1803151640474716,0.5498051000201085
S_241,50.96,17.03,2024-02-01,0.4208240228545268,-0.6139592702750906,-0.112045896273772
S_241,50.96,17.03,2024-03-01,0.4738109739654753,-0.4754930236717621,0.052669237639881
S_241,50.96,17.03,2024-04-01,0.4027634694822266,-0.43866389580285,-0.0340317780576142
S_241,50.96,17.03,2024-05-01,0.5296218445025814,-0.5361652590960324,0.0979600532921375
S_241,50.96,17.03,2024-06-01,0.6199028514747041,-0.5923642298702028,0.1530957773102982
S_241,50.96,17.03,2024-07-01,0.6097188355518349,-0.6050951091637536,0.1402512030178004
S_241,50.96,17.03,2024-08-01,0.641238018695103,-0.612326099820527,0.1559125679121968
S_241,50.96,17.03,2024-09-01,0.4577058874465463,-0.5085873207318007,-0.022481321932458
S_241,50.96,17.03,2024-10-01,0.3836902509527206,-0.4689206713110326,-0.126877381576797
S_241,50.96,17.03,2024-11-01,0.4386921654421726,-0.4947768439070346,-0.06283988705411
S_241,50.96,17.03,2024-12-01,0.3863080707820555,-0.3905308792958554,0.0344112046048541
S_241,50.96,17.03,2025-01-01,0.4626012328428945,-0.523837795979959,-0.0030841272726338
S_241,50.96,17.03,2025-02-01,0.4503487317457584,-0.505443952269532,-0.0595488622068052
S_241,50.96,17.03,2025-03-01,0.4615308466822375,-0.4996499510760118,-0.0532086275655383
S_241,50.96,17.03,2025-04-01,0.6998683873284854,-0.6625695279173635,0.296664775453444
S_241,50.96,17.03,2025-05-01,0.6862670105147592,-0.6472287555980758,0.2984718822405841
S_241,50.96,17.03,2025-06-01,0.7308706088748241,-0.6823152427955134,0.3936131190969304
S_241,50.96,17.03,2025-07-01,0.6016577124954429,-0.5903714018847863,0.322253497713605
S_241,50.96,17.03,2025-08-01,0.4271639205094895,-0.4779851430030509,0.0098897188742678
S_241,50.96,17.03,2025-09-01,0.480113157293186,-0.5033114464130436,-0.0275735470238296
S_241,50.96,17.03,2025-10-01,0.2439541150656118,-0.2490397086531963,0.050310478280881
S_241,50.96,17.03,2025-11-01,0.5049413751981915,-0.530186468074025,0.0149015859783745
S_241,50.96,17.03,2025-12-01,0.5110930507040803,-0.5698465022885408,0.0203152754127864
S_241,50.96,17.03,2026-01-01,0.3767067591978778,-0.4961051596718349,-0.1501490467147256
S_241,50.96,17.03,2026-02-01,0.298364878902661,-0.4166564740500438,-0.2369263034298631
S_241,50.96,17.03,2026-03-01,0.3170455056698369,-0.4357635808331474,-0.2276595887730539
S_242,50.98,17.03,2023-06-01,0.5664,-0.5543,0.1209
S_242,50.98,17.03,2023-07-01,0.672,-0.6223,0.2838
S_242,50.98,17.03,2023-08-01,0.6804,-0.6368,0.2456
S_242,50.98,17.03,2023-09-01,0.7,-0.6567,0.2757
S_242,50.98,17.03,2023-10-01,0.6703,-0.6274,0.1672
S_242,50.98,17.03,2023-11-01,0.541,-0.5214,0.1468
S_242,50.98,17.03,2023-12-01,0.4017,-0.4474,-0.009
S_242,50.98,17.03,2024-01-01,0.146,-0.1723,0.5481
S_242,50.98,17.03,2024-02-01,0.4123,-0.6558,-0.1522
S_242,50.98,17.03,2024-03-01,0.3925,-0.4137,-0.0475
S_242,50.98,17.03,2024-04-01,0.3414,-0.4007,-0.142
S_242,50.98,17.03,2024-05-01,0.4581,-0.4831,-0.0126
S_242,50.98,17.03,2024-06-01,0.6188,-0.5823,0.108
S_242,50.98,17.03,2024-07-01,0.6783,-0.6472,0.2189
S_242,50.98,17.03,2024-08-01,0.6856,-0.644,0.2221
S_242,50.98,17.03,2024-09-01,0.4402,-0.508,-0.0434
S_242,50.98,17.03,2024-10-01,0.3437,-0.4404,-0.1787
S_242,50.98,17.03,2024-11-01,0.4527,-0.4911,-0.0833
S_242,50.98,17.03,2024-12-01,0.3902,-0.3869,0.0314
S_242,50.98,17.03,2025-01-01,0.4683,-0.5181,-0.0067
S_242,50.98,17.03,2025-02-01,0.4616,-0.5105,-0.0539
S_242,50.98,17.03,2025-03-01,0.4945,-0.5119,-0.0184
S_242,50.98,17.03,2025-04-01,0.6958,-0.6566,0.2668
S_242,50.98,17.03,2025-05-01,0.6862,-0.6447,0.2712
S_242,50.98,17.03,2025-06-01,0.7251,-0.6749,0.402
S_242,50.98,17.03,2025-07-01,0.6253,-0.5943,0.3403
S_242,50.98,17.03,2025-08-01,0.4368,-0.4833,0.0251
S_242,50.98,17.03,2025-09-01,0.5239,-0.5198,0.0001
S_242,50.98,17.03,2025-10-01,0.2319564361830728,-0.2295588131437223,0.0691140860125414
S_242,50.98,17.03,2025-11-01,0.6884,-0.6171,0.2114
S_242,50.98,17.03,2025-12-01,0.6142,-0.6092,0.1684
S_242,50.98,17.03,2026-01-01,0.4441,-0.5309,-0.0732
S_242,50.98,17.03,2026-02-01,0.3252,-0.4365,-0.2214
S_242,50.98,17.03,2026-03-01,0.342,-0.4556,-0.2075
S_243,51.0,17.03,2023-06-01,0.4742,-0.4975,-0.0306
S_243,51.0,17.03,2023-07-01,0.6919,-0.6708,0.2753
S_243,51.0,17.03,2023-08-01,0.6976,-0.6549,0.2291
S_243,51.0,17.03,2023-09-01,0.6999,-0.6623,0.2341
S_243,51.0,17.03,2023-10-01,0.5321,-0.5466,-0.0013
S_243,51.0,17.03,2023-11-01,0.2299,-0.3188,-0.1206
S_243,51.0,17.03,2023-12-01,0.2931,-0.3595,-0.1644
S_243,51.0,17.03,2024-01-01,0.0905,-0.1246,0.5528
S_243,51.0,17.03,2024-02-01,0.4178,-0.742,-0.2331
S_243,51.0,17.03,2024-03-01,0.3541,-0.372,-0.1535
S_243,51.0,17.03,2024-04-01,0.443,-0.4697,-0.0389
S_243,51.0,17.03,2024-05-01,0.418,-0.4611,-0.1017
S_243,51.0,17.03,2024-06-01,0.657,-0.5975,0.1716
S_243,51.0,17.03,2024-07-01,0.7095,-0.6562,0.2959
S_243,51.0,17.03,2024-08-01,0.7153,-0.653,0.3054
S_243,51.0,17.03,2024-09-01,0.5461,-0.5509,0.0744
S_243,51.0,17.03,2024-10-01,0.4826,-0.5272,-0.0422
S_243,51.0,17.03,2024-11-01,0.3899,-0.4564,-0.1567
S_243,51.0,17.03,2024-12-01,0.317,-0.3254,-0.0285
S_243,51.0,17.03,2025-01-01,0.4088,-0.4819,-0.0741
S_243,51.0,17.03,2025-02-01,0.4191,-0.4789,-0.1325
S_243,51.0,17.03,2025-03-01,0.4821,-0.5009,-0.0644
S_243,51.0,17.03,2025-04-01,0.7418,-0.6891,0.3565
S_243,51.0,17.03,2025-05-01,0.7245,-0.6731,0.3556
S_243,51.0,17.03,2025-06-01,0.7029,-0.6562,0.393
S_243,51.0,17.03,2025-07-01,0.5501,-0.5509,0.3032
S_243,51.0,17.03,2025-08-01,0.3695,-0.4419,-0.0471
S_243,51.0,17.03,2025-09-01,0.4332,-0.4599,-0.1047
S_243,51.0,17.03,2025-10-01,0.2364845601820528,-0.2276330894643275,0.0875137548198029
S_243,51.0,17.03,2025-11-01,0.5933,-0.5565,0.0888
S_243,51.0,17.03,2025-12-01,0.5684,-0.5713,0.1272
S_243,51.0,17.03,2026-01-01,0.3809,-0.5035,-0.1177
S_243,51.0,17.03,2026-02-01,0.2809,-0.4073,-0.2346
S_243,51.0,17.03,2026-03-01,0.2976,-0.4265,-0.2218
S_244,51.02,17.03,2023-06-01,0.5590571428796929,-0.5522142857287169,0.0990714286062916
S_244,51.02,17.03,2023-07-01,0.6621142857102328,-0.6365285714254006,0.2703142857114741
S_244,51.02,17.03,2023-08-01,0.6567428571342238,-0.6177999999919624,0.1968857142793002
S_244,51.02,17.03,2023-09-01,0.6672571428498749,-0.6335285714222025,0.2098142857080752
S_244,51.02,17.03,2023-10-01,0.5732428571489566,-0.5634000000014431,0.0759142857296091
S_244,51.02,17.03,2023-11-01,0.4064857143088447,-0.43477142858532,0.0161428571599362
S_244,51.02,17.03,2023-12-01,0.3397285714328493,-0.3955142857176919,-0.1094285714229371
S_244,51.02,17.03,2024-01-01,0.1141428571474921,-0.1467857142900354,0.5478142857119032
S_244,51.02,17.03,2024-02-01,0.409957142859882,-0.6687428571290812,-0.212228571422241
S_244,51.02,17.03,2024-03-01,0.4155285714187288,-0.4177857142795134,-0.0701857142940761
S_244,51.02,17.03,2024-04-01,0.4565857142957073,-0.4717428571491694,-0.0109142857031108
S_244,51.02,17.03,2024-05-01,0.5123000000247409,-0.5215000000157684,0.0313714286071145
S_244,51.02,17.03,2024-06-01,0.6526571428569247,-0.6002428571435029,0.1827142857167049
S_244,51.02,17.03,2024-07-01,0.6232428571405868,-0.6005428571414768,0.1804142857126152
S_244,51.02,17.03,2024-08-01,0.6321999999891292,-0.6000285714219178,0.1757571428383611
S_244,51.02,17.03,2024-09-01,0.5392285714302976,-0.54980000000132,0.0511714285698208
S_244,51.02,17.03,2024-10-01,0.5149428571458261,-0.5499428571447107,0.0072428571457097
S_244,51.02,17.03,2024-11-01,0.4486571428700132,-0.4903571428637487,-0.0516857142609338
S_244,51.02,17.03,2024-12-01,0.341800000007093,-0.3483857142924331,0.00594285715265
S_244,51.02,17.03,2025-01-01,0.4139285714318225,-0.4818714285733216,-0.0496999999904602
S_244,51.02,17.03,2025-02-01,0.4108285714283419,-0.4743571428565681,-0.1079000000010933
S_244,51.02,17.03,2025-03-01,0.4417571428555647,-0.4820428571418308,-0.0843142857136644
S_244,51.02,17.03,2025-04-01,0.6680857142820069,-0.6316571428543514,0.2483142857068459
S_244,51.02,17.03,2025-05-01,0.6479714285717244,-0.6110428571435198,0.2457428571372971
S_244,51.02,17.03,2025-06-01,0.7012714285699331,-0.6549857142844961,0.3547999999874784
S_244,51.02,17.03,2025-07-01,0.5915285714333631,-0.580128571433801,0.2851571428516339
S_244,51.02,17.03,2025-08-01,0.4727142857202683,-0.5041857142893065,0.0483285714341956
S_244,51.02,17.03,2025-09-01,0.4794428571517632,-0.497800000007204,-0.0390142857018774
S_244,51.02,17.03,2025-10-01,0.2363597725423328,-0.2276118717446342,0.0851614183520477
S_244,51.02,17.03,2025-11-01,0.4768857142755675,-0.5102285714254996,-0.0184142857252104
S_244,51.02,17.03,2025-12-01,0.5225142857105993,-0.5657428571433891,0.0581428571357048
S_244,51.02,17.03,2026-01-01,0.4014142857157305,-0.5063000000005057,-0.1118857142848629
S_244,51.02,17.03,2026-02-01,0.3178857142988449,-0.4219571428620437,-0.2047999999889242
S_244,51.02,17.03,2026-03-01,0.3374857142894136,-0.443885714287367,-0.1928714285688208
S_245,51.04,17.03,2023-06-01,0.564574078560689,-0.5453692486303175,0.1628413069386569
S_245,51.04,17.03,2023-07-01,0.5721002958665982,-0.5586874160529979,0.1902545496448047
S_245,51.04,17.03,2023-08-01,0.547123711608187,-0.5192822902523858,0.1230691816052896
S_245,51.04,17.03,2023-09-01,0.5910339909588284,-0.5662637518315911,0.1614344763859219
S_245,51.04,17.03,2023-10-01,0.5387218254075842,-0.5254927314093022,0.0926494042102439
S_245,51.04,17.03,2023-11-01,0.426790178322904,-0.4262987332694983,0.062865160731374
S_245,51.04,17.03,2023-12-01,0.3668973798952923,-0.4051720109141338,-0.0381311812809396
S_245,51.04,17.03,2024-01-01,0.1641135940832963,-0.1884159853510992,0.471949700074231
S_245,51.04,17.03,2024-02-01,0.3796392589239178,-0.5249945898581994,-0.1342252938325296
S_245,51.04,17.03,2024-03-01,0.403717938574563,-0.4155762409928978,0.0216759451293475
S_245,51.04,17.03,2024-04-01,0.5162365047670165,-0.4981858812229522,0.0963065150573879
S_245,51.04,17.03,2024-05-01,0.5227718491027767,-0.509122377862453,0.1245568542505457
S_245,51.04,17.03,2024-06-01,0.5410790702990007,-0.5127864533088378,0.1427635229902643
S_245,51.04,17.03,2024-07-01,0.5366781745939507,-0.5175808420900194,0.1261004380409866
S_245,51.04,17.03,2024-08-01,0.5500368676520596,-0.5241546918140415,0.1330780601755595
S_245,51.04,17.03,2024-09-01,0.5484690671864506,-0.5392202628211178,0.1261208626691276
S_245,51.04,17.03,2024-10-01,0.4761049917430315,-0.5073245402974019,0.0485416305656552
S_245,51.04,17.03,2024-11-01,0.3754367058451549,-0.4091314378767899,0.0055302266685917
S_245,51.04,17.03,2024-12-01,0.3356540249426133,-0.3460540249427768,0.0512913780261265
S_245,51.04,17.03,2025-01-01,0.378164627903913,-0.4435485281370372,0.0182640084214431
S_245,51.04,17.03,2025-02-01,0.3521040486358825,-0.4165886157431667,-0.0399408885320811
S_245,51.04,17.03,2025-03-01,0.3736518151113605,-0.4294032869733821,-0.0614876922675452
S_245,51.04,17.03,2025-04-01,0.5528827953180702,-0.5273983426288096,0.1565771840967539
S_245,51.04,17.03,2025-05-01,0.5096051257961872,-0.4854859678857359,0.1484286559619268
S_245,51.04,17.03,2025-06-01,0.6257135189267377,-0.5925473284381993,0.2528583890720116
S_245,51.04,17.03,2025-07-01,0.5611935127058004,-0.5464670862051325,0.200776698673989
S_245,51.04,17.03,2025-08-01,0.5339303133292561,-0.5225515862801884,0.1240523479392179
S_245,51.04,17.03,2025-09-01,0.5145224726581663,-0.5138557967325832,0.0726747535867013
S_245,51.04,17.03,2025-10-01,0.2559753881268639,-0.2432727291428189,0.0864699276170864
S_245,51.04,17.03,2025-11-01,0.4514847763104306,-0.4966056586153824,0.0142839753895866
S_245,51.04,17.03,2025-12-01,0.4467736208895966,-0.5233981137927586,0.0107703813105051
S_245,51.04,17.03,2026-01-01,0.3657127653963293,-0.450333371470117,-0.0174907030111133
S_245,51.04,17.03,2026-02-01,0.3193243114635762,-0.4004493568237659,-0.0987486621858974
S_245,51.04,17.03,2026-03-01,0.3383048773236249,-0.4220752308675383,-0.0821101845505779
S_246,51.06,17.03,2023-06-01,0.5467,-0.526,0.17
S_246,51.06,17.03,2023-07-01,0.5342,-0.5168,0.1396
S_246,51.06,17.03,2023-08-01,0.5418,-0.5138,0.1276
S_246,51.06,17.03,2023-09-01,0.5706,-0.5466,0.1707
S_246,51.06,17.03,2023-10-01,0.53,-0.5148,0.1192
S_246,51.06,17.03,2023-11-01,0.4139,-0.4048,0.1154
S_246,51.06,17.03,2023-12-01,0.3886,-0.4148,0.0282
S_246,51.06,17.03,2024-01-01,0.1838,-0.2004,0.4606
S_246,51.06,17.03,2024-02-01,0.3735,-0.46,-0.0717
S_246,51.06,17.03,2024-03-01,0.3952,-0.404,0.048
S_246,51.06,17.03,2024-04-01,0.5796,-0.5304,0.1729
S_246,51.06,17.03,2024-05-01,0.5225,-0.5062,0.1309
S_246,51.06,17.03,2024-06-01,0.5346,-0.51,0.1371
S_246,51.06,17.03,2024-07-01,0.5454,-0.5215,0.1389
S_246,51.06,17.03,2024-08-01,0.5516,-0.5242,0.1488
S_246,51.06,17.03,2024-09-01,0.56,-0.5469,0.1565
S_246,51.06,17.03,2024-10-01,0.4875,-0.5107,0.0755
S_246,51.06,17.03,2024-11-01,0.3671,-0.3865,0.0768
S_246,51.06,17.03,2024-12-01,0.3369,-0.3473,0.0838
S_246,51.06,17.03,2025-01-01,0.3841,-0.4445,0.0423
S_246,51.06,17.03,2025-02-01,0.3618,-0.4201,0.0065
S_246,51.06,17.03,2025-03-01,0.3517,-0.4065,-0.0225
S_246,51.06,17.03,2025-04-01,0.5363,-0.51,0.1467
S_246,51.06,17.03,2025-05-01,0.4732,-0.453,0.1376
S_246,51.06,17.03,2025-06-01,0.5708,-0.5481,0.1851
S_246,51.06,17.03,2025-07-01,0.5423,-0.5208,0.1612
S_246,51.06,17.03,2025-08-01,0.5405,-0.5146,0.1487
S_246,51.06,17.03,2025-09-01,0.5454,-0.5255,0.1521
S_246,51.06,17.03,2025-10-01,0.257351204716922,-0.2406333893513629,0.0852785468372584
S_246,51.06,17.03,2025-11-01,0.4721,-0.5068,0.0839
S_246,51.06,17.03,2025-12-01,0.4569,-0.52,0.0607
S_246,51.06,17.03,2026-01-01,0.3767,-0.448,0.0473
S_246,51.06,17.03,2026-02-01,0.3367,-0.4101,-0.0519
S_246,51.06,17.03,2026-03-01,0.3567,-0.4327,-0.0332
S_247,51.08,17.03,2023-06-01,0.4168850109029919,-0.4142611039669969,0.1131643614952666
S_247,51.08,17.03,2023-07-01,0.3958472908231034,-0.3993973954306643,0.0767754221087919
S_247,51.08,17.03,2023-08-01,0.4006571934332676,-0.394049834121053,0.0653196392753107
S_247,51.08,17.03,2023-09-01,0.4253743506684589,-0.4192714069507179,0.1004338528116685
S_247,51.08,17.03,2023-10-01,0.3874363781116482,-0.3895032828731701,0.0549601984149202
S_247,51.08,17.03,2023-11-01,0.3014195526249044,-0.2995177236283426,0.0297130808891644
S_247,51.08,17.03,2023-12-01,0.2238894697842798,-0.2353805340042541,-0.061638286389047
S_247,51.08,17.03,2024-01-01,0.121331222913807,-0.1401694480130033,0.3943851947096621
S_247,51.08,17.03,2024-02-01,0.2285047980742046,-0.2788331639182884,-0.0663829906410406
S_247,51.08,17.03,2024-03-01,0.2831884342746669,-0.302222958054694,-0.0064928065728105
S_247,51.08,17.03,2024-04-01,0.4526204834833197,-0.4239805952670151,0.1118844012108624
S_247,51.08,17.03,2024-05-01,0.4001054690443542,-0.3991566883749892,0.0879427886176959
S_247,51.08,17.03,2024-06-01,0.3951550072782516,-0.3872254654282195,0.086453448777617
S_247,51.08,17.03,2024-07-01,0.4078965332646346,-0.4047634380206474,0.0823790801177095
S_247,51.08,17.03,2024-08-01,0.4130705447792108,-0.4056418651261166,0.0890480663918383
S_247,51.08,17.03,2024-09-01,0.4342222871209917,-0.4364882250802633,0.0957942171418171
S_247,51.08,17.03,2024-10-01,0.3389572980342846,-0.3646435895359198,0.0107076118422147
S_247,51.08,17.03,2024-11-01,0.2350924747762549,-0.252251453882747,0.0165011147117257
S_247,51.08,17.03,2024-12-01,0.2153982322281745,-0.2247009234208938,0.0162171139313699
S_247,51.08,17.03,2025-01-01,0.2326673918499317,-0.2888561220120662,-0.0399746824887947
S_247,51.08,17.03,2025-02-01,0.2600473700431521,-0.314266356324984,-0.034914823241215
S_247,51.08,17.03,2025-03-01,0.2357459235899112,-0.2826118615459411,-0.0473877200376602
S_247,51.08,17.03,2025-04-01,0.4152369444864796,-0.4019300902382031,0.1023197438759001
S_247,51.08,17.03,2025-05-01,0.3868523340426808,-0.3713658333394766,0.1068652849554014
S_247,51.08,17.03,2025-06-01,0.4273252128989585,-0.4297374495391536,0.1113103463543809
S_247,51.08,17.03,2025-07-01,0.4062453139123453,-0.4086025252994603,0.0957724783894854
S_247,51.08,17.03,2025-08-01,0.4069410029071397,-0.4024422222449615,0.0816263889040173
S_247,51.08,17.03,2025-09-01,0.4060865873638614,-0.4015351155010889,0.0817323809782837
S_247,51.08,17.03,2025-10-01,0.2588131607714439,-0.2317503458567627,0.0778568333231544
S_247,51.08,17.03,2025-11-01,0.3163986147783371,-0.3537520635674137,-0.0156337661926791
S_247,51.08,17.03,2025-12-01,0.3109684199407024,-0.3708642135552889,-0.0330951839528288
S_247,51.08,17.03,2026-01-01,0.2824425973694865,-0.3561015331469661,-0.0306507142605312
S_247,51.08,17.03,2026-02-01,0.2128473954427533,-0.2802024206947047,-0.0965035100695542
S_247,51.08,17.03,2026-03-01,0.2276635859236967,-0.3001192208411106,-0.0887408729755435
S_248,51.1,17.03,2023-06-01,0.32,-0.3316,0.0654
S_248,51.1,17.03,2023-07-01,0.3002,-0.3177,0.0352
S_248,51.1,17.03,2023-08-01,0.2929,-0.3052,0.0153
S_248,51.1,17.03,2023-09-01,0.3137,-0.3245,0.0416
S_248,51.1,17.03,2023-10-01,0.2853,-0.3019,0.0012
S_248,51.1,17.03,2023-11-01,0.1674,-0.1763,-0.0206
S_248,51.1,17.03,2023-12-01,0.1105,-0.1113,-0.1236
S_248,51.1,17.03,2024-01-01,0.0483,-0.0654,0.2894
S_248,51.1,17.03,2024-02-01,0.1386,-0.175,-0.0708
S_248,51.1,17.03,2024-03-01,0.1532,-0.1688,-0.0276
S_248,51.1,17.03,2024-04-01,0.3804,-0.349,0.085
S_248,51.1,17.03,2024-05-01,0.3077,-0.3197,0.0524
S_248,51.1,17.03,2024-06-01,0.2968,-0.3026,0.0426
S_248,51.1,17.03,2024-07-01,0.3044,-0.3193,0.0399
S_248,51.1,17.03,2024-08-01,0.3054,-0.3167,0.0399
S_248,51.1,17.03,2024-09-01,0.3019,-0.3221,0.0261
S_248,51.1,17.03,2024-10-01,0.2168,-0.2516,-0.0487
S_248,51.1,17.03,2024-11-01,0.1315,-0.1593,-0.0392
S_248,51.1,17.03,2024-12-01,0.0736,-0.0799,-0.0681
S_248,51.1,17.03,2025-01-01,0.1251,-0.1789,-0.094
S_248,51.1,17.03,2025-02-01,0.1363,-0.183,-0.0743
S_248,51.1,17.03,2025-03-01,0.155,-0.1965,-0.0625
S_248,51.1,17.03,2025-04-01,0.3165,-0.3195,0.0632
S_248,51.1,17.03,2025-05-01,0.3027,-0.2993,0.063
S_248,51.1,17.03,2025-06-01,0.3191,-0.3395,0.0579
S_248,51.1,17.03,2025-07-01,0.3066,-0.3254,0.0506
S_248,51.1,17.03,2025-08-01,0.3013,-0.3158,0.0305
S_248,51.1,17.03,2025-09-01,0.2932,-0.3035,0.0223
S_248,51.1,17.03,2025-10-01,0.1977,-0.1773,0.0347
S_248,51.1,17.03,2025-11-01,0.194,-0.2408,-0.0928
S_248,51.1,17.03,2025-12-01,0.1797,-0.2209,-0.1126
S_248,51.1,17.03,2026-01-01,0.1688,-0.2408,-0.1004
S_248,51.1,17.03,2026-02-01,0.1247,-0.1863,-0.124
S_248,51.1,17.03,2026-03-01,0.1398,-0.2078,-0.1215
S_249,51.12,17.03,2023-06-01,0.3900210424389045,-0.3844789068143265,0.1061152416395883
S_249,51.12,17.03,2023-07-01,0.3892426332570117,-0.3874051657535153,0.0742583440604411
S_249,51.12,17.03,2023-08-01,0.3589784883970864,-0.352664022303961,0.0496791413910162
S_249,51.12,17.03,2023-09-01,0.3981874421196538,-0.387897640557271,0.0910363094447438
S_249,51.12,17.03,2023-10-01,0.3438538671890218,-0.3459207719474801,0.0436838095053395
S_249,51.12,17.03,2023-11-01,0.2953082140948063,-0.2971812588316095,0.0367689429644909
S_249,51.12,17.03,2023-12-01,0.1729260497395499,-0.1765968650196889,-0.0744670093567299
S_249,51.12,17.03,2024-01-01,0.1086134739196488,-0.1293300215424379,0.3127057574668559
S_249,51.12,17.03,2024-02-01,0.2020044948087737,-0.2398245958212053,-0.0390760317913644
S_249,51.12,17.03,2024-03-01,0.2862997041443522,-0.312361017309869,0.0226191342155252
S_249,51.12,17.03,2024-04-01,0.4031647798963139,-0.37261295089984,0.1006881204936303
S_249,51.12,17.03,2024-05-01,0.3558200143628272,-0.3556913347048872,0.0700470129491543
S_249,51.12,17.03,2024-06-01,0.3542612877858467,-0.3418940258961424,0.0905743253439028
S_249,51.12,17.03,2024-07-01,0.3778400287131984,-0.3705496174842353,0.0617875721058285
S_249,51.12,17.03,2024-08-01,0.3698102163850053,-0.3623815367275051,0.073641883093375
S_249,51.12,17.03,2024-09-01,0.3760085099489869,-0.3846879471984664,0.1104554003473177
S_249,51.12,17.03,2024-10-01,0.3252872075410899,-0.3423799961586813,0.0111220525578812
S_249,51.12,17.03,2024-11-01,0.2387714608339713,-0.2459571426707241,0.0017928065618298
S_249,51.12,17.03,2024-12-01,0.1594132826594369,-0.1619011506250647,-0.0112494769898018
S_249,51.12,17.03,2025-01-01,0.179653719275615,-0.2305117928542251,-0.0590713203341458
S_249,51.12,17.03,2025-02-01,0.2004445488959647,-0.2449449060297397,-0.0428560353834373
S_249,51.12,17.03,2025-03-01,0.2075392098505773,-0.2463839320656576,-0.0397040584525247
S_249,51.12,17.03,2025-04-01,0.389155209081621,-0.3693872329238097,0.095294530959982
S_249,51.12,17.03,2025-05-01,0.4016192747074966,-0.3754166268420623,0.1173929111654947
S_249,51.12,17.03,2025-06-01,0.36944951288384,-0.3794183945652522,0.0779498087424174
S_249,51.12,17.03,2025-07-01,0.3865801441022196,-0.3888222184476986,0.0793089537299553
S_249,51.12,17.03,2025-08-01,0.3629484414826205,-0.3602070201250268,0.0614460461488781
S_249,51.12,17.03,2025-09-01,0.3721268865456923,-0.362757795660331,0.0685573772562819
S_249,51.12,17.03,2025-10-01,0.3047998625832912,-0.2779065076285819,0.0880605914636185
S_249,51.12,17.03,2025-11-01,0.2654351947218533,-0.2979266160768457,-0.0440151190842458
S_249,51.12,17.03,2025-12-01,0.2552953065032617,-0.2903886614602534,-0.0502399315459324
S_249,51.12,17.03,2026-01-01,0.2291483548369754,-0.2985457682450217,-0.061321111132392
S_249,51.12,17.03,2026-02-01,0.1855200322961806,-0.2510307970695869,-0.0947339574469891
S_249,51.12,17.03,2026-03-01,0.1978499312847358,-0.2661219658966667,-0.0950817713165984
S_250,51.14,17.03,2023-06-01,0.3982,-0.3838,0.1168
S_250,51.14,17.03,2023-07-01,0.3773,-0.3688,0.0697
S_250,51.14,17.03,2023-08-01,0.3995,-0.3725,0.0742
S_250,51.14,17.03,2023-09-01,0.4123,-0.3914,0.1063
S_250,51.14,17.03,2023-10-01,0.3812,-0.366,0.0807
S_250,51.14,17.03,2023-11-01,0.3289,-0.3259,0.0738
S_250,51.14,17.03,2023-12-01,0.2146,-0.2141,-0.0156
S_250,51.14,17.03,2024-01-01,0.1186,-0.1443,0.2873
S_250,51.14,17.03,2024-02-01,0.2022,-0.2426,-0.0274
S_250,51.14,17.03,2024-03-01,0.3996,-0.4512,0.0793
S_250,51.14,17.03,2024-04-01,0.407,-0.3809,0.1194
S_250,51.14,17.03,2024-05-01,0.3713,-0.3578,0.0698
S_250,51.14,17.03,2024-06-01,0.3691,-0.3454,0.1144
S_250,51.14,17.03,2024-07-01,0.386,-0.3682,0.064
S_250,51.14,17.03,2024-08-01,0.4039,-0.3765,0.0962
S_250,51.14,17.03,2024-09-01,0.3756,-0.3827,0.1502
S_250,51.14,17.03,2024-10-01,0.3197,-0.3265,0.0207
S_250,51.14,17.03,2024-11-01,0.2562,-0.2506,0.0094
S_250,51.14,17.03,2024-12-01,0.1681,-0.1669,0.0106
S_250,51.14,17.03,2025-01-01,0.2031,-0.2453,-0.0229
S_250,51.14,17.03,2025-02-01,0.1938,-0.232,-0.0233
S_250,51.14,17.03,2025-03-01,0.21,-0.243,-0.0225
S_250,51.14,17.03,2025-04-01,0.3904,-0.3629,0.0974
S_250,51.14,17.03,2025-05-01,0.4184,-0.3882,0.1314
S_250,51.14,17.03,2025-06-01,0.3732,-0.3763,0.0712
S_250,51.14,17.03,2025-07-01,0.3698,-0.3711,0.0632
S_250,51.14,17.03,2025-08-01,0.3903,-0.3704,0.0798
S_250,51.14,17.03,2025-09-01,0.3743,-0.3557,0.0765
S_250,51.14,17.03,2025-10-01,0.2627,-0.24,0.0662
S_250,51.14,17.03,2025-11-01,0.2981,-0.3162,-0.013
S_250,51.14,17.03,2025-12-01,0.2688,-0.2871,-0.0281
S_250,51.14,17.03,2026-01-01,0.2214,-0.2831,-0.035
S_250,51.14,17.03,2026-02-01,0.1729,-0.2347,-0.0699
S_250,51.14,17.03,2026-03-01,0.1813,-0.2404,-0.0808
S_251,51.16,17.03,2023-06-01,0.546974652870627,-0.5147534288607645,0.2026037777208318
S_251,51.16,17.03,2023-07-01,0.5149536215251586,-0.4959151438919851,0.1323582497326339
S_251,51.16,17.03,2023-08-01,0.5221960296122931,-0.4864537178411501,0.1107108046784877
S_251,51.16,17.03,2023-09-01,0.544984101935596,-0.5120821848654099,0.1510215529222009
S_251,51.16,17.03,2023-10-01,0.5101144626782849,-0.4854748620515601,0.108983829469119
S_251,51.16,17.03,2023-11-01,0.4421558275829859,-0.4481936473796756,0.0745016445857262
S_251,51.16,17.03,2023-12-01,0.3393803641365479,-0.3550004651506291,0.0041987407577104
S_251,51.16,17.03,2024-01-01,0.2201898930421007,-0.2586091036384179,0.2580648679840425
S_251,51.16,17.03,2024-02-01,0.2976483918937033,-0.3514997674205734,-0.0315333278272428
S_251,51.16,17.03,2024-03-01,0.338597359581821,-0.3467451121830899,0.07153336571998
S_251,51.16,17.03,2024-04-01,0.3846288290080469,-0.3517658946317124,0.1068693434203338
S_251,51.16,17.03,2024-05-01,0.5049990132306362,-0.4773022858725971,0.1306761047444286
S_251,51.16,17.03,2024-06-01,0.415804123132226,-0.3958445577421202,0.1476295501118703
S_251,51.16,17.03,2024-07-01,0.5204034088674531,-0.490365492735017,0.1094334241549681
S_251,51.16,17.03,2024-08-01,0.5314592763739233,-0.4951134593832679,0.1294059837856056
S_251,51.16,17.03,2024-09-01,0.5225982191746202,-0.5095881686636128,0.1549764502076113
S_251,51.16,17.03,2024-10-01,0.4453181440392966,-0.4575180476998808,0.0458417103724657
S_251,51.16,17.03,2024-11-01,0.3695364642188259,-0.3859558110566195,0.0210772442751769
S_251,51.16,17.03,2024-12-01,0.2801475014880603,-0.293653621518655,0.0300938799680005
S_251,51.16,17.03,2025-01-01,0.3169727921766475,-0.3813661505493598,-0.016016964619843
S_251,51.16,17.03,2025-02-01,0.2815523622656857,-0.3378380523657017,-0.0276070503556523
S_251,51.16,17.03,2025-03-01,0.2900521296903061,-0.3426950428598732,-0.0507056947755025
S_251,51.16,17.03,2025-04-01,0.5287944813934318,-0.4840014918324464,0.1524446940075973
S_251,51.16,17.03,2025-05-01,0.5253036414361345,-0.4779349159497676,0.1674751744272888
S_251,51.16,17.03,2025-06-01,0.5322924679446251,-0.5126818559444605,0.1550042029503643
S_251,51.16,17.03,2025-07-01,0.3335325678561112,-0.3232581991859438,0.0608681958571942
S_251,51.16,17.03,2025-08-01,0.5273323011314054,-0.4944101867132474,0.1348296863467106
S_251,51.16,17.03,2025-09-01,0.5242472124425397,-0.4930360389439834,0.1346079008479719
S_251,51.16,17.03,2025-10-01,0.397638278114047,-0.3657273371934563,0.1259688782607712
S_251,51.16,17.03,2025-11-01,0.4371655656942765,-0.4689492024821641,0.0375123529197252
S_251,51.16,17.03,2025-12-01,0.3718691906532153,-0.4217966310307919,0.0184694232221338
S_251,51.16,17.03,2026-01-01,0.3187988770022198,-0.3987244003053001,-0.0196751744360692
S_251,51.16,17.03,2026-02-01,0.2652379161268985,-0.3461751744262653,-0.0924120074805588
S_251,51.16,17.03,2026-03-01,0.2803300152664959,-0.363568629137501,-0.07588162338468
S_252,51.18,17.03,2023-06-01,0.6314,-0.5928,0.2676
S_252,51.18,17.03,2023-07-01,0.5625,-0.5565,0.1536
S_252,51.18,17.03,2023-08-01,0.5513,-0.5295,0.0963
S_252,51.18,17.03,2023-09-01,0.5897,-0.5628,0.1498
S_252,51.18,17.03,2023-10-01,0.5198,-0.5083,0.0852
S_252,51.18,17.03,2023-11-01,0.5105,-0.5182,0.0728
S_252,51.18,17.03,2023-12-01,0.4197,-0.4371,0.0353
S_252,51.18,17.03,2024-01-01,0.2975,-0.3455,0.2107
S_252,51.18,17.03,2024-02-01,0.3634,-0.4196,-0.0214
S_252,51.18,17.03,2024-03-01,0.3237609429509064,-0.3183894926228925,0.0846695823632679
S_252,51.18,17.03,2024-04-01,0.4574,-0.4195,0.1234
S_252,51.18,17.03,2024-05-01,0.557,-0.5357,0.1561
S_252,51.18,17.03,2024-06-01,0.2393,-0.2793,0.0991
S_252,51.18,17.03,2024-07-01,0.5765,-0.5557,0.1257
S_252,51.18,17.03,2024-08-01,0.589,-0.5602,0.1415
S_252,51.18,17.03,2024-09-01,0.5756,-0.5675,0.1234
S_252,51.18,17.03,2024-10-01,0.4875,-0.5124,0.0357
S_252,51.18,17.03,2024-11-01,0.4202,-0.4592,0.0231
S_252,51.18,17.03,2024-12-01,0.3279,-0.3521,0.0508
S_252,51.18,17.03,2025-01-01,0.3726,-0.4493,-0.0027
S_252,51.18,17.03,2025-02-01,0.3261,-0.3904,-0.018
S_252,51.18,17.03,2025-03-01,0.3361,-0.4007,-0.0599
S_252,51.18,17.03,2025-04-01,0.5835,-0.548,0.1709
S_252,51.18,17.03,2025-05-01,0.5601,-0.5233,0.1684
S_252,51.18,17.03,2025-06-01,0.6233,-0.5923,0.2132
S_252,51.18,17.03,2025-07-01,0.3952672900373207,-0.3827543890908116,0.0973953732801358
S_252,51.18,17.03,2025-08-01,0.5809,-0.5571,0.1456
S_252,51.18,17.03,2025-09-01,0.594,-0.5644,0.1544
S_252,51.18,17.03,2025-10-01,0.4438,-0.4166,0.1404
S_252,51.18,17.03,2025-11-01,0.4885,-0.5245,0.052
S_252,51.18,17.03,2025-12-01,0.4294,-0.49,0.0712
S_252,51.18,17.03,2026-01-01,0.3739,-0.4597,0.0118
S_252,51.18,17.03,2026-02-01,0.3194,-0.4075,-0.093
S_252,51.18,17.03,2026-03-01,0.3345,-0.4267,-0.06
S_253,51.2,17.03,2023-06-01,0.6086056149703263,-0.5805164595517401,0.2468217855027565
S_253,51.2,17.03,2023-07-01,0.5616978104453643,-0.5655990696815851,0.1500689580670855
S_253,51.2,17.03,2023-08-01,0.5474631669536005,-0.5305420791904102,0.092271436632988
S_253,51.2,17.03,2023-09-01,0.5878387666368078,-0.5606331516726348,0.1415824738845613
S_253,51.2,17.03,2023-10-01,0.519825539831966,-0.507055033518049,0.085866070771685
S_253,51.2,17.03,2023-11-01,0.5214231975088097,-0.5340966874550465,0.0807007541740525
S_253,51.2,17.03,2023-12-01,0.438914173658552,-0.4537558275940498,0.0701210877649665
S_253,51.2,17.03,2024-01-01,0.3142416539391898,-0.3650596053026261,0.1987881452920667
S_253,51.2,17.03,2024-02-01,0.3815219217430463,-0.4234769951655899,0.0027601667951288
S_253,51.2,17.03,2024-03-01,0.3750748346205451,-0.364850046141321,0.075993426509735
S_253,51.2,17.03,2024-04-01,0.5489404442994255,-0.509362542189988,0.1672386070348026
S_253,51.2,17.03,2024-05-01,0.5720670010954088,-0.5490480629805684,0.1816333842618506
S_253,51.2,17.03,2024-06-01,0.481905109871001,-0.4536907435452326,0.1815835734984648
S_253,51.2,17.03,2024-07-01,0.5576560202738314,-0.5451111335979332,0.0937752308711828
S_253,51.2,17.03,2024-08-01,0.5714114226144135,-0.5487681240903345,0.119355226199544
S_253,51.2,17.03,2024-09-01,0.5377748620461431,-0.542956950586558,0.0801109010134245
S_253,51.2,17.03,2024-10-01,0.4595787925275046,-0.4941279220648072,0.0054417103717014
S_253,51.2,17.03,2024-11-01,0.4293425608762321,-0.4587661671101786,0.0338413814522903
S_253,51.2,17.03,2024-12-01,0.3711986045192181,-0.3859078609498912,0.0740870057680996
S_253,51.2,17.03,2025-01-01,0.4088021097498954,-0.4683936473924099,0.0292913050722477
S_253,51.2,17.03,2025-02-01,0.361381350900452,-0.4210960296216046,-0.0019644660921128
S_253,51.2,17.03,2025-03-01,0.3810635357754705,-0.4308665758387116,-0.0312564289962129
S_253,51.2,17.03,2025-04-01,0.6134495547880753,-0.5808042992928493,0.2080600704520794
S_253,51.2,17.03,2025-05-01,0.5991059837827973,-0.5636805967229873,0.2117323011620328
S_253,51.2,17.03,2025-06-01,0.6324137484012403,-0.6062924280578689,0.2270042992935915
S_253,51.2,17.03,2025-07-01,0.5856591638252445,-0.5810021320583331,0.2279796593805324
S_253,51.2,17.03,2025-08-01,0.545520446452407,-0.5437199248636617,0.1037072595452039
S_253,51.2,17.03,2025-09-01,0.5700116152919024,-0.5517055750668256,0.1186739317364267
S_253,51.2,17.03,2025-10-01,0.3498567023292231,-0.3423651670185367,0.0925974494686891
S_253,51.2,17.03,2025-11-01,0.4873934148104227,-0.5232233337500409,0.0547764901024967
S_253,51.2,17.03,2025-12-01,0.4372890590787142,-0.4953515682001014,0.0876131304732838
S_253,51.2,17.03,2026-01-01,0.3712857864381311,-0.4617259485598821,0.0016633430997584
S_253,51.2,17.03,2026-02-01,0.3163561000769967,-0.4072359990650548,-0.0948750381936233
S_253,51.2,17.03,2026-03-01,0.3304141172234592,-0.4255198684333511,-0.0700169247122592
S_254,51.22,17.03,2023-06-01,0.5932,-0.5689,0.2497
S_254,51.22,17.03,2023-07-01,0.5314,-0.5534,0.1359
S_254,51.22,17.03,2023-08-01,0.5387,-0.5294,0.0964
S_254,51.22,17.03,2023-09-01,0.5965,-0.5701,0.1503
S_254,51.22,17.03,2023-10-01,0.4965,-0.4875,0.0824
S_254,51.22,17.03,2023-11-01,0.5131,-0.5288,0.0682
S_254,51.22,17.03,2023-12-01,0.4268,-0.4416,0.0725
S_254,51.22,17.03,2024-01-01,0.3146,-0.3734,0.1257
S_254,51.22,17.03,2024-02-01,0.4025,-0.432,0.0076
S_254,51.22,17.03,2024-03-01,0.4164,-0.4156,0.0323
S_254,51.22,17.03,2024-04-01,0.4989,-0.4861,0.1095
S_254,51.22,17.03,2024-05-01,0.5705,-0.5524,0.1871
S_254,51.22,17.03,2024-06-01,0.5943,-0.5514,0.1894
S_254,51.22,17.03,2024-07-01,0.5086,-0.5183,0.0492
S_254,51.22,17.03,2024-08-01,0.5191,-0.5197,0.0676
S_254,51.22,17.03,2024-09-01,0.4967,-0.5193,0.0518
S_254,51.22,17.03,2024-10-01,0.416,-0.4634,-0.0303
S_254,51.22,17.03,2024-11-01,0.4409,-0.4655,0.0369
S_254,51.22,17.03,2024-12-01,0.4066,-0.4126,0.0871
S_254,51.22,17.03,2025-01-01,0.4343,-0.4814,0.0556
S_254,51.22,17.03,2025-02-01,0.3876,-0.4436,0.0065
S_254,51.22,17.03,2025-03-01,0.4192,-0.4529,0.0017
S_254,51.22,17.03,2025-04-01,0.6643,-0.6238,0.2659
S_254,51.22,17.03,2025-05-01,0.6523,-0.61,0.2729
S_254,51.22,17.03,2025-06-01,0.6379,-0.6167,0.2526
S_254,51.22,17.03,2025-07-01,0.5203,-0.5411,0.1955
S_254,51.22,17.03,2025-08-01,0.4823,-0.5103,0.0436
S_254,51.22,17.03,2025-09-01,0.5032,-0.5153,0.048
S_254,51.22,17.03,2025-10-01,0.2377,-0.2561,0.0165
S_254,51.22,17.03,2025-11-01,0.476,-0.5138,0.0601
S_254,51.22,17.03,2025-12-01,0.4535,-0.4998,0.1099
S_254,51.22,17.03,2026-01-01,0.3667,-0.4483,0.0105
S_254,51.22,17.03,2026-02-01,0.3182,-0.4042,-0.0844
S_254,51.22,17.03,2026-03-01,0.3338,-0.4229,-0.0684
S_255,51.24,17.03,2023-06-01,0.6568857142913257,-0.6193142857189898,0.2773714285749434
S_255,51.24,17.03,2023-07-01,0.5404428571426108,-0.5607571428566035,0.1330142857156488
S_255,51.24,17.03,2023-08-01,0.5165428571612695,-0.5171714285828839,0.0609000000182917
S_255,51.24,17.03,2023-09-01,0.633314285705739,-0.5997999999934904,0.1706285714216396
S_255,51.24,17.03,2023-10-01,0.4833571428607831,-0.4760714285738533,0.0753714285759736
S_255,51.24,17.03,2023-11-01,0.5723714285792831,-0.5696714285781623,0.1163142857209282
S_255,51.24,17.03,2023-12-01,0.4761999999922425,-0.4678857142811998,0.0956999999951993
S_255,51.24,17.03,2024-01-01,0.3838714285665633,-0.4274999999959863,0.1780142857126421
S_255,51.24,17.03,2024-02-01,0.4128285714204813,-0.4489999999915546,0.0032857142829256
S_255,51.24,17.03,2024-03-01,0.4316833333291722,-0.4310999999967409,0.0345166666617712
S_255,51.24,17.03,2024-04-01,0.5447999999936877,-0.5154571428536859,0.1261285714242614
S_255,51.24,17.03,2024-05-01,0.5793714285720295,-0.5581571428574804,0.1801857142874474
S_255,51.24,17.03,2024-06-01,0.6424571428625135,-0.5842000000044182,0.234400000002501
S_255,51.24,17.03,2024-07-01,0.5406857142842538,-0.5375428571421368,0.0845999999997594
S_255,51.24,17.03,2024-08-01,0.55300000001533,-0.5429428571527932,0.1029000000123611
S_255,51.24,17.03,2024-09-01,0.5593428571427725,-0.5579428571430469,0.1067142857149799
S_255,51.24,17.03,2024-10-01,0.4818000000051717,-0.5094285714321997,0.0246285714330574
S_255,51.24,17.03,2024-11-01,0.4890714285496487,-0.4972428571237698,0.0757857142714857
S_255,51.24,17.03,2024-12-01,0.4220285714308059,-0.4197714285732286,0.094871428572716
S_255,51.24,17.03,2025-01-01,0.4784428571464895,-0.5212428571458823,0.075557142860823
S_255,51.24,17.03,2025-02-01,0.4154285714375828,-0.4646571428629197,0.0243285714383468
S_255,51.24,17.03,2025-03-01,0.4106714285737491,-0.4529571428591386,-0.024399999998616
S_255,51.24,17.03,2025-04-01,0.625399999999513,-0.5868857142877444,0.2152857142902466
S_255,51.24,17.03,2025-05-01,0.6168999999867701,-0.5745999999902884,0.2245428571281637
S_255,51.24,17.03,2025-06-01,0.6475142857135024,-0.6201999999996216,0.244299999999827
S_255,51.24,17.03,2025-07-01,0.6009428571456393,-0.5877857142873346,0.2177142857154626
S_255,51.24,17.03,2025-08-01,0.5833142857049866,-0.5740714285647911,0.130399999992352
S_255,51.24,17.03,2025-09-01,0.5759285714435857,-0.5661714285814587,0.1187428571574242
S_255,51.24,17.03,2025-10-01,0.3060142857191407,-0.3117714285747969,0.0530571428603515
S_255,51.24,17.03,2025-11-01,0.5232857142913057,-0.5517571428595783,0.0824571428656238
S_255,51.24,17.03,2025-12-01,0.4889857142880797,-0.516300000001468,0.1254428571448411
S_255,51.24,17.03,2026-01-01,0.3763857142763954,-0.442242857139312,0.0714999999824941
S_255,51.24,17.03,2026-02-01,0.3513142857038775,-0.4260285714208256,-0.0601714285792522
S_255,51.24,17.03,2026-03-01,0.3717000000048598,-0.4492428571470919,-0.0453714285666509
S_256,50.96,17.05,2023-06-01,0.4428,-0.4909,-0.0319
S_256,50.96,17.05,2023-07-01,0.781,-0.7256,0.3874
S_256,50.96,17.05,2023-08-01,0.7106,-0.6777,0.2505
S_256,50.96,17.05,2023-09-01,0.7178,-0.6849,0.2628
S_256,50.96,17.05,2023-10-01,0.5911,-0.5974,0.0834
S_256,50.96,17.05,2023-11-01,0.6589,-0.6031,0.352
S_256,50.96,17.05,2023-12-01,0.3084,-0.3535,-0.1237
S_256,50.96,17.05,2024-01-01,0.1277,-0.1512,0.4414
S_256,50.96,17.05,2024-02-01,0.4138713771135125,-0.6438515784720262,-0.1454382671375516
S_256,50.96,17.05,2024-03-01,0.5488,-0.5425,0.1702
S_256,50.96,17.05,2024-04-01,0.4437,-0.4736,0.0248
S_256,50.96,17.05,2024-05-01,0.4802,-0.5081,0.0596
S_256,50.96,17.05,2024-06-01,0.6223,-0.6,0.1598
S_256,50.96,17.05,2024-07-01,0.5963,-0.6078,0.1374
S_256,50.96,17.05,2024-08-01,0.6059,-0.598,0.1044
S_256,50.96,17.05,2024-09-01,0.4371,-0.503,-0.0659
S_256,50.96,17.05,2024-10-01,0.3634,-0.4657,-0.1236
S_256,50.96,17.05,2024-11-01,0.4578,-0.5089,-0.0163
S_256,50.96,17.05,2024-12-01,0.4344,-0.4358,0.0872
S_256,50.96,17.05,2025-01-01,0.5053,-0.5604,0.0678
S_256,50.96,17.05,2025-02-01,0.48,-0.5325,-0.0062
S_256,50.96,17.05,2025-03-01,0.5154,-0.5431,0.0024
S_256,50.96,17.05,2025-04-01,0.7398,-0.6998,0.3924
S_256,50.96,17.05,2025-05-01,0.7215,-0.6804,0.3917
S_256,50.96,17.05,2025-06-01,0.7045,-0.6656,0.4506
S_256,50.96,17.05,2025-07-01,0.5496,-0.5725,0.3166
S_256,50.96,17.05,2025-08-01,0.3484,-0.4248,-0.0631
S_256,50.96,17.05,2025-09-01,0.3341,-0.4106,-0.1798
S_256,50.96,17.05,2025-10-01,0.2447684769095781,-0.2490088222658462,0.0502430850085948
S_256,50.96,17.05,2025-11-01,0.4117,-0.4857,-0.1532
S_256,50.96,17.05,2025-12-01,0.3905,-0.5269,-0.201
S_256,50.96,17.05,2026-01-01,0.3355,-0.4791,-0.2361
S_256,50.96,17.05,2026-02-01,0.2779,-0.3996,-0.2739
S_256,50.96,17.05,2026-03-01,0.2983,-0.4167,-0.2742
S_257,50.98,17.05,2023-06-01,0.54020834949987,-0.545704708031524,0.1045997742873186
S_257,50.98,17.05,2023-07-01,0.6731522260271231,-0.6399403547923366,0.2938319722452581
S_257,50.98,17.05,2023-08-01,0.6345319488401334,-0.6096895407394207,0.1818663996588315
S_257,50.98,17.05,2023-09-01,0.6449245131557931,-0.6225655092621118,0.1944194596841517
S_257,50.98,17.05,2023-10-01,0.5409748455029096,-0.5443610571989957,0.0462303276539494
S_257,50.98,17.05,2023-11-01,0.4541719319529048,-0.4623620906691858,0.0839530502559273
S_257,50.98,17.05,2023-12-01,0.3448384611020816,-0.3932999435675245,-0.0850928698446053
S_257,50.98,17.05,2024-01-01,0.128022523147582,-0.1570781580659755,0.5068072595521291
S_257,50.98,17.05,2024-02-01,0.4088043531475215,-0.6653109413455787,-0.1856584863853251
S_257,50.98,17.05,2024-03-01,0.4312221377763272,-0.436902365682436,-0.0166007872609899
S_257,50.98,17.05,2024-04-01,0.4142444215234462,-0.4464203900305533,-0.0407612897786348
S_257,50.98,17.05,2024-05-01,0.4721122799670228,-0.4950348196402429,0.0155073063085674
S_257,50.98,17.05,2024-06-01,0.6200169811352902,-0.583850541536797,0.1464051498118503
S_257,50.98,17.05,2024-07-01,0.6228016611003426,-0.608345969749836,0.1815790416238501
S_257,50.98,17.05,2024-08-01,0.6360198450537083,-0.605334796257664,0.1765663763188782
S_257,50.98,17.05,2024-09-01,0.4779875837978558,-0.5179632632929141,-0.0047992292956724
S_257,50.98,17.05,2024-10-01,0.3995702902831292,-0.4777004816992587,-0.0991716526588826
S_257,50.98,17.05,2024-11-01,0.4348407070853353,-0.4866392152732338,-0.0617742207253824
S_257,50.98,17.05,2024-12-01,0.3758599176750355,-0.3830190578190248,0.0361595887644991
S_257,50.98,17.05,2025-01-01,0.4464843744207166,-0.5105476776198692,-0.0012129708637262
S_257,50.98,17.05,2025-02-01,0.4353121038119469,-0.492603408879616,-0.0633625256554119
S_257,50.98,17.05,2025-03-01,0.465375367090204,-0.4975280981928536,-0.0416598943247606
S_257,50.98,17.05,2025-04-01,0.6717453683562109,-0.6387102996089357,0.2803759451206489
S_257,50.98,17.05,2025-05-01,0.6610273206496089,-0.6228721508908492,0.2958768754441478
S_257,50.98,17.05,2025-06-01,0.6956436673281978,-0.6514253870481855,0.3867417502458732
S_257,50.98,17.05,2025-07-01,0.5797727357748981,-0.5721564688974026,0.3027414213515205
S_257,50.98,17.05,2025-08-01,0.4175698319601494,-0.4680389826997829,0.0081722141885716
S_257,50.98,17.05,2025-09-01,0.4462020533102173,-0.4736573593124338,-0.0605145989127935
S_257,50.98,17.05,2025-10-01,0.2537111289119296,-0.248253897956734,0.0843730555601904
S_257,50.98,17.05,2025-11-01,0.5169061929331695,-0.527798371910814,0.0069032492070606
S_257,50.98,17.05,2025-12-01,0.4817825867653315,-0.5475078609549491,-0.0108591469733563
S_257,50.98,17.05,2026-01-01,0.3719981792606827,-0.4877734500340348,-0.1412763373317206
S_257,50.98,17.05,2026-02-01,0.2939829789486766,-0.4084599342096572,-0.2326308093506996
S_257,50.98,17.05,2026-03-01,0.3130028473851466,-0.4275520333564828,-0.2245514718597649
S_258,51.0,17.05,2023-06-01,0.5795338274651035,-0.5682708765590581,0.141891013481686
S_258,51.0,17.05,2023-07-01,0.6485965765881163,-0.6233388601432303,0.2686840007635207
S_258,51.0,17.05,2023-08-01,0.6218537266798716,-0.5945542930239562,0.1676080989435339
S_258,51.0,17.05,2023-09-01,0.6345948955122641,-0.6107984055793677,0.1802049026929801
S_258,51.0,17.05,2023-10-01,0.5494230267748441,-0.5422681061282154,0.065655469026712
S_258,51.0,17.05,2023-11-01,0.355035631076746,-0.3932803353441589,-0.0319352454822958
S_258,51.0,17.05,2023-12-01,0.3455291593406077,-0.3951577343969025,-0.1027137159211227
S_258,51.0,17.05,2024-01-01,0.1175792026746162,-0.1480978318253012,0.5522171393231373
S_258,51.0,17.05,2024-02-01,0.4157443037986447,-0.6808566704020195,-0.1999035787539246
S_258,51.0,17.05,2024-03-01,0.4118550685462534,-0.412409945881978,-0.0804623233139512
S_258,51.0,17.05,2024-04-01,0.4503090044746904,-0.4669073846843151,-0.0175845417346979
S_258,51.0,17.05,2024-05-01,0.4957524819801683,-0.5093746645227227,0.0191130555048651
S_258,51.0,17.05,2024-06-01,0.6364659199986242,-0.5901345058238919,0.1624910462667476
S_258,51.0,17.05,2024-07-01,0.6270448088836451,-0.6035328860489858,0.1877944517604914
S_258,51.0,17.05,2024-08-01,0.6397449134737397,-0.6036314141775989,0.1866945563457002
S_258,51.0,17.05,2024-09-01,0.5245518976943883,-0.5413319625619664,0.0431777382304889
S_258,51.0,17.05,2024-10-01,0.5188201189458216,-0.5523440692101255,0.0258251008652839
S_258,51.0,17.05,2024-11-01,0.468752727099461,-0.505967027312318,-0.0086220240724691
S_258,51.0,17.05,2024-12-01,0.3527553390575859,-0.3614180807587007,0.0216085353132516
S_258,51.0,17.05,2025-01-01,0.420324473272773,-0.4880176190239527,-0.0282558261764448
S_258,51.0,17.05,2025-02-01,0.414423759007721,-0.4767970562747642,-0.09306957800477
S_258,51.0,17.05,2025-03-01,0.4375546681258532,-0.4790563925138318,-0.075244556325321
S_258,51.0,17.05,2025-04-01,0.6470720600061614,-0.6154509488641914,0.2388943904795236
S_258,51.0,17.05,2025-05-01,0.6342417605595687,-0.5981119661712028,0.2516580556574119
S_258,51.0,17.05,2025-06-01,0.6944199964041243,-0.6481856818297026,0.3568762409882304
S_258,51.0,17.05,2025-07-01,0.5891530049981515,-0.5770689862814937,0.2859259451374584
S_258,51.0,17.05,2025-08-01,0.4766187770473171,-0.5046699963911188,0.059981727955342
S_258,51.0,17.05,2025-09-01,0.4825984414854494,-0.4978949314190171,-0.0268115477431037
S_258,51.0,17.05,2025-10-01,0.2507155017141645,-0.2473807226276931,0.0857139186687957
S_258,51.0,17.05,2025-11-01,0.4491840515306336,-0.4952104763450611,-0.0470109665425792
S_258,51.0,17.05,2025-12-01,0.513348466866215,-0.558216085885802,0.0503961328098336
S_258,51.0,17.05,2026-01-01,0.3931628896194714,-0.4975334956995064,-0.1087022294592572
S_258,51.0,17.05,2026-02-01,0.3116584740403477,-0.417517662348071,-0.2085175144192436
S_258,51.0,17.05,2026-03-01,0.3309842099620786,-0.4381534487826337,-0.1968923881625464
S_259,51.02,17.05,2023-06-01,0.6386,-0.6081,0.203
S_259,51.02,17.05,2023-07-01,0.6562,-0.6284,0.2834
S_259,51.02,17.05,2023-08-01,0.6135,-0.5835,0.1581
S_259,51.02,17.05,2023-09-01,0.6337,-0.6066,0.1744
S_259,51.02,17.05,2023-10-01,0.6097,-0.5736,0.1626
S_259,51.02,17.05,2023-11-01,0.3726,-0.3978,-0.0199
S_259,51.02,17.05,2023-12-01,0.3473,-0.3884,-0.1329
S_259,51.02,17.05,2024-01-01,0.1109,-0.1385,0.5926
S_259,51.02,17.05,2024-02-01,0.4385,-0.6881,-0.2242
S_259,51.02,17.05,2024-03-01,0.4868,-0.4604,-0.0341
S_259,51.02,17.05,2024-04-01,0.5282,-0.5243,0.0582
S_259,51.02,17.05,2024-05-01,0.5856,-0.5702,0.1176
S_259,51.02,17.05,2024-06-01,0.6593,-0.6099,0.1982
S_259,51.02,17.05,2024-07-01,0.5752,-0.5676,0.1144
S_259,51.02,17.05,2024-08-01,0.5878,-0.5705,0.0957
S_259,51.02,17.05,2024-09-01,0.574,-0.5707,0.0762
S_259,51.02,17.05,2024-10-01,0.5154,-0.5586,0.0376
S_259,51.02,17.05,2024-11-01,0.4641,-0.505,0.0096
S_259,51.02,17.05,2024-12-01,0.3678,-0.3754,0.0549
S_259,51.02,17.05,2025-01-01,0.4176,-0.4832,-0.0083
S_259,51.02,17.05,2025-02-01,0.4037,-0.4737,-0.0898
S_259,51.02,17.05,2025-03-01,0.3974,-0.465,-0.1138
S_259,51.02,17.05,2025-04-01,0.6006,-0.5773,0.1799
S_259,51.02,17.05,2025-05-01,0.5806,-0.5539,0.1828
S_259,51.02,17.05,2025-06-01,0.6941,-0.648,0.3268
S_259,51.02,17.05,2025-07-01,0.6053,-0.5998,0.2549
S_259,51.02,17.05,2025-08-01,0.5943,-0.5756,0.1623
S_259,51.02,17.05,2025-09-01,0.4977,-0.5187,-0.0077
S_259,51.02,17.05,2025-10-01,0.2336885965393226,-0.2287375962473625,0.0867271812720938
S_259,51.02,17.05,2025-11-01,0.4418,-0.505,-0.0627
S_259,51.02,17.05,2025-12-01,0.4817,-0.5576,-0.0052
S_259,51.02,17.05,2026-01-01,0.414,-0.5071,-0.1089
S_259,51.02,17.05,2026-02-01,0.3495,-0.4337,-0.1785
S_259,51.02,17.05,2026-03-01,0.3717,-0.4566,-0.1666
S_260,51.04,17.05,2023-06-01,0.6556932429350592,-0.6196359269480212,0.2744230552701523
S_260,51.04,17.05,2023-07-01,0.5568677056775505,-0.5523140043576769,0.2112491990792576
S_260,51.04,17.05,2023-08-01,0.5066067137378071,-0.5016768327017583,0.0630902094438025
S_260,51.04,17.05,2023-09-01,0.5380900181988875,-0.5340719120615802,0.0874829980678912
S_260,51.04,17.05,2023-10-01,0.5191467245142306,-0.5145185678710551,0.059328077416738
S_260,51.04,17.05,2023-11-01,0.3899415872334142,-0.3974859523139123,0.0021223917467714
S_260,51.04,17.05,2023-12-01,0.3648693434197307,-0.3965675144231273,-0.0701688383575616
S_260,51.04,17.05,2024-01-01,0.1384950793554973,-0.1658444696898355,0.5329174531353019
S_260,51.04,17.05,2024-02-01,0.3879386255627581,-0.6158302994446507,-0.2015767893777963
S_260,51.04,17.05,2024-03-01,0.3911250470129853,-0.4064806386175164,-0.0793073952254302
S_260,51.04,17.05,2024-04-01,0.5003932936776005,-0.4917750216629774,0.0770669914029247
S_260,51.04,17.05,2024-05-01,0.5563913780284665,-0.5344566017164706,0.1418447834928951
S_260,51.04,17.05,2024-06-01,0.6007395236483795,-0.5521359089829028,0.1866807358038464
S_260,51.04,17.05,2024-07-01,0.5588507142641389,-0.5353618794954909,0.1265118795054368
S_260,51.04,17.05,2024-08-01,0.6101365365999452,-0.5698814500712774,0.1773107573432259
S_260,51.04,17.05,2024-09-01,0.6021260856248353,-0.5771655121089085,0.1537102522755671
S_260,51.04,17.05,2024-10-01,0.5153375034169222,-0.5430831744780029,0.0456110965410828
S_260,51.04,17.05,2024-11-01,0.4396587624778114,-0.4690006276189409,0.028536579936746
S_260,51.04,17.05,2024-12-01,0.3259719733449215,-0.3449959848803772,0.0256365260878439
S_260,51.04,17.05,2025-01-01,0.3622412554779659,-0.4401826335070478,-0.0428022653534001
S_260,51.04,17.05,2025-02-01,0.3496401407383272,-0.4288510101164609,-0.1089359702677311
S_260,51.04,17.05,2025-03-01,0.3438435895320056,-0.4167423268770699,-0.1258785063625346
S_260,51.04,17.05,2025-04-01,0.5184133154576009,-0.5147653103354591,0.0760538387139551
S_260,51.04,17.05,2025-05-01,0.4926002778987514,-0.4792920130647335,0.0936959922869031
S_260,51.04,17.05,2025-06-01,0.6571431203710876,-0.6182944876315923,0.247811861555572
S_260,51.04,17.05,2025-07-01,0.614737608020704,-0.5891383043393774,0.2200721392255183
S_260,51.04,17.05,2025-08-01,0.6219420848551683,-0.5852665401809775,0.2036824348110505
S_260,51.04,17.05,2025-09-01,0.5162935641618118,-0.5229214862260452,0.0714039284718336
S_260,51.04,17.05,2025-10-01,0.2330553913361168,-0.2283241453772571,0.0831804110280532
S_260,51.04,17.05,2025-11-01,0.4100957756668975,-0.4796984235349589,-0.0435795598073877
S_260,51.04,17.05,2025-12-01,0.4257295418544092,-0.5162917784900478,-0.0278861002409778
S_260,51.04,17.05,2026-01-01,0.3682057395190039,-0.4576492857297283,-0.0346785391513235
S_260,51.04,17.05,2026-02-01,0.3214689429583431,-0.4073244732753061,-0.1221372836852787
S_260,51.04,17.05,2026-03-01,0.3378700576855117,-0.4307298556607158,-0.136003196255782
S_261,51.06,17.05,2023-06-01,0.5706,-0.5434,0.2087
S_261,51.06,17.05,2023-07-01,0.4804,-0.4894,0.1135
S_261,51.06,17.05,2023-08-01,0.485,-0.4655,0.0689
S_261,51.06,17.05,2023-09-01,0.5165,-0.4999,0.1088
S_261,51.06,17.05,2023-10-01,0.4894,-0.48,0.057
S_261,51.06,17.05,2023-11-01,0.3763,-0.3671,0.0106
S_261,51.06,17.05,2023-12-01,0.3749,-0.4008,0.0059
S_261,51.06,17.05,2024-01-01,0.1588,-0.1871,0.4932
S_261,51.06,17.05,2024-02-01,0.3462,-0.5552,-0.2077
S_261,51.06,17.05,2024-03-01,0.3616,-0.4009,-0.0454
S_261,51.06,17.05,2024-04-01,0.4858,-0.4677,0.127
S_261,51.06,17.05,2024-05-01,0.5102,-0.4925,0.139
S_261,51.06,17.05,2024-06-01,0.4711,-0.4474,0.118
S_261,51.06,17.05,2024-07-01,0.5343,-0.5001,0.1356
S_261,51.06,17.05,2024-08-01,0.5435,-0.5039,0.1528
S_261,51.06,17.05,2024-09-01,0.5279,-0.5157,0.1193
S_261,51.06,17.05,2024-10-01,0.421,-0.4656,-0.0158
S_261,51.06,17.05,2024-11-01,0.3436,-0.391,-0.0246
S_261,51.06,17.05,2024-12-01,0.2986,-0.3259,0.0467
S_261,51.06,17.05,2025-01-01,0.3377,-0.411,-0.0049
S_261,51.06,17.05,2025-02-01,0.3218,-0.3956,-0.0572
S_261,51.06,17.05,2025-03-01,0.3233,-0.387,-0.0716
S_261,51.06,17.05,2025-04-01,0.5153,-0.4968,0.1311
S_261,51.06,17.05,2025-05-01,0.4652,-0.4442,0.1144
S_261,51.06,17.05,2025-06-01,0.5658,-0.5417,0.2066
S_261,51.06,17.05,2025-07-01,0.5229,-0.5098,0.1688
S_261,51.06,17.05,2025-08-01,0.5259,-0.4978,0.1336
S_261,51.06,17.05,2025-09-01,0.5102,-0.495,0.1054
S_261,51.06,17.05,2025-10-01,0.2493650017747832,-0.2390552471877035,0.0823605266641303
S_261,51.06,17.05,2025-11-01,0.4037,-0.4609,0.0134
S_261,51.06,17.05,2025-12-01,0.3727,-0.4708,-0.0304
S_261,51.06,17.05,2026-01-01,0.3145,-0.4164,-0.0503
S_261,51.06,17.05,2026-02-01,0.2731,-0.3667,-0.1248
S_261,51.06,17.05,2026-03-01,0.2883,-0.3868,-0.1093
S_262,51.08,17.05,2023-06-01,0.514576190219691,-0.4901550611339371,0.1758748483462903
S_262,51.08,17.05,2023-07-01,0.4043684812173006,-0.4067836003019896,0.0824975180100304
S_262,51.08,17.05,2023-08-01,0.4145482756017099,-0.4001324855750228,0.0627886868347773
S_262,51.08,17.05,2023-09-01,0.4471656420776186,-0.4376807178390446,0.0927621320302207
S_262,51.08,17.05,2023-10-01,0.3984011147204092,-0.3948489285909541,0.0522940692220447
S_262,51.08,17.05,2023-11-01,0.3297887660656015,-0.3219768865624801,0.0347060533236615
S_262,51.08,17.05,2023-12-01,0.2414372836593159,-0.2537389034489782,-0.059355147813792
S_262,51.08,17.05,2024-01-01,0.1372000179507156,-0.1586224530229182,0.4264105555649012
S_262,51.08,17.05,2024-02-01,0.2948258151318265,-0.4009591016145055,-0.0983477959051346
S_262,51.08,17.05,2024-03-01,0.2888790801250563,-0.3100818146463542,-0.0260199964105308
S_262,51.08,17.05,2024-04-01,0.4169237589902778,-0.3914153716041766,0.0943567063119412
S_262,51.08,17.05,2024-05-01,0.4811277666814119,-0.4587127775786832,0.1306476405526191
S_262,51.08,17.05,2024-06-01,0.4642967096367529,-0.4390956815663238,0.1288619153883368
S_262,51.08,17.05,2024-07-01,0.4850617674526974,-0.4606147545075013,0.1057728534753524
S_262,51.08,17.05,2024-08-01,0.4345070454943345,-0.4148632900800875,0.102520248936891
S_262,51.08,17.05,2024-09-01,0.4891148157752578,-0.4791680553627638,0.1403404904453592
S_262,51.08,17.05,2024-10-01,0.3416253175163009,-0.3668316054217615,-0.0071440079415431
S_262,51.08,17.05,2024-11-01,0.2491752129126297,-0.2661936328527583,0.0079976659484095
S_262,51.08,17.05,2024-12-01,0.2511900287068103,-0.2646641881697792,0.0190134559610783
S_262,51.08,17.05,2025-01-01,0.233460537624232,-0.2919834777592186,-0.0439928065618992
S_262,51.08,17.05,2025-02-01,0.2281062266389824,-0.2840859164217666,-0.0596559920522459
S_262,51.08,17.05,2025-03-01,0.2769790547155289,-0.3300456023335862,-0.0660113744363619
S_262,51.08,17.05,2025-04-01,0.4805637443814464,-0.4513736290129764,0.1189326514508041
S_262,51.08,17.05,2025-05-01,0.4014703968706066,-0.3784554690376071,0.1094964466118566
S_262,51.08,17.05,2025-06-01,0.4482892785484413,-0.4430179582054447,0.1303636472200368
S_262,51.08,17.05,2025-07-01,0.4908222363663335,-0.4757063850650517,0.1380770777986552
S_262,51.08,17.05,2025-08-01,0.4286467424611234,-0.4142082648313273,0.09190258658796
S_262,51.08,17.05,2025-09-01,0.4751634918371814,-0.4569451585475027,0.1114411434384238
S_262,51.08,17.05,2025-10-01,0.2836163275215411,-0.2677375403703992,0.0857725877623225
S_262,51.08,17.05,2025-11-01,0.3814713562222125,-0.4176797256571519,0.0019781312602764
S_262,51.08,17.05,2025-12-01,0.3375892711145613,-0.4039243432828758,-0.0293652670175587
S_262,51.08,17.05,2026-01-01,0.2869499746146894,-0.3680974313475367,-0.0270213457203245
S_262,51.08,17.05,2026-02-01,0.2249293939217637,-0.3030396969589299,-0.1141654328927793
S_262,51.08,17.05,2026-03-01,0.220118210732313,-0.2981180015250653,-0.1068831998457299
S_263,51.1,17.05,2023-06-01,0.3492,-0.3556,0.0839
S_263,51.1,17.05,2023-07-01,0.3191,-0.3327,0.0394
S_263,51.1,17.05,2023-08-01,0.3407,-0.3387,0.0416
S_263,51.1,17.05,2023-09-01,0.3606,-0.3591,0.0766
S_263,51.1,17.05,2023-10-01,0.312,-0.322,0.0287
S_263,51.1,17.05,2023-11-01,0.2035,-0.2001,0.0299
S_263,51.1,17.05,2023-12-01,0.167,-0.1761,-0.0771
S_263,51.1,17.05,2024-01-01,0.0748,-0.0927,0.366
S_263,51.1,17.05,2024-02-01,0.179,-0.2118,-0.0375
S_263,51.1,17.05,2024-03-01,0.2302,-0.2483,-0.0148
S_263,51.1,17.05,2024-04-01,0.342,-0.3358,0.0485
S_263,51.1,17.05,2024-05-01,0.3362,-0.342,0.0624
S_263,51.1,17.05,2024-06-01,0.3213,-0.3238,0.0551
S_263,51.1,17.05,2024-07-01,0.3413,-0.3445,0.0513
S_263,51.1,17.05,2024-08-01,0.349,-0.3472,0.0633
S_263,51.1,17.05,2024-09-01,0.3498,-0.3629,0.085
S_263,51.1,17.05,2024-10-01,0.2905,-0.3111,-0.0035
S_263,51.1,17.05,2024-11-01,0.19,-0.1913,0.0384
S_263,51.1,17.05,2024-12-01,0.1385,-0.1449,-0.0182
S_263,51.1,17.05,2025-01-01,0.1764,-0.2293,-0.0497
S_263,51.1,17.05,2025-02-01,0.1731,-0.2241,-0.0571
S_263,51.1,17.05,2025-03-01,0.187,-0.2308,-0.0516
S_263,51.1,17.05,2025-04-01,0.3576,-0.3492,0.0798
S_263,51.1,17.05,2025-05-01,0.3587,-0.3427,0.1048
S_263,51.1,17.05,2025-06-01,0.3553,-0.3701,0.0714
S_263,51.1,17.05,2025-07-01,0.3368,-0.3509,0.0574
S_263,51.1,17.05,2025-08-01,0.3514,-0.3517,0.0553
S_263,51.1,17.05,2025-09-01,0.349,-0.3469,0.0568
S_263,51.1,17.05,2025-10-01,0.356922661703981,-0.3328829942605678,0.1029645764017637
S_263,51.1,17.05,2025-11-01,0.2764,-0.3057,-0.0309
S_263,51.1,17.05,2025-12-01,0.2285,-0.2721,-0.056
S_263,51.1,17.05,2026-01-01,0.2017,-0.2739,-0.0602
S_263,51.1,17.05,2026-02-01,0.1698,-0.2359,-0.1003
S_263,51.1,17.05,2026-03-01,0.1806,-0.2521,-0.1002
S_264,51.12,17.05,2023-06-01,0.4778016123699752,-0.4571439392484543,0.1548123591922925
S_264,51.12,17.05,2023-07-01,0.4611753713837851,-0.446486937076148,0.1116621066634645
S_264,51.12,17.05,2023-08-01,0.4795962299621927,-0.4494767819445328,0.1054307791272274
S_264,51.12,17.05,2023-09-01,0.4429587265822982,-0.4294629942385086,0.1119691342176588
S_264,51.12,17.05,2023-10-01,0.4530517602757116,-0.4362944442931252,0.0982364140444598
S_264,51.12,17.05,2023-11-01,0.3443626984036101,-0.3451201623190548,0.0504628283583293
S_264,51.12,17.05,2023-12-01,0.2725964645623428,-0.2849359089936459,-0.0406147799031286
S_264,51.12,17.05,2024-01-01,0.1443985894278786,-0.1665512806223833,0.3443668434754749
S_264,51.12,17.05,2024-02-01,0.259685595177932,-0.2967477272123596,-0.0279237590048363
S_264,51.12,17.05,2024-03-01,0.3424876513343805,-0.3633552703567163,0.0243253354702899
S_264,51.12,17.05,2024-04-01,0.4184760930632218,-0.3806954798088947,0.1006831998450346
S_264,51.12,17.05,2024-05-01,0.4513745524940761,-0.4310890619154429,0.1098716954255382
S_264,51.12,17.05,2024-06-01,0.4411058366920198,-0.413094862713306,0.1381154075144633
S_264,51.12,17.05,2024-07-01,0.464592929113246,-0.4413799782089329,0.0961207286261622
S_264,51.12,17.05,2024-08-01,0.4744429291089959,-0.4464998266863708,0.1147916918341803
S_264,51.12,17.05,2024-09-01,0.4663105914672223,-0.461126067687451,0.1575537192723292
S_264,51.12,17.05,2024-10-01,0.4035709378406877,-0.4125977884992254,0.0409720346145223
S_264,51.12,17.05,2024-11-01,0.2868476226199022,-0.2881679328364965,0.0388277561849828
S_264,51.12,17.05,2024-12-01,0.2330245345625897,-0.236812149996117,0.0101034487933621
S_264,51.12,17.05,2025-01-01,0.2447528391112766,-0.2951912121394542,-0.0264557395258976
S_264,51.12,17.05,2025-02-01,0.2495408296453069,-0.2981154508484028,-0.031839801565148
S_264,51.12,17.05,2025-03-01,0.2573853426507946,-0.3011570201274367,-0.046581684654357
S_264,51.12,17.05,2025-04-01,0.4758315546793533,-0.4348069768045504,0.1341040764033635
S_264,51.12,17.05,2025-05-01,0.4378220346268079,-0.3997083261229156,0.1383072113902752
S_264,51.12,17.05,2025-06-01,0.4788309016774492,-0.4684824168677709,0.1324052524044522
S_264,51.12,17.05,2025-07-01,0.457878315097576,-0.4467762768953525,0.114122409695155
S_264,51.12,17.05,2025-08-01,0.4450536146555829,-0.42474320701762,0.1022200576810525
S_264,51.12,17.05,2025-09-01,0.4388471175407946,-0.4202124458339889,0.1029401586935539
S_264,51.12,17.05,2025-10-01,0.4063634641028396,-0.38298568015766,0.1177242918301945
S_264,51.12,17.05,2025-11-01,0.3713297689979929,-0.3990528137354926,0.0097167568206839
S_264,51.12,17.05,2025-12-01,0.3193514898118239,-0.3651702235646066,-0.0208265981276467
S_264,51.12,17.05,2026-01-01,0.2792399674509343,-0.3513112877947394,-0.0277547114430083
S_264,51.12,17.05,2026-02-01,0.2053389214166747,-0.2732628283512255,-0.0952086399207091
S_264,51.12,17.05,2026-03-01,0.2190637951543084,-0.2902391739515746,-0.0934686904256631
S_265,51.14,17.05,2023-06-01,0.5183,-0.4891,0.1708
S_265,51.14,17.05,2023-07-01,0.5091,-0.4841,0.1261
S_265,51.14,17.05,2023-08-01,0.5342,-0.4905,0.129
S_265,51.14,17.05,2023-09-01,0.5353,-0.5014,0.1538
S_265,51.14,17.05,2023-10-01,0.5159,-0.4868,0.1266
S_265,51.14,17.05,2023-11-01,0.467,-0.4674,0.1035
S_265,51.14,17.05,2023-12-01,0.3376,-0.3468,0.0148
S_265,51.14,17.05,2024-01-01,0.1896,-0.2141,0.3439
S_265,51.14,17.05,2024-02-01,0.3144,-0.3556,-0.0123
S_265,51.14,17.05,2024-03-01,0.3704,-0.3831,0.0509
S_265,51.14,17.05,2024-04-01,0.4911,-0.4311,0.1486
S_265,51.14,17.05,2024-05-01,0.4876,-0.4602,0.1112
S_265,51.14,17.05,2024-06-01,0.4475,-0.4106,0.1602
S_265,51.14,17.05,2024-07-01,0.5067,-0.4724,0.1001
S_265,51.14,17.05,2024-08-01,0.5187,-0.4782,0.1283
S_265,51.14,17.05,2024-09-01,0.5076,-0.4978,0.199
S_265,51.14,17.05,2024-10-01,0.4618,-0.4641,0.076
S_265,51.14,17.05,2024-11-01,0.3646,-0.3531,0.0627
S_265,51.14,17.05,2024-12-01,0.2894,-0.2878,0.0452
S_265,51.14,17.05,2025-01-01,0.3211,-0.375,0.0047
S_265,51.14,17.05,2025-02-01,0.2863,-0.3281,0.0039
S_265,51.14,17.05,2025-03-01,0.2989,-0.3373,-0.0199
S_265,51.14,17.05,2025-04-01,0.5217,-0.4693,0.1532
S_265,51.14,17.05,2025-05-01,0.5075,-0.4539,0.1644
S_265,51.14,17.05,2025-06-01,0.5143,-0.4962,0.1389
S_265,51.14,17.05,2025-07-01,0.4858,-0.4671,0.1165
S_265,51.14,17.05,2025-08-01,0.5146,-0.4772,0.1334
S_265,51.14,17.05,2025-09-01,0.5038,-0.4724,0.1345
S_265,51.14,17.05,2025-10-01,0.5231,-0.4869,0.1759
S_265,51.14,17.05,2025-11-01,0.4144,-0.4427,0.0377
S_265,51.14,17.05,2025-12-01,0.3699,-0.4116,0.0124
S_265,51.14,17.05,2026-01-01,0.3154,-0.3861,-0.0166
S_265,51.14,17.05,2026-02-01,0.2695,-0.3431,-0.0663
S_265,51.14,17.05,2026-03-01,0.2847,-0.3599,-0.0635
S_266,51.16,17.05,2023-06-01,0.5776454364682535,-0.5468995995256629,0.2163928498820138
S_266,51.16,17.05,2023-07-01,0.5486100504918152,-0.5345618794848851,0.1460880771665023
S_266,51.16,17.05,2023-08-01,0.5175974821070777,-0.4849662158598127,0.1097984235355799
S_266,51.16,17.05,2023-09-01,0.5403810824019714,-0.5078135246564827,0.1499719733356842
S_266,51.16,17.05,2023-10-01,0.5024804727513629,-0.4768537266954104,0.1168846104329594
S_266,51.16,17.05,2023-11-01,0.4561279727969698,-0.4602348270464445,0.0868613564884557
S_266,51.16,17.05,2023-12-01,0.3451935536255119,-0.3561598487166585,0.0153928139842675
S_266,51.16,17.05,2024-01-01,0.2091964106928553,-0.2416548847310717,0.3060843145850312
S_266,51.16,17.05,2024-02-01,0.3008461581803294,-0.3429984922396568,-0.0140067063208237
S_266,51.16,17.05,2024-03-01,0.2715143794684107,-0.2724124638255249,0.0871216161907433
S_266,51.16,17.05,2024-04-01,0.5413112592811201,-0.4829916812863228,0.1812173738974309
S_266,51.16,17.05,2024-05-01,0.4986918905150613,-0.4731107288707998,0.1314360210162315
S_266,51.16,17.05,2024-06-01,0.4426095528639011,-0.4083599279522231,0.1878161112448079
S_266,51.16,17.05,2024-07-01,0.5133064612016365,-0.4848462627668872,0.1043056782419079
S_266,51.16,17.05,2024-08-01,0.52914102830818,-0.4918498161584414,0.1339501912503021
S_266,51.16,17.05,2024-09-01,0.5104628103938994,-0.5021706314436627,0.1489279654030282
S_266,51.16,17.05,2024-10-01,0.4487587952828297,-0.4586807252919299,0.0481163384201102
S_266,51.16,17.05,2024-11-01,0.3623870998472592,-0.3707934490331481,0.0344995203153578
S_266,51.16,17.05,2024-12-01,0.2928736618147038,-0.2990029511346362,0.0417360210118385
S_266,51.16,17.05,2025-01-01,0.329310162522712,-0.3840589431908826,-0.0024192567694139
S_266,51.16,17.05,2025-02-01,0.2944743327687109,-0.3426994590346734,-0.0063684378964615
S_266,51.16,17.05,2025-03-01,0.305957785133781,-0.3515536220749157,-0.032429751056285
S_266,51.16,17.05,2025-04-01,0.5622413167419922,-0.5212458369304293,0.1694670526800726
S_266,51.16,17.05,2025-05-01,0.5189915946552837,-0.4757159633265186,0.1693150144808287
S_266,51.16,17.05,2025-06-01,0.5286153356984159,-0.5116809777997547,0.1539616523368807
S_266,51.16,17.05,2025-07-01,0.5018410283078294,-0.4907695600340247,0.1478605809283999
S_266,51.16,17.05,2025-08-01,0.5186283912078997,-0.4902048414080846,0.1298691775344566
S_266,51.16,17.05,2025-09-01,0.5251334597939247,-0.4921763096883698,0.1401668868021697
S_266,51.16,17.05,2025-10-01,0.4621151844339138,-0.4371969222349771,0.141669667039421
S_266,51.16,17.05,2025-11-01,0.4180013313496019,-0.4481297584755275,0.0366662771357543
S_266,51.16,17.05,2025-12-01,0.366552507364579,-0.4154215369747139,0.0140250037090837
S_266,51.16,17.05,2026-01-01,0.3144781999719245,-0.3953176877283584,-0.0244269119362687
S_266,51.16,17.05,2026-02-01,0.2646332252189645,-0.344926266364767,-0.0872512193288248
S_266,51.16,17.05,2026-03-01,0.2782246465773985,-0.3592620528044523,-0.074418228688815
S_267,51.18,17.05,2023-06-01,0.6256,-0.5919,0.2455
S_267,51.18,17.05,2023-07-01,0.5887,-0.582,0.1522
S_267,51.18,17.05,2023-08-01,0.5705,-0.5426,0.0971
S_267,51.18,17.05,2023-09-01,0.6235,-0.5793,0.1606
S_267,51.18,17.05,2023-10-01,0.5683,-0.5343,0.1273
S_267,51.18,17.05,2023-11-01,0.5532,-0.5577,0.1022
S_267,51.18,17.05,2023-12-01,0.4674,-0.4786,0.0811
S_267,51.18,17.05,2024-01-01,0.3106,-0.3581,0.2686
S_267,51.18,17.05,2024-02-01,0.3662,-0.4115,-0.0025
S_267,51.18,17.05,2024-03-01,0.1409,-0.0998,0.1419
S_267,51.18,17.05,2024-04-01,0.729,-0.6362,0.2985
S_267,51.18,17.05,2024-05-01,0.5971,-0.56,0.1962
S_267,51.18,17.05,2024-06-01,0.531,-0.4545,0.2856
S_267,51.18,17.05,2024-07-01,0.6023,-0.5692,0.1245
S_267,51.18,17.05,2024-08-01,0.6252,-0.5772,0.1664
S_267,51.18,17.05,2024-09-01,0.5866,-0.5712,0.1083
S_267,51.18,17.05,2024-10-01,0.5203,-0.5354,0.0356
S_267,51.18,17.05,2024-11-01,0.4909,-0.5101,0.0582
S_267,51.18,17.05,2024-12-01,0.3958,-0.4097,0.0828
S_267,51.18,17.05,2025-01-01,0.4296,-0.4876,0.0318
S_267,51.18,17.05,2025-02-01,0.377,-0.4331,0.0095
S_267,51.18,17.05,2025-03-01,0.386,-0.4402,-0.0339
S_267,51.18,17.05,2025-04-01,0.6097,-0.5746,0.1929
S_267,51.18,17.05,2025-05-01,0.598,-0.5578,0.199
S_267,51.18,17.05,2025-06-01,0.6452,-0.6122,0.2208
S_267,51.18,17.05,2025-07-01,0.6035,-0.5914,0.2433
S_267,51.18,17.05,2025-08-01,0.6026,-0.5752,0.1497
S_267,51.18,17.05,2025-09-01,0.6436,-0.5926,0.1839
S_267,51.18,17.05,2025-10-01,0.4956314367053558,-0.4668721158484652,0.1556980199548926
S_267,51.18,17.05,2025-11-01,0.5107,-0.541,0.0749
S_267,51.18,17.05,2025-12-01,0.433,-0.5025,0.0649
S_267,51.18,17.05,2026-01-01,0.3667,-0.4682,-0.0132
S_267,51.18,17.05,2026-02-01,0.3132,-0.4105,-0.1058
S_267,51.18,17.05,2026-03-01,0.3251,-0.4232,-0.0732
S_268,51.2,17.05,2023-06-01,0.6448111473077314,-0.6065367353047706,0.2676711111515827
S_268,51.2,17.05,2023-07-01,0.5851725650589764,-0.5803438420740158,0.15880887450668
S_268,51.2,17.05,2023-08-01,0.5660590224392764,-0.543274559934006,0.1007433982855294
S_268,51.2,17.05,2023-09-01,0.6190796285223482,-0.5813875541703819,0.1653097367128
S_268,51.2,17.05,2023-10-01,0.5714735139341662,-0.5401059128501591,0.1305164684208393
S_268,51.2,17.05,2023-11-01,0.5629684453595979,-0.561048910673847,0.1113878933734641
S_268,51.2,17.05,2023-12-01,0.4732175831610228,-0.4773089611792312,0.0896622620425728
S_268,51.2,17.05,2024-01-01,0.3315902886929461,-0.3776093795767059,0.2365905666000384
S_268,51.2,17.05,2024-02-01,0.4023395311106543,-0.4395659813031681,0.0163557215942238
S_268,51.2,17.05,2024-03-01,0.3318447835186954,-0.3147358590625149,0.0905540744509178
S_268,51.2,17.05,2024-04-01,0.6061443366226067,-0.54418268426893,0.2039957830998536
S_268,51.2,17.05,2024-05-01,0.6167636726408182,-0.5768540405311803,0.2093246466087574
S_268,51.2,17.05,2024-06-01,0.5172623740624267,-0.4684808299010969,0.2336702997092866
S_268,51.2,17.05,2024-07-01,0.5763498774545571,-0.5570338961702276,0.1022703968699142
S_268,51.2,17.05,2024-08-01,0.5861510967800339,-0.5576993290597843,0.1271613564881697
S_268,51.2,17.05,2024-09-01,0.5790881458969276,-0.568061609035448,0.1090690729504368
S_268,51.2,17.05,2024-10-01,0.4986422043463561,-0.5184194734090977,0.0253406458215765
S_268,51.2,17.05,2024-11-01,0.4814255521205636,-0.4997231747292219,0.053255721579498
S_268,51.2,17.05,2024-12-01,0.4077278428650547,-0.4145389647652077,0.0919421176923559
S_268,51.2,17.05,2025-01-01,0.4396516018631609,-0.4928819625809656,0.0434085173803319
S_268,51.2,17.05,2025-02-01,0.3898590657670985,-0.445147038333863,0.0130830339733068
S_268,51.2,17.05,2025-03-01,0.3995877021020249,-0.4460137951631689,-0.0273133513623375
S_268,51.2,17.05,2025-04-01,0.6532771898639175,-0.6039129329674187,0.2308186724885397
S_268,51.2,17.05,2025-05-01,0.6373638385143396,-0.5836963853541245,0.2343281133391088
S_268,51.2,17.05,2025-06-01,0.6598893218995462,-0.6265841487133358,0.2457873016430267
S_268,51.2,17.05,2025-07-01,0.6033031608616178,-0.5929535899774931,0.2398546192107462
S_268,51.2,17.05,2025-08-01,0.5783457577315745,-0.5634286617174337,0.1263496249212205
S_268,51.2,17.05,2025-09-01,0.6025216415940936,-0.57288835508999,0.1378702309984414
S_268,51.2,17.05,2025-10-01,0.3458034054699558,-0.3386695959561636,0.0888881817780029
S_268,51.2,17.05,2025-11-01,0.5245730701278304,-0.5501381025570129,0.0783977525998914
S_268,51.2,17.05,2025-12-01,0.4672831819084741,-0.5204109993651391,0.0919558874548043
S_268,51.2,17.05,2026-01-01,0.382308621981444,-0.4646027345243555,0.0299830339915499
S_268,51.2,17.05,2026-02-01,0.3354070455235706,-0.4240679582240366,-0.0934741594633762
S_268,51.2,17.05,2026-03-01,0.3491461328187489,-0.4395618182402763,-0.0632041630521385
S_269,51.22,17.05,2023-06-01,0.6832841592313295,-0.6357994262429212,0.2840195705786359
S_269,51.22,17.05,2023-07-01,0.6459788814247043,-0.6259854651978078,0.2049481022962848
S_269,51.22,17.05,2023-08-01,0.6311853172557593,-0.5933494695470151,0.1575360135803491
S_269,51.22,17.05,2023-09-01,0.6747913526486391,-0.629030126138792,0.2134434775037402
S_269,51.22,17.05,2023-10-01,0.586334072557865,-0.5501448193847505,0.1622569947463077
S_269,51.22,17.05,2023-11-01,0.6020571426856265,-0.5960341412727198,0.1383192134434178
S_269,51.22,17.05,2023-12-01,0.4988174457137198,-0.4868227668272675,0.112164484040388
S_269,51.22,17.05,2024-01-01,0.405107795667969,-0.4428688563019163,0.2267296823431694
S_269,51.22,17.05,2024-02-01,0.4674654508400378,-0.4982354472493377,0.0319223484194475
S_269,51.22,17.05,2024-03-01,0.402847281794388,-0.3922705492491594,0.0731069627975683
S_269,51.22,17.05,2024-04-01,0.5838514031568849,-0.5371202235634477,0.1574947401624326
S_269,51.22,17.05,2024-05-01,0.6599166447792917,-0.6090554616010878,0.2249498700143058
S_269,51.22,17.05,2024-06-01,0.6640672365237211,-0.597586919124054,0.253680797090097
S_269,51.22,17.05,2024-07-01,0.6231520741016144,-0.5931590150039653,0.1398024132860209
S_269,51.22,17.05,2024-08-01,0.6300061325549287,-0.5951764248225724,0.1575580482066177
S_269,51.22,17.05,2024-09-01,0.6428433475309343,-0.6187141448612076,0.1689081528080923
S_269,51.22,17.05,2024-10-01,0.5585267386390895,-0.5669027704261383,0.0811314934099819
S_269,51.22,17.05,2024-11-01,0.5305809450022368,-0.5345733764868535,0.0949405158272034
S_269,51.22,17.05,2024-12-01,0.4775592675333453,-0.4643803786721879,0.1249770165378609
S_269,51.22,17.05,2025-01-01,0.5115446968421932,-0.548678297148929,0.0961053390641732
S_269,51.22,17.05,2025-02-01,0.444443982577402,-0.486371695431439,0.0494787409393312
S_269,51.22,17.05,2025-03-01,0.4428214862245236,-0.4786064104653041,-0.0077763022706904
S_269,51.22,17.05,2025-04-01,0.7053908475964898,-0.6330240294923404,0.2589311795995087
S_269,51.22,17.05,2025-05-01,0.6934156167263652,-0.6176674277694036,0.2730300648658749
S_269,51.22,17.05,2025-06-01,0.709198163575596,-0.6663907429871572,0.2827023086828008
S_269,51.22,17.05,2025-07-01,0.6361614716245336,-0.6133864320084762,0.2465298302886151
S_269,51.22,17.05,2025-08-01,0.6260765473602737,-0.5993553136749656,0.1632098338623335
S_269,51.22,17.05,2025-09-01,0.6372685784138307,-0.6057153642025055,0.1688545561067581
S_269,51.22,17.05,2025-10-01,0.3247250435757266,-0.3208370085722866,0.0781688057438915
S_269,51.22,17.05,2025-11-01,0.5708178028402543,-0.5897114536547695,0.117355295731289
S_269,51.22,17.05,2025-12-01,0.5213315546823278,-0.5487577956739335,0.1438471175572666
S_269,51.22,17.05,2026-01-01,0.4259872762392673,-0.4733526478630106,0.1243148591080565
S_269,51.22,17.05,2026-02-01,0.4019828173283251,-0.4724387047806067,-0.0481201010176357
S_269,51.22,17.05,2026-03-01,0.4251275395387702,-0.4960993649467382,-0.0217033441891578
S_270,51.24,17.05,2023-06-01,0.6653,-0.6223,0.256
S_270,51.24,17.05,2023-07-01,0.6493,-0.6219,0.203
S_270,51.24,17.05,2023-08-01,0.6371,-0.5938,0.1647
S_270,51.24,17.05,2023-09-01,0.6784,-0.632,0.2181
S_270,51.24,17.05,2023-10-01,0.5343,-0.5041,0.1502
S_270,51.24,17.05,2023-11-01,0.609,-0.596,0.1502
S_270,51.24,17.05,2023-12-01,0.4923,-0.4736,0.1131
S_270,51.24,17.05,2024-01-01,0.4293,-0.4582,0.2421
S_270,51.24,17.05,2024-02-01,0.4884,-0.5286,0.0258
S_270,51.24,17.05,2024-03-01,0.4684,-0.4559,0.0972
S_270,51.24,17.05,2024-04-01,0.5947,-0.5415,0.1615
S_270,51.24,17.05,2024-05-01,0.6452,-0.5972,0.2121
S_270,51.24,17.05,2024-06-01,0.6693,-0.6084,0.2369
S_270,51.24,17.05,2024-07-01,0.6385,-0.5993,0.1679
S_270,51.24,17.05,2024-08-01,0.6473,-0.605,0.1841
S_270,51.24,17.05,2024-09-01,0.6798,-0.6427,0.2156
S_270,51.24,17.05,2024-10-01,0.6144,-0.6038,0.1441
S_270,51.24,17.05,2024-11-01,0.5491,-0.544,0.1343
S_270,51.24,17.05,2024-12-01,0.4827,-0.4631,0.1368
S_270,51.24,17.05,2025-01-01,0.5279,-0.5636,0.1159
S_270,51.24,17.05,2025-02-01,0.4486,-0.483,0.0698
S_270,51.24,17.05,2025-03-01,0.4343,-0.4713,0.0006
S_270,51.24,17.05,2025-04-01,0.666,-0.5983,0.2245
S_270,51.24,17.05,2025-05-01,0.6596,-0.5876,0.2411
S_270,51.24,17.05,2025-06-01,0.6856,-0.6426,0.2573
S_270,51.24,17.05,2025-07-01,0.6377,-0.6037,0.2218
S_270,51.24,17.05,2025-08-01,0.6564,-0.61,0.1989
S_270,51.24,17.05,2025-09-01,0.6566,-0.6183,0.2026
S_270,51.24,17.05,2025-10-01,0.3281,-0.3191,0.0814
S_270,51.24,17.05,2025-11-01,0.583,-0.5921,0.137
S_270,51.24,17.05,2025-12-01,0.5168,-0.5314,0.1529
S_270,51.24,17.05,2026-01-01,0.4458,-0.4796,0.1545
S_270,51.24,17.05,2026-02-01,0.4279,-0.4848,-0.013
S_270,51.24,17.05,2026-03-01,0.4554,-0.5128,0.0112
S_271,50.96,17.07,2023-06-01,0.6063285713692634,-0.6053142856704798,0.2163714284848373
S_271,50.96,17.07,2023-07-01,0.6705000000293464,-0.6469571428775203,0.3123285714447609
S_271,50.96,17.07,2023-08-01,0.5520571429110034,-0.5626428571747153,0.0870142857732838
S_271,50.96,17.07,2023-09-01,0.5688571428812977,-0.5762714285885433,0.0948571428851517
S_271,50.96,17.07,2023-10-01,0.4642571428927279,-0.4954857143138528,-0.0469571428181501
S_271,50.96,17.07,2023-11-01,0.410828571446166,-0.4283857142979714,0.0366285714486455
S_271,50.96,17.07,2023-12-01,0.354985714264585,-0.4058571428382931,-0.0762285714462271
S_271,50.96,17.07,2024-01-01,0.1350142857090979,-0.1646428571365905,0.4783714285533937
S_271,50.96,17.07,2024-02-01,0.4333181195183069,-0.6205402221916764,-0.1093828363422162
S_271,50.96,17.07,2024-03-01,0.4653857142956046,-0.4739142857225813,0.0205285714514076
S_271,50.96,17.07,2024-04-01,0.4598571428495208,-0.4787571428541965,0.0229714285675241
S_271,50.96,17.07,2024-05-01,0.5292999999545439,-0.5344999999739125,0.1127714285115543
S_271,50.96,17.07,2024-06-01,0.6125142857059397,-0.5822428571376915,0.1725428571271719
S_271,50.96,17.07,2024-07-01,0.5441714285751372,-0.5618428571460138,0.083128571434754
S_271,50.96,17.07,2024-08-01,0.5814142857257382,-0.5709857142954632,0.0932285714403038
S_271,50.96,17.07,2024-09-01,0.4717571428463095,-0.515371428568063,-0.0252428571526041
S_271,50.96,17.07,2024-10-01,0.4151857142610508,-0.4931571428417722,-0.0811571428701224
S_271,50.96,17.07,2024-11-01,0.4637571428418577,-0.5090857142765829,-0.0240571428557252
S_271,50.96,17.07,2024-12-01,0.4065714285665877,-0.4087714285698241,0.0590428571445054
S_271,50.96,17.07,2025-01-01,0.4654999999938691,-0.5261142857124194,0.0215714285760594
S_271,50.96,17.07,2025-02-01,0.4447285714389726,-0.4986428571523991,-0.0441428571330352
S_271,50.96,17.07,2025-03-01,0.4638857142758734,-0.5038714285637901,-0.0387571428614405
S_271,50.96,17.07,2025-04-01,0.6439000000171126,-0.6191142857285427,0.2643142857354591
S_271,50.96,17.07,2025-05-01,0.6281571428745215,-0.5971428571582789,0.2796571428790479
S_271,50.96,17.07,2025-06-01,0.6917571428445571,-0.650885714276637,0.3864428571310019
S_271,50.96,17.07,2025-07-01,0.5839142857056759,-0.5799857142827312,0.2978285714275424
S_271,50.96,17.07,2025-08-01,0.4370714285564163,-0.485942857133085,0.0214571428420783
S_271,50.96,17.07,2025-09-01,0.4424714285358329,-0.4805857142627525,-0.0520142857566818
S_271,50.96,17.07,2025-10-01,0.2461912204603747,-0.2492715719572055,0.0492917747922859
S_271,50.96,17.07,2025-11-01,0.434428571405285,-0.4957428571259089,-0.0931857143110966
S_271,50.96,17.07,2025-12-01,0.4180714285623155,-0.5250142857150395,-0.1136285714550281
S_271,50.96,17.07,2026-01-01,0.3539142857067905,-0.4715571428565414,-0.1527000000204893
S_271,50.96,17.07,2026-02-01,0.3115714285599329,-0.4194285714204375,-0.222257142869443
S_271,50.96,17.07,2026-03-01,0.3313571428521054,-0.4374428571402621,-0.2154000000112869
S_272,50.98,17.07,2023-06-01,0.6581,-0.626,0.3204
S_272,50.98,17.07,2023-07-01,0.5532,-0.5501,0.2234
S_272,50.98,17.07,2023-08-01,0.468,-0.4826,0.0161
S_272,50.98,17.07,2023-09-01,0.4781,-0.498,0.0167
S_272,50.98,17.07,2023-10-01,0.3678,-0.4067,-0.0783
S_272,50.98,17.07,2023-11-01,0.3212,-0.3641,-0.1023
S_272,50.98,17.07,2023-12-01,0.361,-0.4029,-0.0665
S_272,50.98,17.07,2024-01-01,0.1369,-0.1707,0.4984
S_272,50.98,17.07,2024-02-01,0.3841,-0.6092,-0.1663
S_272,50.98,17.07,2024-03-01,0.4069,-0.4004,-0.0757
S_272,50.98,17.07,2024-04-01,0.4373,-0.4485,-0.0064
S_272,50.98,17.07,2024-05-01,0.5163,-0.5179,0.0824
S_272,50.98,17.07,2024-06-01,0.5928,-0.5596,0.1536
S_272,50.98,17.07,2024-07-01,0.5325,-0.5362,0.1076
S_272,50.98,17.07,2024-08-01,0.5605,-0.5403,0.1121
S_272,50.98,17.07,2024-09-01,0.5085,-0.5196,0.0389
S_272,50.98,17.07,2024-10-01,0.4329,-0.492,-0.0355
S_272,50.98,17.07,2024-11-01,0.4258,-0.4813,-0.0186
S_272,50.98,17.07,2024-12-01,0.3446,-0.3671,0.0356
S_272,50.98,17.07,2025-01-01,0.3925,-0.4734,-0.0132
S_272,50.98,17.07,2025-02-01,0.3758,-0.4445,-0.0811
S_272,50.98,17.07,2025-03-01,0.3744,-0.4352,-0.0929
S_272,50.98,17.07,2025-04-01,0.5301,-0.5241,0.1281
S_272,50.98,17.07,2025-05-01,0.5305,-0.508,0.1825
S_272,50.98,17.07,2025-06-01,0.6522,-0.6104,0.3032
S_272,50.98,17.07,2025-07-01,0.5854,-0.5647,0.251
S_272,50.98,17.07,2025-08-01,0.5015,-0.5145,0.1016
S_272,50.98,17.07,2025-09-01,0.4898,-0.5003,0.0294
S_272,50.98,17.07,2025-10-01,0.2544159012528945,-0.2472940492381508,0.085517248421971
S_272,50.98,17.07,2025-11-01,0.3966,-0.4603,-0.0954
S_272,50.98,17.07,2025-12-01,0.3794,-0.4896,-0.0976
S_272,50.98,17.07,2026-01-01,0.3301,-0.4422,-0.1312
S_272,50.98,17.07,2026-02-01,0.2881,-0.3901,-0.2012
S_272,50.98,17.07,2026-03-01,0.3096,-0.4111,-0.1939
S_273,51.0,17.07,2023-06-01,0.7114330787016346,-0.6693067613235578,0.3663079475919212
S_273,51.0,17.07,2023-07-01,0.5541797393817225,-0.5614475180150741,0.2509218419316548
S_273,51.0,17.07,2023-08-01,0.4660265032180432,-0.4933218584659616,-0.0085258989531178
S_273,51.0,17.07,2023-09-01,0.4888161237972495,-0.5139940891797858,0.010606498551214
S_273,51.0,17.07,2023-10-01,0.4263224929292041,-0.4625969929923548,-0.0614561302719213
S_273,51.0,17.07,2023-11-01,0.3226328455107962,-0.3634388117048018,-0.0820900091297223
S_273,51.0,17.07,2023-12-01,0.3807222905601635,-0.407714253466389,-0.0793811747494679
S_273,51.0,17.07,2024-01-01,0.1432972324090584,-0.1692787195527743,0.5592586350549208
S_273,51.0,17.07,2024-02-01,0.4125498438033004,-0.64369879718757,-0.1738102996081355
S_273,51.0,17.07,2024-03-01,0.4271308258681879,-0.4272744367786454,-0.0708402419443383
S_273,51.0,17.07,2024-04-01,0.4851745330930559,-0.4907158581191614,0.0376448866283189
S_273,51.0,17.07,2024-05-01,0.5517191308021143,-0.5481072994642427,0.0951835969097236
S_273,51.0,17.07,2024-06-01,0.6480783108173284,-0.6006205262511793,0.2071018207102034
S_273,51.0,17.07,2024-07-01,0.568698973305552,-0.5646597016131603,0.1257565651940859
S_273,51.0,17.07,2024-08-01,0.5929522659140066,-0.5730626453430462,0.1377813343342535
S_273,51.0,17.07,2024-09-01,0.596065725304487,-0.5813821848623233,0.124242856707545
S_273,51.0,17.07,2024-10-01,0.5115695195472066,-0.5497251544693207,0.0199582098151712
S_273,51.0,17.07,2024-11-01,0.4961195793960534,-0.5240175260943386,0.0294807329486874
S_273,51.0,17.07,2024-12-01,0.3387476941696604,-0.3545211841152983,0.0092849125788541
S_273,51.0,17.07,2025-01-01,0.3752219382823442,-0.4588683566725364,-0.0727168118165993
S_273,51.0,17.07,2025-02-01,0.3653682204241432,-0.4460773805146353,-0.1508449100338675
S_273,51.0,17.07,2025-03-01,0.35486008699548,-0.4311461060073572,-0.1663207422935677
S_273,51.0,17.07,2025-04-01,0.4940748785807151,-0.513692444590219,0.02225684741762
S_273,51.0,17.07,2025-05-01,0.4860518737599337,-0.4915063292440508,0.052266937853463
S_273,51.0,17.07,2025-06-01,0.7176223868722517,-0.668663014156069,0.3000945378041517
S_273,51.0,17.07,2025-07-01,0.6658054057345344,-0.6319005050429889,0.2758327663197656
S_273,51.0,17.07,2025-08-01,0.6290980264460555,-0.6103710512444762,0.2086164429714679
S_273,51.0,17.07,2025-09-01,0.511160631948032,-0.535208831164958,0.0314140607872686
S_273,51.0,17.07,2025-10-01,0.2503271146398028,-0.2457236728928748,0.0881081832784952
S_273,51.0,17.07,2025-11-01,0.3878225961126171,-0.4700131469989586,-0.1007350522161943
S_273,51.0,17.07,2025-12-01,0.4116723435810034,-0.5162200212060643,-0.0876362550121952
S_273,51.0,17.07,2026-01-01,0.3635293739669277,-0.4748646188576608,-0.1411893315552692
S_273,51.0,17.07,2026-02-01,0.3145940726413948,-0.4150331516719788,-0.2075792810554
S_273,51.0,17.07,2026-03-01,0.3369828991421551,-0.4360718618850322,-0.2003459931393781
S_274,51.02,17.07,2023-06-01,0.8123,-0.7617,0.5062
S_274,51.02,17.07,2023-07-01,0.4674,-0.5109,0.2585
S_274,51.02,17.07,2023-08-01,0.3508,-0.425,-0.144
S_274,51.02,17.07,2023-09-01,0.3665,-0.4399,-0.1222
S_274,51.02,17.07,2023-10-01,0.3832,-0.4436,-0.1089
S_274,51.02,17.07,2023-11-01,0.3351,-0.3608,-0.0866
S_274,51.02,17.07,2023-12-01,0.2923,-0.3376,-0.189
S_274,51.02,17.07,2024-01-01,0.0944,-0.1271,0.5282
S_274,51.02,17.07,2024-02-01,0.3508,-0.6656,-0.2795
S_274,51.02,17.07,2024-03-01,0.2452,-0.2984,-0.3041
S_274,51.02,17.07,2024-04-01,0.3635,-0.4002,-0.1058
S_274,51.02,17.07,2024-05-01,0.4602,-0.4803,-0.0515
S_274,51.02,17.07,2024-06-01,0.7094,-0.6282,0.2619
S_274,51.02,17.07,2024-07-01,0.7187,-0.6509,0.3176
S_274,51.02,17.07,2024-08-01,0.7394,-0.6684,0.3567
S_274,51.02,17.07,2024-09-01,0.7259,-0.6584,0.3018
S_274,51.02,17.07,2024-10-01,0.6608,-0.6394,0.1667
S_274,51.02,17.07,2024-11-01,0.6298,-0.6021,0.185
S_274,51.02,17.07,2024-12-01,0.2798,-0.303,-0.0707
S_274,51.02,17.07,2025-01-01,0.2885,-0.3977,-0.1815
S_274,51.02,17.07,2025-02-01,0.2928,-0.3981,-0.2588
S_274,51.02,17.07,2025-03-01,0.2822,-0.3832,-0.2669
S_274,51.02,17.07,2025-04-01,0.3619,-0.4329,-0.1885
S_274,51.02,17.07,2025-05-01,0.3883,-0.4229,-0.1079
S_274,51.02,17.07,2025-06-01,0.7494,-0.7,0.2387
S_274,51.02,17.07,2025-07-01,0.7533,-0.6945,0.2798
S_274,51.02,17.07,2025-08-01,0.7833,-0.7213,0.3637
S_274,51.02,17.07,2025-09-01,0.5221,-0.5658,0.0545
S_274,51.02,17.07,2025-10-01,0.240918093187986,-0.2393429052136957,0.1011182323562589
S_274,51.02,17.07,2025-11-01,0.3084,-0.4296,-0.1685
S_274,51.02,17.07,2025-12-01,0.3976,-0.5091,-0.0901
S_274,51.02,17.07,2026-01-01,0.3585,-0.4761,-0.1292
S_274,51.02,17.07,2026-02-01,0.3189,-0.4206,-0.194
S_274,51.02,17.07,2026-03-01,0.343,-0.4409,-0.1849
S_275,51.04,17.07,2023-06-01,0.6800609044577972,-0.6445165393731865,0.2868389661954757
S_275,51.04,17.07,2023-07-01,0.602303521733452,-0.5837290450450674,0.2589604557988169
S_275,51.04,17.07,2023-08-01,0.5148615622254219,-0.5118973686294562,0.0473737789142999
S_275,51.04,17.07,2023-09-01,0.5557146553455552,-0.5541332081089856,0.0849771644673292
S_275,51.04,17.07,2023-10-01,0.5027257558588262,-0.5119386537588809,0.0188300716931718
S_275,51.04,17.07,2023-11-01,0.4107743239229711,-0.4042448701439258,0.0220914413089581
S_275,51.04,17.07,2023-12-01,0.3823947538540715,-0.4113559074021741,-0.0696431223776393
S_275,51.04,17.07,2024-01-01,0.1558597016372767,-0.1822984118478368,0.5244103229810524
S_275,51.04,17.07,2024-02-01,0.3984418067138873,-0.6136214332119662,-0.1715443816064132
S_275,51.04,17.07,2024-03-01,0.3413416140211194,-0.375813050657146,-0.1091154562920311
S_275,51.04,17.07,2024-04-01,0.5161690543856803,-0.5070898132383237,0.0798610970860575
S_275,51.04,17.07,2024-05-01,0.5531175660110571,-0.53714397972531,0.1130498438160638
S_275,51.04,17.07,2024-06-01,0.6103190811960587,-0.5592392386404282,0.1996539738012629
S_275,51.04,17.07,2024-07-01,0.6025203170568038,-0.5691565486993281,0.1652187853423451
S_275,51.04,17.07,2024-08-01,0.617843690708357,-0.5771377069199534,0.188407282922955
S_275,51.04,17.07,2024-09-01,0.6120896439539899,-0.5858895077075833,0.1577127052356887
S_275,51.04,17.07,2024-10-01,0.5215773241156035,-0.5539063127245288,0.023815665512553
S_275,51.04,17.07,2024-11-01,0.4452156324279918,-0.469255096805735,0.0149726394569729
S_275,51.04,17.07,2024-12-01,0.3331908000129591,-0.3473188018844559,0.0023522824915942
S_275,51.04,17.07,2025-01-01,0.3535884012348062,-0.4334433783220613,-0.0672397203421943
S_275,51.04,17.07,2025-02-01,0.3427057911001295,-0.4250029836194681,-0.1330543027276266
S_275,51.04,17.07,2025-03-01,0.3395921156703074,-0.4197895407662903,-0.1616540302365902
S_275,51.04,17.07,2025-04-01,0.4766984682772225,-0.4894357664820654,-0.0007278724743505
S_275,51.04,17.07,2025-05-01,0.468679802642579,-0.4598725995250684,0.0442374675093888
S_275,51.04,17.07,2025-06-01,0.6861903815791276,-0.6415082930425702,0.2368122400490805
S_275,51.04,17.07,2025-07-01,0.6805068975576178,-0.6377001761316751,0.2494779819063025
S_275,51.04,17.07,2025-08-01,0.6701634462509768,-0.6231807962162205,0.2475702805523736
S_275,51.04,17.07,2025-09-01,0.5650571101963818,-0.5673902618768248,0.095453219623647
S_275,51.04,17.07,2025-10-01,0.2210419006054657,-0.2276173597192978,0.0850808974509191
S_275,51.04,17.07,2025-11-01,0.406354568353987,-0.4842830353851834,-0.0579253870714548
S_275,51.04,17.07,2025-12-01,0.405124207641467,-0.5083764735742103,-0.0506314107393545
S_275,51.04,17.07,2026-01-01,0.3520225231435228,-0.458130656577433,-0.0708011628859572
S_275,51.04,17.07,2026-02-01,0.3278928533192213,-0.4239349724109543,-0.165686773178926
S_275,51.04,17.07,2026-03-01,0.3339960130893061,-0.4317946575150778,-0.1387029836227252
S_276,51.06,17.07,2023-06-01,0.6436,-0.6017,0.2366
S_276,51.06,17.07,2023-07-01,0.614,-0.5751,0.2002
S_276,51.06,17.07,2023-08-01,0.5803,-0.5461,0.108
S_276,51.06,17.07,2023-09-01,0.605,-0.574,0.1441
S_276,51.06,17.07,2023-10-01,0.5691,-0.5507,0.0848
S_276,51.06,17.07,2023-11-01,0.4886,-0.4767,0.11
S_276,51.06,17.07,2023-12-01,0.4481,-0.4611,0.0298
S_276,51.06,17.07,2024-01-01,0.1929,-0.2132,0.5094
S_276,51.06,17.07,2024-02-01,0.4126,-0.5496,-0.083
S_276,51.06,17.07,2024-03-01,0.4435,-0.4462,0.0336
S_276,51.06,17.07,2024-04-01,0.6186,-0.5714,0.216
S_276,51.06,17.07,2024-05-01,0.6143,-0.5715,0.1911
S_276,51.06,17.07,2024-06-01,0.5926,-0.5425,0.1923
S_276,51.06,17.07,2024-07-01,0.5839,-0.5535,0.1184
S_276,51.06,17.07,2024-08-01,0.6067,-0.5638,0.148
S_276,51.06,17.07,2024-09-01,0.6231,-0.592,0.1639
S_276,51.06,17.07,2024-10-01,0.5032,-0.5344,0.0227
S_276,51.06,17.07,2024-11-01,0.3508,-0.3953,-0.026
S_276,51.06,17.07,2024-12-01,0.3517,-0.371,0.0508
S_276,51.06,17.07,2025-01-01,0.3924,-0.4631,-0.0065
S_276,51.06,17.07,2025-02-01,0.3694,-0.4432,-0.0593
S_276,51.06,17.07,2025-03-01,0.3588,-0.4241,-0.0787
S_276,51.06,17.07,2025-04-01,0.5631,-0.5336,0.1159
S_276,51.06,17.07,2025-05-01,0.5112,-0.4798,0.14
S_276,51.06,17.07,2025-06-01,0.6418,-0.6029,0.2035
S_276,51.06,17.07,2025-07-01,0.6194,-0.5809,0.1836
S_276,51.06,17.07,2025-08-01,0.6355,-0.5866,0.2013
S_276,51.06,17.07,2025-09-01,0.6269,-0.5863,0.1849
S_276,51.06,17.07,2025-10-01,0.2295517361641098,-0.2293729201632434,0.0812165090842732
S_276,51.06,17.07,2025-11-01,0.476,-0.5206,0.0278
S_276,51.06,17.07,2025-12-01,0.4497,-0.5294,0.0058
S_276,51.06,17.07,2026-01-01,0.3709,-0.4557,0.0104
S_276,51.06,17.07,2026-02-01,0.335,-0.4247,-0.1089
S_276,51.06,17.07,2026-03-01,0.355,-0.4461,-0.0816
S_277,51.08,17.07,2023-06-01,0.5605777795185707,-0.5242490400110323,0.2000013224939585
S_277,51.08,17.07,2023-07-01,0.5367630044665639,-0.5063934050989511,0.1521294207065877
S_277,51.08,17.07,2023-08-01,0.5397501065604,-0.5009289389941269,0.1141093761287359
S_277,51.08,17.07,2023-09-01,0.5609449168440672,-0.5257528741444916,0.1547741711295013
S_277,51.08,17.07,2023-10-01,0.5147187357106995,-0.4912694699355696,0.1033943684927265
S_277,51.08,17.07,2023-11-01,0.4026817595878488,-0.3928883048728495,0.0585889062861843
S_277,51.08,17.07,2023-12-01,0.3432021000166042,-0.3547298693058482,-0.0282209116308092
S_277,51.08,17.07,2024-01-01,0.18011041930765,-0.2007224832214743,0.4296194197934604
S_277,51.08,17.07,2024-02-01,0.3338107550652572,-0.4248772180262921,-0.0692498272698204
S_277,51.08,17.07,2024-03-01,0.411423220873121,-0.4190812944601803,0.0006197156498508
S_277,51.08,17.07,2024-04-01,0.5383256099132532,-0.4853236130446342,0.1536224102602682
S_277,51.08,17.07,2024-05-01,0.5339552962793914,-0.4964870524857547,0.1539808526658373
S_277,51.08,17.07,2024-06-01,0.531194142728985,-0.4900212707234031,0.1637291881273526
S_277,51.08,17.07,2024-07-01,0.5275099045474185,-0.4956151506969172,0.1102408433242325
S_277,51.08,17.07,2024-08-01,0.5455414116261946,-0.5047892021271251,0.1344875906302426
S_277,51.08,17.07,2024-09-01,0.5337170113236662,-0.511749232689787,0.1734787030279868
S_277,51.08,17.07,2024-10-01,0.4599852716613998,-0.4679878465639147,0.037394424932986
S_277,51.08,17.07,2024-11-01,0.2884595323389948,-0.300846345423938,0.0158217456155182
S_277,51.08,17.07,2024-12-01,0.2842740582690591,-0.2895680744828065,0.0233957805041704
S_277,51.08,17.07,2025-01-01,0.3241432488960817,-0.3810086054015152,-0.0216457770974027
S_277,51.08,17.07,2025-02-01,0.331484101928809,-0.3930643298312062,-0.0504292212023483
S_277,51.08,17.07,2025-03-01,0.2998373215505361,-0.3489244635600968,-0.0663284670280437
S_277,51.08,17.07,2025-04-01,0.5349620342343434,-0.4841839725210163,0.1481012426799442
S_277,51.08,17.07,2025-05-01,0.4918496579462162,-0.4484158649672702,0.1554594525143322
S_277,51.08,17.07,2025-06-01,0.5706701112230559,-0.5402057015719824,0.1856130574809147
S_277,51.08,17.07,2025-07-01,0.5505785735986022,-0.5190904613737559,0.1639790718313737
S_277,51.08,17.07,2025-08-01,0.554901016931479,-0.5141177655010489,0.1569965580392855
S_277,51.08,17.07,2025-09-01,0.5562775469329092,-0.5185702640128103,0.1567701443190884
S_277,51.08,17.07,2025-10-01,0.3077824886695618,-0.3029870538835909,0.0907723332975646
S_277,51.08,17.07,2025-11-01,0.4341240781899411,-0.4576513823204596,0.0253433218727228
S_277,51.08,17.07,2025-12-01,0.3816382917749457,-0.4365948570144863,-0.0077683167738439
S_277,51.08,17.07,2026-01-01,0.3084409231246034,-0.3784289555482515,0.0188643532147
S_277,51.08,17.07,2026-02-01,0.2826103463453738,-0.359095803865427,-0.1034021496490442
S_277,51.08,17.07,2026-03-01,0.2995067447832871,-0.3773728953656107,-0.0879262774797831
S_278,51.1,17.07,2023-06-01,0.5402,-0.4936,0.1988
S_278,51.1,17.07,2023-07-01,0.5216,-0.4838,0.1469
S_278,51.1,17.07,2023-08-01,0.541,-0.4895,0.1316
S_278,51.1,17.07,2023-09-01,0.5498,-0.5069,0.1678
S_278,51.1,17.07,2023-10-01,0.505,-0.4704,0.1301
S_278,51.1,17.07,2023-11-01,0.2838,-0.2758,0.0003
S_278,51.1,17.07,2023-12-01,0.2889,-0.298,-0.0623
S_278,51.1,17.07,2024-01-01,0.1392,-0.157,0.3344
S_278,51.1,17.07,2024-02-01,0.2682,-0.3017,-0.0451
S_278,51.1,17.07,2024-03-01,0.4047,-0.4103,-0.0129
S_278,51.1,17.07,2024-04-01,0.462,-0.4046,0.1224
S_278,51.1,17.07,2024-05-01,0.5118,-0.4632,0.1549
S_278,51.1,17.07,2024-06-01,0.5286,-0.487,0.1851
S_278,51.1,17.07,2024-07-01,0.5199,-0.4761,0.128
S_278,51.1,17.07,2024-08-01,0.5304,-0.4828,0.1495
S_278,51.1,17.07,2024-09-01,0.4973,-0.4791,0.2248
S_278,51.1,17.07,2024-10-01,0.4265,-0.4212,0.0415
S_278,51.1,17.07,2024-11-01,0.317,-0.3025,0.0583
S_278,51.1,17.07,2024-12-01,0.243,-0.2411,0.0007
S_278,51.1,17.07,2025-01-01,0.2751,-0.3254,-0.0412
S_278,51.1,17.07,2025-02-01,0.2652,-0.3123,-0.0521
S_278,51.1,17.07,2025-03-01,0.2569,-0.2958,-0.0658
S_278,51.1,17.07,2025-04-01,0.5228,-0.4494,0.1601
S_278,51.1,17.07,2025-05-01,0.4706,-0.4152,0.1557
S_278,51.1,17.07,2025-06-01,0.5428,-0.5101,0.1784
S_278,51.1,17.07,2025-07-01,0.5347,-0.4988,0.1632
S_278,51.1,17.07,2025-08-01,0.5277,-0.4828,0.1461
S_278,51.1,17.07,2025-09-01,0.5338,-0.4902,0.1566
S_278,51.1,17.07,2025-10-01,0.4011989963629039,-0.3796166403865047,0.1135183549461387
S_278,51.1,17.07,2025-11-01,0.4041,-0.412,0.0065
S_278,51.1,17.07,2025-12-01,0.3301,-0.3703,-0.0254
S_278,51.1,17.07,2026-01-01,0.2846,-0.3454,0.0154
S_278,51.1,17.07,2026-02-01,0.2455,-0.3143,-0.1001
S_278,51.1,17.07,2026-03-01,0.2599,-0.3281,-0.0983
S_279,51.12,17.07,2023-06-01,0.5586279454281315,-0.5202024221261486,0.2013629178408007
S_279,51.12,17.07,2023-07-01,0.5463527709910533,-0.5144201409079467,0.154693727193563
S_279,51.12,17.07,2023-08-01,0.5212720847570571,-0.4826397436897984,0.1194234933560589
S_279,51.12,17.07,2023-09-01,0.5706375307692403,-0.5310187853332173,0.1709832115294901
S_279,51.12,17.07,2023-10-01,0.4913582001139597,-0.4665331984085121,0.1132133465139601
S_279,51.12,17.07,2023-11-01,0.4139397533758302,-0.4127482157306046,0.0617963186243256
S_279,51.12,17.07,2023-12-01,0.2996101536855187,-0.3152921059840756,-0.0535506378827671
S_279,51.12,17.07,2024-01-01,0.1794842946173442,-0.2020960296144484,0.3378845271995847
S_279,51.12,17.07,2024-02-01,0.2897602300422482,-0.3362636389191304,-0.0356117349931489
S_279,51.12,17.07,2024-03-01,0.3336597580826188,-0.3372151604232516,0.0327996311757956
S_279,51.12,17.07,2024-04-01,0.4879628847475786,-0.4373347067420356,0.1322310652851186
S_279,51.12,17.07,2024-05-01,0.5035812049568601,-0.4705908467406922,0.1413294771484635
S_279,51.12,17.07,2024-06-01,0.5193349957719694,-0.474639158829717,0.1812136919660367
S_279,51.12,17.07,2024-07-01,0.5081956510865048,-0.4770562032378295,0.1130462656134743
S_279,51.12,17.07,2024-08-01,0.5179997178089576,-0.4824267494599378,0.130468283696785
S_279,51.12,17.07,2024-09-01,0.5298006013953886,-0.5118540866662212,0.1929845272055288
S_279,51.12,17.07,2024-10-01,0.4702432420731791,-0.4727320685737915,0.0667205262603766
S_279,51.12,17.07,2024-11-01,0.3315553624288203,-0.3451423117563201,0.0163835569936362
S_279,51.12,17.07,2024-12-01,0.2881051897000263,-0.2920620838536146,0.0163365206585239
S_279,51.12,17.07,2025-01-01,0.2972489602134575,-0.3529274072892884,-0.0363472689058791
S_279,51.12,17.07,2025-02-01,0.2956603993699221,-0.3446897568127369,-0.023506817769696
S_279,51.12,17.07,2025-03-01,0.2998711077078194,-0.3441247292181857,-0.0518386537731193
S_279,51.12,17.07,2025-04-01,0.553908405913642,-0.4890998073248998,0.1743755432507788
S_279,51.12,17.07,2025-05-01,0.5397893315407643,-0.4801738587468128,0.184685361171343
S_279,51.12,17.07,2025-06-01,0.5252708255307086,-0.5058392785371503,0.1598517278089986
S_279,51.12,17.07,2025-07-01,0.5334921789370911,-0.5073470197824801,0.1502729683458422
S_279,51.12,17.07,2025-08-01,0.5162725100100879,-0.4823409630207397,0.1367651472897825
S_279,51.12,17.07,2025-09-01,0.5204274871056854,-0.487872470121319,0.14247328073123
S_279,51.12,17.07,2025-10-01,0.449498145757495,-0.428828736085099,0.1305014419321551
S_279,51.12,17.07,2025-11-01,0.4033723338602794,-0.4317282013569111,0.0241564124458386
S_279,51.12,17.07,2025-12-01,0.3755378197921075,-0.4248178550216143,-0.0044055585325387
S_279,51.12,17.07,2026-01-01,0.3301014918021421,-0.4019074755908601,0.0001246328793921
S_279,51.12,17.07,2026-02-01,0.2821513755147653,-0.3578284670183189,-0.0945700246241351
S_279,51.12,17.07,2026-03-01,0.3002107482299246,-0.3764897568028126,-0.0820319722515226
S_280,51.14,17.07,2023-06-01,0.54,-0.5191,0.1885
S_280,51.14,17.07,2023-07-01,0.5339,-0.5169,0.1582
S_280,51.14,17.07,2023-08-01,0.5374,-0.5081,0.1362
S_280,51.14,17.07,2023-09-01,0.5581,-0.5322,0.1732
S_280,51.14,17.07,2023-10-01,0.5117,-0.4924,0.1246
S_280,51.14,17.07,2023-11-01,0.4307,-0.4466,0.0547
S_280,51.14,17.07,2023-12-01,0.3137,-0.3383,-0.0457
S_280,51.14,17.07,2024-01-01,0.1841,-0.2133,0.3244
S_280,51.14,17.07,2024-02-01,0.2879,-0.3287,-0.0193
S_280,51.14,17.07,2024-03-01,0.1883,-0.1812,0.0687
S_280,51.14,17.07,2024-04-01,0.4812,-0.4418,0.1233
S_280,51.14,17.07,2024-05-01,0.5026,-0.4838,0.1301
S_280,51.14,17.07,2024-06-01,0.514,-0.469,0.1773
S_280,51.14,17.07,2024-07-01,0.5241,-0.4998,0.122
S_280,51.14,17.07,2024-08-01,0.5333,-0.5058,0.1338
S_280,51.14,17.07,2024-09-01,0.5417,-0.5302,0.1343
S_280,51.14,17.07,2024-10-01,0.4582,-0.4747,0.0538
S_280,51.14,17.07,2024-11-01,0.2837,-0.319,-0.0138
S_280,51.14,17.07,2024-12-01,0.277,-0.2904,0.0099
S_280,51.14,17.07,2025-01-01,0.3253,-0.3892,-0.0404
S_280,51.14,17.07,2025-02-01,0.29,-0.3462,-0.0264
S_280,51.14,17.07,2025-03-01,0.2987,-0.3549,-0.058
S_280,51.14,17.07,2025-04-01,0.5312,-0.4925,0.1579
S_280,51.14,17.07,2025-05-01,0.5241,-0.478,0.1722
S_280,51.14,17.07,2025-06-01,0.5394,-0.5268,0.1635
S_280,51.14,17.07,2025-07-01,0.5128,-0.5016,0.1419
S_280,51.14,17.07,2025-08-01,0.5339,-0.5082,0.1469
S_280,51.14,17.07,2025-09-01,0.5386,-0.5146,0.15
S_280,51.14,17.07,2025-10-01,0.5936,-0.5847,0.17
S_280,51.14,17.07,2025-11-01,0.4119,-0.4564,0.0308
S_280,51.14,17.07,2025-12-01,0.3656,-0.426,-0.0135
S_280,51.14,17.07,2026-01-01,0.3324,-0.4175,-0.0408
S_280,51.14,17.07,2026-02-01,0.2808,-0.365,-0.108
S_280,51.14,17.07,2026-03-01,0.2997,-0.3868,-0.0852
S_281,51.16,17.07,2023-06-01,0.5886742027703616,-0.5570484668420979,0.2144179148702035
S_281,51.16,17.07,2023-07-01,0.5889970816107136,-0.5630422655691071,0.1746486580933932
S_281,51.16,17.07,2023-08-01,0.5965182973846876,-0.5545382504693751,0.1498666775955705
S_281,51.16,17.07,2023-09-01,0.6224260138103431,-0.5791583514648463,0.1920542930227967
S_281,51.16,17.07,2023-10-01,0.5645063312229034,-0.5340400361348795,0.1339501479261549
S_281,51.16,17.07,2023-11-01,0.4914134126350479,-0.5031774169911212,0.0658575864720932
S_281,51.16,17.07,2023-12-01,0.3777798123279595,-0.4014821897110456,0.0075893144508742
S_281,51.16,17.07,2024-01-01,0.2249111831738207,-0.2615555482522064,0.3197230880658937
S_281,51.16,17.07,2024-02-01,0.3156383909779868,-0.3605871716446996,-0.0082493903381339
S_281,51.16,17.07,2024-03-01,0.2810438420419196,-0.2740197259007451,0.0534911434697581
S_281,51.16,17.07,2024-04-01,0.5346007068310741,-0.4877829219299537,0.1656157213182712
S_281,51.16,17.07,2024-05-01,0.5443709632024475,-0.5165143614843477,0.1468755880011679
S_281,51.16,17.07,2024-06-01,0.5469206747606862,-0.4845092570000407,0.2243644660798476
S_281,51.16,17.07,2024-07-01,0.6038232180396553,-0.5604284524977255,0.1602759092347915
S_281,51.16,17.07,2024-08-01,0.6161182973638115,-0.5655125145216419,0.1849574892719554
S_281,51.16,17.07,2024-09-01,0.5697992244336402,-0.5562619661347981,0.1419928499010851
S_281,51.16,17.07,2024-10-01,0.4825853859741916,-0.5013609126967277,0.0368498087542141
S_281,51.16,17.07,2024-11-01,0.3859248483437454,-0.4153151370134767,0.0205872329289988
S_281,51.16,17.07,2024-12-01,0.3225368145021192,-0.3396117315603815,0.038108239455404
S_281,51.16,17.07,2025-01-01,0.3611446788893844,-0.4285760930633333,-0.015256984224103
S_281,51.16,17.07,2025-02-01,0.3202857431053513,-0.3793698484709683,-0.0169071934290404
S_281,51.16,17.07,2025-03-01,0.3342197005459599,-0.3892772077847573,-0.0512101371533628
S_281,51.16,17.07,2025-04-01,0.5870226263054042,-0.542188921397086,0.18356486654407
S_281,51.16,17.07,2025-05-01,0.5774701876666858,-0.5276412554785329,0.1948509055239696
S_281,51.16,17.07,2025-06-01,0.6098301335477165,-0.579828156626325,0.2038086652826922
S_281,51.16,17.07,2025-07-01,0.5673199350973805,-0.5460620707276967,0.1864900973965678
S_281,51.16,17.07,2025-08-01,0.571018672468337,-0.5423677056683841,0.1460019769246559
S_281,51.16,17.07,2025-09-01,0.5876124278771909,-0.5503957756549577,0.1564175144203691
S_281,51.16,17.07,2025-10-01,0.5219558261817966,-0.4894337915721501,0.1629597979767512
S_281,51.16,17.07,2025-11-01,0.4654496428485893,-0.5010468470535729,0.0426804653263994
S_281,51.16,17.07,2025-12-01,0.4048475613293033,-0.4676820238307375,0.0238296031245258
S_281,51.16,17.07,2026-01-01,0.3516820238357587,-0.4416189249997784,-0.0234817713123004
S_281,51.16,17.07,2026-02-01,0.2974128896228976,-0.3874320238328193,-0.1040336436270026
S_281,51.16,17.07,2026-03-01,0.3143897402830979,-0.4069268939777406,-0.0780154762180245
S_282,51.18,17.07,2023-06-01,0.6787766662381739,-0.6312132268024493,0.2777937271932099
S_282,51.18,17.07,2023-07-01,0.6602292776270722,-0.6287789686647497,0.210764057364327
S_282,51.18,17.07,2023-08-01,0.6415713169018656,-0.5977553225161325,0.1517766428595106
S_282,51.18,17.07,2023-09-01,0.683048312066094,-0.629234563666499,0.2081108610969638
S_282,51.18,17.07,2023-10-01,0.6196779420002214,-0.5793891155003893,0.1522288922792917
S_282,51.18,17.07,2023-11-01,0.5636271513610114,-0.5711553459056717,0.0853672570529185
S_282,51.18,17.07,2023-12-01,0.4665152236994416,-0.4844882085749638,0.0600972723401527
S_282,51.18,17.07,2024-01-01,0.3117539738005429,-0.3574283541595069,0.2809588277506016
S_282,51.18,17.07,2024-02-01,0.3823851120823946,-0.4277347632107497,0.0096925643028812
S_282,51.18,17.07,2024-03-01,0.2635869977905118,-0.2387710924437782,0.0699729767415186
S_282,51.18,17.07,2024-04-01,0.614530583644241,-0.5526040901118754,0.2109179747580329
S_282,51.18,17.07,2024-05-01,0.6380409396627291,-0.5889708186993583,0.2100275201862189
S_282,51.18,17.07,2024-06-01,0.61815873139075,-0.5337115588283278,0.3030378596961591
S_282,51.18,17.07,2024-07-01,0.6704051663220503,-0.6180512558017461,0.178595677315412
S_282,51.18,17.07,2024-08-01,0.6747825867457327,-0.6165491061532196,0.2007133961027006
S_282,51.18,17.07,2024-09-01,0.6191559638269063,-0.5974004252466132,0.1253502126230881
S_282,51.18,17.07,2024-10-01,0.515663014185184,-0.5366661505834678,0.0127919064755904
S_282,51.18,17.07,2024-11-01,0.4933628614118026,-0.5173555784825503,0.0338296299330101
S_282,51.18,17.07,2024-12-01,0.4095388299254117,-0.4214341618046394,0.0722399130202428
S_282,51.18,17.07,2025-01-01,0.4418832913376127,-0.5023238787135054,0.0173406107518738
S_282,51.18,17.07,2025-02-01,0.3929013390299409,-0.4527194830690947,-0.007054006864294
S_282,51.18,17.07,2025-03-01,0.4019616985108196,-0.4524002724806062,-0.0488305368662906
S_282,51.18,17.07,2025-04-01,0.6961717090871726,-0.6314519370019248,0.2504817596032515
S_282,51.18,17.07,2025-05-01,0.6830911123586882,-0.61354899327486,0.2605395441667195
S_282,51.18,17.07,2025-06-01,0.7121717655222793,-0.6618976177523473,0.2800501162648469
S_282,51.18,17.07,2025-07-01,0.6429750381802809,-0.6141381487081483,0.2623308492546046
S_282,51.18,17.07,2025-08-01,0.6162047245493925,-0.5884210877608465,0.1441706425583215
S_282,51.18,17.07,2025-09-01,0.6514174862010562,-0.6039199647662027,0.1640252907314663
S_282,51.18,17.07,2025-10-01,0.4948546021593786,-0.4604001479345423,0.15408021748112
S_282,51.18,17.07,2025-11-01,0.5535280417589516,-0.5767733935957905,0.0833428567343727
S_282,51.18,17.07,2025-12-01,0.4908464582706021,-0.5498646023164889,0.0821464582850515
S_282,51.18,17.07,2026-01-01,0.4021851285861077,-0.4862809256316524,0.023484607003409
S_282,51.18,17.07,2026-02-01,0.3469316433268127,-0.4399521695943876,-0.1106906073240153
S_282,51.18,17.07,2026-03-01,0.362191906459443,-0.4563260847930814,-0.0747079971943956
S_283,51.2,17.07,2023-06-01,0.71,-0.6575,0.3026
S_283,51.2,17.07,2023-07-01,0.6357,-0.6146,0.1853
S_283,51.2,17.07,2023-08-01,0.5914,-0.5635,0.1106
S_283,51.2,17.07,2023-09-01,0.6514,-0.6046,0.1916
S_283,51.2,17.07,2023-10-01,0.6642,-0.6056,0.1998
S_283,51.2,17.07,2023-11-01,0.6451,-0.6175,0.1784
S_283,51.2,17.07,2023-12-01,0.5497,-0.5297,0.1488
S_283,51.2,17.07,2024-01-01,0.3887,-0.4228,0.3013
S_283,51.2,17.07,2024-02-01,0.4659,-0.4871,0.0681
S_283,51.2,17.07,2024-03-01,0.3222083545673773,-0.2957747109337491,0.0883282612544739
S_283,51.2,17.07,2024-04-01,0.6643,-0.5814,0.2333
S_283,51.2,17.07,2024-05-01,0.7114,-0.6401,0.2758
S_283,51.2,17.07,2024-06-01,0.6456,-0.5576,0.3082
S_283,51.2,17.07,2024-07-01,0.5982,-0.5732,0.101
S_283,51.2,17.07,2024-08-01,0.5925,-0.5633,0.1199
S_283,51.2,17.07,2024-09-01,0.6323,-0.5998,0.1402
S_283,51.2,17.07,2024-10-01,0.5433,-0.5446,0.0471
S_283,51.2,17.07,2024-11-01,0.5439,-0.5422,0.0812
S_283,51.2,17.07,2024-12-01,0.4769,-0.4649,0.1336
S_283,51.2,17.07,2025-01-01,0.5009,-0.5371,0.079
S_283,51.2,17.07,2025-02-01,0.4494,-0.497,0.0433
S_283,51.2,17.07,2025-03-01,0.4442,-0.479,-0.0182
S_283,51.2,17.07,2025-04-01,0.7384,-0.6587,0.2863
S_283,51.2,17.07,2025-05-01,0.7208,-0.6337,0.289
S_283,51.2,17.07,2025-06-01,0.716,-0.6722,0.289
S_283,51.2,17.07,2025-07-01,0.6446,-0.6258,0.2768
S_283,51.2,17.07,2025-08-01,0.6202,-0.5937,0.1479
S_283,51.2,17.07,2025-09-01,0.6377,-0.5999,0.1437
S_283,51.2,17.07,2025-10-01,0.4197311003647534,-0.3995515151862097,0.1284829293637598
S_283,51.2,17.07,2025-11-01,0.5983,-0.6031,0.1135
S_283,51.2,17.07,2025-12-01,0.5381,-0.5744,0.121
S_283,51.2,17.07,2026-01-01,0.4149,-0.476,0.0998
S_283,51.2,17.07,2026-02-01,0.3811,-0.4634,-0.0879
S_283,51.2,17.07,2026-03-01,0.3944,-0.4768,-0.0518
S_284,51.22,17.07,2023-06-01,0.7501370490889254,-0.6849364476897425,0.333715592499607
S_284,51.22,17.07,2023-07-01,0.6928110207532401,-0.6578309855167557,0.2354242076541393
S_284,51.22,17.07,2023-08-01,0.6589229483871698,-0.6123859226694456,0.1624071067723242
S_284,51.22,17.07,2023-09-01,0.690403970388725,-0.6404432420941452,0.2184506777948925
S_284,51.22,17.07,2023-10-01,0.6490525617873034,-0.5929833312406667,0.2029904944604309
S_284,51.22,17.07,2023-11-01,0.6411274802773647,-0.6302854974224877,0.1606663831675497
S_284,51.22,17.07,2023-12-01,0.5311173334346873,-0.5148990531522373,0.1225143498053095
S_284,51.22,17.07,2024-01-01,0.4251997674415869,-0.4615179513801364,0.2510018207372388
S_284,51.22,17.07,2024-02-01,0.4626656455266638,-0.4995207189472988,0.0323280018725628
S_284,51.22,17.07,2024-03-01,0.4063643640787225,-0.3959212714582651,0.0740077912430975
S_284,51.22,17.07,2024-04-01,0.6292282743471941,-0.566452073259652,0.1832150475359199
S_284,51.22,17.07,2024-05-01,0.6920829225113212,-0.6276280417675025,0.2488941923560547
S_284,51.22,17.07,2024-06-01,0.6976239750684579,-0.6156563326722746,0.2973244801126373
S_284,51.22,17.07,2024-07-01,0.6900226593800792,-0.6356625889242712,0.1881314107511141
S_284,51.22,17.07,2024-08-01,0.6947763772310034,-0.6367498272737262,0.2068940561150528
S_284,51.22,17.07,2024-09-01,0.7085286032708056,-0.6622300551816809,0.2094496511336065
S_284,51.22,17.07,2024-10-01,0.5980260449099603,-0.5998076682869227,0.0940879526353787
S_284,51.22,17.07,2024-11-01,0.5488032726478431,-0.5551677387388477,0.0924884177852258
S_284,51.22,17.07,2024-12-01,0.4920064489498285,-0.4805799388920435,0.1203990696870684
S_284,51.22,17.07,2025-01-01,0.5193488570804798,-0.5619545119444801,0.0819382051724863
S_284,51.22,17.07,2025-02-01,0.4490585786574951,-0.4944914413157081,0.0294990297959939
S_284,51.22,17.07,2025-03-01,0.4337604957168247,-0.4780707788022951,-0.0389456642173785
S_284,51.22,17.07,2025-04-01,0.7290410759114173,-0.6414603429410786,0.2576525384193461
S_284,51.22,17.07,2025-05-01,0.7033807728765005,-0.6158160742016099,0.2686416938428377
S_284,51.22,17.07,2025-06-01,0.7457277527560083,-0.6905619310906485,0.2955508539299392
S_284,51.22,17.07,2025-07-01,0.6887101303216389,-0.645349730943983,0.2683592199520016
S_284,51.22,17.07,2025-08-01,0.6971325736503949,-0.6453914812114024,0.2188886338254519
S_284,51.22,17.07,2025-09-01,0.708716114114081,-0.6522617948626704,0.226715841635356
S_284,51.22,17.07,2025-10-01,0.3549778079012972,-0.3445746740783556,0.1004358488663023
S_284,51.22,17.07,2025-11-01,0.5935742840204254,-0.6166744202618804,0.1203023423305291
S_284,51.22,17.07,2025-12-01,0.5368965346888068,-0.5716470197946859,0.1441330553537137
S_284,51.22,17.07,2026-01-01,0.4319886902524184,-0.4774689580648849,0.1498602631246913
S_284,51.22,17.07,2026-02-01,0.4137649876992377,-0.4884686291581212,-0.056780772860926
S_284,51.22,17.07,2026-03-01,0.4376503089917958,-0.511855867516044,-0.0258909196953845
S_285,51.24,17.07,2023-06-01,0.8094,-0.7278,0.3536
S_285,51.24,17.07,2023-07-01,0.8136,-0.7458,0.325
S_285,51.24,17.07,2023-08-01,0.7934,-0.713,0.2808
S_285,51.24,17.07,2023-09-01,0.8038,-0.7326,0.318
S_285,51.24,17.07,2023-10-01,0.7091,-0.6484,0.2547
S_285,51.24,17.07,2023-11-01,0.675,-0.6697,0.1806
S_285,51.24,17.07,2023-12-01,0.559,-0.5266,0.1303
S_285,51.24,17.07,2024-01-01,0.5153,-0.5395,0.2733
S_285,51.24,17.07,2024-02-01,0.5313,-0.5601,0.0388
S_285,51.24,17.07,2024-03-01,0.4762,-0.4761,0.0481
S_285,51.24,17.07,2024-04-01,0.6082,-0.5588,0.1439
S_285,51.24,17.07,2024-05-01,0.7557,-0.6749,0.2458
S_285,51.24,17.07,2024-06-01,0.7738,-0.6876,0.3138
S_285,51.24,17.07,2024-07-01,0.7884,-0.7103,0.267
S_285,51.24,17.07,2024-08-01,0.7999,-0.7199,0.2849
S_285,51.24,17.07,2024-09-01,0.8078,-0.7443,0.2972
S_285,51.24,17.07,2024-10-01,0.6963,-0.6834,0.1837
S_285,51.24,17.07,2024-11-01,0.6179,-0.6113,0.1351
S_285,51.24,17.07,2024-12-01,0.5713,-0.5389,0.1532
S_285,51.24,17.07,2025-01-01,0.6083,-0.6343,0.1425
S_285,51.24,17.07,2025-02-01,0.514,-0.541,0.0877
S_285,51.24,17.07,2025-03-01,0.4869,-0.5249,-0.0226
S_285,51.24,17.07,2025-04-01,0.7862,-0.6695,0.2704
S_285,51.24,17.07,2025-05-01,0.772,-0.655,0.3024
S_285,51.24,17.07,2025-06-01,0.8366,-0.7645,0.3549
S_285,51.24,17.07,2025-07-01,0.7894,-0.7169,0.3234
S_285,51.24,17.07,2025-08-01,0.7924,-0.7159,0.2972
S_285,51.24,17.07,2025-09-01,0.7991,-0.7216,0.3172
S_285,51.24,17.07,2025-10-01,0.3951,-0.3769,0.119
S_285,51.24,17.07,2025-11-01,0.6602,-0.6803,0.1744
S_285,51.24,17.07,2025-12-01,0.6069,-0.6169,0.2019
S_285,51.24,17.07,2026-01-01,0.4929,-0.4973,0.2671
S_285,51.24,17.07,2026-02-01,0.5047,-0.5605,-0.0067
S_285,51.24,17.07,2026-03-01,0.5422,-0.5953,0.0279
S_286,50.96,17.09,2023-06-01,0.7605,-0.7278,0.4292
S_286,50.96,17.09,2023-07-01,0.6572,-0.6416,0.3335
S_286,50.96,17.09,2023-08-01,0.4035,-0.4729,-0.0723
S_286,50.96,17.09,2023-09-01,0.4395,-0.4939,-0.0686
S_286,50.96,17.09,2023-10-01,0.4103,-0.4618,-0.1374
S_286,50.96,17.09,2023-11-01,0.3456,-0.386,-0.0356
S_286,50.96,17.09,2023-12-01,0.4246,-0.4617,-0.0276
S_286,50.96,17.09,2024-01-01,0.149,-0.1742,0.5091
S_286,50.96,17.09,2024-02-01,0.4482083285539041,-0.6191413368199903,-0.090163683460136
S_286,50.96,17.09,2024-03-01,0.5111,-0.5092,0.042
S_286,50.96,17.09,2024-04-01,0.555,-0.5436,0.1227
S_286,50.96,17.09,2024-05-01,0.6479,-0.606,0.2808
S_286,50.96,17.09,2024-06-01,0.6755,-0.6134,0.2954
S_286,50.96,17.09,2024-07-01,0.4225,-0.4826,-0.0674
S_286,50.96,17.09,2024-08-01,0.5083,-0.5188,-0.0069
S_286,50.96,17.09,2024-09-01,0.4636,-0.5059,-0.0634
S_286,50.96,17.09,2024-10-01,0.4688,-0.5285,-0.0601
S_286,50.96,17.09,2024-11-01,0.5191,-0.5431,-0.0131
S_286,50.96,17.09,2024-12-01,0.4457,-0.4304,0.0655
S_286,50.96,17.09,2025-01-01,0.5066,-0.5495,0.0311
S_286,50.96,17.09,2025-02-01,0.4857,-0.5274,-0.0317
S_286,50.96,17.09,2025-03-01,0.5042,-0.535,-0.0124
S_286,50.96,17.09,2025-04-01,0.6621,-0.6323,0.2862
S_286,50.96,17.09,2025-05-01,0.6366,-0.6043,0.285
S_286,50.96,17.09,2025-06-01,0.7262,-0.6692,0.4187
S_286,50.96,17.09,2025-07-01,0.6167,-0.5943,0.3315
S_286,50.96,17.09,2025-08-01,0.4449,-0.502,0.0151
S_286,50.96,17.09,2025-09-01,0.4831,-0.5115,-0.0231
S_286,50.96,17.09,2025-10-01,0.2649592883243657,-0.2557537191273652,0.0519284851527498
S_286,50.96,17.09,2025-11-01,0.4727,-0.5237,-0.0546
S_286,50.96,17.09,2025-12-01,0.4713,-0.5488,-0.0604
S_286,50.96,17.09,2026-01-01,0.3893,-0.489,-0.1125
S_286,50.96,17.09,2026-02-01,0.3549,-0.4539,-0.1962
S_286,50.96,17.09,2026-03-01,0.3736,-0.4704,-0.1839
S_287,50.98,17.09,2023-06-01,0.7145696159111506,-0.6711299189441048,0.3867376436624958
S_287,50.98,17.09,2023-07-01,0.5795138681179494,-0.5822457605627958,0.2529563161307394
S_287,50.98,17.09,2023-08-01,0.4487506777951975,-0.488828098213419,-0.0272761611818421
S_287,50.98,17.09,2023-09-01,0.4813842946288801,-0.5115463784956344,-0.0115957007059081
S_287,50.98,17.09,2023-10-01,0.389494713956682,-0.4438161306413065,-0.1285034653297618
S_287,50.98,17.09,2023-11-01,0.3225268939925031,-0.3603039971830336,-0.0925601730467104
S_287,50.98,17.09,2023-12-01,0.4491420957505587,-0.4624202538026989,-0.0014521131439931
S_287,50.98,17.09,2024-01-01,0.1795606484980608,-0.1998757923747185,0.5589321814752981
S_287,50.98,17.09,2024-02-01,0.4448917472932054,-0.6206716411235107,-0.1009942680991761
S_287,50.98,17.09,2024-03-01,0.5140792577204053,-0.499550269094615,0.0437507342639139
S_287,50.98,17.09,2024-04-01,0.5622772608413926,-0.5495026878005301,0.1336552427635419
S_287,50.98,17.09,2024-05-01,0.6235241443886997,-0.5990866934088399,0.2187936639521353
S_287,50.98,17.09,2024-06-01,0.633955306004178,-0.5951403947030146,0.2175118712419879
S_287,50.98,17.09,2024-07-01,0.4531484152559104,-0.498812705213389,-0.0204621568556258
S_287,50.98,17.09,2024-08-01,0.5008183999766256,-0.5150830188518781,0.0032865075213449
S_287,50.98,17.09,2024-09-01,0.5150286597209245,-0.5339695195780181,0.0122247292363767
S_287,50.98,17.09,2024-10-01,0.4469972888532285,-0.5095857864383242,-0.0642824738980433
S_287,50.98,17.09,2024-11-01,0.4716179114572751,-0.5104292211996644,-0.0292026148184405
S_287,50.98,17.09,2024-12-01,0.3907096816910073,-0.3922637683586922,0.0492487208140163
S_287,50.98,17.09,2025-01-01,0.4435729848785132,-0.5057870057661145,-0.01374618582575
S_287,50.98,17.09,2025-02-01,0.4244609209836831,-0.4864497474816858,-0.0913390391303162
S_287,50.98,17.09,2025-03-01,0.4152600704468596,-0.4722852249348676,-0.1017507342451717
S_287,50.98,17.09,2025-04-01,0.5532334076448506,-0.5559601103782797,0.1190643931300333
S_287,50.98,17.09,2025-05-01,0.5322212074636598,-0.5294525384206572,0.126322081317956
S_287,50.98,17.09,2025-06-01,0.718860359479081,-0.6680988371101589,0.3482684364665885
S_287,50.98,17.09,2025-07-01,0.6402111336212697,-0.6136455445294903,0.2961497873847771
S_287,50.98,17.09,2025-08-01,0.5412663598045732,-0.5571274569193265,0.1172131071058046
S_287,50.98,17.09,2025-09-01,0.5018229084998196,-0.5229455844194165,0.0122552096587455
S_287,50.98,17.09,2025-10-01,0.2559758062551207,-0.245798718459938,0.0874442893456116
S_287,50.98,17.09,2025-11-01,0.4268211276604814,-0.4914102830813616,-0.0718032726439544
S_287,50.98,17.09,2025-12-01,0.4249914977520658,-0.5215502126363896,-0.094597986600506
S_287,50.98,17.09,2026-01-01,0.3668402584673225,-0.4739000963450276,-0.1425402983669003
S_287,50.98,17.09,2026-02-01,0.3228936473963257,-0.4240349724159468,-0.2170804604920852
S_287,50.98,17.09,2026-03-01,0.3439593328249165,-0.4439151039865666,-0.2103000963496875
S_288,51.0,17.09,2023-06-01,0.7154,-0.6635,0.3878
S_288,51.0,17.09,2023-07-01,0.5698,-0.576,0.2479
S_288,51.0,17.09,2023-08-01,0.475,-0.5086,-0.0155
S_288,51.0,17.09,2023-09-01,0.5194,-0.5386,0.0215
S_288,51.0,17.09,2023-10-01,0.3983,-0.459,-0.1556
S_288,51.0,17.09,2023-11-01,0.352333196763333,-0.3747775110870435,-0.0794287947710413
S_288,51.0,17.09,2023-12-01,0.5125,-0.4963,0.0552
S_288,51.0,17.09,2024-01-01,0.2215,-0.2318,0.6276
S_288,51.0,17.09,2024-02-01,0.4844,-0.6249,-0.04
S_288,51.0,17.09,2024-03-01,0.5871,-0.5596,0.1413
S_288,51.0,17.09,2024-04-01,0.6243,-0.5997,0.2106
S_288,51.0,17.09,2024-05-01,0.6547,-0.6305,0.2388
S_288,51.0,17.09,2024-06-01,0.6341,-0.6075,0.2121
S_288,51.0,17.09,2024-07-01,0.4503,-0.5048,-0.0399
S_288,51.0,17.09,2024-08-01,0.4826,-0.5123,-0.0257
S_288,51.0,17.09,2024-09-01,0.5694,-0.5737,0.066
S_288,51.0,17.09,2024-10-01,0.4383,-0.5115,-0.0838
S_288,51.0,17.09,2024-11-01,0.4554,-0.5021,-0.0639
S_288,51.0,17.09,2024-12-01,0.3713,-0.3787,0.0307
S_288,51.0,17.09,2025-01-01,0.4147,-0.4883,-0.069
S_288,51.0,17.09,2025-02-01,0.4004,-0.4761,-0.1558
S_288,51.0,17.09,2025-03-01,0.3779,-0.4511,-0.1763
S_288,51.0,17.09,2025-04-01,0.5149,-0.5391,0.0157
S_288,51.0,17.09,2025-05-01,0.4725,-0.4995,-0.0101
S_288,51.0,17.09,2025-06-01,0.7679,-0.7102,0.3395
S_288,51.0,17.09,2025-07-01,0.7015,-0.6592,0.3115
S_288,51.0,17.09,2025-08-01,0.6271,-0.6199,0.1933
S_288,51.0,17.09,2025-09-01,0.5311,-0.5512,0.038
S_288,51.0,17.09,2025-10-01,0.2513356925433535,-0.2414401728727623,0.0950492482094602
S_288,51.0,17.09,2025-11-01,0.4203,-0.4954,-0.0652
S_288,51.0,17.09,2025-12-01,0.4085,-0.5207,-0.1335
S_288,51.0,17.09,2026-01-01,0.3663,-0.4835,-0.186
S_288,51.0,17.09,2026-02-01,0.3121,-0.4212,-0.2481
S_288,51.0,17.09,2026-03-01,0.3338,-0.4417,-0.2461
S_289,51.02,17.09,2023-06-01,0.6955570138566485,-0.6578301349814849,0.3324131538325643
S_289,51.02,17.09,2023-07-01,0.5737094890159391,-0.5705244003130014,0.2504262045090198
S_289,51.02,17.09,2023-08-01,0.4986451756945693,-0.5148666721792021,0.0161194198133762
S_289,51.02,17.09,2023-09-01,0.5182799554500831,-0.5343219781956229,0.0375044121983466
S_289,51.02,17.09,2023-10-01,0.4593606485041696,-0.4953662070296489,-0.0536099376110807
S_289,51.02,17.09,2023-11-01,0.386473149352062,-0.3845879725731977,-0.023122644254062
S_289,51.02,17.09,2023-12-01,0.4145875672775524,-0.4313230048451994,-0.0344278490760782
S_289,51.02,17.09,2024-01-01,0.1671224433355523,-0.1901960296194168,0.5625323410622384
S_289,51.02,17.09,2024-02-01,0.4011580969556178,-0.6061233571098419,-0.1397262210243423
S_289,51.02,17.09,2024-03-01,0.3910076283618652,-0.4120298790263061,-0.0698011463774387
S_289,51.02,17.09,2024-04-01,0.5174968236684608,-0.5106037377791659,0.0915085187569343
S_289,51.02,17.09,2024-05-01,0.5692991495113828,-0.5599642734335258,0.1210721344061856
S_289,51.02,17.09,2024-06-01,0.6344843578943176,-0.5901824009193687,0.2035263407461084
S_289,51.02,17.09,2024-07-01,0.5761712040243948,-0.568532397487979,0.1198656853832308
S_289,51.02,17.09,2024-08-01,0.5925694232042356,-0.5742323011525412,0.1373549770511616
S_289,51.02,17.09,2024-09-01,0.6062064888354823,-0.5909289321789083,0.1287098578097076
S_289,51.02,17.09,2024-10-01,0.4926639445016527,-0.5379056947744415,-0.0177881287616905
S_289,51.02,17.09,2024-11-01,0.4870126487716786,-0.5128854010777657,0.0031658615543557
S_289,51.02,17.09,2024-12-01,0.32987540701943,-0.3452949066317611,-0.0105659578985937
S_289,51.02,17.09,2025-01-01,0.3656313708531103,-0.4485766263455903,-0.0908706260196325
S_289,51.02,17.09,2025-02-01,0.3566950428655234,-0.4412977540107777,-0.1656278889938655
S_289,51.02,17.09,2025-03-01,0.3325367931426501,-0.4172877035079904,-0.1878864676433465
S_289,51.02,17.09,2025-04-01,0.4624756561251212,-0.49315110304047,-0.0396212872780292
S_289,51.02,17.09,2025-05-01,0.4623604558174933,-0.4718436673482757,-0.0039774437817455
S_289,51.02,17.09,2025-06-01,0.7384793608605891,-0.6863797861161804,0.278190823371283
S_289,51.02,17.09,2025-07-01,0.7081851120689298,-0.6589362151099352,0.2763876869742943
S_289,51.02,17.09,2025-08-01,0.6868955878159221,-0.6498836202439032,0.2568950263171987
S_289,51.02,17.09,2025-09-01,0.5559049172349724,-0.5675163632140731,0.0829503654072618
S_289,51.02,17.09,2025-10-01,0.2402876340679268,-0.2384179160131377,0.1017116917512493
S_289,51.02,17.09,2025-11-01,0.3896317562049283,-0.4757876636050069,-0.0709764171265826
S_289,51.02,17.09,2025-12-01,0.3994847597806033,-0.5119808293047453,-0.0904395840882042
S_289,51.02,17.09,2026-01-01,0.3549780218187706,-0.4697116785587035,-0.1209574790086422
S_289,51.02,17.09,2026-02-01,0.3132083660148052,-0.4179170609487278,-0.1966746927401853
S_289,51.02,17.09,2026-03-01,0.3429072994557032,-0.443807203118652,-0.2042306731133481
S_290,51.04,17.09,2023-06-01,0.6136,-0.5959,0.177
S_290,51.04,17.09,2023-07-01,0.6874,-0.6336,0.3009
S_290,51.04,17.09,2023-08-01,0.6346,-0.5974,0.1629
S_290,51.04,17.09,2023-09-01,0.6405,-0.6114,0.1698
S_290,51.04,17.09,2023-10-01,0.5653,-0.5641,0.0536
S_290,51.04,17.09,2023-11-01,0.433,-0.4015,0.051
S_290,51.04,17.09,2023-12-01,0.4316,-0.4516,-0.005
S_290,51.04,17.09,2024-01-01,0.1782,-0.2032,0.5577
S_290,51.04,17.09,2024-02-01,0.4036,-0.573,-0.1149
S_290,51.04,17.09,2024-03-01,0.321,-0.3651,-0.1019
S_290,51.04,17.09,2024-04-01,0.5579,-0.5375,0.1447
S_290,51.04,17.09,2024-05-01,0.6152,-0.5912,0.1812
S_290,51.04,17.09,2024-06-01,0.6274,-0.5861,0.2025
S_290,51.04,17.09,2024-07-01,0.5532,-0.5519,0.0806
S_290,51.04,17.09,2024-08-01,0.56,-0.551,0.0857
S_290,51.04,17.09,2024-09-01,0.5468,-0.5569,0.0346
S_290,51.04,17.09,2024-10-01,0.4051,-0.4846,-0.1277
S_290,51.04,17.09,2024-11-01,0.4269,-0.4657,-0.0861
S_290,51.04,17.09,2024-12-01,0.3436,-0.3481,-0.0102
S_290,51.04,17.09,2025-01-01,0.3911,-0.4554,-0.0578
S_290,51.04,17.09,2025-02-01,0.3807,-0.4545,-0.1347
S_290,51.04,17.09,2025-03-01,0.3369,-0.4201,-0.1732
S_290,51.04,17.09,2025-04-01,0.4778,-0.4966,-0.0228
S_290,51.04,17.09,2025-05-01,0.509,-0.488,0.051
S_290,51.04,17.09,2025-06-01,0.7525,-0.6922,0.2896
S_290,51.04,17.09,2025-07-01,0.722,-0.6645,0.2812
S_290,51.04,17.09,2025-08-01,0.6937,-0.6503,0.2583
S_290,51.04,17.09,2025-09-01,0.5938,-0.5845,0.1199
S_290,51.04,17.09,2025-10-01,0.2121,-0.2457,0.0766
S_290,51.04,17.09,2025-11-01,0.4096,-0.488,-0.0297
S_290,51.04,17.09,2025-12-01,0.391,-0.5132,-0.0819
S_290,51.04,17.09,2026-01-01,0.3532,-0.4721,-0.1081
S_290,51.04,17.09,2026-02-01,0.3145,-0.4196,-0.1851
S_290,51.04,17.09,2026-03-01,0.3363,-0.4402,-0.1704
S_291,51.06,17.09,2023-06-01,0.6464750000046869,-0.6053750000038784,0.2285250000004021
S_291,51.06,17.09,2023-07-01,0.6386249999994206,-0.5933999999992188,0.2077999999969175
S_291,51.06,17.09,2023-08-01,0.6228750000078213,-0.5763000000047194,0.1317250000023649
S_291,51.06,17.09,2023-09-01,0.643599999999841,-0.6017000000006704,0.1660249999937193
S_291,51.06,17.09,2023-10-01,0.5907000000011285,-0.567375000001551,0.0913000000013707
S_291,51.06,17.09,2023-11-01,0.4444249999946134,-0.42717499999354,0.0834999999958532
S_291,51.06,17.09,2023-12-01,0.4282249999965916,-0.451475000001547,-0.0067000000077963
S_291,51.06,17.09,2024-01-01,0.1952499999987794,-0.2203500000004629,0.4797249999964756
S_291,51.06,17.09,2024-02-01,0.4055249999993897,-0.5599000000002191,-0.0982250000004879
S_291,51.06,17.09,2024-03-01,0.3997745730265901,-0.4125154328881631,-0.013126221050046
S_291,51.06,17.09,2024-04-01,0.6175750000043287,-0.564850000001355,0.1773249999999798
S_291,51.06,17.09,2024-05-01,0.6158500000002353,-0.5755000000001187,0.1765749999978205
S_291,51.06,17.09,2024-06-01,0.614425000003152,-0.5636250000033214,0.1789999999915698
S_291,51.06,17.09,2024-07-01,0.5927000000013248,-0.5612250000012431,0.1052749999975914
S_291,51.06,17.09,2024-08-01,0.6110250000035884,-0.5688000000023241,0.1275749999944814
S_291,51.06,17.09,2024-09-01,0.5773999999989802,-0.5526000000001745,0.1421999999962904
S_291,51.06,17.09,2024-10-01,0.5135000000072221,-0.5379250000023866,0.0025750000071433
S_291,51.06,17.09,2024-11-01,0.3681000000206302,-0.4001250000211815,-0.0279000000062906
S_291,51.06,17.09,2024-12-01,0.3597000000010401,-0.371450000000808,0.0319250000040967
S_291,51.06,17.09,2025-01-01,0.4014500000013195,-0.4685749999985473,-0.0225750000030617
S_291,51.06,17.09,2025-02-01,0.3691749999987673,-0.4398249999981081,-0.0745000000002236
S_291,51.06,17.09,2025-03-01,0.3530000000007536,-0.4204749999991925,-0.1040999999973104
S_291,51.06,17.09,2025-04-01,0.5868499999999801,-0.5472750000016847,0.1261499999950035
S_291,51.06,17.09,2025-05-01,0.5578500000047456,-0.513025000003368,0.1489500000024108
S_291,51.06,17.09,2025-06-01,0.690200000007647,-0.639000000005624,0.2453250000071194
S_291,51.06,17.09,2025-07-01,0.6606000000089737,-0.6111000000083547,0.2202500000097056
S_291,51.06,17.09,2025-08-01,0.6552249999996234,-0.6037999999993159,0.2040499999958279
S_291,51.06,17.09,2025-09-01,0.6267749999992219,-0.5904750000000779,0.157999999993396
S_291,51.06,17.09,2025-10-01,0.2574842978376399,-0.2571761932937664,0.0990810210394185
S_291,51.06,17.09,2025-11-01,0.4840249999921467,-0.5293749999983242,0.0325749999916926
S_291,51.06,17.09,2025-12-01,0.4426999999945823,-0.5282249999991268,-0.0095000000073841
S_291,51.06,17.09,2026-01-01,0.3576249999971002,-0.4482749999969383,0.0016749999982186
S_291,51.06,17.09,2026-02-01,0.3291999999976834,-0.4240249999995688,-0.1325500000065292
S_291,51.06,17.09,2026-03-01,0.3488749999994747,-0.4445500000001221,-0.1063749999986638
S_292,51.08,17.09,2023-06-01,0.6474,-0.5967,0.2467
S_292,51.08,17.09,2023-07-01,0.6286,-0.5831,0.189
S_292,51.08,17.09,2023-08-01,0.6387,-0.5819,0.154
S_292,51.08,17.09,2023-09-01,0.6697,-0.6142,0.2077
S_292,51.08,17.09,2023-10-01,0.6134,-0.5724,0.1481
S_292,51.08,17.09,2023-11-01,0.4543,-0.4444,0.0994
S_292,51.08,17.09,2023-12-01,0.4172,-0.4314,-0.0176
S_292,51.08,17.09,2024-01-01,0.2233,-0.2416,0.4001
S_292,51.08,17.09,2024-02-01,0.4301,-0.574,-0.1021
S_292,51.08,17.09,2024-03-01,0.4213,-0.4136,0.0137
S_292,51.08,17.09,2024-04-01,0.6732,-0.5857,0.1968
S_292,51.08,17.09,2024-05-01,0.6156,-0.564,0.1807
S_292,51.08,17.09,2024-06-01,0.6208,-0.5581,0.1906
S_292,51.08,17.09,2024-07-01,0.6104,-0.5641,0.126
S_292,51.08,17.09,2024-08-01,0.6385,-0.5792,0.1563
S_292,51.08,17.09,2024-09-01,0.6108,-0.5694,0.1943
S_292,51.08,17.09,2024-10-01,0.5701,-0.5593,0.0769
S_292,51.08,17.09,2024-11-01,0.2672,-0.2822,-0.0008
S_292,51.08,17.09,2024-12-01,0.3612,-0.3589,0.0481
S_292,51.08,17.09,2025-01-01,0.4094,-0.4618,0.0026
S_292,51.08,17.09,2025-02-01,0.3667,-0.4219,-0.0351
S_292,51.08,17.09,2025-03-01,0.3636,-0.4104,-0.0649
S_292,51.08,17.09,2025-04-01,0.6444,-0.565,0.2166
S_292,51.08,17.09,2025-05-01,0.5879,-0.525,0.2065
S_292,51.08,17.09,2025-06-01,0.6797,-0.6279,0.2557
S_292,51.08,17.09,2025-07-01,0.6488,-0.5965,0.2205
S_292,51.08,17.09,2025-08-01,0.6454,-0.5878,0.1955
S_292,51.08,17.09,2025-09-01,0.6547,-0.6006,0.1995
S_292,51.08,17.09,2025-10-01,0.3535932015796813,-0.3433176484798493,0.1175723448576824
S_292,51.08,17.09,2025-11-01,0.5338,-0.5478,0.0815
S_292,51.08,17.09,2025-12-01,0.4734,-0.5264,0.0304
S_292,51.08,17.09,2026-01-01,0.3453,-0.4081,0.0867
S_292,51.08,17.09,2026-02-01,0.3471,-0.4254,-0.1034
S_292,51.08,17.09,2026-03-01,0.3677,-0.4465,-0.0752
S_293,51.1,17.09,2023-06-01,0.6102000000137047,-0.5593750000129893,0.2336250000058403
S_293,51.1,17.09,2023-07-01,0.5892500000151379,-0.5473750000134523,0.1734500000056131
S_293,51.1,17.09,2023-08-01,0.599825000015909,-0.5435750000147358,0.1442500000035207
S_293,51.1,17.09,2023-09-01,0.6139000000132266,-0.5656500000132617,0.1832250000026157
S_293,51.1,17.09,2023-10-01,0.566325000014155,-0.5287250000136805,0.1372250000018546
S_293,51.1,17.09,2023-11-01,0.4016000000176154,-0.397900000015136,0.0779000000052612
S_293,51.1,17.09,2023-12-01,0.3659250000191613,-0.3843750000218549,-0.036849999994178
S_293,51.1,17.09,2024-01-01,0.1926000000060309,-0.2136500000052341,0.3551250000071662
S_293,51.1,17.09,2024-02-01,0.3711500000337231,-0.4703750000580772,-0.0660000000141733
S_293,51.1,17.09,2024-03-01,0.3912474849539012,-0.3974640408391425,0.0038482391280947
S_293,51.1,17.09,2024-04-01,0.5743750000286292,-0.5068500000271671,0.1738750000088826
S_293,51.1,17.09,2024-05-01,0.5847250000168516,-0.5333500000148891,0.1776750000053567
S_293,51.1,17.09,2024-06-01,0.5857500000122602,-0.5308000000093624,0.1992500000004174
S_293,51.1,17.09,2024-07-01,0.575150000012054,-0.5313000000123451,0.1242249999986306
S_293,51.1,17.09,2024-08-01,0.5925000000128297,-0.540800000010163,0.1501000000027648
S_293,51.1,17.09,2024-09-01,0.548725000024387,-0.5235000000185533,0.2205499999914958
S_293,51.1,17.09,2024-10-01,0.5083000000193488,-0.5069750000154072,0.0705250000033974
S_293,51.1,17.09,2024-11-01,0.3212999999982631,-0.3271249999999664,0.0233749999967238
S_293,51.1,17.09,2024-12-01,0.3161750000155619,-0.3199500000152346,0.0212750000070861
S_293,51.1,17.09,2025-01-01,0.3557000000200974,-0.4121250000189281,-0.018224999993034
S_293,51.1,17.09,2025-02-01,0.3226000000165744,-0.375575000017455,-0.034774999996901
S_293,51.1,17.09,2025-03-01,0.3227000000133193,-0.3672000000140539,-0.059450000000371
S_293,51.1,17.09,2025-04-01,0.6025250000270211,-0.5242500000248369,0.1992250000134434
S_293,51.1,17.09,2025-05-01,0.5775250000100215,-0.5098750000095039,0.2038000000042545
S_293,51.1,17.09,2025-06-01,0.6178500000104536,-0.5773750000088373,0.2162500000050058
S_293,51.1,17.09,2025-07-01,0.594025000009702,-0.5514250000085378,0.1888750000037945
S_293,51.1,17.09,2025-08-01,0.5905250000153566,-0.5409500000135743,0.1700250000064475
S_293,51.1,17.09,2025-09-01,0.5953000000202836,-0.5495750000171152,0.1731000000085837
S_293,51.1,17.09,2025-10-01,0.4632871141696472,-0.4488772630897474,0.1464800030756535
S_293,51.1,17.09,2025-11-01,0.4709500000079758,-0.4959750000084409,0.0535250000029934
S_293,51.1,17.09,2025-12-01,0.4126750000266718,-0.466300000031294,0.0039250000093553
S_293,51.1,17.09,2026-01-01,0.3387000000055167,-0.407525000003415,0.0422250000144731
S_293,51.1,17.09,2026-02-01,0.3076250000141221,-0.385600000015268,-0.0975500000008137
S_293,51.1,17.09,2026-03-01,0.3262500000135675,-0.4037750000138404,-0.0820249999977215
S_294,51.12,17.09,2023-06-01,0.6242,-0.5699,0.2384
S_294,51.12,17.09,2023-07-01,0.6099,-0.564,0.1792
S_294,51.12,17.09,2023-08-01,0.6131,-0.5521,0.1455
S_294,51.12,17.09,2023-09-01,0.629,-0.5749,0.1841
S_294,51.12,17.09,2023-10-01,0.5842,-0.539,0.1447
S_294,51.12,17.09,2023-11-01,0.4898,-0.4772,0.1009
S_294,51.12,17.09,2023-12-01,0.39,-0.408,-0.036
S_294,51.12,17.09,2024-01-01,0.208,-0.2275,0.3506
S_294,51.12,17.09,2024-02-01,0.3915,-0.4664,-0.0411
S_294,51.12,17.09,2024-03-01,0.382,-0.3877,0.0298
S_294,51.12,17.09,2024-04-01,0.6239,-0.5374,0.2102
S_294,51.12,17.09,2024-05-01,0.6147,-0.5557,0.1948
S_294,51.12,17.09,2024-06-01,0.5662,-0.5132,0.1961
S_294,51.12,17.09,2024-07-01,0.5986,-0.549,0.1328
S_294,51.12,17.09,2024-08-01,0.6098,-0.5543,0.1556
S_294,51.12,17.09,2024-09-01,0.5661,-0.5362,0.2156
S_294,51.12,17.09,2024-10-01,0.532,-0.5284,0.0983
S_294,51.12,17.09,2024-11-01,0.3706,-0.4083,-0.0281
S_294,51.12,17.09,2024-12-01,0.3434,-0.3477,0.018
S_294,51.12,17.09,2025-01-01,0.3768,-0.4316,-0.018
S_294,51.12,17.09,2025-02-01,0.3384,-0.3873,-0.0114
S_294,51.12,17.09,2025-03-01,0.3447,-0.3865,-0.0543
S_294,51.12,17.09,2025-04-01,0.6305,-0.5394,0.2201
S_294,51.12,17.09,2025-05-01,0.6475,-0.5659,0.2405
S_294,51.12,17.09,2025-06-01,0.6138,-0.5766,0.2002
S_294,51.12,17.09,2025-07-01,0.5867,-0.5501,0.1696
S_294,51.12,17.09,2025-08-01,0.6038,-0.5484,0.1749
S_294,51.12,17.09,2025-09-01,0.6101,-0.5585,0.1814
S_294,51.12,17.09,2025-10-01,0.5179574978000223,-0.4876789087052085,0.1617781790747438
S_294,51.12,17.09,2025-11-01,0.4839,-0.5159,0.0741
S_294,51.12,17.09,2025-12-01,0.4349,-0.4875,0.0138
S_294,51.12,17.09,2026-01-01,0.3837,-0.454,0.0376
S_294,51.12,17.09,2026-02-01,0.3291,-0.4046,-0.0956
S_294,51.12,17.09,2026-03-01,0.352,-0.4263,-0.0757
S_295,51.14,17.09,2023-06-01,0.5844426076263407,-0.5480498107428823,0.2125550568921522
S_295,51.14,17.09,2023-07-01,0.5830379229697785,-0.5504334874296618,0.1738828660789796
S_295,51.14,17.09,2023-08-01,0.5913431127058386,-0.5438737858119643,0.1483009137910132
S_295,51.14,17.09,2023-09-01,0.6400360389800939,-0.5912202372624323,0.2038241677357286
S_295,51.14,17.09,2023-10-01,0.5553043625815632,-0.523101747772654,0.1262160177652629
S_295,51.14,17.09,2023-11-01,0.4614154961782602,-0.4678783741188284,0.057372366949362
S_295,51.14,17.09,2023-12-01,0.3531475248708555,-0.3815112932251364,-0.0303029038190833
S_295,51.14,17.09,2024-01-01,0.1952496346033468,-0.2266864277445966,0.3418664395977864
S_295,51.14,17.09,2024-02-01,0.3354991660216524,-0.4108345802208925,-0.0311399859786082
S_295,51.14,17.09,2024-03-01,0.3297439962821047,-0.3354749983143193,0.016121961642529
S_295,51.14,17.09,2024-04-01,0.5160583295290373,-0.4765199083387703,0.1467640408363559
S_295,51.14,17.09,2024-05-01,0.5473334475522795,-0.5136973122393864,0.1491551532395089
S_295,51.14,17.09,2024-06-01,0.5665454715562959,-0.5065752542510118,0.20534589680693
S_295,51.14,17.09,2024-07-01,0.6182313144524612,-0.5689100904379242,0.1679092963554529
S_295,51.14,17.09,2024-08-01,0.626949265792348,-0.572828603278539,0.186185826345576
S_295,51.14,17.09,2024-09-01,0.5835456807514695,-0.5609332879166172,0.159233985671806
S_295,51.14,17.09,2024-10-01,0.4779251778568492,-0.4929109642936515,0.0443180876044147
S_295,51.14,17.09,2024-11-01,0.3485872218222615,-0.3868360224424642,-0.0099254269661026
S_295,51.14,17.09,2024-12-01,0.3222014519159865,-0.3402698484886556,0.0246743404565435
S_295,51.14,17.09,2025-01-01,0.341762203579223,-0.4108088146486148,-0.036207532035709
S_295,51.14,17.09,2025-02-01,0.3203054222945374,-0.3811790085753871,-0.0253416539335012
S_295,51.14,17.09,2025-03-01,0.3304317396783252,-0.3864064489545349,-0.0649970562771238
S_295,51.14,17.09,2025-04-01,0.6025508539391804,-0.5450395441946321,0.1916206060799056
S_295,51.14,17.09,2025-05-01,0.613350445232486,-0.5532480630020636,0.2106079407721272
S_295,51.14,17.09,2025-06-01,0.5986419497984169,-0.5674990366248059,0.1976104991375331
S_295,51.14,17.09,2025-07-01,0.5612023092588098,-0.5336585056740583,0.1702585621083988
S_295,51.14,17.09,2025-08-01,0.5673522893186941,-0.5323724866680759,0.1482088710787996
S_295,51.14,17.09,2025-09-01,0.5756556018664162,-0.5387140442655163,0.150647156038427
S_295,51.14,17.09,2025-10-01,0.5121146207610248,-0.4803592546759996,0.1600295812220748
S_295,51.14,17.09,2025-11-01,0.4504843578938057,-0.4889827697421731,0.0397457605540131
S_295,51.14,17.09,2025-12-01,0.4155574556581941,-0.4785561000863281,0.0165900458362406
S_295,51.14,17.09,2026-01-01,0.3636535251773043,-0.4482049970413514,-0.0032818559608629
S_295,51.14,17.09,2026-02-01,0.2925728155751647,-0.3795564523640162,-0.1135339457561092
S_295,51.14,17.09,2026-03-01,0.3287105156688821,-0.4186050933794499,-0.080789059079009
S_296,51.16,17.09,2023-06-01,0.661,-0.6184,0.2492
S_296,51.16,17.09,2023-07-01,0.7008,-0.6516,0.2413
S_296,51.16,17.09,2023-08-01,0.7181,-0.6547,0.2156
S_296,51.16,17.09,2023-09-01,0.7476,-0.681,0.2602
S_296,51.16,17.09,2023-10-01,0.649,-0.6089,0.1532
S_296,51.16,17.09,2023-11-01,0.5257,-0.5465,0.0247
S_296,51.16,17.09,2023-12-01,0.4069,-0.4488,0.0038
S_296,51.16,17.09,2024-01-01,0.2301,-0.2751,0.3341
S_296,51.16,17.09,2024-02-01,0.3085,-0.36,0.0016
S_296,51.16,17.09,2024-03-01,0.4097,-0.4129,-0.0224
S_296,51.16,17.09,2024-04-01,0.4813,-0.4689,0.126
S_296,51.16,17.09,2024-05-01,0.589,-0.5583,0.154
S_296,51.16,17.09,2024-06-01,0.6614,-0.5735,0.2735
S_296,51.16,17.09,2024-07-01,0.7533,-0.6771,0.2664
S_296,51.16,17.09,2024-08-01,0.7614,-0.6787,0.2893
S_296,51.16,17.09,2024-09-01,0.63,-0.6131,0.1332
S_296,51.16,17.09,2024-10-01,0.495,-0.5303,-0.0069
S_296,51.16,17.09,2024-11-01,0.429,-0.4886,-0.0014
S_296,51.16,17.09,2024-12-01,0.3397,-0.3759,0.0297
S_296,51.16,17.09,2025-01-01,0.3769,-0.4641,-0.0375
S_296,51.16,17.09,2025-02-01,0.3345,-0.4108,-0.0408
S_296,51.16,17.09,2025-03-01,0.3581,-0.4244,-0.0788
S_296,51.16,17.09,2025-04-01,0.673,-0.6205,0.2241
S_296,51.16,17.09,2025-05-01,0.6658,-0.6081,0.2361
S_296,51.16,17.09,2025-06-01,0.7228,-0.6691,0.278
S_296,51.16,17.09,2025-07-01,0.6539,-0.6143,0.2404
S_296,51.16,17.09,2025-08-01,0.6257,-0.5994,0.1514
S_296,51.16,17.09,2025-09-01,0.6563,-0.6115,0.1589
S_296,51.16,17.09,2025-10-01,0.4762,-0.4295,0.1536
S_296,51.16,17.09,2025-11-01,0.5231,-0.5587,0.0353
S_296,51.16,17.09,2025-12-01,0.4489,-0.5244,0.0402
S_296,51.16,17.09,2026-01-01,0.386,-0.4862,-0.0183
S_296,51.16,17.09,2026-02-01,0.3226,-0.4249,-0.1255
S_296,51.16,17.09,2026-03-01,0.3425,-0.4488,-0.0845
S_297,51.18,17.09,2023-06-01,0.7133,-0.6533,0.3055
S_297,51.18,17.09,2023-07-01,0.7276,-0.6736,0.2732
S_297,51.18,17.09,2023-08-01,0.7087,-0.6469,0.2025
S_297,51.18,17.09,2023-09-01,0.7286,-0.6672,0.2353
S_297,51.18,17.09,2023-10-01,0.6058,-0.5774,0.1289
S_297,51.18,17.09,2023-11-01,0.5194,-0.5557,0.0184
S_297,51.18,17.09,2023-12-01,0.4246,-0.4704,-0.0098
S_297,51.18,17.09,2024-01-01,0.2937,-0.3496,0.2354
S_297,51.18,17.09,2024-02-01,0.3673,-0.4325,-0.0308
S_297,51.18,17.09,2024-03-01,0.3206,-0.2834,0.064
S_297,51.18,17.09,2024-04-01,0.5445,-0.4994,0.161
S_297,51.18,17.09,2024-05-01,0.6403,-0.5885,0.1977
S_297,51.18,17.09,2024-06-01,0.6473,-0.5609,0.3362
S_297,51.18,17.09,2024-07-01,0.7521,-0.67,0.2482
S_297,51.18,17.09,2024-08-01,0.7454,-0.6652,0.2532
S_297,51.18,17.09,2024-09-01,0.6309,-0.6101,0.122
S_297,51.18,17.09,2024-10-01,0.498,-0.5345,-0.0304
S_297,51.18,17.09,2024-11-01,0.4908,-0.5201,-0.013
S_297,51.18,17.09,2024-12-01,0.4053,-0.4219,0.0304
S_297,51.18,17.09,2025-01-01,0.4411,-0.5093,-0.02
S_297,51.18,17.09,2025-02-01,0.3936,-0.4577,-0.0501
S_297,51.18,17.09,2025-03-01,0.4067,-0.4578,-0.0732
S_297,51.18,17.09,2025-04-01,0.7568,-0.6688,0.2909
S_297,51.18,17.09,2025-05-01,0.7427,-0.653,0.3109
S_297,51.18,17.09,2025-06-01,0.7678,-0.6962,0.3318
S_297,51.18,17.09,2025-07-01,0.6731,-0.6251,0.2824
S_297,51.18,17.09,2025-08-01,0.6191,-0.5886,0.1298
S_297,51.18,17.09,2025-09-01,0.6695,-0.6139,0.1681
S_297,51.18,17.09,2025-10-01,0.4842,-0.442,0.1533
S_297,51.18,17.09,2025-11-01,0.5731,-0.599,0.0956
S_297,51.18,17.09,2025-12-01,0.5311,-0.5907,0.0902
S_297,51.18,17.09,2026-01-01,0.4364,-0.5147,0.0134
S_297,51.18,17.09,2026-02-01,0.3637,-0.4566,-0.1279
S_297,51.18,17.09,2026-03-01,0.381,-0.4743,-0.0922
S_298,51.2,17.09,2023-06-01,0.7248499999931034,-0.6684249999957277,0.3390499999976574
S_298,51.2,17.09,2023-07-01,0.6353249999955627,-0.6184499999974007,0.2067750000030138
S_298,51.2,17.09,2023-08-01,0.5815749999712383,-0.5607749999821025,0.0962749999789587
S_298,51.2,17.09,2023-09-01,0.6215499999701606,-0.5881249999782359,0.1561999999791714
S_298,51.2,17.09,2023-10-01,0.6048999999826663,-0.5581249999847531,0.161049999995522
S_298,51.2,17.09,2023-11-01,0.5895249999947471,-0.5899749999960332,0.1197749999938823
S_298,51.2,17.09,2023-12-01,0.4865000000013358,-0.4953499999989998,0.0859000000066762
S_298,51.2,17.09,2024-01-01,0.3446749999960257,-0.3937999999960122,0.2292999999943794
S_298,51.2,17.09,2024-02-01,0.3972000000046433,-0.4421000000029013,0.0196500000036059
S_298,51.2,17.09,2024-03-01,0.3741666666891359,-0.3636833333583165,0.0417833333425581
S_298,51.2,17.09,2024-04-01,0.5915499999883647,-0.5369749999932459,0.188299999996736
S_298,51.2,17.09,2024-05-01,0.6332500000008568,-0.5853250000009173,0.2291250000031098
S_298,51.2,17.09,2024-06-01,0.6395999999853635,-0.5561499999870795,0.3106749999966908
S_298,51.2,17.09,2024-07-01,0.6568249999876894,-0.610924999992605,0.1685499999928218
S_298,51.2,17.09,2024-08-01,0.661500000002823,-0.6104500000019597,0.1858000000026795
S_298,51.2,17.09,2024-09-01,0.6288249999966737,-0.6046749999975888,0.1367499999990669
S_298,51.2,17.09,2024-10-01,0.4936999999882008,-0.5241749999911423,0.0004749999952361
S_298,51.2,17.09,2024-11-01,0.4835749999975021,-0.5096749999984806,0.0351249999957095
S_298,51.2,17.09,2024-12-01,0.4202749999952131,-0.4290249999946569,0.0794500000063297
S_298,51.2,17.09,2025-01-01,0.4453499999930275,-0.5027749999930134,0.0303500000009397
S_298,51.2,17.09,2025-02-01,0.3984499999834307,-0.4591249999855847,-0.0193000000038469
S_298,51.2,17.09,2025-03-01,0.3994499999947564,-0.449174999995924,-0.0512749999999984
S_298,51.2,17.09,2025-04-01,0.6969499999935899,-0.6294999999956445,0.2592499999962322
S_298,51.2,17.09,2025-05-01,0.6692499999926932,-0.602274999996029,0.2620249999967907
S_298,51.2,17.09,2025-06-01,0.7229749999843175,-0.6704999999910115,0.2974999999939505
S_298,51.2,17.09,2025-07-01,0.6454999999947404,-0.614374999997457,0.2608749999984319
S_298,51.2,17.09,2025-08-01,0.6278749999862561,-0.600199999991898,0.1611749999920194
S_298,51.2,17.09,2025-09-01,0.6389249999891379,-0.5991999999929982,0.1619249999933386
S_298,51.2,17.09,2025-10-01,0.4180314107475708,-0.402620895084864,0.122384005606961
S_298,51.2,17.09,2025-11-01,0.5521749999869117,-0.5782749999883736,0.091549999998243
S_298,51.2,17.09,2025-12-01,0.5057499999907388,-0.5570249999940383,0.1132249999996003
S_298,51.2,17.09,2026-01-01,0.3993999999902376,-0.4731249999900159,0.0577500000099052
S_298,51.2,17.09,2026-02-01,0.3542999999942292,-0.4442749999923782,-0.0945749999878889
S_298,51.2,17.09,2026-03-01,0.370824999998446,-0.4604999999970064,-0.0645999999959484
S_299,51.22,17.09,2023-06-01,0.791,-0.7138,0.3999
S_299,51.22,17.09,2023-07-01,0.6599,-0.6385,0.2189
S_299,51.22,17.09,2023-08-01,0.6074,-0.5738,0.0942
S_299,51.22,17.09,2023-09-01,0.6245,-0.5901,0.146
S_299,51.22,17.09,2023-10-01,0.655,-0.5878,0.1918
S_299,51.22,17.09,2023-11-01,0.626,-0.6279,0.1304
S_299,51.22,17.09,2023-12-01,0.5121,-0.5176,0.0951
S_299,51.22,17.09,2024-01-01,0.3687,-0.4246,0.1847
S_299,51.22,17.09,2024-02-01,0.3726,-0.4308,-0.0053
S_299,51.22,17.09,2024-03-01,0.4270142226782972,-0.4117098020341733,0.0724734228665363
S_299,51.22,17.09,2024-04-01,0.6396,-0.5768,0.1878
S_299,51.22,17.09,2024-05-01,0.6423,-0.5894,0.2511
S_299,51.22,17.09,2024-06-01,0.6935,-0.6069,0.3127
S_299,51.22,17.09,2024-07-01,0.7199,-0.6492,0.2107
S_299,51.22,17.09,2024-08-01,0.7255,-0.6495,0.232
S_299,51.22,17.09,2024-09-01,0.7058,-0.6564,0.1866
S_299,51.22,17.09,2024-10-01,0.5429,-0.5686,0.0161
S_299,51.22,17.09,2024-11-01,0.4844,-0.5199,0.0316
S_299,51.22,17.09,2024-12-01,0.4344,-0.4503,0.0628
S_299,51.22,17.09,2025-01-01,0.4428,-0.5133,0.0003
S_299,51.22,17.09,2025-02-01,0.3841,-0.4536,-0.071
S_299,51.22,17.09,2025-03-01,0.3698,-0.4351,-0.104
S_299,51.22,17.09,2025-04-01,0.7071,-0.6267,0.2397
S_299,51.22,17.09,2025-05-01,0.6483,-0.5787,0.234
S_299,51.22,17.09,2025-06-01,0.7271,-0.6689,0.2698
S_299,51.22,17.09,2025-07-01,0.6682,-0.6228,0.2378
S_299,51.22,17.09,2025-08-01,0.7076,-0.6516,0.2257
S_299,51.22,17.09,2025-09-01,0.7262,-0.6593,0.2363
S_299,51.22,17.09,2025-10-01,0.3925,-0.3745,0.1373
S_299,51.22,17.09,2025-11-01,0.5297,-0.584,0.0612
S_299,51.22,17.09,2025-12-01,0.4799,-0.5521,0.1033
S_299,51.22,17.09,2026-01-01,0.3784,-0.4576,0.0794
S_299,51.22,17.09,2026-02-01,0.3455,-0.4441,-0.1067
S_299,51.22,17.09,2026-03-01,0.3638,-0.4628,-0.08
S_300,51.24,17.09,2023-06-01,0.7404300345463772,-0.6797133226928745,0.3356449950043526
S_300,51.24,17.09,2023-07-01,0.6818752061464597,-0.6544864624802262,0.237840451746863
S_300,51.24,17.09,2023-08-01,0.644979874232396,-0.6062770283683682,0.1518653783247794
S_300,51.24,17.09,2023-09-01,0.6726490275836513,-0.6311873803523557,0.2020302572599076
S_300,51.24,17.09,2023-10-01,0.6056918392665148,-0.5600891508742666,0.1784913994406656
S_300,51.24,17.09,2023-11-01,0.6216511512931061,-0.618167390704928,0.1442449488809573
S_300,51.24,17.09,2023-12-01,0.5080709047331907,-0.4963930642152289,0.1073385237536726
S_300,51.24,17.09,2024-01-01,0.4144442019907933,-0.4559418285618797,0.2149472109529318
S_300,51.24,17.09,2024-02-01,0.4412619621740308,-0.4847325384368001,0.0150852161356886
S_300,51.24,17.09,2024-03-01,0.4394857424325018,-0.4274462586447816,0.0780263013774869
S_300,51.24,17.09,2024-04-01,0.5892519252082932,-0.5427319681663852,0.1568045567690703
S_300,51.24,17.09,2024-05-01,0.6629640341327228,-0.6090736909453537,0.2331147973611261
S_300,51.24,17.09,2024-06-01,0.7100249266112093,-0.6315911823324591,0.30393740227078
S_300,51.24,17.09,2024-07-01,0.7059909731069028,-0.6489406744556677,0.210469829359177
S_300,51.24,17.09,2024-08-01,0.7149216949182845,-0.6521665841739877,0.2297602377895634
S_300,51.24,17.09,2024-09-01,0.7057481884518104,-0.663702780630943,0.2107025905299787
S_300,51.24,17.09,2024-10-01,0.5904354169281856,-0.5984623885025064,0.0897697967397878
S_300,51.24,17.09,2024-11-01,0.5309099200196695,-0.5431167579661379,0.0870269850674372
S_300,51.24,17.09,2024-12-01,0.473989406196865,-0.4685448836396617,0.1066031799368037
S_300,51.24,17.09,2025-01-01,0.4958096647078261,-0.5459945658860755,0.0702240087380206
S_300,51.24,17.09,2025-02-01,0.4261931103239664,-0.4771895501816018,0.0083503773892517
S_300,51.24,17.09,2025-03-01,0.4126864163518203,-0.463408385734883,-0.0509565528037733
S_300,51.24,17.09,2025-04-01,0.6990308736846477,-0.6218817156243559,0.2341148434859686
S_300,51.24,17.09,2025-05-01,0.6726253664226772,-0.5972199244107083,0.2456309715336185
S_300,51.24,17.09,2025-06-01,0.7420291031514561,-0.6889862588623766,0.2913213338341276
S_300,51.24,17.09,2025-07-01,0.6891756841963527,-0.6440481614406008,0.2603647023088405
S_300,51.24,17.09,2025-08-01,0.7093024330488165,-0.6580641320118256,0.2365621849031293
S_300,51.24,17.09,2025-09-01,0.7139371739564533,-0.6589944410201819,0.2403966243515676
S_300,51.24,17.09,2025-10-01,0.3844390479232472,-0.3708665571729823,0.1152723006526473
S_300,51.24,17.09,2025-11-01,0.5615912093289536,-0.597430906294841,0.0965183710028797
S_300,51.24,17.09,2025-12-01,0.5082533020096073,-0.55179219245831,0.1294521479119269
S_300,51.24,17.09,2026-01-01,0.4111825682488516,-0.4631342167182932,0.1397129885896762
S_300,51.24,17.09,2026-02-01,0.3980645718373992,-0.4776999482646304,-0.0606023925450162
S_300,51.24,17.09,2026-03-01,0.4235871576462262,-0.502980194838829,-0.0339895884057781
S_301,50.96,17.11,2023-06-01,0.5215,-0.5478,0.0792
S_301,50.96,17.11,2023-07-01,0.7107,-0.6941,0.2977
S_301,50.96,17.11,2023-08-01,0.7002,-0.6721,0.2205
S_301,50.96,17.11,2023-09-01,0.7112,-0.6803,0.2422
S_301,50.96,17.11,2023-10-01,0.5114,-0.5366,-0.0641
S_301,50.96,17.11,2023-11-01,0.2244,-0.2923,-0.1718
S_301,50.96,17.11,2023-12-01,0.2969,-0.4048,-0.098
S_301,50.96,17.11,2024-01-01,0.1179,-0.1603,0.4508
S_301,50.96,17.11,2024-02-01,0.4503885936308716,-0.6207528540243171,-0.096172808557069
S_301,50.96,17.11,2024-03-01,0.3241,-0.4132,-0.1293
S_301,50.96,17.11,2024-04-01,0.347,-0.4199,-0.1214
S_301,50.96,17.11,2024-05-01,0.4163,-0.4775,-0.0562
S_301,50.96,17.11,2024-06-01,0.5064,-0.5297,-0.0098
S_301,50.96,17.11,2024-07-01,0.7066,-0.6797,0.2267
S_301,50.96,17.11,2024-08-01,0.7205,-0.6827,0.2334
S_301,50.96,17.11,2024-09-01,0.4839,-0.5506,0.0041
S_301,50.96,17.11,2024-10-01,0.3761,-0.4797,-0.1297
S_301,50.96,17.11,2024-11-01,0.4409,-0.497,-0.0724
S_301,50.96,17.11,2024-12-01,0.3966,-0.3948,0.0367
S_301,50.96,17.11,2025-01-01,0.4497,-0.5162,-0.0204
S_301,50.96,17.11,2025-02-01,0.4301,-0.4817,-0.071
S_301,50.96,17.11,2025-03-01,0.4592,-0.5005,-0.0655
S_301,50.96,17.11,2025-04-01,0.6433,-0.6214,0.2368
S_301,50.96,17.11,2025-05-01,0.6199,-0.5946,0.2392
S_301,50.96,17.11,2025-06-01,0.6765,-0.6658,0.3601
S_301,50.96,17.11,2025-07-01,0.584,-0.5969,0.2866
S_301,50.96,17.11,2025-08-01,0.4699,-0.519,0.043
S_301,50.96,17.11,2025-09-01,0.4833,-0.5193,-0.0171
S_301,50.96,17.11,2025-10-01,0.2653322997130496,-0.2592303791278886,0.041357599957432
S_301,50.96,17.11,2025-11-01,0.479,-0.5308,-0.0459
S_301,50.96,17.11,2025-12-01,0.4441,-0.5445,-0.0774
S_301,50.96,17.11,2026-01-01,0.3676,-0.4803,-0.1093
S_301,50.96,17.11,2026-02-01,0.3392,-0.4488,-0.2132
S_301,50.96,17.11,2026-03-01,0.3565,-0.4657,-0.2038
S_302,50.98,17.11,2023-06-01,0.6717268432450078,-0.6435442963831401,0.3151256418731776
S_302,50.98,17.11,2023-07-01,0.6147594408308856,-0.6173231926607582,0.2626701189502276
S_302,50.98,17.11,2023-08-01,0.5440624099278615,-0.558788355068796,0.0542211365011048
S_302,50.98,17.11,2023-09-01,0.5508573667118226,-0.5646359597215045,0.0559705088661606
S_302,50.98,17.11,2023-10-01,0.4280536400346352,-0.4794966378591925,-0.1229806745366318
S_302,50.98,17.11,2023-11-01,0.3473908475874165,-0.3679686037719,-0.071460205868159
S_302,50.98,17.11,2023-12-01,0.4330220525626363,-0.4633302127953368,-0.0091042497075058
S_302,50.98,17.11,2024-01-01,0.17681467531239,-0.1990752308779537,0.5484332611423818
S_302,50.98,17.11,2024-02-01,0.4659341631601751,-0.6187061375003797,-0.0750792494713451
S_302,50.98,17.11,2024-03-01,0.4883246571262127,-0.5008930157838596,0.022702936317496
S_302,50.98,17.11,2024-04-01,0.5396531275580057,-0.5442059054040074,0.1032971967808124
S_302,50.98,17.11,2024-05-01,0.5957381563912412,-0.5891657033751041,0.1777606094039956
S_302,50.98,17.11,2024-06-01,0.6050081527960965,-0.5843532142010593,0.1623966050408469
S_302,50.98,17.11,2024-07-01,0.5014515838792962,-0.5384247944996992,0.0126317353976146
S_302,50.98,17.11,2024-08-01,0.5426643868657504,-0.5535382504757139,0.0337261617653969
S_302,50.98,17.11,2024-09-01,0.5080060966673938,-0.5423774603264971,0.0033209632168185
S_302,50.98,17.11,2024-10-01,0.4293570201307436,-0.5038030050009015,-0.0921889214172082
S_302,50.98,17.11,2024-11-01,0.4733016810703651,-0.5103101551096423,-0.034628975513349
S_302,50.98,17.11,2024-12-01,0.4041651803619934,-0.3983406637603106,0.0517025865957767
S_302,50.98,17.11,2025-01-01,0.457274516597781,-0.5159091883062991,-0.0033690296190646
S_302,50.98,17.11,2025-02-01,0.4385687337522608,-0.4960971608770326,-0.0886243686707531
S_302,50.98,17.11,2025-03-01,0.4343720345967672,-0.4873092929024412,-0.0978647186437666
S_302,50.98,17.11,2025-04-01,0.5745875720982719,-0.5760052344519052,0.1365982322665836
S_302,50.98,17.11,2025-05-01,0.5493657899957091,-0.5481216774567561,0.1315042676088981
S_302,50.98,17.11,2025-06-01,0.7223883909800324,-0.6823776695327746,0.3576309270495268
S_302,50.98,17.11,2025-07-01,0.6386267640235973,-0.6235867532475908,0.3015539718006921
S_302,50.98,17.11,2025-08-01,0.5390168001760159,-0.5620337049234959,0.1073339574621265
S_302,50.98,17.11,2025-09-01,0.4991918830942971,-0.5277767027317622,-0.0014539538498388
S_302,50.98,17.11,2025-10-01,0.2634129654826379,-0.2507858704942278,0.0646288543577054
S_302,50.98,17.11,2025-11-01,0.4443789321822792,-0.5067665476181069,-0.0590828427147929
S_302,50.98,17.11,2025-12-01,0.4432975613360391,-0.5360387301600034,-0.0873431024258188
S_302,50.98,17.11,2026-01-01,0.3777414213583926,-0.4837896969618915,-0.1347224963483909
S_302,50.98,17.11,2026-02-01,0.337688373028046,-0.439746699138662,-0.2204219300117118
S_302,50.98,17.11,2026-03-01,0.357829794384629,-0.4588617748997763,-0.2132426406894632
S_303,51.0,17.11,2023-06-01,0.7283,-0.6656,0.419
S_303,51.0,17.11,2023-07-01,0.5206,-0.5526,0.188
S_303,51.0,17.11,2023-08-01,0.4484,-0.4922,-0.0416
S_303,51.0,17.11,2023-09-01,0.4915,-0.5174,-0.0178
S_303,51.0,17.11,2023-10-01,0.3783,-0.4494,-0.1486
S_303,51.0,17.11,2023-11-01,0.3899,-0.3866,-0.0801
S_303,51.0,17.11,2023-12-01,0.5189,-0.4997,0.0474
S_303,51.0,17.11,2024-01-01,0.2238,-0.2323,0.6179
S_303,51.0,17.11,2024-02-01,0.5345,-0.6025,0.018
S_303,51.0,17.11,2024-03-01,0.5666,-0.5412,0.0772
S_303,51.0,17.11,2024-04-01,0.6616,-0.6297,0.2384
S_303,51.0,17.11,2024-05-01,0.6966,-0.6597,0.2957
S_303,51.0,17.11,2024-06-01,0.6332,-0.6021,0.2054
S_303,51.0,17.11,2024-07-01,0.3883,-0.4604,-0.1077
S_303,51.0,17.11,2024-08-01,0.4316,-0.4781,-0.0952
S_303,51.0,17.11,2024-09-01,0.5201,-0.5378,0.0054
S_303,51.0,17.11,2024-10-01,0.4484,-0.505,-0.0833
S_303,51.0,17.11,2024-11-01,0.4922,-0.5172,-0.0179
S_303,51.0,17.11,2024-12-01,0.4056,-0.3931,0.0718
S_303,51.0,17.11,2025-01-01,0.4675,-0.5145,0.0002
S_303,51.0,17.11,2025-02-01,0.4407,-0.5025,-0.099
S_303,51.0,17.11,2025-03-01,0.4001,-0.466,-0.1352
S_303,51.0,17.11,2025-04-01,0.4862,-0.5169,0.0161
S_303,51.0,17.11,2025-05-01,0.4715,-0.4963,0.0154
S_303,51.0,17.11,2025-06-01,0.7334,-0.6886,0.3248
S_303,51.0,17.11,2025-07-01,0.6643,-0.6458,0.2883
S_303,51.0,17.11,2025-08-01,0.6124,-0.6066,0.1761
S_303,51.0,17.11,2025-09-01,0.5039,-0.5312,0.0016
S_303,51.0,17.11,2025-10-01,0.2467,-0.2187,0.1269
S_303,51.0,17.11,2025-11-01,0.4139,-0.4841,-0.0721
S_303,51.0,17.11,2025-12-01,0.4473,-0.5294,-0.0837
S_303,51.0,17.11,2026-01-01,0.3878,-0.4838,-0.1396
S_303,51.0,17.11,2026-02-01,0.3421,-0.4338,-0.2252
S_303,51.0,17.11,2026-03-01,0.365,-0.456,-0.2202
S_304,51.02,17.11,2023-06-01,0.6696549206320844,-0.628733452365724,0.3065051118723986
S_304,51.02,17.11,2023-07-01,0.5794525178908402,-0.5757742820187108,0.2188674457166038
S_304,51.02,17.11,2023-08-01,0.5219080915482532,-0.5296564104693052,0.0416867712091112
S_304,51.02,17.11,2023-09-01,0.5477610352591008,-0.5516271211422499,0.0633731672972556
S_304,51.02,17.11,2023-10-01,0.4578706240483972,-0.4966417351777288,-0.0596110606018175
S_304,51.02,17.11,2023-11-01,0.3916604076438336,-0.3870061399840561,-0.0027112951953643
S_304,51.02,17.11,2023-12-01,0.4719914213472059,-0.4725148232225966,0.0289076118400274
S_304,51.02,17.11,2024-01-01,0.1836586652986697,-0.2053620707598652,0.5572989719262321
S_304,51.02,17.11,2024-02-01,0.4433263455801496,-0.5833973700758684,-0.061428740944589
S_304,51.02,17.11,2024-03-01,0.4767199351165799,-0.4760866919476615,0.0332316666983576
S_304,51.02,17.11,2024-04-01,0.5930038059126873,-0.5671941125409169,0.1805789321795695
S_304,51.02,17.11,2024-05-01,0.6245815800537,-0.6010966558132348,0.2068660425578535
S_304,51.02,17.11,2024-06-01,0.604623924870848,-0.575184480441203,0.178332860647799
S_304,51.02,17.11,2024-07-01,0.4929339141594236,-0.519387467529106,0.0125297511107362
S_304,51.02,17.11,2024-08-01,0.5141241161553823,-0.5247084307231806,0.022853405484286
S_304,51.02,17.11,2024-09-01,0.5513341666503169,-0.5580362481760276,0.0533753788077294
S_304,51.02,17.11,2024-10-01,0.4394493290561558,-0.5027362914995626,-0.076958596595762
S_304,51.02,17.11,2024-11-01,0.4483844624963052,-0.4892013672548876,-0.0459449926972072
S_304,51.02,17.11,2024-12-01,0.361374769122909,-0.36931644301572,0.0298445563334732
S_304,51.02,17.11,2025-01-01,0.4119796897758752,-0.4793187770744268,-0.0380354472548162
S_304,51.02,17.11,2025-02-01,0.3937425360681359,-0.4671745165872931,-0.115960678116975
S_304,51.02,17.11,2025-03-01,0.3628771031858672,-0.4380895923554108,-0.1451677849007341
S_304,51.02,17.11,2025-04-01,0.4970529437277032,-0.5148331998439132,0.0234254654604156
S_304,51.02,17.11,2025-05-01,0.4839548773249236,-0.4902059920506231,0.034626031796392
S_304,51.02,17.11,2025-06-01,0.7234711903590391,-0.6752496608115233,0.2931395057019238
S_304,51.02,17.11,2025-07-01,0.6751676369718447,-0.6391507755390015,0.2701946355520567
S_304,51.02,17.11,2025-08-01,0.6361191521650641,-0.6137480843493586,0.2018706240280847
S_304,51.02,17.11,2025-09-01,0.5519644227730699,-0.5574522907359292,0.0725649278388206
S_304,51.02,17.11,2025-10-01,0.2478712437118406,-0.2363183441522546,0.1085628787944591
S_304,51.02,17.11,2025-11-01,0.4198998953988767,-0.4907627417005263,-0.0406548773145809
S_304,51.02,17.11,2025-12-01,0.4141603463605364,-0.5162177669499052,-0.0814567675877487
S_304,51.02,17.11,2026-01-01,0.3611558874482521,-0.4678416305583618,-0.1121957069535827
S_304,51.02,17.11,2026-02-01,0.3192750216587173,-0.4204292893182907,-0.1978841233056443
S_304,51.02,17.11,2026-03-01,0.3401463420085541,-0.4411843145765192,-0.1883039718077648
S_305,51.04,17.11,2023-06-01,0.6183,-0.5905,0.2281
S_305,51.04,17.11,2023-07-01,0.5688,-0.5579,0.1712
S_305,51.04,17.11,2023-08-01,0.5489,-0.5341,0.0797
S_305,51.04,17.11,2023-09-01,0.5585,-0.5528,0.0989
S_305,51.04,17.11,2023-10-01,0.5036,-0.5228,0.0172
S_305,51.04,17.11,2023-11-01,0.3899,-0.3923,0.0188
S_305,51.04,17.11,2023-12-01,0.425,-0.4433,0.0158
S_305,51.04,17.11,2024-01-01,0.1774,-0.2022,0.5259
S_305,51.04,17.11,2024-02-01,0.3512,-0.5423,-0.1182
S_305,51.04,17.11,2024-03-01,0.4189,-0.4304,0.0084
S_305,51.04,17.11,2024-04-01,0.5271,-0.5027,0.1269
S_305,51.04,17.11,2024-05-01,0.5379,-0.5287,0.1136
S_305,51.04,17.11,2024-06-01,0.5391,-0.5177,0.1103
S_305,51.04,17.11,2024-07-01,0.5851,-0.5657,0.1217
S_305,51.04,17.11,2024-08-01,0.5865,-0.5615,0.1308
S_305,51.04,17.11,2024-09-01,0.573,-0.568,0.1057
S_305,51.04,17.11,2024-10-01,0.4556,-0.5071,-0.0299
S_305,51.04,17.11,2024-11-01,0.4148,-0.4687,-0.0329
S_305,51.04,17.11,2024-12-01,0.3227,-0.3539,0.0156
S_305,51.04,17.11,2025-01-01,0.3693,-0.4547,-0.0404
S_305,51.04,17.11,2025-02-01,0.3513,-0.4345,-0.0915
S_305,51.04,17.11,2025-03-01,0.3334,-0.4137,-0.1133
S_305,51.04,17.11,2025-04-01,0.5089,-0.5085,0.0689
S_305,51.04,17.11,2025-05-01,0.4868,-0.4791,0.0739
S_305,51.04,17.11,2025-06-01,0.6616,-0.6252,0.2312
S_305,51.04,17.11,2025-07-01,0.6343,-0.6004,0.2151
S_305,51.04,17.11,2025-08-01,0.6255,-0.5907,0.1938
S_305,51.04,17.11,2025-09-01,0.5852,-0.569,0.1345
S_305,51.04,17.11,2025-10-01,0.2411478162650152,-0.2400545127103579,0.1003044408943687
S_305,51.04,17.11,2025-11-01,0.4329,-0.4961,0.0004
S_305,51.04,17.11,2025-12-01,0.4014,-0.502,-0.0421
S_305,51.04,17.11,2026-01-01,0.3365,-0.4378,-0.0355
S_305,51.04,17.11,2026-02-01,0.3049,-0.4071,-0.1441
S_305,51.04,17.11,2026-03-01,0.3225,-0.4267,-0.1282
S_306,51.06,17.11,2023-06-01,0.6813,-0.6272,0.2538
S_306,51.06,17.11,2023-07-01,0.6245,-0.5818,0.1411
S_306,51.06,17.11,2023-08-01,0.6379,-0.5798,0.102
S_306,51.06,17.11,2023-09-01,0.6592,-0.6072,0.1425
S_306,51.06,17.11,2023-10-01,0.615,-0.5823,0.0787
S_306,51.06,17.11,2023-11-01,0.4018,-0.3861,0.0736
S_306,51.06,17.11,2023-12-01,0.416,-0.4618,-0.034
S_306,51.06,17.11,2024-01-01,0.1866,-0.2234,0.4517
S_306,51.06,17.11,2024-02-01,0.3758,-0.543,-0.0929
S_306,51.06,17.11,2024-03-01,0.3824269119407912,-0.3996810512991634,-0.0165421552534711
S_306,51.06,17.11,2024-04-01,0.6206,-0.5648,0.1518
S_306,51.06,17.11,2024-05-01,0.6183,-0.5753,0.1533
S_306,51.06,17.11,2024-06-01,0.6169,-0.5678,0.1306
S_306,51.06,17.11,2024-07-01,0.6233,-0.5754,0.0961
S_306,51.06,17.11,2024-08-01,0.6389,-0.5812,0.1203
S_306,51.06,17.11,2024-09-01,0.5289,-0.4921,0.176
S_306,51.06,17.11,2024-10-01,0.5756,-0.5734,0.0384
S_306,51.06,17.11,2024-11-01,0.4275,-0.4573,0.0013
S_306,51.06,17.11,2024-12-01,0.3823,-0.4078,0.039
S_306,51.06,17.11,2025-01-01,0.4129,-0.494,-0.0286
S_306,51.06,17.11,2025-02-01,0.3599,-0.4397,-0.0689
S_306,51.06,17.11,2025-03-01,0.3527,-0.4273,-0.0996
S_306,51.06,17.11,2025-04-01,0.6621,-0.5939,0.1949
S_306,51.06,17.11,2025-05-01,0.6233,-0.5593,0.1983
S_306,51.06,17.11,2025-06-01,0.6868,-0.633,0.2325
S_306,51.06,17.11,2025-07-01,0.6522,-0.6025,0.1957
S_306,51.06,17.11,2025-08-01,0.6463,-0.5905,0.1611
S_306,51.06,17.11,2025-09-01,0.6317,-0.5905,0.1277
S_306,51.06,17.11,2025-10-01,0.2826714483163712,-0.2718074532283266,0.1218623787191962
S_306,51.06,17.11,2025-11-01,0.5167,-0.5611,0.0507
S_306,51.06,17.11,2025-12-01,0.4567,-0.5439,0.0077
S_306,51.06,17.11,2026-01-01,0.3611,-0.4572,0.0177
S_306,51.06,17.11,2026-02-01,0.3202,-0.4264,-0.1328
S_306,51.06,17.11,2026-03-01,0.3365,-0.4454,-0.0983
S_307,51.08,17.11,2023-06-01,0.6794999999713112,-0.6218749999772452,0.2768749999704262
S_307,51.08,17.11,2023-07-01,0.6328499999929836,-0.5894249999935318,0.1848749999970529
S_307,51.08,17.11,2023-08-01,0.6359999999895557,-0.5795749999891743,0.136274999998107
S_307,51.08,17.11,2023-09-01,0.654099999978042,-0.6049999999805665,0.1768249999897425
S_307,51.08,17.11,2023-10-01,0.6087999999787884,-0.5721999999819712,0.1208250000014415
S_307,51.08,17.11,2023-11-01,0.4302499999812488,-0.422999999985956,0.1012499999946164
S_307,51.08,17.11,2023-12-01,0.4160249999735023,-0.4506499999726591,-0.0145500000182453
S_307,51.08,17.11,2024-01-01,0.2102749999904439,-0.2420499999874902,0.4147749999805796
S_307,51.08,17.11,2024-02-01,0.4082499999901895,-0.5760249999706198,-0.0902499999998378
S_307,51.08,17.11,2024-03-01,0.4155166666530283,-0.4343166666411049,0.0019500000011539
S_307,51.08,17.11,2024-04-01,0.6119749999841291,-0.5536749999849725,0.1734249999984319
S_307,51.08,17.11,2024-05-01,0.6281749999891554,-0.578199999991051,0.1877999999899086
S_307,51.08,17.11,2024-06-01,0.631724999989756,-0.5723999999917085,0.190624999989612
S_307,51.08,17.11,2024-07-01,0.619499999974121,-0.5725249999797611,0.121674999986736
S_307,51.08,17.11,2024-08-01,0.638874999986977,-0.5825499999888507,0.14639999999094
S_307,51.08,17.11,2024-09-01,0.5311750000262865,-0.5044750000246122,0.2201749999922449
S_307,51.08,17.11,2024-10-01,0.5426750000053032,-0.5498749999992829,0.0477000000131523
S_307,51.08,17.11,2024-11-01,0.3267000000243153,-0.3463750000126365,0.0048250000222077
S_307,51.08,17.11,2024-12-01,0.3622999999831215,-0.3795499999770386,0.0460749999842396
S_307,51.08,17.11,2025-01-01,0.4028999999899949,-0.4748749999834669,-0.010425000001732
S_307,51.08,17.11,2025-02-01,0.3534749999944278,-0.4237499999902472,-0.0520999999969012
S_307,51.08,17.11,2025-03-01,0.3521499999940429,-0.4148999999880337,-0.0780749999917557
S_307,51.08,17.11,2025-04-01,0.6542499999839158,-0.5825749999846124,0.2128249999896059
S_307,51.08,17.11,2025-05-01,0.6256749999830934,-0.5573999999842882,0.2176749999908731
S_307,51.08,17.11,2025-06-01,0.6874749999807122,-0.6365999999834491,0.2604749999833737
S_307,51.08,17.11,2025-07-01,0.6539749999798109,-0.6038999999809407,0.2247249999823089
S_307,51.08,17.11,2025-08-01,0.6427999999797801,-0.5894749999828479,0.1806999999897227
S_307,51.08,17.11,2025-09-01,0.6209499999999788,-0.5835499999956854,0.1534000000028966
S_307,51.08,17.11,2025-10-01,0.3794830335121045,-0.3518567904901164,0.1426903933497039
S_307,51.08,17.11,2025-11-01,0.5017749999942295,-0.5452999999890099,0.0552000000027621
S_307,51.08,17.11,2025-12-01,0.4553999999829465,-0.528974999979805,0.0226999999844429
S_307,51.08,17.11,2026-01-01,0.3588249999897702,-0.4410249999855254,0.0478750000014431
S_307,51.08,17.11,2026-02-01,0.3304499999940077,-0.4260249999911771,-0.1101999999986104
S_307,51.08,17.11,2026-03-01,0.3492499999920709,-0.446424999986153,-0.0811250000048427
S_308,51.1,17.11,2023-06-01,0.629,-0.5773,0.2506
S_308,51.1,17.11,2023-07-01,0.5969,-0.5586,0.1787
S_308,51.1,17.11,2023-08-01,0.6065,-0.5508,0.1459
S_308,51.1,17.11,2023-09-01,0.6071,-0.5666,0.1733
S_308,51.1,17.11,2023-10-01,0.5627,-0.5331,0.126
S_308,51.1,17.11,2023-11-01,0.3785,-0.3942,0.111
S_308,51.1,17.11,2023-12-01,0.3676,-0.4001,-0.0315
S_308,51.1,17.11,2024-01-01,0.1999,-0.2285,0.3354
S_308,51.1,17.11,2024-02-01,0.3948,-0.5394,-0.0757
S_308,51.1,17.11,2024-03-01,0.3924804236770283,-0.4109414409784834,0.0023405452788318
S_308,51.1,17.11,2024-04-01,0.5384,-0.4997,0.1661
S_308,51.1,17.11,2024-05-01,0.5968,-0.5505,0.1803
S_308,51.1,17.11,2024-06-01,0.6274,-0.5649,0.2252
S_308,51.1,17.11,2024-07-01,0.5717,-0.536,0.1101
S_308,51.1,17.11,2024-08-01,0.5913,-0.5469,0.139
S_308,51.1,17.11,2024-09-01,0.5207,-0.5093,0.2475
S_308,51.1,17.11,2024-10-01,0.5046,-0.519,0.0654
S_308,51.1,17.11,2024-11-01,0.3304,-0.3155,0.0641
S_308,51.1,17.11,2024-12-01,0.3171,-0.3321,0.0183
S_308,51.1,17.11,2025-01-01,0.3615,-0.4297,-0.0163
S_308,51.1,17.11,2025-02-01,0.3201,-0.3808,-0.0405
S_308,51.1,17.11,2025-03-01,0.3256,-0.3761,-0.0528
S_308,51.1,17.11,2025-04-01,0.6124,-0.5432,0.2001
S_308,51.1,17.11,2025-05-01,0.6041,-0.5334,0.2125
S_308,51.1,17.11,2025-06-01,0.6351,-0.5949,0.2307
S_308,51.1,17.11,2025-07-01,0.6059,-0.5603,0.2022
S_308,51.1,17.11,2025-08-01,0.5852,-0.5448,0.1636
S_308,51.1,17.11,2025-09-01,0.5826,-0.549,0.1549
S_308,51.1,17.11,2025-10-01,0.4807713929342316,-0.4393918643410982,0.1677568956329826
S_308,51.1,17.11,2025-11-01,0.462,-0.5082,0.052
S_308,51.1,17.11,2025-12-01,0.4123,-0.481,-0.0031
S_308,51.1,17.11,2026-01-01,0.3412,-0.4226,0.0292
S_308,51.1,17.11,2026-02-01,0.3088,-0.3981,-0.0911
S_308,51.1,17.11,2026-03-01,0.3254,-0.4142,-0.0789
S_309,51.12,17.11,2023-06-01,0.4828,-0.4586,0.1582
S_309,51.12,17.11,2023-07-01,0.448,-0.4356,0.0932
S_309,51.12,17.11,2023-08-01,0.4576,-0.4261,0.0742
S_309,51.12,17.11,2023-09-01,0.4733,-0.4488,0.1069
S_309,51.12,17.11,2023-10-01,0.4436,-0.4227,0.0642
S_309,51.12,17.11,2023-11-01,0.3738,-0.3736,0.0458
S_309,51.12,17.11,2023-12-01,0.2808,-0.31,-0.0487
S_309,51.12,17.11,2024-01-01,0.1437,-0.176,0.3652
S_309,51.12,17.11,2024-02-01,0.3618,-0.5203,-0.0801
S_309,51.12,17.11,2024-03-01,0.3428,-0.3703,-0.0231
S_309,51.12,17.11,2024-04-01,0.462,-0.4503,0.1196
S_309,51.12,17.11,2024-05-01,0.4564,-0.4335,0.1047
S_309,51.12,17.11,2024-06-01,0.4038,-0.3796,0.1639
S_309,51.12,17.11,2024-07-01,0.4582,-0.4343,0.0728
S_309,51.12,17.11,2024-08-01,0.4711,-0.438,0.0944
S_309,51.12,17.11,2024-09-01,0.4337,-0.4247,0.1597
S_309,51.12,17.11,2024-10-01,0.4052,-0.4156,0.027
S_309,51.12,17.11,2024-11-01,0.2955,-0.3085,0.0092
S_309,51.12,17.11,2024-12-01,0.238,-0.2603,-0.0057
S_309,51.12,17.11,2025-01-01,0.2658,-0.3366,-0.0542
S_309,51.12,17.11,2025-02-01,0.2402,-0.3034,-0.0691
S_309,51.12,17.11,2025-03-01,0.2365,-0.298,-0.0948
S_309,51.12,17.11,2025-04-01,0.4645,-0.4297,0.112
S_309,51.12,17.11,2025-05-01,0.4478,-0.4091,0.1187
S_309,51.12,17.11,2025-06-01,0.4854,-0.4685,0.1285
S_309,51.12,17.11,2025-07-01,0.4625,-0.4417,0.1121
S_309,51.12,17.11,2025-08-01,0.4806,-0.4491,0.1078
S_309,51.12,17.11,2025-09-01,0.4653,-0.4419,0.0964
S_309,51.12,17.11,2025-10-01,0.4736539710427036,-0.4411875676290897,0.147831049779137
S_309,51.12,17.11,2025-11-01,0.3551,-0.3984,0.0101
S_309,51.12,17.11,2025-12-01,0.3046,-0.3735,-0.0318
S_309,51.12,17.11,2026-01-01,0.2726,-0.3588,-0.0353
S_309,51.12,17.11,2026-02-01,0.2151,-0.3006,-0.1298
S_309,51.12,17.11,2026-03-01,0.2308,-0.317,-0.1135
S_310,51.14,17.11,2023-06-01,0.5817074997895173,-0.543303737196874,0.2097365186426509
S_310,51.14,17.11,2023-07-01,0.5772939571743069,-0.5427484160911962,0.1684541376682234
S_310,51.14,17.11,2023-08-01,0.5833848734715492,-0.5329884701908181,0.1413901766405259
S_310,51.14,17.11,2023-09-01,0.6051476151659465,-0.5587393323836893,0.1805298736002941
S_310,51.14,17.11,2023-10-01,0.5498789247485629,-0.5137018648855948,0.1193677848961573
S_310,51.14,17.11,2023-11-01,0.4685023086684998,-0.4707277920682929,0.0590802561184661
S_310,51.14,17.11,2023-12-01,0.3620140835870656,-0.3880393144552597,-0.0188824855798534
S_310,51.14,17.11,2024-01-01,0.1996018902682811,-0.2325255446713865,0.3559109560301514
S_310,51.14,17.11,2024-02-01,0.35287035354486,-0.4433972908632739,-0.0254321284466649
S_310,51.14,17.11,2024-03-01,0.3917494949318959,-0.4027603030344184,0.0017376154339965
S_310,51.14,17.11,2024-04-01,0.5116577695815412,-0.4773716398965092,0.1455842434807849
S_310,51.14,17.11,2024-05-01,0.5483384089241135,-0.5119823122687218,0.1495333657238912
S_310,51.14,17.11,2024-06-01,0.5210700069360474,-0.4697166447999337,0.1926233764958488
S_310,51.14,17.11,2024-07-01,0.586441832351256,-0.5398266953136045,0.1459419623263294
S_310,51.14,17.11,2024-08-01,0.5957989391169368,-0.5430130914043849,0.1659801874140735
S_310,51.14,17.11,2024-09-01,0.5509820597417747,-0.5280799782114136,0.1634165042968476
S_310,51.14,17.11,2024-10-01,0.4833612877740215,-0.4920061145915504,0.0435618795007468
S_310,51.14,17.11,2024-11-01,0.3730881384335023,-0.4054239861451078,-0.0006325468547058
S_310,51.14,17.11,2024-12-01,0.3082480410202192,-0.3285859089863738,0.0222390872976219
S_310,51.14,17.11,2025-01-01,0.340355504926093,-0.4103889573042417,-0.0313818759168988
S_310,51.14,17.11,2025-02-01,0.3027087011935293,-0.36548443712406,-0.037405678244759
S_310,51.14,17.11,2025-03-01,0.3073781492125684,-0.3656751008857747,-0.075981161645711
S_310,51.14,17.11,2025-04-01,0.5712922328094825,-0.5185595813507642,0.1696428245203217
S_310,51.14,17.11,2025-05-01,0.5838953244771277,-0.5282163310117829,0.1881273916317705
S_310,51.14,17.11,2025-06-01,0.5927042602058571,-0.5596143540425969,0.1890738382156898
S_310,51.14,17.11,2025-07-01,0.555746334567229,-0.5260230806258391,0.1619739861519709
S_310,51.14,17.11,2025-08-01,0.5714018036138578,-0.530200331752101,0.1504091449799425
S_310,51.14,17.11,2025-09-01,0.5738891231860169,-0.5341830265320119,0.1488859523117062
S_310,51.14,17.11,2025-10-01,0.4356871642150505,-0.3973634052086011,0.1395979797478923
S_310,51.14,17.11,2025-11-01,0.4534738382172326,-0.4880060712647949,0.040289653630888
S_310,51.14,17.11,2025-12-01,0.3928403858511371,-0.4582084053359337,0.0105686904258198
S_310,51.14,17.11,2026-01-01,0.3411503317593961,-0.4256680987128817,-0.0024757792574652
S_310,51.14,17.11,2026-02-01,0.2856064717241385,-0.373276320204761,-0.1163492857344716
S_310,51.14,17.11,2026-03-01,0.3043704327704518,-0.3941725142995891,-0.0888282179174515
S_311,51.16,17.11,2023-06-01,0.5945,-0.5561,0.2131
S_311,51.16,17.11,2023-07-01,0.5962,-0.5579,0.1846
S_311,51.16,17.11,2023-08-01,0.5929,-0.5403,0.1532
S_311,51.16,17.11,2023-09-01,0.6194,-0.5708,0.1953
S_311,51.16,17.11,2023-10-01,0.5618,-0.5195,0.1327
S_311,51.16,17.11,2023-11-01,0.5077,-0.5097,0.0671
S_311,51.16,17.11,2023-12-01,0.3917,-0.409,0.007
S_311,51.16,17.11,2024-01-01,0.228,-0.2625,0.3658
S_311,51.16,17.11,2024-02-01,0.348,-0.4092,0.0212
S_311,51.16,17.11,2024-03-01,0.4349,-0.4387,0.0238
S_311,51.16,17.11,2024-04-01,0.4980562704398967,-0.4712281909023237,0.1362424832016343
S_311,51.16,17.11,2024-05-01,0.5646,-0.5268,0.1592
S_311,51.16,17.11,2024-06-01,0.5072,-0.4557,0.1617
S_311,51.16,17.11,2024-07-01,0.5881,-0.5418,0.1432
S_311,51.16,17.11,2024-08-01,0.5935,-0.5441,0.1577
S_311,51.16,17.11,2024-09-01,0.6017,-0.5656,0.1516
S_311,51.16,17.11,2024-10-01,0.5189,-0.5156,0.0571
S_311,51.16,17.11,2024-11-01,0.4129,-0.4415,0.0095
S_311,51.16,17.11,2024-12-01,0.3314,-0.3499,0.0479
S_311,51.16,17.11,2025-01-01,0.3633,-0.4312,-0.0137
S_311,51.16,17.11,2025-02-01,0.3175,-0.3801,-0.0217
S_311,51.16,17.11,2025-03-01,0.316,-0.3771,-0.0705
S_311,51.16,17.11,2025-04-01,0.5643,-0.5206,0.1531
S_311,51.16,17.11,2025-05-01,0.6171,-0.5642,0.1866
S_311,51.16,17.11,2025-06-01,0.5931,-0.5613,0.1789
S_311,51.16,17.11,2025-07-01,0.5577,-0.5309,0.151
S_311,51.16,17.11,2025-08-01,0.6009,-0.5495,0.175
S_311,51.16,17.11,2025-09-01,0.5986,-0.5546,0.1713
S_311,51.16,17.11,2025-10-01,0.4399,-0.4001,0.1438
S_311,51.16,17.11,2025-11-01,0.4811,-0.5079,0.0501
S_311,51.16,17.11,2025-12-01,0.4117,-0.4754,0.0297
S_311,51.16,17.11,2026-01-01,0.3479,-0.4297,0.0132
S_311,51.16,17.11,2026-02-01,0.2992,-0.3873,-0.1111
S_311,51.16,17.11,2026-03-01,0.3173,-0.41,-0.0765
S_312,51.18,17.11,2023-06-01,0.6636705462369464,-0.6192901820863083,0.281354455501247
S_312,51.18,17.11,2023-07-01,0.6305295666762498,-0.6040696723561345,0.2099008505287889
S_312,51.18,17.11,2023-08-01,0.6010545449923367,-0.5689188184117232,0.1310866534780579
S_312,51.18,17.11,2023-09-01,0.6361653895665824,-0.5961899261188194,0.1797868860561866
S_312,51.18,17.11,2023-10-01,0.572174589570927,-0.5365794503664794,0.1331574157469019
S_312,51.18,17.11,2023-11-01,0.5304476377174523,-0.5423727922106809,0.0687505249886393
S_312,51.18,17.11,2023-12-01,0.421790318322134,-0.4479098179391863,0.0295073792628535
S_312,51.18,17.11,2024-01-01,0.2729905908032229,-0.3196091036653289,0.2787198849525603
S_312,51.18,17.11,2024-02-01,0.3551131703781173,-0.4084744601712969,0.0102860190048941
S_312,51.18,17.11,2024-03-01,0.3971025748987822,-0.3841713967205498,0.0429339691375188
S_312,51.18,17.11,2024-04-01,0.5143743507269043,-0.4831070455100223,0.1518010534558899
S_312,51.18,17.11,2024-05-01,0.5827687255007218,-0.5485079972050158,0.1774144860496385
S_312,51.18,17.11,2024-06-01,0.5918848726660397,-0.5182817362616858,0.2635191707112522
S_312,51.18,17.11,2024-07-01,0.6554878728386323,-0.6047524751652571,0.1872277459369662
S_312,51.18,17.11,2024-08-01,0.6635608976171201,-0.6077551863027464,0.2032760414909271
S_312,51.18,17.11,2024-09-01,0.6000305368775445,-0.5831035616597346,0.1257008904167165
S_312,51.18,17.11,2024-10-01,0.474094208896135,-0.5055367532463774,-0.0024490896399413
S_312,51.18,17.11,2024-11-01,0.4376050933932462,-0.4757328227792754,0.0097677387268234
S_312,51.18,17.11,2024-12-01,0.3618466509755893,-0.3821312745157911,0.0513341218965934
S_312,51.18,17.11,2025-01-01,0.3958635756925021,-0.4639920991561113,0.0005080769961796
S_312,51.18,17.11,2025-02-01,0.3545425842613374,-0.4198636720248018,-0.0269886902588291
S_312,51.18,17.11,2025-03-01,0.3649786796591031,-0.4207583460673811,-0.0564105721050188
S_312,51.18,17.11,2025-04-01,0.6426798591075171,-0.5912858428868437,0.2218880324347849
S_312,51.18,17.11,2025-05-01,0.6462699448329279,-0.5909977141180959,0.237017157293347
S_312,51.18,17.11,2025-06-01,0.6886763538565993,-0.6407490497266783,0.2715529237694029
S_312,51.18,17.11,2025-07-01,0.6175374110827101,-0.5864885540251167,0.2292592364899106
S_312,51.18,17.11,2025-08-01,0.6007479267406851,-0.5742591002417782,0.1492150076327348
S_312,51.18,17.11,2025-09-01,0.6081492424236994,-0.5731142700088938,0.1487303441994937
S_312,51.18,17.11,2025-10-01,0.445771958238969,-0.4163360954104632,0.1338271678968342
S_312,51.18,17.11,2025-11-01,0.5210768589359495,-0.5473164595599338,0.071905365864599
S_312,51.18,17.11,2025-12-01,0.4677826500444046,-0.5254250581553855,0.0773448701384712
S_312,51.18,17.11,2026-01-01,0.3844354375728457,-0.4673173499685532,0.0140432819892229
S_312,51.18,17.11,2026-02-01,0.3285345471593148,-0.4200984118520705,-0.1034612498817402
S_312,51.18,17.11,2026-03-01,0.3465193069384254,-0.4396284271274311,-0.0709044919796929
S_313,51.2,17.11,2023-06-01,0.6851,-0.6491,0.3482
S_313,51.2,17.11,2023-07-01,0.5181,-0.5471,0.1497
S_313,51.2,17.11,2023-08-01,0.4188,-0.4589,-0.0222
S_313,51.2,17.11,2023-09-01,0.4817,-0.4906,0.0519
S_313,51.2,17.11,2023-10-01,0.4946,-0.4617,0.1237
S_313,51.2,17.11,2023-11-01,0.5676,-0.5588,0.1519
S_313,51.2,17.11,2023-12-01,0.4596,-0.4637,0.1095
S_313,51.2,17.11,2024-01-01,0.3276,-0.3782,0.1958
S_313,51.2,17.11,2024-02-01,0.383,-0.418,0.0466
S_313,51.2,17.11,2024-03-01,0.4269,-0.4101,0.0872
S_313,51.2,17.11,2024-04-01,0.5178,-0.4903,0.1711
S_313,51.2,17.11,2024-05-01,0.539,-0.5233,0.1919
S_313,51.2,17.11,2024-06-01,0.572,-0.4992,0.2856
S_313,51.2,17.11,2024-07-01,0.5571,-0.5513,0.1143
S_313,51.2,17.11,2024-08-01,0.5826,-0.5638,0.1381
S_313,51.2,17.11,2024-09-01,0.5463,-0.5524,0.0982
S_313,51.2,17.11,2024-10-01,0.3906,-0.449,-0.0309
S_313,51.2,17.11,2024-11-01,0.4152,-0.4565,0.0407
S_313,51.2,17.11,2024-12-01,0.3645,-0.379,0.091
S_313,51.2,17.11,2025-01-01,0.3966,-0.4514,0.0621
S_313,51.2,17.11,2025-02-01,0.3667,-0.4282,0.0006
S_313,51.2,17.11,2025-03-01,0.3771,-0.4248,-0.0097
S_313,51.2,17.11,2025-04-01,0.5855,-0.5638,0.2201
S_313,51.2,17.11,2025-05-01,0.5652,-0.5437,0.2142
S_313,51.2,17.11,2025-06-01,0.681,-0.6447,0.2994
S_313,51.2,17.11,2025-07-01,0.5961,-0.5838,0.2465
S_313,51.2,17.11,2025-08-01,0.5646,-0.5669,0.1413
S_313,51.2,17.11,2025-09-01,0.5223,-0.5237,0.0996
S_313,51.2,17.11,2025-10-01,0.3917,-0.3976,0.0904
S_313,51.2,17.11,2025-11-01,0.5076,-0.527,0.0959
S_313,51.2,17.11,2025-12-01,0.4739,-0.5109,0.1384
S_313,51.2,17.11,2026-01-01,0.3679,-0.4442,0.0384
S_313,51.2,17.11,2026-02-01,0.3269,-0.413,-0.0558
S_313,51.2,17.11,2026-03-01,0.3441,-0.4281,-0.0344
S_314,51.22,17.11,2023-06-01,0.6245,-0.6041,0.2757
S_314,51.22,17.11,2023-07-01,0.5497,-0.571,0.166
S_314,51.22,17.11,2023-08-01,0.4938,-0.5101,0.042
S_314,51.22,17.11,2023-09-01,0.5512,-0.5453,0.1059
S_314,51.22,17.11,2023-10-01,0.4402,-0.4356,0.0719
S_314,51.22,17.11,2023-11-01,0.549,-0.5472,0.1082
S_314,51.22,17.11,2023-12-01,0.4415,-0.4398,0.0881
S_314,51.22,17.11,2024-01-01,0.326,-0.3805,0.156
S_314,51.22,17.11,2024-02-01,0.3777,-0.4234,0.0028
S_314,51.22,17.11,2024-03-01,0.4072400374398948,-0.3940001163962861,0.0821206358315287
S_314,51.22,17.11,2024-04-01,0.4874,-0.4727,0.1279
S_314,51.22,17.11,2024-05-01,0.5736,-0.5522,0.2046
S_314,51.22,17.11,2024-06-01,0.672,-0.6037,0.325
S_314,51.22,17.11,2024-07-01,0.6175,-0.5969,0.1603
S_314,51.22,17.11,2024-08-01,0.6276,-0.5935,0.1809
S_314,51.22,17.11,2024-09-01,0.5797,-0.5749,0.119
S_314,51.22,17.11,2024-10-01,0.491,-0.5168,0.0227
S_314,51.22,17.11,2024-11-01,0.4608,-0.4789,0.064
S_314,51.22,17.11,2024-12-01,0.3862,-0.3987,0.0813
S_314,51.22,17.11,2025-01-01,0.389,-0.4549,0.0346
S_314,51.22,17.11,2025-02-01,0.3457,-0.4162,-0.0351
S_314,51.22,17.11,2025-03-01,0.3531,-0.4109,-0.0525
S_314,51.22,17.11,2025-04-01,0.5877,-0.5644,0.1817
S_314,51.22,17.11,2025-05-01,0.5757,-0.5485,0.185
S_314,51.22,17.11,2025-06-01,0.6693,-0.6434,0.2559
S_314,51.22,17.11,2025-07-01,0.6135,-0.5996,0.2304
S_314,51.22,17.11,2025-08-01,0.6316,-0.6194,0.1928
S_314,51.22,17.11,2025-09-01,0.6167,-0.5988,0.1643
S_314,51.22,17.11,2025-10-01,0.3978,-0.3938,0.1028
S_314,51.22,17.11,2025-11-01,0.4521,-0.503,0.0077
S_314,51.22,17.11,2025-12-01,0.4028,-0.4737,0.0474
S_314,51.22,17.11,2026-01-01,0.3175,-0.411,0.0344
S_314,51.22,17.11,2026-02-01,0.3005,-0.4031,-0.1053
S_314,51.22,17.11,2026-03-01,0.3179,-0.4223,-0.0884
S_315,51.24,17.11,2023-06-01,0.6714374078836647,-0.6366432300970482,0.319874600945853
S_315,51.24,17.11,2023-07-01,0.6219374348941078,-0.618466367079439,0.2083141348223166
S_315,51.24,17.11,2023-08-01,0.5013854444671204,-0.5122959674148126,0.0371704052737269
S_315,51.24,17.11,2023-09-01,0.5444278298238948,-0.5378566506502468,0.0962511107812536
S_315,51.24,17.11,2023-10-01,0.4964770587245283,-0.4658053092593378,0.1169194249624662
S_315,51.24,17.11,2023-11-01,0.56844033250637,-0.5766388443311855,0.1147784434414367
S_315,51.24,17.11,2023-12-01,0.4501906176529194,-0.4588398735650095,0.0908594177816567
S_315,51.24,17.11,2024-01-01,0.3294278433293995,-0.3875260863157569,0.1567464561780419
S_315,51.24,17.11,2024-02-01,0.3981526259684925,-0.4470295812283531,0.0077491445568166
S_315,51.24,17.11,2024-03-01,0.4266236434765923,-0.399694470570821,0.1074087915593995
S_315,51.24,17.11,2024-04-01,0.5389173529933574,-0.5079684907807018,0.1628709890692811
S_315,51.24,17.11,2024-05-01,0.5818561129697285,-0.5550855828332634,0.2149615088605138
S_315,51.24,17.11,2024-06-01,0.6746824164082238,-0.6073521209097857,0.2884569656244365
S_315,51.24,17.11,2024-07-01,0.6010701555479017,-0.5823016973836758,0.1417905389046182
S_315,51.24,17.11,2024-08-01,0.6474857594643305,-0.6080607811108083,0.18299944884468
S_315,51.24,17.11,2024-09-01,0.6206765480793315,-0.6044684581801646,0.1457843961361156
S_315,51.24,17.11,2024-10-01,0.4481261054455074,-0.4915835434911718,-0.0054458993657068
S_315,51.24,17.11,2024-11-01,0.4779923555533588,-0.5031559363834872,0.0599277128618448
S_315,51.24,17.11,2024-12-01,0.4001167635803368,-0.41277396541188,0.0832857538166857
S_315,51.24,17.11,2025-01-01,0.4419737100957037,-0.4972730936774276,0.0613830924362168
S_315,51.24,17.11,2025-02-01,0.3692891429668401,-0.4359828753216461,-0.02201503920304
S_315,51.24,17.11,2025-03-01,0.4022747528116293,-0.4482582771837899,-0.0345604661392843
S_315,51.24,17.11,2025-04-01,0.6664870709980235,-0.6133858190452562,0.2422100504832578
S_315,51.24,17.11,2025-05-01,0.6414246442577117,-0.5886310693869657,0.2436348522405144
S_315,51.24,17.11,2025-06-01,0.672829901800602,-0.6414297578220161,0.2636885726847811
S_315,51.24,17.11,2025-07-01,0.6315626168687125,-0.6097820362150855,0.2395149413518334
S_315,51.24,17.11,2025-08-01,0.5901109278850327,-0.5851382279191347,0.1447859495470352
S_315,51.24,17.11,2025-09-01,0.6379428825463496,-0.6061524088723166,0.1789118266529349
S_315,51.24,17.11,2025-10-01,0.3959298826790132,-0.3905269063332339,0.1068208152889789
S_315,51.24,17.11,2025-11-01,0.4902095780610371,-0.5303379264482562,0.0579416114462378
S_315,51.24,17.11,2025-12-01,0.4676459646198941,-0.5189860417821435,0.1109704648993626
S_315,51.24,17.11,2026-01-01,0.3467671274741828,-0.429350239027243,0.051337323533958
S_315,51.24,17.11,2026-02-01,0.316907250757059,-0.4153045758706505,-0.0778110336176402
S_315,51.24,17.11,2026-03-01,0.365670845110679,-0.4592921654522532,-0.0506121415917792
S_316,50.96,17.13,2023-06-01,0.4399,-0.4913,0.0115
S_316,50.96,17.13,2023-07-01,0.7361,-0.6971,0.2926
S_316,50.96,17.13,2023-08-01,0.7573,-0.7114,0.2843
S_316,50.96,17.13,2023-09-01,0.7871,-0.7334,0.3372
S_316,50.96,17.13,2023-10-01,0.235,-0.3446,-0.3752
S_316,50.96,17.13,2023-11-01,0.2223,-0.3349,-0.0866
S_316,50.96,17.13,2023-12-01,0.3158,-0.426,-0.0427
S_316,50.96,17.13,2024-01-01,0.1289,-0.1714,0.5255
S_316,50.96,17.13,2024-02-01,0.451984188793091,-0.5910978508724404,-0.0586732087135686
S_316,50.96,17.13,2024-03-01,0.4087,-0.4542,-0.0673
S_316,50.96,17.13,2024-04-01,0.4254,-0.4786,-0.0267
S_316,50.96,17.13,2024-05-01,0.4866,-0.5212,0.0641
S_316,50.96,17.13,2024-06-01,0.5621,-0.5682,0.1007
S_316,50.96,17.13,2024-07-01,0.6297,-0.6335,0.1655
S_316,50.96,17.13,2024-08-01,0.6829,-0.6515,0.1859
S_316,50.96,17.13,2024-09-01,0.514,-0.5608,0.0423
S_316,50.96,17.13,2024-10-01,0.3823,-0.4721,-0.1075
S_316,50.96,17.13,2024-11-01,0.5346,-0.5516,0.0463
S_316,50.96,17.13,2024-12-01,0.49,-0.4398,0.2031
S_316,50.96,17.13,2025-01-01,0.5589,-0.57,0.132
S_316,50.96,17.13,2025-02-01,0.4996,-0.5158,0.0428
S_316,50.96,17.13,2025-03-01,0.5449,-0.5525,0.0508
S_316,50.96,17.13,2025-04-01,0.7397,-0.686,0.3942
S_316,50.96,17.13,2025-05-01,0.7104,-0.6591,0.3906
S_316,50.96,17.13,2025-06-01,0.619,-0.6354,0.2922
S_316,50.96,17.13,2025-07-01,0.4958,-0.5494,0.2034
S_316,50.96,17.13,2025-08-01,0.4129,-0.4792,-0.032
S_316,50.96,17.13,2025-09-01,0.5213,-0.527,0.0119
S_316,50.96,17.13,2025-10-01,0.2667,-0.268,0.0179
S_316,50.96,17.13,2025-11-01,0.568,-0.5722,0.092
S_316,50.96,17.13,2025-12-01,0.5269,-0.5762,0.1023
S_316,50.96,17.13,2026-01-01,0.363,-0.4906,0.0435
S_316,50.96,17.13,2026-02-01,0.3216,-0.4465,-0.1682
S_316,50.96,17.13,2026-03-01,0.3363,-0.4607,-0.1489
S_317,50.98,17.13,2023-06-01,0.646826522022779,-0.6276313201119178,0.290833159642453
S_317,50.98,17.13,2023-07-01,0.5979014179927726,-0.6044558515371269,0.2370198305211443
S_317,50.98,17.13,2023-08-01,0.5469530631711642,-0.5597574533839433,0.048509856143525
S_317,50.98,17.13,2023-09-01,0.5967721286530818,-0.5938500074012958,0.1010890154532439
S_317,50.98,17.13,2023-10-01,0.3921460641068483,-0.4557724530278947,-0.1641711798331474
S_317,50.98,17.13,2023-11-01,0.3683105301864308,-0.3996499133419869,-0.0127755267261351
S_317,50.98,17.13,2023-12-01,0.4458707032632686,-0.480130526606577,0.0316595634027955
S_317,50.98,17.13,2024-01-01,0.1906038238691524,-0.2150636651712625,0.5539984848090866
S_317,50.98,17.13,2024-02-01,0.4598671784001721,-0.590464906793112,-0.0490360189132363
S_317,50.98,17.13,2024-03-01,0.5100523266117669,-0.5099995128745938,0.0626863886567265
S_317,50.98,17.13,2024-04-01,0.5605764861032041,-0.5621543902133616,0.1201301440973956
S_317,50.98,17.13,2024-05-01,0.6194253101059681,-0.6013938779737308,0.2163950106603978
S_317,50.98,17.13,2024-06-01,0.6202068542696098,-0.5924012193383613,0.1894198485123245
S_317,50.98,17.13,2024-07-01,0.501299015254631,-0.5401772944497276,0.0323845491601486
S_317,50.98,17.13,2024-08-01,0.5497064791501978,-0.5581604942824626,0.0501934849196324
S_317,50.98,17.13,2024-09-01,0.4972775036502194,-0.5335748124556104,0.0013740981857566
S_317,50.98,17.13,2024-10-01,0.4524250396053875,-0.5158424494248753,-0.0475430232077509
S_317,50.98,17.13,2024-11-01,0.5208345671005922,-0.5429137084917665,0.0493918397568295
S_317,50.98,17.13,2024-12-01,0.4431953139360913,-0.4261550685834535,0.1515874928907824
S_317,50.98,17.13,2025-01-01,0.5132717641268297,-0.5550647186225912,0.0909927273406032
S_317,50.98,17.13,2025-02-01,0.4593503825135794,-0.5109461328034778,-0.0181830265386833
S_317,50.98,17.13,2025-03-01,0.4813892606011504,-0.521175212918778,-0.0188390185937775
S_317,50.98,17.13,2025-04-01,0.6240729908867759,-0.6097530124263234,0.2273102745624679
S_317,50.98,17.13,2025-05-01,0.6018501986904662,-0.5857026552979019,0.2216373777717371
S_317,50.98,17.13,2025-06-01,0.6853162697176272,-0.6618289501381543,0.311588015896718
S_317,50.98,17.13,2025-07-01,0.5898263381580466,-0.6001595200589425,0.2439956456858482
S_317,50.98,17.13,2025-08-01,0.520151987456034,-0.5470510027027915,0.0669625430235556
S_317,50.98,17.13,2025-09-01,0.4733764755810896,-0.5102287229841588,-0.0282113311137995
S_317,50.98,17.13,2025-10-01,0.2679686291549829,-0.25911959595302,0.0489587600866229
S_317,50.98,17.13,2025-11-01,0.4549905053264198,-0.5124091090917413,-0.0364152775256834
S_317,50.98,17.13,2025-12-01,0.4725647440093607,-0.5417929798748781,0.0040474208459583
S_317,50.98,17.13,2026-01-01,0.3786761363977763,-0.4831548160497038,-0.0133061146040429
S_317,50.98,17.13,2026-02-01,0.3436596933808923,-0.4485806565851437,-0.16776513702595
S_317,50.98,17.13,2026-03-01,0.3677235064800295,-0.4664218254094772,-0.1504536146566641
S_318,51.0,17.13,2023-06-01,0.6826,-0.6479,0.3112
S_318,51.0,17.13,2023-07-01,0.5826,-0.5954,0.2205
S_318,51.0,17.13,2023-08-01,0.5276,-0.5429,0.0243
S_318,51.0,17.13,2023-09-01,0.5293,-0.5528,0.0259
S_318,51.0,17.13,2023-10-01,0.4959,-0.5295,-0.0405
S_318,51.0,17.13,2023-11-01,0.463,-0.4306,0.0468
S_318,51.0,17.13,2023-12-01,0.4774,-0.4911,0.06
S_318,51.0,17.13,2024-01-01,0.2142,-0.2352,0.5651
S_318,51.0,17.13,2024-02-01,0.4519268022611389,-0.5751332598839044,-0.0400090319941478
S_318,51.0,17.13,2024-03-01,0.5151,-0.5192,0.0938
S_318,51.0,17.13,2024-04-01,0.6062,-0.5895,0.1702
S_318,51.0,17.13,2024-05-01,0.682,-0.6359,0.2868
S_318,51.0,17.13,2024-06-01,0.675,-0.6142,0.2764
S_318,51.0,17.13,2024-07-01,0.419,-0.4814,-0.0567
S_318,51.0,17.13,2024-08-01,0.4581,-0.4951,-0.0455
S_318,51.0,17.13,2024-09-01,0.5011,-0.5288,-0.0089
S_318,51.0,17.13,2024-10-01,0.4902,-0.5303,-0.0387
S_318,51.0,17.13,2024-11-01,0.5103,-0.5276,0.0244
S_318,51.0,17.13,2024-12-01,0.4328,-0.4297,0.1451
S_318,51.0,17.13,2025-01-01,0.4961,-0.5451,0.0813
S_318,51.0,17.13,2025-02-01,0.4727,-0.5273,-0.0073
S_318,51.0,17.13,2025-03-01,0.4832,-0.5251,-0.0116
S_318,51.0,17.13,2025-04-01,0.633,-0.6091,0.244
S_318,51.0,17.13,2025-05-01,0.6186,-0.592,0.244
S_318,51.0,17.13,2025-06-01,0.6924,-0.6516,0.341
S_318,51.0,17.13,2025-07-01,0.5844,-0.588,0.2592
S_318,51.0,17.13,2025-08-01,0.4944,-0.528,0.0393
S_318,51.0,17.13,2025-09-01,0.4752,-0.5116,-0.0426
S_318,51.0,17.13,2025-10-01,0.2773985579714212,-0.2491526259776,0.1158113485738351
S_318,51.0,17.13,2025-11-01,0.4626,-0.5162,-0.0532
S_318,51.0,17.13,2025-12-01,0.4809,-0.5416,-0.0008
S_318,51.0,17.13,2026-01-01,0.4074,-0.49,-0.0173
S_318,51.0,17.13,2026-02-01,0.3704,-0.4582,-0.1443
S_318,51.0,17.13,2026-03-01,0.3902,-0.4767,-0.1279
S_319,51.02,17.13,2023-06-01,0.5845715728516694,-0.5547695594455326,0.2403786232120098
S_319,51.02,17.13,2023-07-01,0.5066869658459497,-0.5067395042650016,0.1369044355179799
S_319,51.02,17.13,2023-08-01,0.4964902949298956,-0.4860727522912937,0.0540328791939865
S_319,51.02,17.13,2023-09-01,0.5130917468277979,-0.5091935111282205,0.075949202494541
S_319,51.02,17.13,2023-10-01,0.4839707953248273,-0.492128194537195,0.0228703301807404
S_319,51.02,17.13,2023-11-01,0.4058016445710816,-0.3980366568912766,0.0556567579138198
S_319,51.02,17.13,2023-12-01,0.4040129377759917,-0.4268913848564573,0.0330778690421945
S_319,51.02,17.13,2024-01-01,0.1834442288304845,-0.2089951391978345,0.537672327038376
S_319,51.02,17.13,2024-02-01,0.3966050940077104,-0.5498799096830796,-0.0736683496645485
S_319,51.02,17.13,2024-03-01,0.4133610007505001,-0.4226956442461418,0.0621821284282196
S_319,51.02,17.13,2024-04-01,0.5186963984185259,-0.4972365041059549,0.1362529636692247
S_319,51.02,17.13,2024-05-01,0.5461085985749806,-0.5235954116712621,0.1702366403547667
S_319,51.02,17.13,2024-06-01,0.5310385009794143,-0.4973441159508608,0.1667001196929622
S_319,51.02,17.13,2024-07-01,0.4579329356202985,-0.4672368495638844,0.0338048773305144
S_319,51.02,17.13,2024-08-01,0.4831530366313081,-0.4753973452735652,0.0535790251159015
S_319,51.02,17.13,2024-09-01,0.4709237025599794,-0.4793975613262637,0.0514046048405124
S_319,51.02,17.13,2024-10-01,0.4584158581396105,-0.4858486244640354,-0.0039429131641427
S_319,51.02,17.13,2024-11-01,0.4345511828499845,-0.4623274802764385,0.016409897736481
S_319,51.02,17.13,2024-12-01,0.3487257957767406,-0.3642770350608817,0.0922826335006662
S_319,51.02,17.13,2025-01-01,0.3964066250900693,-0.4631055984347679,0.0313063360809925
S_319,51.02,17.13,2025-02-01,0.3725934381647606,-0.4348899329447124,-0.0132597580715851
S_319,51.02,17.13,2025-03-01,0.3730299024037597,-0.4253365440231815,-0.0366256361656535
S_319,51.02,17.13,2025-04-01,0.5480839656822964,-0.5238485680203114,0.1685709150229303
S_319,51.02,17.13,2025-05-01,0.5362697521234351,-0.5063033125255347,0.1701596052810391
S_319,51.02,17.13,2025-06-01,0.5832301115974504,-0.5564059837738392,0.2217108844596888
S_319,51.02,17.13,2025-07-01,0.5205386702895853,-0.5120901820535457,0.1728937271786877
S_319,51.02,17.13,2025-08-01,0.4934369060024181,-0.4894430659308322,0.0852726160674047
S_319,51.02,17.13,2025-09-01,0.4962792576807486,-0.4959697122344161,0.050490760107878
S_319,51.02,17.13,2025-10-01,0.2735390653267498,-0.2461653751302225,0.115645484767374
S_319,51.02,17.13,2025-11-01,0.4372154328912179,-0.4842993022585115,0.0095699448255363
S_319,51.02,17.13,2025-12-01,0.4074658216464978,-0.4814483354461348,-0.0009661106782674
S_319,51.02,17.13,2026-01-01,0.341191016041828,-0.4302070503371272,0.0049139410824185
S_319,51.02,17.13,2026-02-01,0.3253851451288034,-0.414505575058204,-0.1122669047514364
S_319,51.02,17.13,2026-03-01,0.3280711476149215,-0.4176828826107047,-0.0926935510495698
S_320,51.04,17.13,2023-06-01,0.5406,-0.5249,0.1757
S_320,51.04,17.13,2023-07-01,0.5098,-0.5025,0.1069
S_320,51.04,17.13,2023-08-01,0.534,-0.5064,0.0892
S_320,51.04,17.13,2023-09-01,0.5507,-0.5299,0.1179
S_320,51.04,17.13,2023-10-01,0.502,-0.502,0.0479
S_320,51.04,17.13,2023-11-01,0.3553,-0.3656,0.0226
S_320,51.04,17.13,2023-12-01,0.36,-0.4041,-0.0101
S_320,51.04,17.13,2024-01-01,0.1412,-0.1739,0.5156
S_320,51.04,17.13,2024-02-01,0.3444,-0.5,-0.0861
S_320,51.04,17.13,2024-03-01,0.3534,-0.3769,0.0033
S_320,51.04,17.13,2024-04-01,0.4612,-0.4516,0.0956
S_320,51.04,17.13,2024-05-01,0.4807,-0.4797,0.0949
S_320,51.04,17.13,2024-06-01,0.4885,-0.4669,0.1101
S_320,51.04,17.13,2024-07-01,0.5358,-0.5146,0.1025
S_320,51.04,17.13,2024-08-01,0.5471,-0.5168,0.1149
S_320,51.04,17.13,2024-09-01,0.5156,-0.5141,0.0743
S_320,51.04,17.13,2024-10-01,0.464,-0.4889,0.0108
S_320,51.04,17.13,2024-11-01,0.4081,-0.4506,-0.0009
S_320,51.04,17.13,2024-12-01,0.3124,-0.3463,0.0531
S_320,51.04,17.13,2025-01-01,0.3471,-0.435,-0.0149
S_320,51.04,17.13,2025-02-01,0.3177,-0.3994,-0.0534
S_320,51.04,17.13,2025-03-01,0.3185,-0.3904,-0.068
S_320,51.04,17.13,2025-04-01,0.5411,-0.5154,0.1555
S_320,51.04,17.13,2025-05-01,0.5355,-0.5018,0.161
S_320,51.04,17.13,2025-06-01,0.5608,-0.5455,0.1775
S_320,51.04,17.13,2025-07-01,0.5215,-0.5158,0.1421
S_320,51.04,17.13,2025-08-01,0.5173,-0.5009,0.0967
S_320,51.04,17.13,2025-09-01,0.5065,-0.4998,0.071
S_320,51.04,17.13,2025-10-01,0.2516384422134036,-0.2387747028481182,0.1076913585688908
S_320,51.04,17.13,2025-11-01,0.4424,-0.4826,0.0294
S_320,51.04,17.13,2025-12-01,0.3927,-0.4672,-0.0015
S_320,51.04,17.13,2026-01-01,0.3289,-0.4226,-0.0119
S_320,51.04,17.13,2026-02-01,0.2885,-0.3838,-0.1161
S_320,51.04,17.13,2026-03-01,0.3053,-0.4031,-0.0923
S_321,51.06,17.13,2023-06-01,0.6683499999937399,-0.613824999994703,0.2870500000014521
S_321,51.06,17.13,2023-07-01,0.6052499999969789,-0.5702999999988037,0.1747750000229044
S_321,51.06,17.13,2023-08-01,0.6026249999797582,-0.5553499999844732,0.1149500000016393
S_321,51.06,17.13,2023-09-01,0.6236499999999068,-0.5812249999979232,0.1561500000104013
S_321,51.06,17.13,2023-10-01,0.5561749999837282,-0.5366749999879695,0.0710499999990387
S_321,51.06,17.13,2023-11-01,0.4310000000017556,-0.4202000000052702,0.0835249999972186
S_321,51.06,17.13,2023-12-01,0.4172999999934582,-0.4492249999959007,0.0067750000010475
S_321,51.06,17.13,2024-01-01,0.1879999999965377,-0.2190249999942088,0.4769750000072307
S_321,51.06,17.13,2024-02-01,0.379899999997455,-0.570225000002964,-0.0974250000026151
S_321,51.06,17.13,2024-03-01,0.4522322846376808,-0.4634821683440889,0.065122426815386
S_321,51.06,17.13,2024-04-01,0.5989749999878009,-0.5464499999905145,0.1795750000047917
S_321,51.06,17.13,2024-05-01,0.6249750000055432,-0.5772000000042331,0.2084750000127212
S_321,51.06,17.13,2024-06-01,0.6215750000067501,-0.5712250000053795,0.1911250000162159
S_321,51.06,17.13,2024-07-01,0.5691499999967179,-0.5371999999980872,0.092225000004853
S_321,51.06,17.13,2024-08-01,0.6000499999928482,-0.5514499999939441,0.1216749999993964
S_321,51.06,17.13,2024-09-01,0.4194999999446571,-0.4095999999561683,0.2432000000380774
S_321,51.06,17.13,2024-10-01,0.4915499999701815,-0.5068749999760231,0.0131499999904999
S_321,51.06,17.13,2024-11-01,0.3582999999817192,-0.3998749999843719,-0.0297500000077398
S_321,51.06,17.13,2024-12-01,0.3322749999878634,-0.3614249999882045,0.035899999996017
S_321,51.06,17.13,2025-01-01,0.3655249999895362,-0.453049999991219,-0.0309749999985615
S_321,51.06,17.13,2025-02-01,0.3257000000015439,-0.4066750000023422,-0.0655749999988038
S_321,51.06,17.13,2025-03-01,0.3199249999959955,-0.3940249999965179,-0.0969249999996184
S_321,51.06,17.13,2025-04-01,0.6233000000010338,-0.5647250000021222,0.1952750000037047
S_321,51.06,17.13,2025-05-01,0.610674999990517,-0.5489249999908481,0.2080000000025417
S_321,51.06,17.13,2025-06-01,0.671774999988824,-0.6229249999928985,0.2629500000051716
S_321,51.06,17.13,2025-07-01,0.6438499999942334,-0.6004249999959616,0.2302500000138206
S_321,51.06,17.13,2025-08-01,0.6105999999884052,-0.5631249999918984,0.1601999999961821
S_321,51.06,17.13,2025-09-01,0.5634249999890227,-0.5417249999925366,0.1008999999960614
S_321,51.06,17.13,2025-10-01,0.3156497873772277,-0.2929845671101188,0.1303373945436813
S_321,51.06,17.13,2025-11-01,0.4667749999955174,-0.5143999999968452,0.0327499999983879
S_321,51.06,17.13,2025-12-01,0.42512499998353,-0.4993999999777905,0.0093749999963739
S_321,51.06,17.13,2026-01-01,0.3478249999927958,-0.435324999989188,0.0282000000033884
S_321,51.06,17.13,2026-02-01,0.3079249999963215,-0.4054249999933449,-0.118549999995659
S_321,51.06,17.13,2026-03-01,0.3253999999981121,-0.4254749999964444,-0.0883499999991741
S_322,51.08,17.13,2023-06-01,0.7603,-0.6863,0.3564
S_322,51.08,17.13,2023-07-01,0.6814,-0.6342,0.2307
S_322,51.08,17.13,2023-08-01,0.6609,-0.6058,0.1432
S_322,51.08,17.13,2023-09-01,0.6804,-0.632,0.1838
S_322,51.08,17.13,2023-10-01,0.6441,-0.601,0.1305
S_322,51.08,17.13,2023-11-01,0.4864,-0.4673,0.121
S_322,51.08,17.13,2023-12-01,0.4633,-0.5093,0.0249
S_322,51.08,17.13,2024-01-01,0.2313,-0.2747,0.4719
S_322,51.08,17.13,2024-02-01,0.4323,-0.6477,-0.0903
S_322,51.08,17.13,2024-03-01,0.4444,-0.489,-0.0005
S_322,51.08,17.13,2024-04-01,0.6157,-0.5645,0.179
S_322,51.08,17.13,2024-05-01,0.682,-0.623,0.2369
S_322,51.08,17.13,2024-06-01,0.6618,-0.5988,0.2161
S_322,51.08,17.13,2024-07-01,0.6726,-0.6146,0.1545
S_322,51.08,17.13,2024-08-01,0.6868,-0.6229,0.17
S_322,51.08,17.13,2024-09-01,0.4643,-0.4471,0.2629
S_322,51.08,17.13,2024-10-01,0.5204,-0.5478,0.0101
S_322,51.08,17.13,2024-11-01,0.2817,-0.3305,-0.0453
S_322,51.08,17.13,2024-12-01,0.3886,-0.4194,0.0789
S_322,51.08,17.13,2025-01-01,0.4278,-0.514,0.0006
S_322,51.08,17.13,2025-02-01,0.3672,-0.4526,-0.0639
S_322,51.08,17.13,2025-03-01,0.3667,-0.4458,-0.095
S_322,51.08,17.13,2025-04-01,0.6981,-0.6282,0.2397
S_322,51.08,17.13,2025-05-01,0.6874,-0.6119,0.2534
S_322,51.08,17.13,2025-06-01,0.7483,-0.6906,0.323
S_322,51.08,17.13,2025-07-01,0.709,-0.6563,0.2805
S_322,51.08,17.13,2025-08-01,0.6943,-0.6348,0.2026
S_322,51.08,17.13,2025-09-01,0.6148,-0.5941,0.1315
S_322,51.08,17.13,2025-10-01,0.4092292430686681,-0.3706439814504985,0.1569063575002714
S_322,51.08,17.13,2025-11-01,0.4946,-0.5641,0.0366
S_322,51.08,17.13,2025-12-01,0.4792,-0.5646,0.0558
S_322,51.08,17.13,2026-01-01,0.3877,-0.4762,0.0579
S_322,51.08,17.13,2026-02-01,0.3457,-0.4542,-0.1135
S_322,51.08,17.13,2026-03-01,0.3674,-0.4796,-0.0721
S_323,51.1,17.13,2023-06-01,0.6868500000264539,-0.6294750000229106,0.2866500000192385
S_323,51.1,17.13,2023-07-01,0.6554250000354352,-0.6116000000306338,0.2139000000232189
S_323,51.1,17.13,2023-08-01,0.6456500000080981,-0.5904250000098934,0.1559499999981549
S_323,51.1,17.13,2023-09-01,0.657025000011079,-0.6111500000097363,0.1885000000024622
S_323,51.1,17.13,2023-10-01,0.6200750000162489,-0.5814000000137216,0.1372500000030689
S_323,51.1,17.13,2023-11-01,0.479100000039302,-0.4818750000310737,0.1052500000056223
S_323,51.1,17.13,2023-12-01,0.4033000000084153,-0.4385750000093538,-0.0117499999933173
S_323,51.1,17.13,2024-01-01,0.2224500000068847,-0.257825000010484,0.374475000027457
S_323,51.1,17.13,2024-02-01,0.4131750000096991,-0.6071750000277689,-0.0942750000040801
S_323,51.1,17.13,2024-03-01,0.382534490727007,-0.4133794173061368,-0.0148455844113959
S_323,51.1,17.13,2024-04-01,0.5527750000148188,-0.5026000000119253,0.160875000003024
S_323,51.1,17.13,2024-05-01,0.6384750000314849,-0.5874250000264962,0.202925000020053
S_323,51.1,17.13,2024-06-01,0.6214630045246775,-0.5575015385863699,0.2377851120763975
S_323,51.1,17.13,2024-07-01,0.6346250000179331,-0.586600000014077,0.1428250000081725
S_323,51.1,17.13,2024-08-01,0.6505250000273983,-0.5954500000220142,0.1656250000099492
S_323,51.1,17.13,2024-09-01,0.5499249999874465,-0.5261499999860547,0.2313750000010883
S_323,51.1,17.13,2024-10-01,0.5298500000072812,-0.5472500000105308,0.0440249999848366
S_323,51.1,17.13,2024-11-01,0.3601499999996502,-0.3786500000082731,0.027349999994708
S_323,51.1,17.13,2024-12-01,0.3497750000103722,-0.3733250000135569,0.0460250000114129
S_323,51.1,17.13,2025-01-01,0.3899500000157179,-0.4694500000203285,-0.0109999999960821
S_323,51.1,17.13,2025-02-01,0.3428250000083803,-0.4146500000152255,-0.0456000000039483
S_323,51.1,17.13,2025-03-01,0.3454500000144732,-0.4121000000220415,-0.0797750000137426
S_323,51.1,17.13,2025-04-01,0.6528250000157717,-0.5852750000172859,0.21140000000664
S_323,51.1,17.13,2025-05-01,0.6447000000078036,-0.5738500000114265,0.2240750000007516
S_323,51.1,17.13,2025-06-01,0.6983500000267017,-0.6485000000226102,0.2726500000221802
S_323,51.1,17.13,2025-07-01,0.6642500000219179,-0.6160000000215523,0.2376750000141309
S_323,51.1,17.13,2025-08-01,0.6542750000332773,-0.6020250000274087,0.1941000000145044
S_323,51.1,17.13,2025-09-01,0.624475000008387,-0.5894750000116439,0.1603249999930232
S_323,51.1,17.13,2025-10-01,0.4543063541161259,-0.4009095085225518,0.1710213168250479
S_323,51.1,17.13,2025-11-01,0.4896000000034228,-0.5419500000074284,0.0449749999946069
S_323,51.1,17.13,2025-12-01,0.4448250000067262,-0.5198250000101478,0.0255000000098621
S_323,51.1,17.13,2026-01-01,0.369100000013841,-0.4562500000159989,0.0276500000046945
S_323,51.1,17.13,2026-02-01,0.3245000000111666,-0.4228250000160836,-0.1084750000076304
S_323,51.1,17.13,2026-03-01,0.3463250000156732,-0.4460500000204491,-0.0781999999992371
S_324,51.12,17.13,2023-06-01,0.6222,-0.587,0.2266
S_324,51.12,17.13,2023-07-01,0.6264,-0.595,0.1837
S_324,51.12,17.13,2023-08-01,0.6205,-0.5719,0.1428
S_324,51.12,17.13,2023-09-01,0.6322,-0.5923,0.163
S_324,51.12,17.13,2023-10-01,0.6065,-0.5684,0.1189
S_324,51.12,17.13,2023-11-01,0.5041,-0.5136,0.0631
S_324,51.12,17.13,2023-12-01,0.3509,-0.3801,-0.0179
S_324,51.12,17.13,2024-01-01,0.1908,-0.2293,0.3725
S_324,51.12,17.13,2024-02-01,0.3466,-0.5084,-0.1199
S_324,51.12,17.13,2024-03-01,0.3461,-0.375,-0.03
S_324,51.12,17.13,2024-04-01,0.4458,-0.4077,0.1192
S_324,51.12,17.13,2024-05-01,0.5944,-0.5577,0.167
S_324,51.12,17.13,2024-06-01,0.5052223697576499,-0.4579605041289576,0.2153700969656881
S_324,51.12,17.13,2024-07-01,0.6169,-0.5747,0.132
S_324,51.12,17.13,2024-08-01,0.6374,-0.5856,0.1641
S_324,51.12,17.13,2024-09-01,0.6173,-0.5839,0.1509
S_324,51.12,17.13,2024-10-01,0.5407,-0.5492,0.0472
S_324,51.12,17.13,2024-11-01,0.4253,-0.4207,0.1159
S_324,51.12,17.13,2024-12-01,0.3192,-0.3507,0.0592
S_324,51.12,17.13,2025-01-01,0.3441,-0.4278,-0.0064
S_324,51.12,17.13,2025-02-01,0.3133,-0.3863,-0.0205
S_324,51.12,17.13,2025-03-01,0.3194,-0.3892,-0.0731
S_324,51.12,17.13,2025-04-01,0.6095,-0.5632,0.178
S_324,51.12,17.13,2025-05-01,0.6027,-0.55,0.19
S_324,51.12,17.13,2025-06-01,0.6691,-0.6245,0.2392
S_324,51.12,17.13,2025-07-01,0.6321,-0.5944,0.2029
S_324,51.12,17.13,2025-08-01,0.6458,-0.596,0.1907
S_324,51.12,17.13,2025-09-01,0.6152,-0.5805,0.1481
S_324,51.12,17.13,2025-10-01,0.4403872582946266,-0.3928385822288584,0.157768315340453
S_324,51.12,17.13,2025-11-01,0.4789,-0.5265,0.0292
S_324,51.12,17.13,2025-12-01,0.3971,-0.4771,0.0208
S_324,51.12,17.13,2026-01-01,0.3367,-0.4385,-0.0026
S_324,51.12,17.13,2026-02-01,0.2742,-0.3744,-0.1139
S_324,51.12,17.13,2026-03-01,0.2949,-0.3952,-0.0799
S_325,51.14,17.13,2023-06-01,0.5797489203431546,-0.5489399928289382,0.2104240149650393
S_325,51.14,17.13,2023-07-01,0.5521782777811951,-0.534518110985615,0.1477708586093718
S_325,51.14,17.13,2023-08-01,0.545323397055587,-0.5103705696160036,0.1090250017223053
S_325,51.14,17.13,2023-09-01,0.5939623728762679,-0.5589578809038053,0.1598815435716547
S_325,51.14,17.13,2023-10-01,0.5255776763780226,-0.4996333112971203,0.0992677786400625
S_325,51.14,17.13,2023-11-01,0.4797856171432889,-0.4866261480862412,0.0719929331260488
S_325,51.14,17.13,2023-12-01,0.3682536449031464,-0.3891183036729568,0.0010153200343479
S_325,51.14,17.13,2024-01-01,0.2120821683557159,-0.2470257393606475,0.3638512392821706
S_325,51.14,17.13,2024-02-01,0.3588327264234183,-0.4976677951645846,-0.0754332879139969
S_325,51.14,17.13,2024-03-01,0.3764899061606651,-0.3933407683587707,-0.0033404545593968
S_325,51.14,17.13,2024-04-01,0.4704432420892651,-0.4379993022619546,0.1284478703034714
S_325,51.14,17.13,2024-05-01,0.5502197954838339,-0.518930503822731,0.1524461293871915
S_325,51.14,17.13,2024-06-01,0.4084320597317624,-0.3802475359541902,0.1540717820763623
S_325,51.14,17.13,2024-07-01,0.5627972489440646,-0.5348943451263469,0.1085907999972883
S_325,51.14,17.13,2024-08-01,0.578447830402267,-0.5416992059262907,0.1331525549532269
S_325,51.14,17.13,2024-09-01,0.5825206225928615,-0.5566712040452398,0.1357115987490743
S_325,51.14,17.13,2024-10-01,0.5050892186925032,-0.5092579441814706,0.0582372982023784
S_325,51.14,17.13,2024-11-01,0.423767144192571,-0.4328287628969992,0.0631774039034974
S_325,51.14,17.13,2024-12-01,0.3475311781818237,-0.3638731610330967,0.0724744202680369
S_325,51.14,17.13,2025-01-01,0.3587565886180973,-0.4253484551786912,0.0041473886189419
S_325,51.14,17.13,2025-02-01,0.3313382849620022,-0.3950712439635658,-0.0157924280578062
S_325,51.14,17.13,2025-03-01,0.3360425842557188,-0.3938785833186256,-0.0507001926706728
S_325,51.14,17.13,2025-04-01,0.5793521695996954,-0.537918087604795,0.1684219217465685
S_325,51.14,17.13,2025-05-01,0.597084390959279,-0.5432942088858506,0.1954748455186476
S_325,51.14,17.13,2025-06-01,0.5829423750467635,-0.5570596286736897,0.1808319158146349
S_325,51.14,17.13,2025-07-01,0.5448553293885023,-0.5252422388190954,0.1505396804385479
S_325,51.14,17.13,2025-08-01,0.574851398903638,-0.5366345705335839,0.1491260283684952
S_325,51.14,17.13,2025-09-01,0.566241252066439,-0.535315167265067,0.1401268224473256
S_325,51.14,17.13,2025-10-01,0.4068098014144536,-0.3779967271245082,0.1225413599702093
S_325,51.14,17.13,2025-11-01,0.4556905742792548,-0.4924895476240261,0.0445743239263514
S_325,51.14,17.13,2025-12-01,0.4129948102867256,-0.4800936872934908,0.032235670146947
S_325,51.14,17.13,2026-01-01,0.3499770915025023,-0.4380083660141047,0.0059976177715042
S_325,51.14,17.13,2026-02-01,0.2822682837115089,-0.3721652436484965,-0.1079500763825567
S_325,51.14,17.13,2026-03-01,0.3171651239327751,-0.4092986444299069,-0.0737215529215602
S_326,51.16,17.13,2023-06-01,0.5559,-0.5326,0.1988
S_326,51.16,17.13,2023-07-01,0.5292,-0.5179,0.1437
S_326,51.16,17.13,2023-08-01,0.5096,-0.4905,0.0959
S_326,51.16,17.13,2023-09-01,0.5402,-0.5183,0.1418
S_326,51.16,17.13,2023-10-01,0.5137,-0.4864,0.1251
S_326,51.16,17.13,2023-11-01,0.4898,-0.4904,0.0933
S_326,51.16,17.13,2023-12-01,0.3799,-0.3872,0.0166
S_326,51.16,17.13,2024-01-01,0.2248,-0.2532,0.3531
S_326,51.16,17.13,2024-02-01,0.3654,-0.431,-0.0118
S_326,51.16,17.13,2024-03-01,0.340769734611378,-0.3281863150439253,0.0141548847543207
S_326,51.16,17.13,2024-04-01,0.5,-0.4641,0.1373
S_326,51.16,17.13,2024-05-01,0.5197,-0.4963,0.1378
S_326,51.16,17.13,2024-06-01,0.4477,-0.4224,0.1264
S_326,51.16,17.13,2024-07-01,0.5149,-0.4965,0.086
S_326,51.16,17.13,2024-08-01,0.5362,-0.5075,0.1132
S_326,51.16,17.13,2024-09-01,0.5334,-0.521,0.1201
S_326,51.16,17.13,2024-10-01,0.4808,-0.4877,0.0597
S_326,51.16,17.13,2024-11-01,0.4345,-0.4518,0.0345
S_326,51.16,17.13,2024-12-01,0.3292,-0.3326,0.071
S_326,51.16,17.13,2025-01-01,0.373,-0.4239,0.0122
S_326,51.16,17.13,2025-02-01,0.3244,-0.3784,-0.0148
S_326,51.16,17.13,2025-03-01,0.3348,-0.3823,-0.0318
S_326,51.16,17.13,2025-04-01,0.553,-0.513,0.1753
S_326,51.16,17.13,2025-05-01,0.5977,-0.5332,0.2307
S_326,51.16,17.13,2025-06-01,0.5276,-0.5205,0.1448
S_326,51.16,17.13,2025-07-01,0.4872,-0.4893,0.1144
S_326,51.16,17.13,2025-08-01,0.5424,-0.513,0.1313
S_326,51.16,17.13,2025-09-01,0.5463,-0.518,0.1431
S_326,51.16,17.13,2025-10-01,0.4223,-0.3911,0.1304
S_326,51.16,17.13,2025-11-01,0.4556,-0.4825,0.0596
S_326,51.16,17.13,2025-12-01,0.4149,-0.4629,0.0341
S_326,51.16,17.13,2026-01-01,0.3463,-0.4198,0.0126
S_326,51.16,17.13,2026-02-01,0.3019,-0.3809,-0.0934
S_326,51.16,17.13,2026-03-01,0.3187,-0.3997,-0.0675
S_327,51.18,17.13,2023-06-01,0.6000471491886981,-0.56841713390741,0.2645498603320753
S_327,51.18,17.13,2023-07-01,0.5660349558906967,-0.5572966310262957,0.1932379959546568
S_327,51.18,17.13,2023-08-01,0.5272673368542357,-0.5109621636734353,0.1029380193146637
S_327,51.18,17.13,2023-09-01,0.5940163233269219,-0.5549925244092653,0.1858316997959893
S_327,51.18,17.13,2023-10-01,0.4710776131006634,-0.4510178151251022,0.1092952355482554
S_327,51.18,17.13,2023-11-01,0.5338659579431303,-0.5330875108570707,0.1054857300332068
S_327,51.18,17.13,2023-12-01,0.4076727123965821,-0.422724649418611,0.0495610737366349
S_327,51.18,17.13,2024-01-01,0.2689019335925619,-0.3107889393593622,0.2677698718666614
S_327,51.18,17.13,2024-02-01,0.3469479666462304,-0.3944985081906422,0.0064175825422818
S_327,51.18,17.13,2024-03-01,0.3201277846067622,-0.3108745883350813,0.0120053570064419
S_327,51.18,17.13,2024-04-01,0.4632021661771706,-0.4481377399868091,0.1220590603326705
S_327,51.18,17.13,2024-05-01,0.5172849524579298,-0.498132125019492,0.1566164196450659
S_327,51.18,17.13,2024-06-01,0.549448720820537,-0.4938319323514393,0.2178112863719742
S_327,51.18,17.13,2024-07-01,0.5789768988347835,-0.5493308093568752,0.1376875108370386
S_327,51.18,17.13,2024-08-01,0.5883207588568887,-0.5460422154360419,0.1554880324339063
S_327,51.18,17.13,2024-09-01,0.5304584589326546,-0.5264050135640946,0.0969751909682998
S_327,51.18,17.13,2024-10-01,0.4734467638482679,-0.4909446540982408,0.0348454481779162
S_327,51.18,17.13,2024-11-01,0.4354583859757004,-0.4654287959505723,0.0423185128578614
S_327,51.18,17.13,2024-12-01,0.3573501561951947,-0.3649791448147823,0.086825234289118
S_327,51.18,17.13,2025-01-01,0.401914117228612,-0.4546370257243323,0.0514717655530863
S_327,51.18,17.13,2025-02-01,0.357393551054348,-0.4162230048345087,-0.0020165957916448
S_327,51.18,17.13,2025-03-01,0.3499887700712487,-0.3965221543268015,-0.0357289487126824
S_327,51.18,17.13,2025-04-01,0.5802423516765722,-0.5365153764568679,0.201007980665594
S_327,51.18,17.13,2025-05-01,0.5963290849581705,-0.5425928533098363,0.227197697579271
S_327,51.18,17.13,2025-06-01,0.6333887466816823,-0.6027805169088549,0.2604747656979577
S_327,51.18,17.13,2025-07-01,0.5634599906557826,-0.5505665359373202,0.2116749982944387
S_327,51.18,17.13,2025-08-01,0.5655711077232861,-0.5452658781021033,0.1461015881596786
S_327,51.18,17.13,2025-09-01,0.5534293973615223,-0.5363244003187289,0.1357467872300102
S_327,51.18,17.13,2025-10-01,0.429654126594727,-0.4173728321238147,0.1187779255015057
S_327,51.18,17.13,2025-11-01,0.4749599906491472,-0.5039092165269421,0.0721887865916364
S_327,51.18,17.13,2025-12-01,0.4319044355398778,-0.48832112766997,0.0592108844834657
S_327,51.18,17.13,2026-01-01,0.3562197321892872,-0.4340033689787386,0.0409626453674103
S_327,51.18,17.13,2026-02-01,0.3150309056901702,-0.402048062977746,-0.0763011628991534
S_327,51.18,17.13,2026-03-01,0.3290072430261442,-0.4164470762299854,-0.0659257159852723
S_328,51.2,17.13,2023-06-01,0.5802,-0.5638,0.276
S_328,51.2,17.13,2023-07-01,0.5505,-0.569,0.1839
S_328,51.2,17.13,2023-08-01,0.5068,-0.5074,0.0717
S_328,51.2,17.13,2023-09-01,0.5559,-0.5352,0.1186
S_328,51.2,17.13,2023-10-01,0.3288,-0.3437,0.0105
S_328,51.2,17.13,2023-11-01,0.4776,-0.5053,0.0491
S_328,51.2,17.13,2023-12-01,0.4064,-0.4346,0.0529
S_328,51.2,17.13,2024-01-01,0.2803,-0.3389,0.1996
S_328,51.2,17.13,2024-02-01,0.3105,-0.3395,0.0066
S_328,51.2,17.13,2024-03-01,0.3403,-0.3822,-0.0293
S_328,51.2,17.13,2024-04-01,0.4112,-0.4215,0.0791
S_328,51.2,17.13,2024-05-01,0.4758,-0.4863,0.1391
S_328,51.2,17.13,2024-06-01,0.5811,-0.5262,0.2174
S_328,51.2,17.13,2024-07-01,0.5835,-0.5717,0.1369
S_328,51.2,17.13,2024-08-01,0.5895,-0.5667,0.1512
S_328,51.2,17.13,2024-09-01,0.4683,-0.5045,0.0299
S_328,51.2,17.13,2024-10-01,0.4079,-0.4623,-0.017
S_328,51.2,17.13,2024-11-01,0.4259,-0.4688,0.0648
S_328,51.2,17.13,2024-12-01,0.384,-0.399,0.1367
S_328,51.2,17.13,2025-01-01,0.4086,-0.4606,0.0924
S_328,51.2,17.13,2025-02-01,0.3654,-0.4282,0.0166
S_328,51.2,17.13,2025-03-01,0.397,-0.4351,0.0175
S_328,51.2,17.13,2025-04-01,0.6077,-0.5842,0.2728
S_328,51.2,17.13,2025-05-01,0.5827,-0.5581,0.2654
S_328,51.2,17.13,2025-06-01,0.6895,-0.647,0.331
S_328,51.2,17.13,2025-07-01,0.5663,-0.5664,0.2625
S_328,51.2,17.13,2025-08-01,0.5288,-0.5372,0.0993
S_328,51.2,17.13,2025-09-01,0.5196,-0.5252,0.0874
S_328,51.2,17.13,2025-10-01,0.4017,-0.4074,0.0804
S_328,51.2,17.13,2025-11-01,0.471,-0.5035,0.095
S_328,51.2,17.13,2025-12-01,0.4778,-0.5181,0.1535
S_328,51.2,17.13,2026-01-01,0.3745,-0.454,0.0373
S_328,51.2,17.13,2026-02-01,0.3144,-0.4052,-0.0556
S_328,51.2,17.13,2026-03-01,0.331,-0.4194,-0.0415
S_329,51.22,17.13,2023-06-01,0.6244000000090171,-0.6017750000071349,0.2917750000074974
S_329,51.22,17.13,2023-07-01,0.5688250000060298,-0.5836000000043688,0.1871500000042784
S_329,51.22,17.13,2023-08-01,0.4997749999987113,-0.5123999999994295,0.0520499999984084
S_329,51.22,17.13,2023-09-01,0.5419999999930379,-0.5353999999965698,0.1050249999953225
S_329,51.22,17.13,2023-10-01,0.3888499999959574,-0.3813249999909692,0.061125000005841
S_329,51.22,17.13,2023-11-01,0.5346499999983636,-0.544200000001606,0.1012750000018411
S_329,51.22,17.13,2023-12-01,0.4341500000060281,-0.4463250000078664,0.0892500000122996
S_329,51.22,17.13,2024-01-01,0.3104500000008907,-0.3701500000020543,0.1663500000038743
S_329,51.22,17.13,2024-02-01,0.3553750000050009,-0.3992000000073922,0.0141250000060395
S_329,51.22,17.13,2024-03-01,0.4144374509878876,-0.3982848561159409,0.0896277693231058
S_329,51.22,17.13,2024-04-01,0.4773500000092613,-0.4677250000072662,0.1234500000063576
S_329,51.22,17.13,2024-05-01,0.5400999999999,-0.5291999999997214,0.1821999999989825
S_329,51.22,17.13,2024-06-01,0.6274749999958859,-0.5720000000003544,0.2600249999877298
S_329,51.22,17.13,2024-07-01,0.5907749999839473,-0.5791999999896077,0.141549999988169
S_329,51.22,17.13,2024-08-01,0.5987499999907615,-0.5771499999949916,0.1531999999908544
S_329,51.22,17.13,2024-09-01,0.5178499999846797,-0.53584999999048,0.0700999999878109
S_329,51.22,17.13,2024-10-01,0.4310999999926345,-0.4775999999955043,-0.0067500000042802
S_329,51.22,17.13,2024-11-01,0.4502000000054409,-0.480550000006069,0.0593749999989909
S_329,51.22,17.13,2024-12-01,0.4071000000081783,-0.4156750000064609,0.1095750000039406
S_329,51.22,17.13,2025-01-01,0.4191750000073113,-0.4717000000036087,0.0745500000123131
S_329,51.22,17.13,2025-02-01,0.378325000005471,-0.4423500000042837,0.0017000000067549
S_329,51.22,17.13,2025-03-01,0.4060750000159941,-0.4441250000101284,-0.0002999999856563
S_329,51.22,17.13,2025-04-01,0.6406750000130629,-0.6073750000103639,0.2638250000162864
S_329,51.22,17.13,2025-05-01,0.6213250000192044,-0.5860250000154724,0.2599500000190796
S_329,51.22,17.13,2025-06-01,0.6733000000006253,-0.6431000000011234,0.2869000000010633
S_329,51.22,17.13,2025-07-01,0.5857999999945771,-0.580374999996217,0.2415250000023958
S_329,51.22,17.13,2025-08-01,0.5398249999758623,-0.5550749999836722,0.1029249999759019
S_329,51.22,17.13,2025-09-01,0.5571749999886688,-0.550224999989546,0.1161749999905029
S_329,51.22,17.13,2025-10-01,0.4139250000070346,-0.4152750000078135,0.0943000000002601
S_329,51.22,17.13,2025-11-01,0.4938000000169788,-0.5246750000096881,0.0808250000249155
S_329,51.22,17.13,2025-12-01,0.4622500000215296,-0.5087000000126459,0.1219000000258164
S_329,51.22,17.13,2026-01-01,0.3564000000120484,-0.4384000000081596,0.0456750000049952
S_329,51.22,17.13,2026-02-01,0.31402500000321,-0.4114500000022124,-0.0682749999838097
S_329,51.22,17.13,2026-03-01,0.3315250000035397,-0.4286750000032407,-0.0536999999908174
S_330,51.24,17.13,2023-06-01,0.627,-0.6084,0.2933
S_330,51.24,17.13,2023-07-01,0.5715,-0.5881,0.1848
S_330,51.24,17.13,2023-08-01,0.4753,-0.4977,0.0217
S_330,51.24,17.13,2023-09-01,0.5124,-0.5171,0.0736
S_330,51.24,17.13,2023-10-01,0.4416,-0.4118,0.1056
S_330,51.24,17.13,2023-11-01,0.4939,-0.5233,0.0774
S_330,51.24,17.13,2023-12-01,0.4104,-0.4339,0.0813
S_330,51.24,17.13,2024-01-01,0.306,-0.373,0.1182
S_330,51.24,17.13,2024-02-01,0.3701,-0.4256,0.0064
S_330,51.24,17.13,2024-03-01,0.3484,-0.3172,0.1105
S_330,51.24,17.13,2024-04-01,0.5298,-0.5034,0.1761
S_330,51.24,17.13,2024-05-01,0.5688,-0.5496,0.2113
S_330,51.24,17.13,2024-06-01,0.6145,-0.5712,0.2221
S_330,51.24,17.13,2024-07-01,0.5226,-0.5359,0.0883
S_330,51.24,17.13,2024-08-01,0.536,-0.5374,0.0995
S_330,51.24,17.13,2024-09-01,0.5079,-0.5274,0.068
S_330,51.24,17.13,2024-10-01,0.367,-0.4332,-0.0361
S_330,51.24,17.13,2024-11-01,0.4207,-0.4615,0.0383
S_330,51.24,17.13,2024-12-01,0.4076,-0.4172,0.0959
S_330,51.24,17.13,2025-01-01,0.4112,-0.4598,0.0908
S_330,51.24,17.13,2025-02-01,0.3837,-0.4472,0.0144
S_330,51.24,17.13,2025-03-01,0.4321,-0.4566,0.0265
S_330,51.24,17.13,2025-04-01,0.6567,-0.6249,0.2904
S_330,51.24,17.13,2025-05-01,0.637,-0.6026,0.2797
S_330,51.24,17.13,2025-06-01,0.6339,-0.6184,0.2493
S_330,51.24,17.13,2025-07-01,0.5448,-0.5572,0.2079
S_330,51.24,17.13,2025-08-01,0.4783,-0.513,0.0413
S_330,51.24,17.13,2025-09-01,0.5162,-0.5182,0.0838
S_330,51.24,17.13,2025-10-01,0.3969,-0.4054,0.0832
S_330,51.24,17.13,2025-11-01,0.4917,-0.5214,0.0869
S_330,51.24,17.13,2025-12-01,0.4542,-0.4919,0.1345
S_330,51.24,17.13,2026-01-01,0.3431,-0.4203,0.0549
S_330,51.24,17.13,2026-02-01,0.3081,-0.4083,-0.0409
S_330,51.24,17.13,2026-03-01,0.3265,-0.4258,-0.0313
S_331,50.96,17.15,2023-06-01,0.8509,-0.7689,0.6125
S_331,50.96,17.15,2023-07-01,0.4575,-0.5068,0.2141
S_331,50.96,17.15,2023-08-01,0.3319,-0.4116,-0.2025
S_331,50.96,17.15,2023-09-01,0.5145,-0.5134,-0.033
S_331,50.96,17.15,2023-10-01,0.3883,-0.4498,-0.1689
S_331,50.96,17.15,2023-11-01,0.4056,-0.4105,-0.0157
S_331,50.96,17.15,2023-12-01,0.5828,-0.549,0.0801
S_331,50.96,17.15,2024-01-01,0.2427,-0.2499,0.5826
S_331,50.96,17.15,2024-02-01,0.4480476665456381,-0.5872467240168463,-0.0590927664982388
S_331,50.96,17.15,2024-03-01,0.6632,-0.6191,0.144
S_331,50.96,17.15,2024-04-01,0.6732,-0.64,0.219
S_331,50.96,17.15,2024-05-01,0.5893,-0.6061,0.1951
S_331,50.96,17.15,2024-06-01,0.5936,-0.5883,0.1437
S_331,50.96,17.15,2024-07-01,0.5077,-0.5447,0.0359
S_331,50.96,17.15,2024-08-01,0.5817,-0.5789,0.0729
S_331,50.96,17.15,2024-09-01,0.7064,-0.662,0.2413
S_331,50.96,17.15,2024-10-01,0.4753,-0.5566,-0.0073
S_331,50.96,17.15,2024-11-01,0.5214,-0.5564,0.0759
S_331,50.96,17.15,2024-12-01,0.3986,-0.3657,0.1339
S_331,50.96,17.15,2025-01-01,0.4945,-0.5596,0.0321
S_331,50.96,17.15,2025-02-01,0.3957,-0.4832,-0.1391
S_331,50.96,17.15,2025-03-01,0.4025,-0.4794,-0.1505
S_331,50.96,17.15,2025-04-01,0.4581,-0.519,-0.0542
S_331,50.96,17.15,2025-05-01,0.4297,-0.4854,-0.0721
S_331,50.96,17.15,2025-06-01,0.8111,-0.7458,0.318
S_331,50.96,17.15,2025-07-01,0.7687,-0.7145,0.3138
S_331,50.96,17.15,2025-08-01,0.7365,-0.7,0.2808
S_331,50.96,17.15,2025-09-01,0.448,-0.5142,-0.0217
S_331,50.96,17.15,2025-10-01,0.2512,-0.271,-0.0451
S_331,50.96,17.15,2025-11-01,0.3004,-0.4362,-0.1696
S_331,50.96,17.15,2025-12-01,0.3908,-0.5056,-0.1236
S_331,50.96,17.15,2026-01-01,0.3352,-0.458,-0.1034
S_331,50.96,17.15,2026-02-01,0.3138,-0.4311,-0.2407
S_331,50.96,17.15,2026-03-01,0.3295,-0.4463,-0.2317
S_332,50.98,17.15,2023-06-01,0.7557837564887305,-0.698370626019745,0.446858352889206
S_332,50.98,17.15,2023-07-01,0.5135704265226603,-0.5516192271353783,0.1924997275324
S_332,50.98,17.15,2023-08-01,0.4646398497281126,-0.497069110837203,-0.0472922188557803
S_332,50.98,17.15,2023-09-01,0.5331844308501476,-0.5419829390431891,0.0219346434756083
S_332,50.98,17.15,2023-10-01,0.4510671937709865,-0.501014173656739,-0.0909436507997816
S_332,50.98,17.15,2023-11-01,0.3789394698139907,-0.4066500866574412,-0.0098244732706946
S_332,50.98,17.15,2023-12-01,0.4958510465971854,-0.5013775566563392,0.0575992059227978
S_332,50.98,17.15,2024-01-01,0.2070245929842207,-0.2245178151212122,0.5631577845634603
S_332,50.98,17.15,2024-02-01,0.4410627221910028,-0.5715304166893777,-0.0476111590390209
S_332,50.98,17.15,2024-03-01,0.5154409231327137,-0.5055068576663608,0.0527127285984794
S_332,50.98,17.15,2024-04-01,0.6037992059271211,-0.5881782144992994,0.1669359990701155
S_332,50.98,17.15,2024-05-01,0.6166930060995192,-0.6013177752226638,0.2200363445271413
S_332,50.98,17.15,2024-06-01,0.6198626619153482,-0.5864694796735347,0.1882989500063456
S_332,50.98,17.15,2024-07-01,0.48255360495343,-0.5248570702799502,0.0123025982506318
S_332,50.98,17.15,2024-08-01,0.520844348519662,-0.5375589873469583,0.0221808127467808
S_332,50.98,17.15,2024-09-01,0.5361138281909973,-0.5561528673253632,0.0427305602225624
S_332,50.98,17.15,2024-10-01,0.4387321484014075,-0.5068710512843635,-0.065202863907119
S_332,50.98,17.15,2024-11-01,0.5222500199454518,-0.5424093926691302,0.0348124327539586
S_332,50.98,17.15,2024-12-01,0.4269733537044061,-0.4128674662591509,0.1445065452890184
S_332,50.98,17.15,2025-01-01,0.504435341223223,-0.5545683002283519,0.0590184729709996
S_332,50.98,17.15,2025-02-01,0.4442411488642718,-0.5090108046739168,-0.063759123613734
S_332,50.98,17.15,2025-03-01,0.4634001926672182,-0.5119360953985813,-0.0574039139464358
S_332,50.98,17.15,2025-04-01,0.5961248819736258,-0.5942096816683177,0.16248090224409
S_332,50.98,17.15,2025-05-01,0.5762489134855139,-0.5711211840961943,0.1573286363481008
S_332,50.98,17.15,2025-06-01,0.7170553459041625,-0.6791416938386952,0.3187993985919002
S_332,50.98,17.15,2025-07-01,0.6288281780265035,-0.6220966709314688,0.2632462821487616
S_332,50.98,17.15,2025-08-01,0.5432521131779632,-0.5633914812169513,0.0855624926014329
S_332,50.98,17.15,2025-09-01,0.4634118313275183,-0.5062589075573287,-0.0406847597862733
S_332,50.98,17.15,2025-10-01,0.285381832593462,-0.2764051298563866,0.0443764068903181
S_332,50.98,17.15,2025-11-01,0.4163375074057348,-0.4905195959477826,-0.079932437412994
S_332,50.98,17.15,2025-12-01,0.447234932502967,-0.524200986751859,-0.0412358462929187
S_332,50.98,17.15,2026-01-01,0.3765673300139687,-0.4743543756853262,-0.0431422553319628
S_332,50.98,17.15,2026-02-01,0.3416983719544744,-0.4428780782621456,-0.1861655326309985
S_332,50.98,17.15,2026-03-01,0.3574251145878802,-0.4583838294685497,-0.1745940960005552
S_333,51.0,17.15,2023-06-01,0.6848,-0.6505,0.3354
S_333,51.0,17.15,2023-07-01,0.5645,-0.5839,0.2047
S_333,51.0,17.15,2023-08-01,0.4919,-0.5173,0.0003
S_333,51.0,17.15,2023-09-01,0.5053,-0.535,0.0076
S_333,51.0,17.15,2023-10-01,0.4715,-0.5147,-0.0359
S_333,51.0,17.15,2023-11-01,0.4036,-0.4366,0.0103
S_333,51.0,17.15,2023-12-01,0.4483,-0.4723,0.0483
S_333,51.0,17.15,2024-01-01,0.1924,-0.2135,0.55
S_333,51.0,17.15,2024-02-01,0.4325958273942111,-0.5659926691593691,-0.0517890080991059
S_333,51.0,17.15,2024-03-01,0.4931,-0.4668,0.1212
S_333,51.0,17.15,2024-04-01,0.5746,-0.5638,0.1581
S_333,51.0,17.15,2024-05-01,0.6416,-0.6077,0.2529
S_333,51.0,17.15,2024-06-01,0.6515,-0.5999,0.2376
S_333,51.0,17.15,2024-07-01,0.4297,-0.4868,-0.0334
S_333,51.0,17.15,2024-08-01,0.4589,-0.4946,-0.0291
S_333,51.0,17.15,2024-09-01,0.4454,-0.4976,-0.046
S_333,51.0,17.15,2024-10-01,0.4753,-0.5165,-0.0155
S_333,51.0,17.15,2024-11-01,0.5157,-0.5388,0.0626
S_333,51.0,17.15,2024-12-01,0.4293,-0.4349,0.1677
S_333,51.0,17.15,2025-01-01,0.4918,-0.5435,0.1056
S_333,51.0,17.15,2025-02-01,0.4472,-0.5087,0.0011
S_333,51.0,17.15,2025-03-01,0.4679,-0.5131,0.0041
S_333,51.0,17.15,2025-04-01,0.6139,-0.5936,0.2492
S_333,51.0,17.15,2025-05-01,0.5968,-0.5733,0.2448
S_333,51.0,17.15,2025-06-01,0.6433,-0.6297,0.291
S_333,51.0,17.15,2025-07-01,0.5516,-0.5748,0.2101
S_333,51.0,17.15,2025-08-01,0.4919,-0.517,0.0322
S_333,51.0,17.15,2025-09-01,0.4284,-0.4806,-0.0711
S_333,51.0,17.15,2025-10-01,0.3078,-0.2751,0.109
S_333,51.0,17.15,2025-11-01,0.439,-0.4987,-0.0611
S_333,51.0,17.15,2025-12-01,0.4657,-0.5296,-0.0004
S_333,51.0,17.15,2026-01-01,0.4037,-0.4881,0.0021
S_333,51.0,17.15,2026-02-01,0.3669,-0.4554,-0.1274
S_333,51.0,17.15,2026-03-01,0.3831,-0.4704,-0.1148
S_334,51.02,17.15,2023-06-01,0.537,-0.5057,0.263
S_334,51.02,17.15,2023-07-01,0.4046,-0.4227,0.0976
S_334,51.02,17.15,2023-08-01,0.3807,-0.3891,0.0156
S_334,51.02,17.15,2023-09-01,0.4056,-0.4214,0.0331
S_334,51.02,17.15,2023-10-01,0.418,-0.4355,0.0194
S_334,51.02,17.15,2023-11-01,0.3786,-0.3874,0.0916
S_334,51.02,17.15,2023-12-01,0.4047,-0.4175,0.0933
S_334,51.02,17.15,2024-01-01,0.1886,-0.2147,0.5236
S_334,51.02,17.15,2024-02-01,0.3917018082293267,-0.5522744481277925,-0.0789388600567803
S_334,51.02,17.15,2024-03-01,0.3939,-0.3915,0.1209
S_334,51.02,17.15,2024-04-01,0.493,-0.471,0.1553
S_334,51.02,17.15,2024-05-01,0.4844,-0.4718,0.1593
S_334,51.02,17.15,2024-06-01,0.4831,-0.4524,0.1643
S_334,51.02,17.15,2024-07-01,0.3621,-0.3812,0.018
S_334,51.02,17.15,2024-08-01,0.3919,-0.3894,0.0513
S_334,51.02,17.15,2024-09-01,0.3963,-0.4141,0.0314
S_334,51.02,17.15,2024-10-01,0.3973,-0.4294,0.006
S_334,51.02,17.15,2024-11-01,0.4082,-0.4315,0.0589
S_334,51.02,17.15,2024-12-01,0.3273,-0.3422,0.1328
S_334,51.02,17.15,2025-01-01,0.3794,-0.438,0.0819
S_334,51.02,17.15,2025-02-01,0.3686,-0.4165,0.0469
S_334,51.02,17.15,2025-03-01,0.3621,-0.3978,0.011
S_334,51.02,17.15,2025-04-01,0.4671,-0.462,0.1209
S_334,51.02,17.15,2025-05-01,0.4549,-0.4418,0.1104
S_334,51.02,17.15,2025-06-01,0.4864,-0.4729,0.1675
S_334,51.02,17.15,2025-07-01,0.4375,-0.4331,0.1376
S_334,51.02,17.15,2025-08-01,0.4202,-0.4186,0.0901
S_334,51.02,17.15,2025-09-01,0.47,-0.4598,0.0817
S_334,51.02,17.15,2025-10-01,0.2472,-0.2236,0.1167
S_334,51.02,17.15,2025-11-01,0.394,-0.4454,0.0387
S_334,51.02,17.15,2025-12-01,0.3574,-0.4476,0.0118
S_334,51.02,17.15,2026-01-01,0.3065,-0.4003,0.0209
S_334,51.02,17.15,2026-02-01,0.2879,-0.3726,-0.0657
S_334,51.02,17.15,2026-03-01,0.3063,-0.3895,-0.0513
S_335,51.04,17.15,2023-06-01,0.5754,-0.5347,0.1997
S_335,51.04,17.15,2023-07-01,0.5393,-0.5062,0.1167
S_335,51.04,17.15,2023-08-01,0.5632,-0.5141,0.1007
S_335,51.04,17.15,2023-09-01,0.589,-0.5424,0.148
S_335,51.04,17.15,2023-10-01,0.5349,-0.5054,0.082
S_335,51.04,17.15,2023-11-01,0.4348,-0.4129,0.0641
S_335,51.04,17.15,2023-12-01,0.3615,-0.3816,-0.0291
S_335,51.04,17.15,2024-01-01,0.1504,-0.171,0.4645
S_335,51.04,17.15,2024-02-01,0.3665938698796663,-0.5601936175696747,-0.1038212459873025
S_335,51.04,17.15,2024-03-01,0.3818,-0.3951,0.0177
S_335,51.04,17.15,2024-04-01,0.5126,-0.4684,0.1188
S_335,51.04,17.15,2024-05-01,0.5337,-0.5001,0.1274
S_335,51.04,17.15,2024-06-01,0.4554,-0.4387,0.095
S_335,51.04,17.15,2024-07-01,0.5384,-0.5019,0.087
S_335,51.04,17.15,2024-08-01,0.5572,-0.5106,0.1102
S_335,51.04,17.15,2024-09-01,0.4706,-0.4528,0.1326
S_335,51.04,17.15,2024-10-01,0.492,-0.4985,0.0103
S_335,51.04,17.15,2024-11-01,0.4021,-0.4302,-0.0305
S_335,51.04,17.15,2024-12-01,0.3115,-0.3284,0.0157
S_335,51.04,17.15,2025-01-01,0.3492,-0.4224,-0.0456
S_335,51.04,17.15,2025-02-01,0.3143,-0.3804,-0.05
S_335,51.04,17.15,2025-03-01,0.3098,-0.3726,-0.095
S_335,51.04,17.15,2025-04-01,0.5524,-0.5027,0.1478
S_335,51.04,17.15,2025-05-01,0.536,-0.4827,0.1632
S_335,51.04,17.15,2025-06-01,0.5975,-0.5553,0.1922
S_335,51.04,17.15,2025-07-01,0.5463,-0.5112,0.1443
S_335,51.04,17.15,2025-08-01,0.5619,-0.5189,0.1273
S_335,51.04,17.15,2025-09-01,0.5488,-0.5196,0.109
S_335,51.04,17.15,2025-10-01,0.274579314360946,-0.247781322981811,0.1145142328539227
S_335,51.04,17.15,2025-11-01,0.4551,-0.4966,0.0291
S_335,51.04,17.15,2025-12-01,0.3953,-0.4644,-0.0185
S_335,51.04,17.15,2026-01-01,0.314,-0.3987,0.0375
S_335,51.04,17.15,2026-02-01,0.2841,-0.3718,-0.1339
S_335,51.04,17.15,2026-03-01,0.3032,-0.3947,-0.102
S_336,51.06,17.15,2023-06-01,0.6912,-0.6169,0.3623
S_336,51.06,17.15,2023-07-01,0.6053,-0.5627,0.2204
S_336,51.06,17.15,2023-08-01,0.5777,-0.5294,0.1254
S_336,51.06,17.15,2023-09-01,0.6043,-0.5558,0.1804
S_336,51.06,17.15,2023-10-01,0.4636,-0.4614,0.0271
S_336,51.06,17.15,2023-11-01,0.4805,-0.4618,0.1169
S_336,51.06,17.15,2023-12-01,0.4299,-0.4217,0.0463
S_336,51.06,17.15,2024-01-01,0.1929,-0.2041,0.4687
S_336,51.06,17.15,2024-02-01,0.3671,-0.5902,-0.1204
S_336,51.06,17.15,2024-03-01,0.6087,-0.5729,0.2261
S_336,51.06,17.15,2024-04-01,0.6984,-0.6049,0.2919
S_336,51.06,17.15,2024-05-01,0.7189,-0.6308,0.3488
S_336,51.06,17.15,2024-06-01,0.7191,-0.6514,0.3077
S_336,51.06,17.15,2024-07-01,0.4449,-0.4442,0.0158
S_336,51.06,17.15,2024-08-01,0.5274,-0.4849,0.0815
S_336,51.06,17.15,2024-09-01,0.1692,-0.1851,0.4596
S_336,51.06,17.15,2024-10-01,0.4062,-0.4174,-0.0067
S_336,51.06,17.15,2024-11-01,0.3159,-0.3611,-0.0741
S_336,51.06,17.15,2024-12-01,0.2458,-0.2722,-0.0274
S_336,51.06,17.15,2025-01-01,0.2743,-0.3692,-0.081
S_336,51.06,17.15,2025-02-01,0.258,-0.335,-0.0761
S_336,51.06,17.15,2025-03-01,0.2418,-0.3126,-0.1251
S_336,51.06,17.15,2025-04-01,0.5919,-0.5214,0.191
S_336,51.06,17.15,2025-05-01,0.5965,-0.5227,0.2193
S_336,51.06,17.15,2025-06-01,0.6912,-0.6226,0.3188
S_336,51.06,17.15,2025-07-01,0.6927,-0.6271,0.3027
S_336,51.06,17.15,2025-08-01,0.5845,-0.5263,0.1804
S_336,51.06,17.15,2025-09-01,0.5007,-0.4825,0.0734
S_336,51.06,17.15,2025-10-01,0.3272821536513652,-0.2984716130299042,0.1365856531766677
S_336,51.06,17.15,2025-11-01,0.4134,-0.4498,0.0143
S_336,51.06,17.15,2025-12-01,0.3719,-0.4219,-0.0245
S_336,51.06,17.15,2026-01-01,0.3136,-0.3853,0.0491
S_336,51.06,17.15,2026-02-01,0.2773,-0.3573,-0.1118
S_336,51.06,17.15,2026-03-01,0.2924,-0.3738,-0.0907
S_337,51.08,17.15,2023-06-01,0.702213057517073,-0.6390687488673965,0.3134382519005196
S_337,51.08,17.15,2023-07-01,0.662597328760286,-0.6163445976613291,0.229346787217405
S_337,51.08,17.15,2023-08-01,0.6434923317190478,-0.588862645359167,0.15288962057796
S_337,51.08,17.15,2023-09-01,0.6624083660133714,-0.612529918935983,0.1951957406095613
S_337,51.08,17.15,2023-10-01,0.5840386538000049,-0.5582791448338407,0.0997183601065482
S_337,51.08,17.15,2023-11-01,0.4381844445689303,-0.4449584726368875,0.0854704567310321
S_337,51.08,17.15,2023-12-01,0.428346594539835,-0.45731901792868,0.0069377633535927
S_337,51.08,17.15,2024-01-01,0.2239016280589203,-0.2550799388928969,0.4136981228243613
S_337,51.08,17.15,2024-02-01,0.4192220579885733,-0.653898780672863,-0.0967548807485088
S_337,51.08,17.15,2024-03-01,0.45205527294102,-0.4677933817466533,0.0479052529951169
S_337,51.08,17.15,2024-04-01,0.6353258921207569,-0.5587328062268855,0.2189889228313804
S_337,51.08,17.15,2024-05-01,0.6636210946112299,-0.6039193303143131,0.2437585455743446
S_337,51.08,17.15,2024-06-01,0.6656360458193118,-0.5967812614093531,0.2589905742737841
S_337,51.08,17.15,2024-07-01,0.5941148149879891,-0.5571500199709786,0.115324264085851
S_337,51.08,17.15,2024-08-01,0.6049121671047928,-0.5470008972684319,0.1336209749012626
S_337,51.08,17.15,2024-09-01,0.4445956938505054,-0.4310626385113502,0.2890536682649723
S_337,51.08,17.15,2024-10-01,0.4974325901849729,-0.516370177402307,0.0207008904162164
S_337,51.08,17.15,2024-11-01,0.354047710687807,-0.4002746859021502,-0.0380221942270546
S_337,51.08,17.15,2024-12-01,0.3317747491797268,-0.3607664795011588,0.0260375872158602
S_337,51.08,17.15,2025-01-01,0.3705651638413781,-0.4595107482528989,-0.0333179513601554
S_337,51.08,17.15,2025-02-01,0.3290164994618501,-0.4074726958775811,-0.0677153365545214
S_337,51.08,17.15,2025-03-01,0.3224995747648922,-0.39674188653392,-0.1048410924353589
S_337,51.08,17.15,2025-04-01,0.6345621471570803,-0.5709146622024504,0.1980794971136946
S_337,51.08,17.15,2025-05-01,0.6245668152628333,-0.5575312978840928,0.2121594360020777
S_337,51.08,17.15,2025-06-01,0.71531723709942,-0.6566475812933396,0.2994585621177691
S_337,51.08,17.15,2025-07-01,0.6878203170637331,-0.6327885773909916,0.2674181674169144
S_337,51.08,17.15,2025-08-01,0.6512270151317907,-0.5933333278364072,0.1986143498107345
S_337,51.08,17.15,2025-09-01,0.5916514154350252,-0.5641962057700136,0.1273846070154516
S_337,51.08,17.15,2025-10-01,0.4492761661666643,-0.4004837236430257,0.1657851371356374
S_337,51.08,17.15,2025-11-01,0.4453095922001359,-0.4914429200244627,0.0184269985921232
S_337,51.08,17.15,2025-12-01,0.4431148149628047,-0.5097379560365315,0.0244666721716661
S_337,51.08,17.15,2026-01-01,0.368086813095646,-0.4481247292288746,0.0418170609488529
S_337,51.08,17.15,2026-02-01,0.3285603993814069,-0.4219968636054226,-0.1117800352299523
S_337,51.08,17.15,2026-03-01,0.3498407635301803,-0.4458074756100887,-0.0784639045983383
S_338,51.1,17.15,2023-06-01,0.7359,-0.6673,0.313
S_338,51.1,17.15,2023-07-01,0.717,-0.6586,0.2625
S_338,51.1,17.15,2023-08-01,0.6947,-0.6332,0.1919
S_338,51.1,17.15,2023-09-01,0.7084,-0.6537,0.2339
S_338,51.1,17.15,2023-10-01,0.667,-0.6231,0.1736
S_338,51.1,17.15,2023-11-01,0.5474,-0.5524,0.1259
S_338,51.1,17.15,2023-12-01,0.4314,-0.4648,-0.0225
S_338,51.1,17.15,2024-01-01,0.2678,-0.2988,0.3181
S_338,51.1,17.15,2024-02-01,0.479,-0.7332,-0.0912
S_338,51.1,17.15,2024-03-01,0.3852,-0.4066,-0.0082
S_338,51.1,17.15,2024-04-01,0.6112,-0.5385,0.1792
S_338,51.1,17.15,2024-05-01,0.6807,-0.6185,0.2275
S_338,51.1,17.15,2024-06-01,0.7291,-0.6346,0.3243
S_338,51.1,17.15,2024-07-01,0.6773,-0.6211,0.1747
S_338,51.1,17.15,2024-08-01,0.6866,-0.6264,0.1894
S_338,51.1,17.15,2024-09-01,0.5974,-0.5643,0.2642
S_338,51.1,17.15,2024-10-01,0.5537,-0.573,0.0534
S_338,51.1,17.15,2024-11-01,0.4032,-0.4479,-0.0253
S_338,51.1,17.15,2024-12-01,0.3742,-0.3911,0.0277
S_338,51.1,17.15,2025-01-01,0.4264,-0.5063,-0.0219
S_338,51.1,17.15,2025-02-01,0.3707,-0.4389,-0.0575
S_338,51.1,17.15,2025-03-01,0.3701,-0.4373,-0.0982
S_338,51.1,17.15,2025-04-01,0.6913,-0.6065,0.2278
S_338,51.1,17.15,2025-05-01,0.6846,-0.6001,0.2404
S_338,51.1,17.15,2025-06-01,0.7409,-0.684,0.2977
S_338,51.1,17.15,2025-07-01,0.71,-0.653,0.2651
S_338,51.1,17.15,2025-08-01,0.6918,-0.6325,0.2195
S_338,51.1,17.15,2025-09-01,0.6853,-0.6343,0.2068
S_338,51.1,17.15,2025-10-01,0.4932,-0.4223,0.2128
S_338,51.1,17.15,2025-11-01,0.5229,-0.569,0.0621
S_338,51.1,17.15,2025-12-01,0.4907,-0.5566,0.0285
S_338,51.1,17.15,2026-01-01,0.4108,-0.4877,0.0261
S_338,51.1,17.15,2026-02-01,0.3693,-0.4646,-0.1154
S_338,51.1,17.15,2026-03-01,0.3976,-0.4952,-0.0819
S_339,51.12,17.15,2023-06-01,0.6574250000005115,-0.6123249999999673,0.255825000001027
S_339,51.12,17.15,2023-07-01,0.6332250000036628,-0.6032500000018216,0.1980250000028929
S_339,51.12,17.15,2023-08-01,0.6215249999971587,-0.575624999996223,0.1425499999992115
S_339,51.12,17.15,2023-09-01,0.6342000000060929,-0.5967750000041344,0.1715500000054063
S_339,51.12,17.15,2023-10-01,0.5849250000089513,-0.5561500000060615,0.1152500000075159
S_339,51.12,17.15,2023-11-01,0.5257000000027144,-0.5341750000032096,0.0933500000029434
S_339,51.12,17.15,2023-12-01,0.4111749999959747,-0.4350749999967641,0.0106249999977608
S_339,51.12,17.15,2024-01-01,0.2407499999990502,-0.2752750000004831,0.3559499999989765
S_339,51.12,17.15,2024-02-01,0.4114249999952584,-0.6124999999942141,-0.0897250000029259
S_339,51.12,17.15,2024-03-01,0.3768999999973629,-0.3933249999988061,-0.0012000000033019
S_339,51.12,17.15,2024-04-01,0.5263999999978207,-0.4727749999982811,0.1451250000018114
S_339,51.12,17.15,2024-05-01,0.6226000000043771,-0.5786500000025712,0.1917250000032485
S_339,51.12,17.15,2024-06-01,0.5372340255564404,-0.4846722706091834,0.2215489767641073
S_339,51.12,17.15,2024-07-01,0.6000750000040928,-0.5686500000020936,0.1207500000039853
S_339,51.12,17.15,2024-08-01,0.608425000006476,-0.5707500000036159,0.1384500000056339
S_339,51.12,17.15,2024-09-01,0.6088250000014731,-0.5777500000019771,0.1748499999887533
S_339,51.12,17.15,2024-10-01,0.5626499999976794,-0.5646749999996998,0.0680999999967298
S_339,51.12,17.15,2024-11-01,0.462624999995497,-0.4801249999898634,0.0559500000158195
S_339,51.12,17.15,2024-12-01,0.3694000000035652,-0.3889250000030476,0.0659500000069781
S_339,51.12,17.15,2025-01-01,0.4022000000000642,-0.4757499999999257,0.0120500000004695
S_339,51.12,17.15,2025-02-01,0.3562499999956907,-0.4232249999962919,-0.0209499999977097
S_339,51.12,17.15,2025-03-01,0.356450000003564,-0.4184500000035166,-0.0651250000024491
S_339,51.12,17.15,2025-04-01,0.6277999999929179,-0.5731749999961554,0.1887999999956304
S_339,51.12,17.15,2025-05-01,0.6177499999918433,-0.5593749999944393,0.196924999996082
S_339,51.12,17.15,2025-06-01,0.6767749999907017,-0.6334499999924152,0.2459999999916929
S_339,51.12,17.15,2025-07-01,0.6298749999905321,-0.5949499999928427,0.2069749999925783
S_339,51.12,17.15,2025-08-01,0.6412000000077879,-0.5954500000059462,0.1824250000055732
S_339,51.12,17.15,2025-09-01,0.6322249999959848,-0.5945249999964963,0.1664499999976473
S_339,51.12,17.15,2025-10-01,0.4357285714143225,-0.3916571428475685,0.1527857142759848
S_339,51.12,17.15,2025-11-01,0.5064499999965052,-0.5456749999966573,0.0564499999973549
S_339,51.12,17.15,2025-12-01,0.4430749999938399,-0.5139249999956885,0.0338499999977533
S_339,51.12,17.15,2026-01-01,0.3708500000010986,-0.461125000000793,0.0150249999991681
S_339,51.12,17.15,2026-02-01,0.3209000000017599,-0.416550000002107,-0.1080750000013225
S_339,51.12,17.15,2026-03-01,0.3436500000057335,-0.4405500000054385,-0.0770749999996611
S_340,51.14,17.15,2023-06-01,0.6297,-0.5911,0.2428
S_340,51.14,17.15,2023-07-01,0.5746,-0.5606,0.1545
S_340,51.14,17.15,2023-08-01,0.5679,-0.5283,0.113
S_340,51.14,17.15,2023-09-01,0.5915,-0.5579,0.1498
S_340,51.14,17.15,2023-10-01,0.5145,-0.4985,0.0786
S_340,51.14,17.15,2023-11-01,0.5204,-0.5358,0.0781
S_340,51.14,17.15,2023-12-01,0.4358,-0.456,0.0395
S_340,51.14,17.15,2024-01-01,0.269,-0.3088,0.365
S_340,51.14,17.15,2024-02-01,0.3624,-0.5376,-0.0913
S_340,51.14,17.15,2024-03-01,0.3894,-0.3959,0.0181
S_340,51.14,17.15,2024-04-01,0.4715,-0.4335,0.1351
S_340,51.14,17.15,2024-05-01,0.6029,-0.5632,0.1863
S_340,51.14,17.15,2024-06-01,0.3026,-0.2852,0.1694
S_340,51.14,17.15,2024-07-01,0.5387,-0.5286,0.0833
S_340,51.14,17.15,2024-08-01,0.5511,-0.5303,0.1048
S_340,51.14,17.15,2024-09-01,0.5833,-0.5588,0.1249
S_340,51.14,17.15,2024-10-01,0.5644,-0.5571,0.0899
S_340,51.14,17.15,2024-11-01,0.5022,-0.5139,0.0773
S_340,51.14,17.15,2024-12-01,0.4056,-0.4182,0.1046
S_340,51.14,17.15,2025-01-01,0.4249,-0.4871,0.0479
S_340,51.14,17.15,2025-02-01,0.3661,-0.4311,-0.0079
S_340,51.14,17.15,2025-03-01,0.3681,-0.422,-0.0332
S_340,51.14,17.15,2025-04-01,0.5862,-0.5498,0.1628
S_340,51.14,17.15,2025-05-01,0.5767,-0.5319,0.172
S_340,51.14,17.15,2025-06-01,0.6211,-0.5888,0.1955
S_340,51.14,17.15,2025-07-01,0.5735,-0.5511,0.1615
S_340,51.14,17.15,2025-08-01,0.603,-0.5628,0.1546
S_340,51.14,17.15,2025-09-01,0.6086,-0.5735,0.1601
S_340,51.14,17.15,2025-10-01,0.3889,-0.3553,0.1244
S_340,51.14,17.15,2025-11-01,0.5037,-0.535,0.0693
S_340,51.14,17.15,2025-12-01,0.4279,-0.5036,0.0436
S_340,51.14,17.15,2026-01-01,0.3684,-0.4616,0.0029
S_340,51.14,17.15,2026-02-01,0.3182,-0.4118,-0.1011
S_340,51.14,17.15,2026-03-01,0.3378,-0.4325,-0.0718
S_341,51.16,17.15,2023-06-01,0.5868000000074309,-0.5537250000062323,0.2348499999976034
S_341,51.16,17.15,2023-07-01,0.5672499999934395,-0.5492499999970605,0.1806499999860098
S_341,51.16,17.15,2023-08-01,0.5512249999841846,-0.5186999999903698,0.129574999977847
S_341,51.16,17.15,2023-09-01,0.5798749999988153,-0.5472499999989987,0.175049999997932
S_341,51.16,17.15,2023-10-01,0.4731750000262663,-0.4529500000246032,0.1109499999990567
S_341,51.16,17.15,2023-11-01,0.5318749999970012,-0.5324249999982691,0.1105249999966142
S_341,51.16,17.15,2023-12-01,0.4039000000048172,-0.4188250000055584,0.0380249999998537
S_341,51.16,17.15,2024-01-01,0.2469249999954144,-0.2798999999951314,0.3456750000097962
S_341,51.16,17.15,2024-02-01,0.3630250000000808,-0.4577500000063901,-0.0358250000049368
S_341,51.16,17.15,2024-03-01,0.277286042407168,-0.2607466344622567,0.0111695195650582
S_341,51.16,17.15,2024-04-01,0.4852750000040627,-0.4580750000017947,0.1387500000012882
S_341,51.16,17.15,2024-05-01,0.5551000000068564,-0.5226000000064022,0.173400000000176
S_341,51.16,17.15,2024-06-01,0.4556499999910106,-0.4204499999932888,0.1778999999936625
S_341,51.16,17.15,2024-07-01,0.5342749999863096,-0.5151999999929696,0.0937249999867313
S_341,51.16,17.15,2024-08-01,0.5403750000100481,-0.5144250000055721,0.111275000008744
S_341,51.16,17.15,2024-09-01,0.5465000000017974,-0.530400000001621,0.1138500000029472
S_341,51.16,17.15,2024-10-01,0.512199999993476,-0.5164249999944371,0.0702499999985226
S_341,51.16,17.15,2024-11-01,0.469899999998126,-0.48459999999852,0.0667499999946036
S_341,51.16,17.15,2024-12-01,0.3816249999976606,-0.3836250000002401,0.1077499999961806
S_341,51.16,17.15,2025-01-01,0.4193249999898444,-0.4695249999921277,0.0549249999875513
S_341,51.16,17.15,2025-02-01,0.3674749999874756,-0.4231999999904289,0.0057249999872311
S_341,51.16,17.15,2025-03-01,0.3596499999964526,-0.4062999999976679,-0.0243500000001073
S_341,51.16,17.15,2025-04-01,0.5748749999986932,-0.5328749999968011,0.1927499999891936
S_341,51.16,17.15,2025-05-01,0.5796000000060759,-0.5270750000025178,0.2149249999930337
S_341,51.16,17.15,2025-06-01,0.5846749999922807,-0.5646499999932995,0.2060249999816323
S_341,51.16,17.15,2025-07-01,0.5341500000024907,-0.5268999999999212,0.1616249999936189
S_341,51.16,17.15,2025-08-01,0.574199999998937,-0.5385999999988067,0.1507749999993397
S_341,51.16,17.15,2025-09-01,0.5609750000050203,-0.5385250000027083,0.1435500000018817
S_341,51.16,17.15,2025-10-01,0.4157249999891749,-0.3946249999884261,0.1218999999954269
S_341,51.16,17.15,2025-11-01,0.457625000014637,-0.4962000000089581,0.0469750000084798
S_341,51.16,17.15,2025-12-01,0.4092499999993911,-0.4765999999969824,0.028200000002069
S_341,51.16,17.15,2026-01-01,0.3421000000012716,-0.4275999999995405,0.0183749999996488
S_341,51.16,17.15,2026-02-01,0.3038500000002122,-0.3930999999986634,-0.0980999999998755
S_341,51.16,17.15,2026-03-01,0.3229500000064584,-0.4125500000053897,-0.0771749999964528
S_342,51.18,17.15,2023-06-01,0.6039,-0.5518,0.2597
S_342,51.18,17.15,2023-07-01,0.6523,-0.5922,0.2829
S_342,51.18,17.15,2023-08-01,0.6421,-0.5718,0.2297
S_342,51.18,17.15,2023-09-01,0.668,-0.6003,0.2904
S_342,51.18,17.15,2023-10-01,0.5541,-0.5154,0.1821
S_342,51.18,17.15,2023-11-01,0.6527,-0.6201,0.2012
S_342,51.18,17.15,2023-12-01,0.4,-0.4174,0.0368
S_342,51.18,17.15,2024-01-01,0.2601,-0.2926,0.3015
S_342,51.18,17.15,2024-02-01,0.3642,-0.4026,0.014
S_342,51.18,17.15,2024-03-01,0.1433,-0.079,-0.0082
S_342,51.18,17.15,2024-04-01,0.4398,-0.429,0.1151
S_342,51.18,17.15,2024-05-01,0.541,-0.494,0.168
S_342,51.18,17.15,2024-06-01,0.6036,-0.5291,0.2617
S_342,51.18,17.15,2024-07-01,0.654,-0.5784,0.2067
S_342,51.18,17.15,2024-08-01,0.6356,-0.5653,0.2005
S_342,51.18,17.15,2024-09-01,0.5393,-0.526,0.1023
S_342,51.18,17.15,2024-10-01,0.4995,-0.5054,0.0461
S_342,51.18,17.15,2024-11-01,0.4603,-0.482,0.0288
S_342,51.18,17.15,2024-12-01,0.3772,-0.374,0.0803
S_342,51.18,17.15,2025-01-01,0.4279,-0.4817,0.0423
S_342,51.18,17.15,2025-02-01,0.3758,-0.4336,-0.0097
S_342,51.18,17.15,2025-03-01,0.3422,-0.3859,-0.0683
S_342,51.18,17.15,2025-04-01,0.5913,-0.5236,0.1888
S_342,51.18,17.15,2025-05-01,0.5939,-0.5212,0.2142
S_342,51.18,17.15,2025-06-01,0.6494,-0.6112,0.2781
S_342,51.18,17.15,2025-07-01,0.6138,-0.5725,0.2335
S_342,51.18,17.15,2025-08-01,0.6262,-0.5703,0.2111
S_342,51.18,17.15,2025-09-01,0.6164,-0.5747,0.2023
S_342,51.18,17.15,2025-10-01,0.4918,-0.4676,0.1656
S_342,51.18,17.15,2025-11-01,0.4752,-0.5094,0.0452
S_342,51.18,17.15,2025-12-01,0.4173,-0.4931,0.0109
S_342,51.18,17.15,2026-01-01,0.3396,-0.421,0.0748
S_342,51.18,17.15,2026-02-01,0.3204,-0.4123,-0.0944
S_342,51.18,17.15,2026-03-01,0.3456,-0.4348,-0.0813
S_343,51.2,17.15,2023-06-01,0.6566499999899187,-0.6134999999930381,0.3049499999959235
S_343,51.2,17.15,2023-07-01,0.6370249999908069,-0.6168249999990761,0.2398999999897092
S_343,51.2,17.15,2023-08-01,0.5967499999890113,-0.5695499999962683,0.1447499999831305
S_343,51.2,17.15,2023-09-01,0.628224999997468,-0.5915749999968288,0.1937750000006447
S_343,51.2,17.15,2023-10-01,0.4812135984452618,-0.4569035314164983,0.1207179045943444
S_343,51.2,17.15,2023-11-01,0.5904499999897292,-0.5867499999902561,0.1277499999992702
S_343,51.2,17.15,2023-12-01,0.4381750000015437,-0.4526000000011211,0.0600750000021279
S_343,51.2,17.15,2024-01-01,0.2990000000003883,-0.3457750000050467,0.2425499999818845
S_343,51.2,17.15,2024-02-01,0.3676500000039783,-0.4146250000063305,0.0192250000002065
S_343,51.2,17.15,2024-03-01,0.3608000000067679,-0.3441250000125505,0.0335499999940549
S_343,51.2,17.15,2024-04-01,0.4942749999960723,-0.4717499999982556,0.1216249999969194
S_343,51.2,17.15,2024-05-01,0.5716749999779913,-0.5424499999863144,0.1844499999896558
S_343,51.2,17.15,2024-06-01,0.6474749999955495,-0.5816749999969146,0.2648499999980609
S_343,51.2,17.15,2024-07-01,0.6542749999863076,-0.6098249999962537,0.188399999987337
S_343,51.2,17.15,2024-08-01,0.6516749999916323,-0.6039499999918129,0.1918749999962383
S_343,51.2,17.15,2024-09-01,0.5601249999671054,-0.56122499997699,0.0985749999778974
S_343,51.2,17.15,2024-10-01,0.4884499999978087,-0.5166249999990089,0.0193749999984097
S_343,51.2,17.15,2024-11-01,0.4717749999938082,-0.5031249999929917,0.0413500000086677
S_343,51.2,17.15,2024-12-01,0.4107499999931768,-0.4150999999945659,0.0979250000095239
S_343,51.2,17.15,2025-01-01,0.4437499999862023,-0.4993749999846464,0.0532750000138019
S_343,51.2,17.15,2025-02-01,0.3900749999915218,-0.4518999999917474,-0.0040749999962057
S_343,51.2,17.15,2025-03-01,0.3898250000064989,-0.433825000003779,-0.0385999999791664
S_343,51.2,17.15,2025-04-01,0.6527999999906394,-0.5939499999909009,0.2513499999917118
S_343,51.2,17.15,2025-05-01,0.6528749999782103,-0.5895499999889638,0.267274999998868
S_343,51.2,17.15,2025-06-01,0.7072750000050785,-0.663600000004593,0.3151500000046475
S_343,51.2,17.15,2025-07-01,0.6358249999927967,-0.6071999999972351,0.2653500000019199
S_343,51.2,17.15,2025-08-01,0.6089249999949834,-0.589424999996775,0.166349999995354
S_343,51.2,17.15,2025-09-01,0.6145749999953178,-0.5856999999973557,0.1718499999952003
S_343,51.2,17.15,2025-10-01,0.4866500000052777,-0.4727000000039661,0.1384500000040051
S_343,51.2,17.15,2025-11-01,0.5160749999895635,-0.5449249999907152,0.083775000000099
S_343,51.2,17.15,2025-12-01,0.4832000000013133,-0.537199999999929,0.0912000000064561
S_343,51.2,17.15,2026-01-01,0.3679750000022186,-0.4428500000032799,0.0780749999906572
S_343,51.2,17.15,2026-02-01,0.3381999999948383,-0.4327749999939684,-0.0839999999930818
S_343,51.2,17.15,2026-03-01,0.3612000000014674,-0.4539000000010376,-0.0655750000019142
S_344,51.22,17.15,2023-06-01,0.6659,-0.6308,0.3221
S_344,51.22,17.15,2023-07-01,0.6036,-0.6063,0.2139
S_344,51.22,17.15,2023-08-01,0.5232,-0.5344,0.0728
S_344,51.22,17.15,2023-09-01,0.5485,-0.544,0.122
S_344,51.22,17.15,2023-10-01,0.3448,-0.3342,0.0565
S_344,51.22,17.15,2023-11-01,0.6181,-0.601,0.1704
S_344,51.22,17.15,2023-12-01,0.4783,-0.477,0.1347
S_344,51.22,17.15,2024-01-01,0.3295,-0.3882,0.1916
S_344,51.22,17.15,2024-02-01,0.3632,-0.4083,0.0407
S_344,51.22,17.15,2024-03-01,0.5458,-0.4871,0.1894
S_344,51.22,17.15,2024-04-01,0.481,-0.4733,0.1107
S_344,51.22,17.15,2024-05-01,0.5422,-0.5287,0.1738
S_344,51.22,17.15,2024-06-01,0.6423,-0.5869,0.2756
S_344,51.22,17.15,2024-07-01,0.6395,-0.6123,0.1807
S_344,51.22,17.15,2024-08-01,0.6419,-0.611,0.1812
S_344,51.22,17.15,2024-09-01,0.5155,-0.5366,0.0635
S_344,51.22,17.15,2024-10-01,0.4585,-0.4981,0.0034
S_344,51.22,17.15,2024-11-01,0.4934,-0.513,0.0704
S_344,51.22,17.15,2024-12-01,0.4506,-0.4478,0.1244
S_344,51.22,17.15,2025-01-01,0.4679,-0.5115,0.0804
S_344,51.22,17.15,2025-02-01,0.4185,-0.4778,0.0109
S_344,51.22,17.15,2025-03-01,0.4421,-0.4739,0.0073
S_344,51.22,17.15,2025-04-01,0.7106,-0.656,0.3104
S_344,51.22,17.15,2025-05-01,0.6899,-0.6349,0.3097
S_344,51.22,17.15,2025-06-01,0.7005,-0.6636,0.3114
S_344,51.22,17.15,2025-07-01,0.6186,-0.5983,0.2653
S_344,51.22,17.15,2025-08-01,0.5206,-0.5507,0.0783
S_344,51.22,17.15,2025-09-01,0.5762,-0.5587,0.1292
S_344,51.22,17.15,2025-10-01,0.4593,-0.4545,0.1108
S_344,51.22,17.15,2025-11-01,0.5604,-0.5708,0.1337
S_344,51.22,17.15,2025-12-01,0.5142,-0.5511,0.1522
S_344,51.22,17.15,2026-01-01,0.3905,-0.4683,0.0561
S_344,51.22,17.15,2026-02-01,0.3331,-0.4292,-0.0713
S_344,51.22,17.15,2026-03-01,0.3507,-0.4472,-0.0536
S_345,51.24,17.15,2023-06-01,0.6733667850451713,-0.6397364807540445,0.3292727523014513
S_345,51.24,17.15,2023-07-01,0.596484463931241,-0.6046445742902092,0.2024539669627237
S_345,51.24,17.15,2023-08-01,0.5140473584027528,-0.526890447716635,0.0575281312716633
S_345,51.24,17.15,2023-09-01,0.5319257091311068,-0.5363463152069948,0.0932708118560006
S_345,51.24,17.15,2023-10-01,0.390511552153359,-0.3781451329593765,0.0687356727770684
S_345,51.24,17.15,2023-11-01,0.5614278821533812,-0.5661898696835221,0.122746282145045
S_345,51.24,17.15,2023-12-01,0.456262469215478,-0.4616776130965674,0.1028737624308141
S_345,51.24,17.15,2024-01-01,0.3410095055372415,-0.3988998238520199,0.1629712604940778
S_345,51.24,17.15,2024-02-01,0.3896413415455107,-0.4277959897121959,0.0553401222184247
S_345,51.24,17.15,2024-03-01,0.4909776529692863,-0.4427318924159962,0.1719599974727519
S_345,51.24,17.15,2024-04-01,0.5391175027284675,-0.5139491460621577,0.1673621801928043
S_345,51.24,17.15,2024-05-01,0.6009108776363065,-0.5737110537823193,0.2293627981240759
S_345,51.24,17.15,2024-06-01,0.6571322777890554,-0.6013345636804873,0.2655430659407993
S_345,51.24,17.15,2024-07-01,0.5658074687553167,-0.5650828193362218,0.1120283074143439
S_345,51.24,17.15,2024-08-01,0.5700275298560447,-0.5616938565890324,0.1221303208121021
S_345,51.24,17.15,2024-09-01,0.5473971457661608,-0.5541054553509112,0.0969350453681891
S_345,51.24,17.15,2024-10-01,0.4593937368799036,-0.4977148081158103,0.0191198450536992
S_345,51.24,17.15,2024-11-01,0.4727302643824324,-0.4991116551849206,0.0682533889283354
S_345,51.24,17.15,2024-12-01,0.4396000564318437,-0.4409065053789443,0.112570120961809
S_345,51.24,17.15,2025-01-01,0.4474154893260999,-0.4929095055384053,0.0937948501899382
S_345,51.24,17.15,2025-02-01,0.4100343710096076,-0.4694920592392225,0.0180062163646616
S_345,51.24,17.15,2025-03-01,0.4388909761488248,-0.4690660143411157,0.0162629577502711
S_345,51.24,17.15,2025-04-01,0.6826545284605151,-0.6360780782583321,0.2948658216673402
S_345,51.24,17.15,2025-05-01,0.6563366169961248,-0.6110529237743804,0.2887001362421388
S_345,51.24,17.15,2025-06-01,0.6847851052248223,-0.6542023987547885,0.2954018771638332
S_345,51.24,17.15,2025-07-01,0.5901609939317359,-0.5835800118549336,0.2334293739736712
S_345,51.24,17.15,2025-08-01,0.5194461390699493,-0.5436859557424298,0.0746071398452737
S_345,51.24,17.15,2025-09-01,0.547981712880804,-0.5418423847374216,0.1063909128761314
S_345,51.24,17.15,2025-10-01,0.451776466729485,-0.4533969365613882,0.1066202138818676
S_345,51.24,17.15,2025-11-01,0.5308430824785504,-0.5512303607287168,0.1121978104497077
S_345,51.24,17.15,2025-12-01,0.4854114790426215,-0.525344670623664,0.1391676024954466
S_345,51.24,17.15,2026-01-01,0.362583517075455,-0.4342323176986045,0.0816490098180688
S_345,51.24,17.15,2026-02-01,0.3331596782536168,-0.4294072196409517,-0.0459815834778782
S_345,51.24,17.15,2026-03-01,0.3529624857419263,-0.4479699613450528,-0.0346604957129882
S_346,50.96,17.17,2023-06-01,0.8288,-0.7697,0.5437
S_346,50.96,17.17,2023-07-01,0.5005,-0.5431,0.2289
S_346,50.96,17.17,2023-08-01,0.348,-0.4239,-0.1561
S_346,50.96,17.17,2023-09-01,0.4441,-0.481,-0.0843
S_346,50.96,17.17,2023-10-01,0.5634,-0.552,0.0621
S_346,50.96,17.17,2023-11-01,0.4956,-0.4707,0.1172
S_346,50.96,17.17,2023-12-01,0.5845,-0.5559,0.1639
S_346,50.96,17.17,2024-01-01,0.2457,-0.2533,0.6063
S_346,50.96,17.17,2024-02-01,0.4367562172361718,-0.5701053637986173,-0.0506666179455024
S_346,50.96,17.17,2024-03-01,0.598,-0.5639,0.1591
S_346,50.96,17.17,2024-04-01,0.6348,-0.5915,0.2386
S_346,50.96,17.17,2024-05-01,0.5471,-0.5519,0.1859
S_346,50.96,17.17,2024-06-01,0.5648,-0.5429,0.1403
S_346,50.96,17.17,2024-07-01,0.5631,-0.5699,0.0748
S_346,50.96,17.17,2024-08-01,0.5707,-0.5661,0.0865
S_346,50.96,17.17,2024-09-01,0.5052,-0.5354,-0.0081
S_346,50.96,17.17,2024-10-01,0.4119,-0.4912,-0.1043
S_346,50.96,17.17,2024-11-01,0.4778,-0.5206,0.0191
S_346,50.96,17.17,2024-12-01,0.4038,-0.4218,0.1322
S_346,50.96,17.17,2025-01-01,0.477,-0.5421,0.0477
S_346,50.96,17.17,2025-02-01,0.454,-0.5122,-0.0179
S_346,50.96,17.17,2025-03-01,0.4671,-0.5102,-0.0134
S_346,50.96,17.17,2025-04-01,0.5548,-0.5797,0.1367
S_346,50.96,17.17,2025-05-01,0.5376,-0.5564,0.1328
S_346,50.96,17.17,2025-06-01,0.7681,-0.7101,0.3607
S_346,50.96,17.17,2025-07-01,0.6788,-0.6511,0.3137
S_346,50.96,17.17,2025-08-01,0.5661,-0.5821,0.1063
S_346,50.96,17.17,2025-09-01,0.4722,-0.5106,-0.0026
S_346,50.96,17.17,2025-10-01,0.2637600000033696,-0.2748400000013117,0.0072400000135808
S_346,50.96,17.17,2025-11-01,0.4888,-0.5295,0.0246
S_346,50.96,17.17,2025-12-01,0.5036,-0.5494,0.0125
S_346,50.96,17.17,2026-01-01,0.3898,-0.4772,-0.0052
S_346,50.96,17.17,2026-02-01,0.3566,-0.4493,-0.1699
S_346,50.96,17.17,2026-03-01,0.3717,-0.4639,-0.1576
S_347,50.98,17.17,2023-06-01,0.7834,-0.7114,0.4886
S_347,50.98,17.17,2023-07-01,0.4699,-0.5332,0.1389
S_347,50.98,17.17,2023-08-01,0.5256,-0.5299,0.0097
S_347,50.98,17.17,2023-09-01,0.5825,-0.5699,0.0884
S_347,50.98,17.17,2023-10-01,0.4617,-0.5184,-0.1037
S_347,50.98,17.17,2023-11-01,0.4542055020939509,-0.4495750780919547,0.0785472922748017
S_347,50.98,17.17,2023-12-01,0.4695,-0.4901,0.0427
S_347,50.98,17.17,2024-01-01,0.1809,-0.2026,0.5555
S_347,50.98,17.17,2024-02-01,0.4367149550710302,-0.5784154530414244,-0.0529277381887405
S_347,50.98,17.17,2024-03-01,0.4655,-0.4669,-0.0222
S_347,50.98,17.17,2024-04-01,0.5619,-0.5598,0.1214
S_347,50.98,17.17,2024-05-01,0.573,-0.5657,0.1649
S_347,50.98,17.17,2024-06-01,0.5755,-0.5516,0.1213
S_347,50.98,17.17,2024-07-01,0.5552,-0.5738,0.0832
S_347,50.98,17.17,2024-08-01,0.5663,-0.5692,0.0706
S_347,50.98,17.17,2024-09-01,0.4813,-0.5282,-0.0306
S_347,50.98,17.17,2024-10-01,0.4055,-0.4721,-0.1429
S_347,50.98,17.17,2024-11-01,0.5381,-0.5425,-0.0267
S_347,50.98,17.17,2024-12-01,0.4489,-0.4261,0.1315
S_347,50.98,17.17,2025-01-01,0.5329,-0.5673,0.0236
S_347,50.98,17.17,2025-02-01,0.4697,-0.5222,-0.0932
S_347,50.98,17.17,2025-03-01,0.5058,-0.534,-0.0582
S_347,50.98,17.17,2025-04-01,0.6903,-0.6595,0.2348
S_347,50.98,17.17,2025-05-01,0.6723,-0.6399,0.238
S_347,50.98,17.17,2025-06-01,0.7142,-0.6814,0.3317
S_347,50.98,17.17,2025-07-01,0.5976,-0.6011,0.2687
S_347,50.98,17.17,2025-08-01,0.4359,-0.4982,-0.0236
S_347,50.98,17.17,2025-09-01,0.5055,-0.5202,-0.0279
S_347,50.98,17.17,2025-10-01,0.2860057443190765,-0.2799840493740296,0.0532259425070477
S_347,50.98,17.17,2025-11-01,0.4769,-0.5185,-0.028
S_347,50.98,17.17,2025-12-01,0.4614,-0.5251,-0.0283
S_347,50.98,17.17,2026-01-01,0.369,-0.4659,-0.0464
S_347,50.98,17.17,2026-02-01,0.3241,-0.4313,-0.22
S_347,50.98,17.17,2026-03-01,0.3365,-0.4455,-0.2103
S_348,51.0,17.17,2023-06-01,0.643,-0.6113,0.2831
S_348,51.0,17.17,2023-07-01,0.5795,-0.5834,0.2027
S_348,51.0,17.17,2023-08-01,0.5382,-0.5406,0.0644
S_348,51.0,17.17,2023-09-01,0.5575,-0.5588,0.0922
S_348,51.0,17.17,2023-10-01,0.5379,-0.5528,0.0468
S_348,51.0,17.17,2023-11-01,0.4658,-0.4635,0.0837
S_348,51.0,17.17,2023-12-01,0.4726,-0.4842,0.0823
S_348,51.0,17.17,2024-01-01,0.2032,-0.2234,0.5467
S_348,51.0,17.17,2024-02-01,0.4009662012812968,-0.5581213420539688,-0.0744241991886456
S_348,51.0,17.17,2024-03-01,0.4781,-0.4684,0.1028
S_348,51.0,17.17,2024-04-01,0.5401,-0.527,0.1329
S_348,51.0,17.17,2024-05-01,0.5928,-0.5669,0.209
S_348,51.0,17.17,2024-06-01,0.6509,-0.5983,0.2367
S_348,51.0,17.17,2024-07-01,0.5052,-0.5249,0.053
S_348,51.0,17.17,2024-08-01,0.5357,-0.5318,0.073
S_348,51.0,17.17,2024-09-01,0.4693,-0.5101,0.0009
S_348,51.0,17.17,2024-10-01,0.4952,-0.5133,0.0028
S_348,51.0,17.17,2024-11-01,0.526,-0.5327,0.0788
S_348,51.0,17.17,2024-12-01,0.4299,-0.4249,0.1816
S_348,51.0,17.17,2025-01-01,0.4927,-0.5298,0.1067
S_348,51.0,17.17,2025-02-01,0.4478,-0.4899,0.0302
S_348,51.0,17.17,2025-03-01,0.4494,-0.4855,0.0106
S_348,51.0,17.17,2025-04-01,0.6301,-0.6018,0.2408
S_348,51.0,17.17,2025-05-01,0.6134,-0.5765,0.2395
S_348,51.0,17.17,2025-06-01,0.61,-0.622,0.2438
S_348,51.0,17.17,2025-07-01,0.5273,-0.5583,0.1746
S_348,51.0,17.17,2025-08-01,0.5263,-0.5354,0.07
S_348,51.0,17.17,2025-09-01,0.4741,-0.5004,0.0004
S_348,51.0,17.17,2025-10-01,0.3207,-0.2943,0.106
S_348,51.0,17.17,2025-11-01,0.4792,-0.5177,0.0165
S_348,51.0,17.17,2025-12-01,0.4707,-0.5324,0.0298
S_348,51.0,17.17,2026-01-01,0.3863,-0.464,0.0472
S_348,51.0,17.17,2026-02-01,0.3461,-0.4357,-0.1142
S_348,51.0,17.17,2026-03-01,0.3599,-0.4506,-0.0969
S_349,51.02,17.17,2023-06-01,0.6439,-0.6165,0.2802
S_349,51.02,17.17,2023-07-01,0.5046,-0.5129,0.1457
S_349,51.02,17.17,2023-08-01,0.4806,-0.4862,0.0259
S_349,51.02,17.17,2023-09-01,0.4719,-0.4928,0.0494
S_349,51.02,17.17,2023-10-01,0.476,-0.4928,0.0452
S_349,51.02,17.17,2023-11-01,0.4076,-0.392,0.0729
S_349,51.02,17.17,2023-12-01,0.4703,-0.4731,0.1067
S_349,51.02,17.17,2024-01-01,0.204,-0.2269,0.5771
S_349,51.02,17.17,2024-02-01,0.3918280012812895,-0.5564080302500974,-0.0812345491595727
S_349,51.02,17.17,2024-03-01,0.4513,-0.4575,0.071
S_349,51.02,17.17,2024-04-01,0.4567,-0.4718,0.0528
S_349,51.02,17.17,2024-05-01,0.438,-0.4605,0.0506
S_349,51.02,17.17,2024-06-01,0.5116,-0.4952,0.0958
S_349,51.02,17.17,2024-07-01,0.6046,-0.5753,0.1508
S_349,51.02,17.17,2024-08-01,0.6478,-0.5991,0.191
S_349,51.02,17.17,2024-09-01,0.3527,-0.3715,0.1663
S_349,51.02,17.17,2024-10-01,0.4314,-0.4793,-0.0336
S_349,51.02,17.17,2024-11-01,0.3912,-0.4524,-0.0274
S_349,51.02,17.17,2024-12-01,0.3073,-0.3495,0.0401
S_349,51.02,17.17,2025-01-01,0.3555,-0.4574,-0.0229
S_349,51.02,17.17,2025-02-01,0.3123,-0.3989,-0.0704
S_349,51.02,17.17,2025-03-01,0.3058,-0.3822,-0.0716
S_349,51.02,17.17,2025-04-01,0.4837,-0.4929,0.0842
S_349,51.02,17.17,2025-05-01,0.4707,-0.4708,0.086
S_349,51.02,17.17,2025-06-01,0.6598,-0.6277,0.2426
S_349,51.02,17.17,2025-07-01,0.6002,-0.5789,0.1939
S_349,51.02,17.17,2025-08-01,0.6214,-0.5914,0.1783
S_349,51.02,17.17,2025-09-01,0.4866,-0.5079,0.008
S_349,51.02,17.17,2025-10-01,0.2861026024745694,-0.2639875897523987,0.0944363789137778
S_349,51.02,17.17,2025-11-01,0.4153,-0.4798,-0.001
S_349,51.02,17.17,2025-12-01,0.3831,-0.4741,-0.0198
S_349,51.02,17.17,2026-01-01,0.3307,-0.4316,0.015
S_349,51.02,17.17,2026-02-01,0.293,-0.3982,-0.1258
S_349,51.02,17.17,2026-03-01,0.3045,-0.4126,-0.1042
S_350,51.04,17.17,2023-06-01,0.6129833078734923,-0.5616834042062077,0.2536358462979433
S_350,51.04,17.17,2023-07-01,0.5315452720278436,-0.508702687768706,0.1492843510651358
S_350,51.04,17.17,2023-08-01,0.5347714132557938,-0.4959606085788262,0.0780440127873109
S_350,51.04,17.17,2023-09-01,0.529654744504088,-0.5098433948575437,0.1016243438762764
S_350,51.04,17.17,2023-10-01,0.5156373711735198,-0.4960595819310889,0.0679437636826245
S_350,51.04,17.17,2023-11-01,0.4119069870693431,-0.3843781911223294,0.1011110372687065
S_350,51.04,17.17,2023-12-01,0.3746478303948829,-0.3860844872949744,0.0192771314053549
S_350,51.04,17.17,2024-01-01,0.1677187619815885,-0.187172247252902,0.4854007142844902
S_350,51.04,17.17,2024-02-01,0.3772909964400758,-0.5859916011762806,-0.0986688675470764
S_350,51.04,17.17,2024-03-01,0.3747379326647732,-0.3706895971984638,0.0387338494224547
S_350,51.04,17.17,2024-04-01,0.52792842713919,-0.4926921555873711,0.1267700246395608
S_350,51.04,17.17,2024-05-01,0.5260036579987114,-0.489696551212705,0.1402068742105099
S_350,51.04,17.17,2024-06-01,0.4868740845086449,-0.4411245297107423,0.1720578809192595
S_350,51.04,17.17,2024-07-01,0.550894225436515,-0.5170351816359744,0.0928871984566119
S_350,51.04,17.17,2024-08-01,0.5658742441106613,-0.5139841583738585,0.1241846634407566
S_350,51.04,17.17,2024-09-01,0.3721274899543232,-0.3737357596362139,0.2491939997019186
S_350,51.04,17.17,2024-10-01,0.4391681007181971,-0.4498515448257272,0.0025235828702701
S_350,51.04,17.17,2024-11-01,0.364650365400685,-0.4066496277615538,-0.0548662469220074
S_350,51.04,17.17,2024-12-01,0.2855385340664554,-0.3063687420238622,0.0196383413939139
S_350,51.04,17.17,2025-01-01,0.3310364408517992,-0.4127028804549594,-0.0452331915791386
S_350,51.04,17.17,2025-02-01,0.3002348926032356,-0.3688473817735433,-0.0611483519963648
S_350,51.04,17.17,2025-03-01,0.2973951557359494,-0.3520163797408498,-0.0713932620365885
S_350,51.04,17.17,2025-04-01,0.5330009069366987,-0.4841310584599892,0.1362576084160541
S_350,51.04,17.17,2025-05-01,0.5562969696284735,-0.4968707320535415,0.1730227089800012
S_350,51.04,17.17,2025-06-01,0.6222165558928481,-0.5754593328207454,0.2253801315735533
S_350,51.04,17.17,2025-07-01,0.5973495548007232,-0.5578181839473692,0.1955096816927238
S_350,51.04,17.17,2025-08-01,0.5803973852000566,-0.539905109917257,0.1507335604064856
S_350,51.04,17.17,2025-09-01,0.5220562528399996,-0.5024460660973157,0.0822113097290636
S_350,51.04,17.17,2025-10-01,0.3190800882231736,-0.2851138268713375,0.1276593585471945
S_350,51.04,17.17,2025-11-01,0.411348408412988,-0.4525583625797913,-0.0013616985230713
S_350,51.04,17.17,2025-12-01,0.3604271844220296,-0.4255427934611691,-0.0459711875225355
S_350,51.04,17.17,2026-01-01,0.3046517209820632,-0.3854807495083358,0.0343975214309276
S_350,51.04,17.17,2026-02-01,0.269123157602639,-0.3597108611092178,-0.1193082696738018
S_350,51.04,17.17,2026-03-01,0.2825585951775988,-0.37411876197436,-0.1029654927482553
S_351,51.06,17.17,2023-06-01,0.6248,-0.532,0.3096
S_351,51.06,17.17,2023-07-01,0.5082,-0.4503,0.1544
S_351,51.06,17.17,2023-08-01,0.4994,-0.4394,0.0575
S_351,51.06,17.17,2023-09-01,0.5298,-0.4694,0.1403
S_351,51.06,17.17,2023-10-01,0.4934,-0.4372,0.0645
S_351,51.06,17.17,2023-11-01,0.341,-0.2896,0.1563
S_351,51.06,17.17,2023-12-01,0.2815,-0.2824,-0.0014
S_351,51.06,17.17,2024-01-01,0.112,-0.1211,0.3825
S_351,51.06,17.17,2024-02-01,0.3781179401369178,-0.6039182506991643,-0.1028558509441253
S_351,51.06,17.17,2024-03-01,0.2473,-0.2036,0.023
S_351,51.06,17.17,2024-04-01,0.608,-0.5139,0.2287
S_351,51.06,17.17,2024-05-01,0.5781,-0.4819,0.2381
S_351,51.06,17.17,2024-06-01,0.4166,-0.3098,0.317
S_351,51.06,17.17,2024-07-01,0.4541,-0.4122,0.0207
S_351,51.06,17.17,2024-08-01,0.4832,-0.4152,0.077
S_351,51.06,17.17,2024-09-01,0.1765,-0.1932,0.4887
S_351,51.06,17.17,2024-10-01,0.3163,-0.309,-0.0196
S_351,51.06,17.17,2024-11-01,0.2642,-0.2753,-0.1042
S_351,51.06,17.17,2024-12-01,0.2097,-0.196,-0.011
S_351,51.06,17.17,2025-01-01,0.2342,-0.2876,-0.0709
S_351,51.06,17.17,2025-02-01,0.2334,-0.27,-0.0343
S_351,51.06,17.17,2025-03-01,0.2326,-0.2594,-0.062
S_351,51.06,17.17,2025-04-01,0.5168,-0.4175,0.1486
S_351,51.06,17.17,2025-05-01,0.526,-0.4265,0.1839
S_351,51.06,17.17,2025-06-01,0.5943,-0.5285,0.2397
S_351,51.06,17.17,2025-07-01,0.6482,-0.5886,0.2378
S_351,51.06,17.17,2025-08-01,0.5499,-0.4747,0.1631
S_351,51.06,17.17,2025-09-01,0.5021,-0.439,0.1394
S_351,51.06,17.17,2025-10-01,0.37807909064348,-0.3345657867455256,0.1500167410819274
S_351,51.06,17.17,2025-11-01,0.311,-0.3379,-0.0632
S_351,51.06,17.17,2025-12-01,0.2481,-0.2975,-0.1341
S_351,51.06,17.17,2026-01-01,0.2333,-0.2994,0.0526
S_351,51.06,17.17,2026-02-01,0.1909,-0.2723,-0.1111
S_351,51.06,17.17,2026-03-01,0.1995,-0.2783,-0.1154
S_352,51.08,17.17,2023-06-01,0.5897576483220068,-0.5478720944679625,0.2112308093449716
S_352,51.08,17.17,2023-07-01,0.6000373546352907,-0.5590504452040871,0.1805135557273129
S_352,51.08,17.17,2023-08-01,0.6199345072702027,-0.5580233337710776,0.1524661106935919
S_352,51.08,17.17,2023-09-01,0.6359946740504506,-0.5796135158283728,0.1900995348419785
S_352,51.08,17.17,2023-10-01,0.5283383248666418,-0.5187293574556407,0.0486938634394054
S_352,51.08,17.17,2023-11-01,0.3011208078043591,-0.3236816771972283,0.0469175143887784
S_352,51.08,17.17,2023-12-01,0.3482428333722849,-0.3899082862254451,-0.0152968636012809
S_352,51.08,17.17,2024-01-01,0.1687063127251562,-0.198366712109233,0.4027871984473766
S_352,51.08,17.17,2024-02-01,0.4124861296894474,-0.6630502051409293,-0.0975850721688803
S_352,51.08,17.17,2024-03-01,0.3152855139621932,-0.3349193633867677,-0.0226554422488957
S_352,51.08,17.17,2024-04-01,0.5191228355412292,-0.4887000798111967,0.1040921225277638
S_352,51.08,17.17,2024-05-01,0.5530257558810475,-0.5150101468456445,0.1579683401314294
S_352,51.08,17.17,2024-06-01,0.5242077811551754,-0.4657259252001147,0.207961891175972
S_352,51.08,17.17,2024-07-01,0.5407340421107483,-0.5105065054044283,0.0888055186463567
S_352,51.08,17.17,2024-08-01,0.5608889228361044,-0.5192893480916693,0.1175917702240404
S_352,51.08,17.17,2024-09-01,0.4599857631291135,-0.4559562130069107,0.2232977938514346
S_352,51.08,17.17,2024-10-01,0.4737503255352173,-0.4813046447920019,0.0341385340791384
S_352,51.08,17.17,2024-11-01,0.4212655092797229,-0.4488920193364512,0.0009093527675464
S_352,51.08,17.17,2024-12-01,0.3220659744700177,-0.3403843510940861,0.0558335205243451
S_352,51.08,17.17,2025-01-01,0.3622726160780721,-0.4297300717319566,-0.0012558674861257
S_352,51.08,17.17,2025-02-01,0.3302149677548167,-0.3906959897375542,-0.0298052860429008
S_352,51.08,17.17,2025-03-01,0.3311411489016758,-0.3828220745475891,-0.0473043956222685
S_352,51.08,17.17,2025-04-01,0.5510756395997001,-0.5098263738229982,0.1611676424046232
S_352,51.08,17.17,2025-05-01,0.5525320851206644,-0.4987816399175509,0.1806472689062576
S_352,51.08,17.17,2025-06-01,0.6313341783357168,-0.5858717655566346,0.2423205661726727
S_352,51.08,17.17,2025-07-01,0.6101627816011249,-0.5733559074027939,0.2134751744331325
S_352,51.08,17.17,2025-08-01,0.5983578575320065,-0.5496051663418158,0.1665206790368177
S_352,51.08,17.17,2025-09-01,0.550866864852414,-0.5210887466938114,0.1150871021048879
S_352,51.08,17.17,2025-10-01,0.4437413214019242,-0.4032933875128006,0.1586696713419918
S_352,51.08,17.17,2025-11-01,0.4491137085100727,-0.4782657418681489,0.0274478304080892
S_352,51.08,17.17,2025-12-01,0.4071212804690485,-0.4532733138256473,0.0166922354138585
S_352,51.08,17.17,2026-01-01,0.3431183766373082,-0.4114578809227538,0.0617503887779157
S_352,51.08,17.17,2026-02-01,0.3048922918372272,-0.386254472040203,-0.0876663432545973
S_352,51.08,17.17,2026-03-01,0.320998275631368,-0.4022808857630718,-0.0660364243062373
S_353,51.1,17.17,2023-06-01,0.588,-0.5637,0.1842
S_353,51.1,17.17,2023-07-01,0.6401,-0.6072,0.1932
S_353,51.1,17.17,2023-08-01,0.6395,-0.5863,0.1503
S_353,51.1,17.17,2023-09-01,0.6541,-0.607,0.1775
S_353,51.1,17.17,2023-10-01,0.5521,-0.5432,0.0544
S_353,51.1,17.17,2023-11-01,0.1557,-0.2376,-0.0664
S_353,51.1,17.17,2023-12-01,0.3724,-0.4236,-0.0325
S_353,51.1,17.17,2024-01-01,0.1952,-0.2376,0.3888
S_353,51.1,17.17,2024-02-01,0.3899,-0.6406,-0.0803
S_353,51.1,17.17,2024-03-01,0.3359,-0.3757,-0.0563
S_353,51.1,17.17,2024-04-01,0.5248,-0.5015,0.089
S_353,51.1,17.17,2024-05-01,0.5353,-0.5183,0.1279
S_353,51.1,17.17,2024-06-01,0.5057,-0.4632,0.1584
S_353,51.1,17.17,2024-07-01,0.5765,-0.5452,0.1167
S_353,51.1,17.17,2024-08-01,0.6014,-0.5579,0.1451
S_353,51.1,17.17,2024-09-01,0.5901,-0.5678,0.12
S_353,51.1,17.17,2024-10-01,0.5144,-0.5318,0.0282
S_353,51.1,17.17,2024-11-01,0.4408,-0.487,0.0053
S_353,51.1,17.17,2024-12-01,0.313,-0.3602,0.0245
S_353,51.1,17.17,2025-01-01,0.3468,-0.444,-0.03
S_353,51.1,17.17,2025-02-01,0.3165,-0.4017,-0.0757
S_353,51.1,17.17,2025-03-01,0.3068,-0.389,-0.0995
S_353,51.1,17.17,2025-04-01,0.5248,-0.5096,0.1072
S_353,51.1,17.17,2025-05-01,0.4905,-0.4697,0.1038
S_353,51.1,17.17,2025-06-01,0.6666,-0.6181,0.2413
S_353,51.1,17.17,2025-07-01,0.6196,-0.579,0.2023
S_353,51.1,17.17,2025-08-01,0.6273,-0.5741,0.1892
S_353,51.1,17.17,2025-09-01,0.5551,-0.5383,0.0856
S_353,51.1,17.17,2025-10-01,0.4437098939485465,-0.4029494908816018,0.1567419184635008
S_353,51.1,17.17,2025-11-01,0.461,-0.5026,0.0232
S_353,51.1,17.17,2025-12-01,0.4255,-0.4901,0.0437
S_353,51.1,17.17,2026-01-01,0.357,-0.4413,0.031
S_353,51.1,17.17,2026-02-01,0.3192,-0.4077,-0.1042
S_353,51.1,17.17,2026-03-01,0.3387,-0.43,-0.0653
S_354,51.12,17.17,2023-06-01,0.6419,-0.6039,0.2409
S_354,51.12,17.17,2023-07-01,0.6149,-0.5988,0.1914
S_354,51.12,17.17,2023-08-01,0.603,-0.5691,0.1225
S_354,51.12,17.17,2023-09-01,0.6047,-0.5832,0.1395
S_354,51.12,17.17,2023-10-01,0.5517,-0.5346,0.0899
S_354,51.12,17.17,2023-11-01,0.5309,-0.5349,0.1063
S_354,51.12,17.17,2023-12-01,0.4266,-0.4394,0.0434
S_354,51.12,17.17,2024-01-01,0.2354,-0.2642,0.3682
S_354,51.12,17.17,2024-02-01,0.4577,-0.6708,-0.0565
S_354,51.12,17.17,2024-03-01,0.3869,-0.3958,0.0153
S_354,51.12,17.17,2024-04-01,0.5771,-0.5114,0.147
S_354,51.12,17.17,2024-05-01,0.6124,-0.5752,0.1861
S_354,51.12,17.17,2024-06-01,0.6023,-0.5494,0.2156
S_354,51.12,17.17,2024-07-01,0.5674,-0.5502,0.093
S_354,51.12,17.17,2024-08-01,0.5586,-0.5407,0.0955
S_354,51.12,17.17,2024-09-01,0.6373,-0.604,0.1594
S_354,51.12,17.17,2024-10-01,0.5918,-0.5794,0.0819
S_354,51.12,17.17,2024-11-01,0.5198,-0.538,0.0559
S_354,51.12,17.17,2024-12-01,0.3786,-0.3957,0.0723
S_354,51.12,17.17,2025-01-01,0.4134,-0.4818,0.0286
S_354,51.12,17.17,2025-02-01,0.3749,-0.4366,0.0021
S_354,51.12,17.17,2025-03-01,0.3682,-0.4253,-0.056
S_354,51.12,17.17,2025-04-01,0.6242,-0.5732,0.1866
S_354,51.12,17.17,2025-05-01,0.607,-0.5555,0.1853
S_354,51.12,17.17,2025-06-01,0.676,-0.6365,0.2516
S_354,51.12,17.17,2025-07-01,0.6039,-0.5813,0.1984
S_354,51.12,17.17,2025-08-01,0.6242,-0.5905,0.1649
S_354,51.12,17.17,2025-09-01,0.6198,-0.5898,0.1508
S_354,51.12,17.17,2025-10-01,0.4566,-0.406,0.1545
S_354,51.12,17.17,2025-11-01,0.5203,-0.5522,0.0652
S_354,51.12,17.17,2025-12-01,0.4566,-0.5184,0.0425
S_354,51.12,17.17,2026-01-01,0.3675,-0.4567,0.0337
S_354,51.12,17.17,2026-02-01,0.3219,-0.4154,-0.1019
S_354,51.12,17.17,2026-03-01,0.3443,-0.4393,-0.0747
S_355,51.14,17.17,2023-06-01,0.6277029203556894,-0.592089404530693,0.2710808224631722
S_355,51.14,17.17,2023-07-01,0.5613120074807391,-0.5608509103681514,0.1689392318074725
S_355,51.14,17.17,2023-08-01,0.5617818724926208,-0.535268453007471,0.1092121602517492
S_355,51.14,17.17,2023-09-01,0.5605363114429901,-0.5435702572015669,0.1262134992868054
S_355,51.14,17.17,2023-10-01,0.4748001128765696,-0.4623722472473741,0.0792767226850011
S_355,51.14,17.17,2023-11-01,0.4303377770549453,-0.4487107619361892,0.1017748221403697
S_355,51.14,17.17,2023-12-01,0.428421841934937,-0.4421934148092779,0.05523165986419
S_355,51.14,17.17,2024-01-01,0.2505173499593723,-0.2834661106752804,0.3599335604013133
S_355,51.14,17.17,2024-02-01,0.399675463450286,-0.5701880489493237,-0.0607272476922965
S_355,51.14,17.17,2024-03-01,0.3744131304704214,-0.3814153764576768,0.0139608645328268
S_355,51.14,17.17,2024-04-01,0.5342717256579633,-0.4936554587860138,0.1580559239381316
S_355,51.14,17.17,2024-05-01,0.5806287395131011,-0.5516555784858787,0.1826783906448143
S_355,51.14,17.17,2024-06-01,0.492302239192721,-0.4554516013052359,0.1998234466248171
S_355,51.14,17.17,2024-07-01,0.52997458955943,-0.5249593892471873,0.0759102597095597
S_355,51.14,17.17,2024-08-01,0.5224517608730614,-0.5159850487948263,0.0780875672614437
S_355,51.14,17.17,2024-09-01,0.5577575189413925,-0.5458315869095325,0.1051640642219731
S_355,51.14,17.17,2024-10-01,0.5390639843986808,-0.5444929331189192,0.0665111968708445
S_355,51.14,17.17,2024-11-01,0.493859083706189,-0.5076765699113915,0.0799081733407491
S_355,51.14,17.17,2024-12-01,0.3966927968807827,-0.4087695195629713,0.1125011628992685
S_355,51.14,17.17,2025-01-01,0.4263219217436617,-0.4846395042863144,0.0594499236141117
S_355,51.14,17.17,2025-02-01,0.3858568542494343,-0.4439909362456463,0.0143827463725196
S_355,51.14,17.17,2025-03-01,0.3820934148131659,-0.4316996311805678,-0.0166476377261496
S_355,51.14,17.17,2025-04-01,0.5912195395204337,-0.5571905109931908,0.1918185527662104
S_355,51.14,17.17,2025-05-01,0.5806355339089279,-0.5428820087358843,0.2062070668788551
S_355,51.14,17.17,2025-06-01,0.6191155292356783,-0.5958303042946396,0.2217391354703952
S_355,51.14,17.17,2025-07-01,0.5545684530120821,-0.5504605521530564,0.1707468037493038
S_355,51.14,17.17,2025-08-01,0.578862452687281,-0.555475270775549,0.1407476377237982
S_355,51.14,17.17,2025-09-01,0.5558033524449666,-0.544029164764733,0.1162840455086195
S_355,51.14,17.17,2025-10-01,0.3962493621130505,-0.3751013555726806,0.109784238182405
S_355,51.14,17.17,2025-11-01,0.4619777328179638,-0.5098768988368955,0.0359414048271209
S_355,51.14,17.17,2025-12-01,0.4285605521401299,-0.4954749019431397,0.0464246494164882
S_355,51.14,17.17,2026-01-01,0.3499046282099166,-0.4413751744289693,0.0119598943149676
S_355,51.14,17.17,2026-02-01,0.2981141571249566,-0.3952625490210769,-0.105186773189699
S_355,51.14,17.17,2026-03-01,0.3169839092727025,-0.4157900857366841,-0.079497056274871
S_356,51.16,17.17,2023-06-01,0.5577,-0.5394,0.2381
S_356,51.16,17.17,2023-07-01,0.5129,-0.5263,0.1415
S_356,51.16,17.17,2023-08-01,0.4853,-0.4842,0.0797
S_356,51.16,17.17,2023-09-01,0.5198,-0.5125,0.1182
S_356,51.16,17.17,2023-10-01,0.3104,-0.3115,0.058
S_356,51.16,17.17,2023-11-01,0.4646,-0.4834,0.0695
S_356,51.16,17.17,2023-12-01,0.3999,-0.4147,0.0592
S_356,51.16,17.17,2024-01-01,0.2338,-0.265,0.3631
S_356,51.16,17.17,2024-02-01,0.3601,-0.4598,-0.0542
S_356,51.16,17.17,2024-03-01,0.363,-0.3638,0.0209
S_356,51.16,17.17,2024-04-01,0.5298,-0.5057,0.1675
S_356,51.16,17.17,2024-05-01,0.5568,-0.5369,0.2015
S_356,51.16,17.17,2024-06-01,0.4687,-0.4451,0.1541
S_356,51.16,17.17,2024-07-01,0.4295,-0.4573,-0.0011
S_356,51.16,17.17,2024-08-01,0.4386,-0.4546,0.0266
S_356,51.16,17.17,2024-09-01,0.53,-0.5158,0.1081
S_356,51.16,17.17,2024-10-01,0.5041,-0.5155,0.0853
S_356,51.16,17.17,2024-11-01,0.4826,-0.4907,0.1264
S_356,51.16,17.17,2024-12-01,0.4145,-0.4097,0.1751
S_356,51.16,17.17,2025-01-01,0.4515,-0.4854,0.1173
S_356,51.16,17.17,2025-02-01,0.4036,-0.4497,0.0553
S_356,51.16,17.17,2025-03-01,0.3935,-0.435,0.0359
S_356,51.16,17.17,2025-04-01,0.569,-0.5451,0.2441
S_356,51.16,17.17,2025-05-01,0.5501,-0.522,0.2428
S_356,51.16,17.17,2025-06-01,0.5406,-0.5381,0.2057
S_356,51.16,17.17,2025-07-01,0.4621,-0.4947,0.1371
S_356,51.16,17.17,2025-08-01,0.5252,-0.5083,0.1061
S_356,51.16,17.17,2025-09-01,0.4726,-0.4879,0.0687
S_356,51.16,17.17,2025-10-01,0.3599,-0.3645,0.0672
S_356,51.16,17.17,2025-11-01,0.396,-0.4579,0.0138
S_356,51.16,17.17,2025-12-01,0.3769,-0.4468,0.0242
S_356,51.16,17.17,2026-01-01,0.3141,-0.408,-0.0168
S_356,51.16,17.17,2026-02-01,0.2749,-0.3674,-0.1035
S_356,51.16,17.17,2026-03-01,0.2897,-0.3832,-0.0881
S_357,51.18,17.17,2023-06-01,0.5994,-0.5619,0.2086
S_357,51.18,17.17,2023-07-01,0.5895,-0.5529,0.1732
S_357,51.18,17.17,2023-08-01,0.5746,-0.5276,0.1334
S_357,51.18,17.17,2023-09-01,0.5949,-0.5486,0.1646
S_357,51.18,17.17,2023-10-01,0.7866,-0.7078,0.2806
S_357,51.18,17.17,2023-11-01,0.4759,-0.5031,0.0289
S_357,51.18,17.17,2023-12-01,0.3844,-0.4139,0.0054
S_357,51.18,17.17,2024-01-01,0.2555,-0.303,0.3178
S_357,51.18,17.17,2024-02-01,0.3215,-0.4459,-0.1016
S_357,51.18,17.17,2024-03-01,0.187,-0.1809,0.015
S_357,51.18,17.17,2024-04-01,0.4043,-0.396,0.0596
S_357,51.18,17.17,2024-05-01,0.5194,-0.4926,0.13
S_357,51.18,17.17,2024-06-01,0.5381,-0.4811,0.1777
S_357,51.18,17.17,2024-07-01,0.5713,-0.5274,0.1386
S_357,51.18,17.17,2024-08-01,0.5742,-0.5284,0.1469
S_357,51.18,17.17,2024-09-01,0.5841,-0.5511,0.1436
S_357,51.18,17.17,2024-10-01,0.4598,-0.4904,-0.0074
S_357,51.18,17.17,2024-11-01,0.4071,-0.4571,-0.0183
S_357,51.18,17.17,2024-12-01,0.3185,-0.354,0.0242
S_357,51.18,17.17,2025-01-01,0.3562,-0.4443,-0.028
S_357,51.18,17.17,2025-02-01,0.3178,-0.3963,-0.059
S_357,51.18,17.17,2025-03-01,0.2994,-0.3709,-0.0946
S_357,51.18,17.17,2025-04-01,0.5309,-0.5067,0.1124
S_357,51.18,17.17,2025-05-01,0.521,-0.4809,0.1321
S_357,51.18,17.17,2025-06-01,0.5984,-0.5615,0.1883
S_357,51.18,17.17,2025-07-01,0.5597,-0.5261,0.1639
S_357,51.18,17.17,2025-08-01,0.5835,-0.5344,0.1702
S_357,51.18,17.17,2025-09-01,0.5643,-0.5303,0.1505
S_357,51.18,17.17,2025-10-01,0.4572,-0.4307,0.131
S_357,51.18,17.17,2025-11-01,0.4638,-0.506,0.0528
S_357,51.18,17.17,2025-12-01,0.4207,-0.4896,0.0416
S_357,51.18,17.17,2026-01-01,0.3484,-0.4352,0.0302
S_357,51.18,17.17,2026-02-01,0.3078,-0.3972,-0.0913
S_357,51.18,17.17,2026-03-01,0.3259,-0.4166,-0.0657
S_358,51.2,17.17,2023-06-01,0.7766,-0.7076,0.362
S_358,51.2,17.17,2023-07-01,0.7417,-0.6998,0.2789
S_358,51.2,17.17,2023-08-01,0.7149,-0.6646,0.2048
S_358,51.2,17.17,2023-09-01,0.7405,-0.6868,0.2441
S_358,51.2,17.17,2023-10-01,0.5444413223524855,-0.507995687185601,0.1559822807095441
S_358,51.2,17.17,2023-11-01,0.6134,-0.6206,0.0903
S_358,51.2,17.17,2023-12-01,0.468,-0.4814,0.0159
S_358,51.2,17.17,2024-01-01,0.3261,-0.3634,0.2775
S_358,51.2,17.17,2024-02-01,0.4327,-0.5081,0.0156
S_358,51.2,17.17,2024-03-01,0.4138,-0.4282,-0.0177
S_358,51.2,17.17,2024-04-01,0.6451,-0.5632,0.1816
S_358,51.2,17.17,2024-05-01,0.7277,-0.6608,0.2569
S_358,51.2,17.17,2024-06-01,0.7629,-0.6845,0.3047
S_358,51.2,17.17,2024-07-01,0.7401,-0.6769,0.2293
S_358,51.2,17.17,2024-08-01,0.7397,-0.6728,0.2346
S_358,51.2,17.17,2024-09-01,0.7174,-0.6778,0.1986
S_358,51.2,17.17,2024-10-01,0.5879,-0.6007,0.045
S_358,51.2,17.17,2024-11-01,0.5075,-0.5487,0.0014
S_358,51.2,17.17,2024-12-01,0.4312,-0.4396,0.0503
S_358,51.2,17.17,2025-01-01,0.4706,-0.5437,-0.002
S_358,51.2,17.17,2025-02-01,0.4006,-0.468,-0.0341
S_358,51.2,17.17,2025-03-01,0.378,-0.4404,-0.1109
S_358,51.2,17.17,2025-04-01,0.7016,-0.612,0.2334
S_358,51.2,17.17,2025-05-01,0.745,-0.644,0.2798
S_358,51.2,17.17,2025-06-01,0.7897,-0.7326,0.3401
S_358,51.2,17.17,2025-07-01,0.7446,-0.6916,0.3001
S_358,51.2,17.17,2025-08-01,0.7601,-0.6995,0.2767
S_358,51.2,17.17,2025-09-01,0.7461,-0.6842,0.2685
S_358,51.2,17.17,2025-10-01,0.5938,-0.5613,0.197
S_358,51.2,17.17,2025-11-01,0.5577,-0.596,0.0612
S_358,51.2,17.17,2025-12-01,0.5235,-0.5865,0.0482
S_358,51.2,17.17,2026-01-01,0.3673,-0.4281,0.1441
S_358,51.2,17.17,2026-02-01,0.3849,-0.4844,-0.1147
S_358,51.2,17.17,2026-03-01,0.4175,-0.5142,-0.0859
S_359,51.22,17.17,2023-06-01,0.7602,-0.6925,0.3573
S_359,51.22,17.17,2023-07-01,0.708,-0.6771,0.2601
S_359,51.22,17.17,2023-08-01,0.6766,-0.6373,0.1763
S_359,51.22,17.17,2023-09-01,0.6818,-0.6477,0.2019
S_359,51.22,17.17,2023-10-01,0.4521471181452727,-0.4284823841365282,0.1038751561925628
S_359,51.22,17.17,2023-11-01,0.6266,-0.6172,0.1187
S_359,51.22,17.17,2023-12-01,0.4916,-0.4852,0.0667
S_359,51.22,17.17,2024-01-01,0.3938,-0.4368,0.2057
S_359,51.22,17.17,2024-02-01,0.4379,-0.4637,0.0903
S_359,51.22,17.17,2024-03-01,0.4906,-0.472,0.0653
S_359,51.22,17.17,2024-04-01,0.6017,-0.5522,0.173
S_359,51.22,17.17,2024-05-01,0.7107,-0.6456,0.2705
S_359,51.22,17.17,2024-06-01,0.726,-0.6531,0.295
S_359,51.22,17.17,2024-07-01,0.6893,-0.6476,0.1929
S_359,51.22,17.17,2024-08-01,0.711,-0.6584,0.2139
S_359,51.22,17.17,2024-09-01,0.7021,-0.6667,0.1982
S_359,51.22,17.17,2024-10-01,0.6278,-0.6194,0.0984
S_359,51.22,17.17,2024-11-01,0.5307,-0.5488,0.0665
S_359,51.22,17.17,2024-12-01,0.4734,-0.4654,0.0942
S_359,51.22,17.17,2025-01-01,0.4991,-0.5457,0.0686
S_359,51.22,17.17,2025-02-01,0.442,-0.4935,0.0128
S_359,51.22,17.17,2025-03-01,0.4356,-0.4767,-0.0382
S_359,51.22,17.17,2025-04-01,0.742,-0.6514,0.2827
S_359,51.22,17.17,2025-05-01,0.6951,-0.6175,0.2747
S_359,51.22,17.17,2025-06-01,0.7502,-0.7047,0.3203
S_359,51.22,17.17,2025-07-01,0.6979,-0.6576,0.2839
S_359,51.22,17.17,2025-08-01,0.6687,-0.6405,0.1923
S_359,51.22,17.17,2025-09-01,0.6848,-0.6413,0.2086
S_359,51.22,17.17,2025-10-01,0.5535,-0.5306,0.1678
S_359,51.22,17.17,2025-11-01,0.618,-0.6191,0.1392
S_359,51.22,17.17,2025-12-01,0.573,-0.6077,0.142
S_359,51.22,17.17,2026-01-01,0.4328,-0.4792,0.1339
S_359,51.22,17.17,2026-02-01,0.4177,-0.4993,-0.0575
S_359,51.22,17.17,2026-03-01,0.446,-0.5252,-0.0352
S_360,51.24,17.17,2023-06-01,0.6658,-0.6427,0.3526
S_360,51.24,17.17,2023-07-01,0.5355,-0.5683,0.1679
S_360,51.24,17.17,2023-08-01,0.4287,-0.4705,-0.0059
S_360,51.24,17.17,2023-09-01,0.4289,-0.4692,0.0074
S_360,51.24,17.17,2023-10-01,0.4451223146874919,-0.4222109092826311,0.1003156434100774
S_360,51.24,17.17,2023-11-01,0.5262,-0.5382,0.1233
S_360,51.24,17.17,2023-12-01,0.4551,-0.4575,0.1182
S_360,51.24,17.17,2024-01-01,0.3502,-0.4087,0.1489
S_360,51.24,17.17,2024-02-01,0.4015,-0.4241,0.0942
S_360,51.24,17.17,2024-03-01,0.579,-0.5032,0.2914
S_360,51.24,17.17,2024-04-01,0.5623,-0.5381,0.2113
S_360,51.24,17.17,2024-05-01,0.6141,-0.592,0.2739
S_360,51.24,17.17,2024-06-01,0.6659,-0.6093,0.2781
S_360,51.24,17.17,2024-07-01,0.448,-0.4887,0.0099
S_360,51.24,17.17,2024-08-01,0.4325,-0.4683,0.0208
S_360,51.24,17.17,2024-09-01,0.5094,-0.5187,0.0877
S_360,51.24,17.17,2024-10-01,0.4336,-0.4758,0.034
S_360,51.24,17.17,2024-11-01,0.4631,-0.4877,0.0973
S_360,51.24,17.17,2024-12-01,0.4367,-0.4404,0.1304
S_360,51.24,17.17,2025-01-01,0.4266,-0.4701,0.128
S_360,51.24,17.17,2025-02-01,0.4053,-0.4665,0.0324
S_360,51.24,17.17,2025-03-01,0.4448,-0.4713,0.0535
S_360,51.24,17.17,2025-04-01,0.6387,-0.6165,0.2924
S_360,51.24,17.17,2025-05-01,0.6147,-0.5911,0.2866
S_360,51.24,17.17,2025-06-01,0.6737,-0.6449,0.3079
S_360,51.24,17.17,2025-07-01,0.5309,-0.5429,0.1914
S_360,51.24,17.17,2025-08-01,0.4539,-0.4989,0.021
S_360,51.24,17.17,2025-09-01,0.4548,-0.4783,0.0339
S_360,51.24,17.17,2025-10-01,0.4272,-0.4457,0.0826
S_360,51.24,17.17,2025-11-01,0.4788,-0.5135,0.0969
S_360,51.24,17.17,2025-12-01,0.4259,-0.4748,0.1288
S_360,51.24,17.17,2026-01-01,0.3045,-0.3823,0.097
S_360,51.24,17.17,2026-02-01,0.2985,-0.4013,-0.0176
S_360,51.24,17.17,2026-03-01,0.3159,-0.4163,-0.0187
S_361,50.96,17.19,2023-06-01,0.7493572795209259,-0.6982091202014775,0.4448192271490583
S_361,50.96,17.19,2023-07-01,0.5147058310180076,-0.5553736261868701,0.2008890425520807
S_361,50.96,17.19,2023-08-01,0.4693027276491595,-0.4980692470645676,-0.0171942887273875
S_361,50.96,17.19,2023-09-01,0.5288462986739496,-0.5363967837869176,0.0434053424737429
S_361,50.96,17.19,2023-10-01,0.5592693502639687,-0.5639071865895392,0.0433688685765397
S_361,50.96,17.19,2023-11-01,0.4433139080244579,-0.4319983953213563,0.0765970796530815
S_361,50.96,17.19,2023-12-01,0.5374775401341724,-0.5268941923594931,0.1387317630468735
S_361,50.96,17.19,2024-01-01,0.2262453353009926,-0.2384500598541994,0.5971497309346393
S_361,50.96,17.19,2024-02-01,0.4358723456895878,-0.5790729103667572,-0.054063832005044
S_361,50.96,17.19,2024-03-01,0.5650115656935777,-0.5389238222832278,0.1272157122131197
S_361,50.96,17.19,2024-04-01,0.6097540302424145,-0.5840507176939961,0.2168113331165845
S_361,50.96,17.19,2024-05-01,0.6061795136377197,-0.5916231809808148,0.2382456077854239
S_361,50.96,17.19,2024-06-01,0.6060629178346828,-0.5702938235295507,0.1883873580464385
S_361,50.96,17.19,2024-07-01,0.4933188583143971,-0.5249748620512374,0.0326754235501731
S_361,50.96,17.19,2024-08-01,0.5030161471714663,-0.5218854740564723,0.0264955245647428
S_361,50.96,17.19,2024-09-01,0.466949185981983,-0.5087508704700519,-0.0239371220544705
S_361,50.96,17.19,2024-10-01,0.4167216891643445,-0.4783852249428192,-0.0764600470897637
S_361,50.96,17.19,2024-11-01,0.5138762575172363,-0.5365384776281564,0.0436243837732706
S_361,50.96,17.19,2024-12-01,0.4327688218226897,-0.4282849923599423,0.1591765699030815
S_361,50.96,17.19,2025-01-01,0.5013120240023287,-0.5482824738891737,0.0717777328021401
S_361,50.96,17.19,2025-02-01,0.4569946740455182,-0.5120303441942051,-0.0235499965760518
S_361,50.96,17.19,2025-03-01,0.4791754634464311,-0.5156568542497679,-0.0084307295523228
S_361,50.96,17.19,2025-04-01,0.6054629509024725,-0.600316379738548,0.2076629343769195
S_361,50.96,17.19,2025-05-01,0.5774551463809043,-0.572758691507993,0.1982924844918741
S_361,50.96,17.19,2025-06-01,0.6924040268318619,-0.6594152003262348,0.3063163233209983
S_361,50.96,17.19,2025-07-01,0.6025364642338077,-0.6036626453683185,0.2440446541022556
S_361,50.96,17.19,2025-08-01,0.5142090472241441,-0.5432755831596783,0.0612640243058749
S_361,50.96,17.19,2025-09-01,0.46811235293329,-0.505093879974228,-0.015356525330471
S_361,50.96,17.19,2025-10-01,0.2730948378551928,-0.2937892149950358,0.008787398518863
S_361,50.96,17.19,2025-11-01,0.479327769291428,-0.5195520333602737,-0.0028860754488324
S_361,50.96,17.19,2025-12-01,0.5092810054478085,-0.5477052296155256,0.0444791282743008
S_361,50.96,17.19,2026-01-01,0.4092200445734681,-0.48694066718155,0.0380863712961513
S_361,50.96,17.19,2026-02-01,0.3740791282837044,-0.4570755831585406,-0.1102297427944355
S_361,50.96,17.19,2026-03-01,0.3930939996748409,-0.4746871819107173,-0.111597690751066
S_362,50.98,17.19,2023-06-01,0.6909,-0.6396,0.3657
S_362,50.98,17.19,2023-07-01,0.5455,-0.5719,0.2175
S_362,50.98,17.19,2023-08-01,0.5377,-0.5429,0.0694
S_362,50.98,17.19,2023-09-01,0.5498,-0.5573,0.0873
S_362,50.98,17.19,2023-10-01,0.5298,-0.556,-0.0025
S_362,50.98,17.19,2023-11-01,0.437,-0.4237,0.083
S_362,50.98,17.19,2023-12-01,0.5061,-0.4993,0.1208
S_362,50.98,17.19,2024-01-01,0.224,-0.2369,0.5853
S_362,50.98,17.19,2024-02-01,0.4026604716853703,-0.5593109165261574,-0.0737273092118964
S_362,50.98,17.19,2024-03-01,0.5897,-0.5437,0.1708
S_362,50.98,17.19,2024-04-01,0.6808,-0.6452,0.275
S_362,50.98,17.19,2024-05-01,0.7071,-0.6674,0.3416
S_362,50.98,17.19,2024-06-01,0.6883,-0.6217,0.299
S_362,50.98,17.19,2024-07-01,0.3818,-0.4539,-0.0676
S_362,50.98,17.19,2024-08-01,0.4096,-0.457,-0.0722
S_362,50.98,17.19,2024-09-01,0.4396,-0.4844,-0.0466
S_362,50.98,17.19,2024-10-01,0.4293,-0.4702,-0.0782
S_362,50.98,17.19,2024-11-01,0.5575,-0.5517,0.077
S_362,50.98,17.19,2024-12-01,0.4491,-0.4333,0.189
S_362,50.98,17.19,2025-01-01,0.5181,-0.5536,0.0944
S_362,50.98,17.19,2025-02-01,0.4599,-0.5128,-0.0247
S_362,50.98,17.19,2025-03-01,0.4737,-0.5134,-0.0171
S_362,50.98,17.19,2025-04-01,0.6053,-0.5961,0.2139
S_362,50.98,17.19,2025-05-01,0.5681,-0.5613,0.1955
S_362,50.98,17.19,2025-06-01,0.6516,-0.633,0.2625
S_362,50.98,17.19,2025-07-01,0.573,-0.5858,0.1955
S_362,50.98,17.19,2025-08-01,0.5092,-0.5378,0.0476
S_362,50.98,17.19,2025-09-01,0.4778,-0.508,-0.0238
S_362,50.98,17.19,2025-10-01,0.2939694675127748,-0.2965897281612408,0.0520804150451009
S_362,50.98,17.19,2025-11-01,0.4715,-0.5112,-0.0245
S_362,50.98,17.19,2025-12-01,0.5295,-0.5591,0.0751
S_362,50.98,17.19,2026-01-01,0.4403,-0.5086,0.0829
S_362,50.98,17.19,2026-02-01,0.4116,-0.4803,-0.081
S_362,50.98,17.19,2026-03-01,0.4284,-0.4949,-0.0615
S_363,51.0,17.19,2023-06-01,0.7175535017943583,-0.664705903974842,0.3767068109297882
S_363,51.0,17.19,2023-07-01,0.5527139080127208,-0.5722061599309671,0.1919602466066313
S_363,51.0,17.19,2023-08-01,0.5453458568856464,-0.5433066815217786,0.0564750216577748
S_363,51.0,17.19,2023-09-01,0.5520180078042912,-0.5568170210490917,0.0801725596330549
S_363,51.0,17.19,2023-10-01,0.531430929053727,-0.5519301914187006,0.0151258191413325
S_363,51.0,17.19,2023-11-01,0.4433678584410384,-0.4376901655376886,0.0761654762142158
S_363,51.0,17.19,2023-12-01,0.4873036414590602,-0.4988129942236947,0.0842688052939932
S_363,51.0,17.19,2024-01-01,0.2090081733356031,-0.2295212639026685,0.5545019170757616
S_363,51.0,17.19,2024-02-01,0.3982179490909564,-0.5584461126364306,-0.0770228338605271
S_363,51.0,17.19,2024-03-01,0.4946332314932236,-0.4833818559653753,0.0817355008402377
S_363,51.0,17.19,2024-04-01,0.5814030799767419,-0.5650331915906236,0.1597587548025658
S_363,51.0,17.19,2024-05-01,0.6097402419590894,-0.5886289322105992,0.2155324773589335
S_363,51.0,17.19,2024-06-01,0.6249995183271032,-0.5820010665696955,0.2040869328244481
S_363,51.0,17.19,2024-07-01,0.5149799554087897,-0.5364932785629347,0.0446793939152533
S_363,51.0,17.19,2024-08-01,0.5409972488974806,-0.5418201574125477,0.0520950029237625
S_363,51.0,17.19,2024-09-01,0.439380516939492,-0.4772707953555129,0.0146913848430129
S_363,51.0,17.19,2024-10-01,0.449928178008404,-0.4928439398183551,-0.0634849689957418
S_363,51.0,17.19,2024-11-01,0.5071864043794423,-0.5293630706210424,0.0211810054629553
S_363,51.0,17.19,2024-12-01,0.4104872948070225,-0.4126663432711182,0.1357351086727245
S_363,51.0,17.19,2025-01-01,0.4842906637780882,-0.5387602232356057,0.0479586185630387
S_363,51.0,17.19,2025-02-01,0.4309635922292099,-0.491421280450919,-0.0437544321056863
S_363,51.0,17.19,2025-03-01,0.445807123339916,-0.4924311947219116,-0.037078407156829
S_363,51.0,17.19,2025-04-01,0.6463034254008905,-0.6173916904132534,0.2293510067013552
S_363,51.0,17.19,2025-05-01,0.6489664395665139,-0.6052098743460984,0.2422081334197533
S_363,51.0,17.19,2025-06-01,0.6790782709074916,-0.6583361917256754,0.2877573758320759
S_363,51.0,17.19,2025-07-01,0.5745092165152222,-0.5850497474640498,0.2213584988204177
S_363,51.0,17.19,2025-08-01,0.5220858097944089,-0.5434104592208686,0.061587726864449
S_363,51.0,17.19,2025-09-01,0.5049604957085077,-0.5223580171436287,0.0068171008457187
S_363,51.0,17.19,2025-10-01,0.2871513975405423,-0.2725286080327982,0.0892939494660802
S_363,51.0,17.19,2025-11-01,0.4781678350707586,-0.5231127616425767,0.0019424878992435
S_363,51.0,17.19,2025-12-01,0.4866488006225579,-0.544710980822772,0.0302901655427445
S_363,51.0,17.19,2026-01-01,0.3957863878402365,-0.4809791448124951,0.0303984352199301
S_363,51.0,17.19,2026-02-01,0.3526068576738101,-0.446690125636692,-0.1164610173016028
S_363,51.0,17.19,2026-03-01,0.3720533325054833,-0.4661630141835645,-0.1130813275307066
S_364,51.02,17.19,2023-06-01,0.7722,-0.7102,0.4022
S_364,51.02,17.19,2023-07-01,0.5917,-0.5889,0.1932
S_364,51.02,17.19,2023-08-01,0.5741,-0.5559,0.0687
S_364,51.02,17.19,2023-09-01,0.5272,-0.5451,0.0552
S_364,51.02,17.19,2023-10-01,0.5759,-0.5707,0.0851
S_364,51.02,17.19,2023-11-01,0.4859,-0.4673,0.1153
S_364,51.02,17.19,2023-12-01,0.4958,-0.5191,0.0791
S_364,51.02,17.19,2024-01-01,0.2197,-0.2473,0.5308
S_364,51.02,17.19,2024-02-01,0.3777695886681316,-0.5992552344880349,-0.0995173186847411
S_364,51.02,17.19,2024-03-01,0.4367,-0.4497,0.0451
S_364,51.02,17.19,2024-04-01,0.5371,-0.5266,0.0985
S_364,51.02,17.19,2024-05-01,0.5553,-0.5478,0.1318
S_364,51.02,17.19,2024-06-01,0.5708,-0.5475,0.1351
S_364,51.02,17.19,2024-07-01,0.6295,-0.6043,0.1214
S_364,51.02,17.19,2024-08-01,0.6598,-0.6173,0.1424
S_364,51.02,17.19,2024-09-01,0.3796,-0.4013,0.1218
S_364,51.02,17.19,2024-10-01,0.4567,-0.5097,-0.0589
S_364,51.02,17.19,2024-11-01,0.4162,-0.4944,-0.0584
S_364,51.02,17.19,2024-12-01,0.3253,-0.3703,0.0396
S_364,51.02,17.19,2025-01-01,0.4077,-0.5127,-0.04
S_364,51.02,17.19,2025-02-01,0.3578,-0.4498,-0.1018
S_364,51.02,17.19,2025-03-01,0.3719,-0.449,-0.0898
S_364,51.02,17.19,2025-04-01,0.6724,-0.6245,0.2295
S_364,51.02,17.19,2025-05-01,0.7489,-0.6533,0.2946
S_364,51.02,17.19,2025-06-01,0.7508,-0.7037,0.3259
S_364,51.02,17.19,2025-07-01,0.6069,-0.5997,0.2605
S_364,51.02,17.19,2025-08-01,0.5917,-0.589,0.1274
S_364,51.02,17.19,2025-09-01,0.5626,-0.5602,0.0684
S_364,51.02,17.19,2025-10-01,0.2844069808313012,-0.2680877713325051,0.0927864517342201
S_364,51.02,17.19,2025-11-01,0.4847,-0.5437,0.035
S_364,51.02,17.19,2025-12-01,0.4776,-0.5565,0.0274
S_364,51.02,17.19,2026-01-01,0.3797,-0.481,0.0154
S_364,51.02,17.19,2026-02-01,0.3364,-0.4486,-0.1357
S_364,51.02,17.19,2026-03-01,0.353,-0.4676,-0.1121
S_365,51.04,17.19,2023-06-01,0.6751627251616712,-0.6102820720032669,0.3018311382662058
S_365,51.04,17.19,2023-07-01,0.6168291881246984,-0.5733069773721077,0.2013368729402417
S_365,51.04,17.19,2023-08-01,0.6148808925828603,-0.5584685960875302,0.1312502360029287
S_365,51.04,17.19,2023-09-01,0.6057082531427987,-0.5662949698998091,0.1544619875218634
S_365,51.04,17.19,2023-10-01,0.5850617783206925,-0.5523032395810742,0.1034791847180597
S_365,51.04,17.19,2023-11-01,0.4826997802911535,-0.4580744448218334,0.1379435895413139
S_365,51.04,17.19,2023-12-01,0.402025257655099,-0.4220776598344263,0.0136791448104569
S_365,51.04,17.19,2024-01-01,0.2013024785677828,-0.2225030400646371,0.4766173265956984
S_365,51.04,17.19,2024-02-01,0.379949840270451,-0.6053302411997767,-0.1000886672121856
S_365,51.04,17.19,2024-03-01,0.3873468291215889,-0.3896558515511066,0.0410542676597974
S_365,51.04,17.19,2024-04-01,0.5849092165227087,-0.5286014918131057,0.1489882416329869
S_365,51.04,17.19,2024-05-01,0.600948006543806,-0.5477464981919629,0.1875754235509538
S_365,51.04,17.19,2024-06-01,0.5926672239759627,-0.5323455182785617,0.2352651005578855
S_365,51.04,17.19,2024-07-01,0.5984766263491962,-0.5647796664151813,0.1048612099908481
S_365,51.04,17.19,2024-08-01,0.5898330222691771,-0.5390162338010758,0.1019520732601804
S_365,51.04,17.19,2024-09-01,0.4090781979747092,-0.4123404745129875,0.2207629577604651
S_365,51.04,17.19,2024-10-01,0.4584324043594087,-0.4709052364685863,-0.0126403946899984
S_365,51.04,17.19,2024-11-01,0.4182291647625308,-0.4706082696810555,-0.0524329989075685
S_365,51.04,17.19,2024-12-01,0.3294736261778634,-0.3609105156617669,0.0540192105917219
S_365,51.04,17.19,2025-01-01,0.3897585222080194,-0.4766872782546996,-0.0473665194062898
S_365,51.04,17.19,2025-02-01,0.3272737458955036,-0.3928451260966126,-0.0745739950109207
S_365,51.04,17.19,2025-03-01,0.3441048043561326,-0.4094719416918437,-0.090374749183697
S_365,51.04,17.19,2025-04-01,0.6248073461984529,-0.5662995582098851,0.1897270384869761
S_365,51.04,17.19,2025-05-01,0.6567218886888506,-0.5651526017012343,0.2394959167548362
S_365,51.04,17.19,2025-06-01,0.6975611204733893,-0.6400425112744911,0.2866638481523045
S_365,51.04,17.19,2025-07-01,0.5548107722002713,-0.5506113998135732,0.2040733226416859
S_365,51.04,17.19,2025-08-01,0.6157621801997224,-0.5829028074866879,0.1645426406811428
S_365,51.04,17.19,2025-09-01,0.587757053750602,-0.5635498671728066,0.1130954350381197
S_365,51.04,17.19,2025-10-01,0.3645679261168127,-0.3192963695735759,0.1399880937825739
S_365,51.04,17.19,2025-11-01,0.4625467541469898,-0.4996703603768209,0.0245503722400711
S_365,51.04,17.19,2025-12-01,0.4536401854898607,-0.5134298625037537,0.0016992458303386
S_365,51.04,17.19,2026-01-01,0.3633400093459064,-0.443496069517914,0.0385493621169366
S_365,51.04,17.19,2026-02-01,0.3062999669353206,-0.4012415245316085,-0.1211617549470284
S_365,51.04,17.19,2026-03-01,0.3430475812877745,-0.4431359426277776,-0.1023656854235957
S_366,51.06,17.19,2023-06-01,0.6057,-0.5643,0.2132
S_366,51.06,17.19,2023-07-01,0.6026,-0.5628,0.1735
S_366,51.06,17.19,2023-08-01,0.6212,-0.5641,0.1488
S_366,51.06,17.19,2023-09-01,0.6356,-0.5845,0.1905
S_366,51.06,17.19,2023-10-01,0.5751,-0.5494,0.0964
S_366,51.06,17.19,2023-11-01,0.4586103436034588,-0.4307212949416596,0.1449318052693968
S_366,51.06,17.19,2023-12-01,0.3897,-0.416,-0.0067
S_366,51.06,17.19,2024-01-01,0.1734,-0.1937,0.4313
S_366,51.06,17.19,2024-02-01,0.4103366291595086,-0.6605853974662119,-0.1005989794019188
S_366,51.06,17.19,2024-03-01,0.3918,-0.4132,0.0286
S_366,51.06,17.19,2024-04-01,0.5362,-0.5034,0.1137
S_366,51.06,17.19,2024-05-01,0.5659,-0.5273,0.1466
S_366,51.06,17.19,2024-06-01,0.5958,-0.5538,0.1839
S_366,51.06,17.19,2024-07-01,0.5669,-0.535,0.0959
S_366,51.06,17.19,2024-08-01,0.5792,-0.5381,0.1162
S_366,51.06,17.19,2024-09-01,0.537,-0.5204,0.1926
S_366,51.06,17.19,2024-10-01,0.5492,-0.5386,0.0739
S_366,51.06,17.19,2024-11-01,0.4644,-0.4818,0.0152
S_366,51.06,17.19,2024-12-01,0.3854,-0.3918,0.0966
S_366,51.06,17.19,2025-01-01,0.4043,-0.4679,-0.0022
S_366,51.06,17.19,2025-02-01,0.3566,-0.4097,-0.0383
S_366,51.06,17.19,2025-03-01,0.3596,-0.4112,-0.051
S_366,51.06,17.19,2025-04-01,0.5982,-0.5397,0.1761
S_366,51.06,17.19,2025-05-01,0.6016,-0.5441,0.194
S_366,51.06,17.19,2025-06-01,0.6435,-0.5965,0.2277
S_366,51.06,17.19,2025-07-01,0.5936,-0.5504,0.2104
S_366,51.06,17.19,2025-08-01,0.6059,-0.5581,0.168
S_366,51.06,17.19,2025-09-01,0.5952,-0.5579,0.1454
S_366,51.06,17.19,2025-10-01,0.3592762202783687,-0.3289131945450771,0.1317315667035604
S_366,51.06,17.19,2025-11-01,0.4858,-0.5139,0.0425
S_366,51.06,17.19,2025-12-01,0.4379,-0.483,0.0028
S_366,51.06,17.19,2026-01-01,0.3555,-0.4233,0.0317
S_366,51.06,17.19,2026-02-01,0.3248,-0.4118,-0.1011
S_366,51.06,17.19,2026-03-01,0.3398,-0.4261,-0.085
S_367,51.08,17.19,2023-06-01,0.5452,-0.5363,0.1385
S_367,51.08,17.19,2023-07-01,0.65,-0.617,0.1989
S_367,51.08,17.19,2023-08-01,0.7082,-0.6358,0.2372
S_367,51.08,17.19,2023-09-01,0.7151,-0.6505,0.2467
S_367,51.08,17.19,2023-10-01,0.5662,-0.5809,0.0573
S_367,51.08,17.19,2023-11-01,0.2098233108677409,-0.2453446460810068,0.0426595020944496
S_367,51.08,17.19,2023-12-01,0.3671,-0.4358,-0.0221
S_367,51.08,17.19,2024-01-01,0.1956,-0.2397,0.4169
S_367,51.08,17.19,2024-02-01,0.424352032299288,-0.6756605675807927,-0.0827016046670062
S_367,51.08,17.19,2024-03-01,0.3461,-0.4044,-0.0451
S_367,51.08,17.19,2024-04-01,0.4878,-0.4845,0.0522
S_367,51.08,17.19,2024-05-01,0.5551,-0.5401,0.1315
S_367,51.08,17.19,2024-06-01,0.5997,-0.5619,0.1655
S_367,51.08,17.19,2024-07-01,0.5731,-0.5568,0.124
S_367,51.08,17.19,2024-08-01,0.5912,-0.5668,0.1347
S_367,51.08,17.19,2024-09-01,0.5589,-0.5613,0.0829
S_367,51.08,17.19,2024-10-01,0.5372,-0.5626,0.0657
S_367,51.08,17.19,2024-11-01,0.5307,-0.5505,0.0952
S_367,51.08,17.19,2024-12-01,0.4212,-0.4339,0.1536
S_367,51.08,17.19,2025-01-01,0.4761,-0.5306,0.0978
S_367,51.08,17.19,2025-02-01,0.4223,-0.475,0.0285
S_367,51.08,17.19,2025-03-01,0.4339,-0.48,0.0222
S_367,51.08,17.19,2025-04-01,0.6196,-0.5867,0.2426
S_367,51.08,17.19,2025-05-01,0.6064,-0.5681,0.2448
S_367,51.08,17.19,2025-06-01,0.6245,-0.6035,0.2563
S_367,51.08,17.19,2025-07-01,0.5744,-0.5687,0.2025
S_367,51.08,17.19,2025-08-01,0.5518,-0.5414,0.1098
S_367,51.08,17.19,2025-09-01,0.5678,-0.5523,0.1071
S_367,51.08,17.19,2025-10-01,0.4329714792284949,-0.3994362188091489,0.1485327047122069
S_367,51.08,17.19,2025-11-01,0.5494,-0.5691,0.1117
S_367,51.08,17.19,2025-12-01,0.526,-0.5512,0.1503
S_367,51.08,17.19,2026-01-01,0.4303,-0.4853,0.1229
S_367,51.08,17.19,2026-02-01,0.3905,-0.4607,-0.0382
S_367,51.08,17.19,2026-03-01,0.4115,-0.4817,-0.004
S_368,51.1,17.19,2023-06-01,0.6118,-0.5807,0.2316
S_368,51.1,17.19,2023-07-01,0.5734,-0.5715,0.1767
S_368,51.1,17.19,2023-08-01,0.6379,-0.5758,0.17
S_368,51.1,17.19,2023-09-01,0.6487,-0.5965,0.1983
S_368,51.1,17.19,2023-10-01,0.4906,-0.5115,0.0061
S_368,51.1,17.19,2023-11-01,0.2041,-0.2649,-0.0265
S_368,51.1,17.19,2023-12-01,0.3818,-0.4294,-0.001
S_368,51.1,17.19,2024-01-01,0.1947,-0.2364,0.4032
S_368,51.1,17.19,2024-02-01,0.4233,-0.6975,-0.1056
S_368,51.1,17.19,2024-03-01,0.3387,-0.3647,-0.0079
S_368,51.1,17.19,2024-04-01,0.4297,-0.4409,0.0226
S_368,51.1,17.19,2024-05-01,0.5397,-0.5217,0.1246
S_368,51.1,17.19,2024-06-01,0.5436,-0.5014,0.1834
S_368,51.1,17.19,2024-07-01,0.5324,-0.5233,0.0801
S_368,51.1,17.19,2024-08-01,0.5706,-0.5447,0.1119
S_368,51.1,17.19,2024-09-01,0.54,-0.545,0.066
S_368,51.1,17.19,2024-10-01,0.4895,-0.5176,-0.0085
S_368,51.1,17.19,2024-11-01,0.461,-0.4968,0.01
S_368,51.1,17.19,2024-12-01,0.3536,-0.3843,0.0564
S_368,51.1,17.19,2025-01-01,0.3901,-0.4691,0.0108
S_368,51.1,17.19,2025-02-01,0.3563,-0.4266,-0.041
S_368,51.1,17.19,2025-03-01,0.3607,-0.4193,-0.0433
S_368,51.1,17.19,2025-04-01,0.5398,-0.532,0.1401
S_368,51.1,17.19,2025-05-01,0.5335,-0.5158,0.1443
S_368,51.1,17.19,2025-06-01,0.6088,-0.5897,0.2033
S_368,51.1,17.19,2025-07-01,0.5666,-0.5541,0.1677
S_368,51.1,17.19,2025-08-01,0.6263,-0.5804,0.1917
S_368,51.1,17.19,2025-09-01,0.5899,-0.5687,0.1337
S_368,51.1,17.19,2025-10-01,0.4243597472228716,-0.396012106657565,0.1394786289040846
S_368,51.1,17.19,2025-11-01,0.4266,-0.4869,0.0147
S_368,51.1,17.19,2025-12-01,0.4002,-0.4792,0.0126
S_368,51.1,17.19,2026-01-01,0.3478,-0.4395,0.0057
S_368,51.1,17.19,2026-02-01,0.3098,-0.4009,-0.1041
S_368,51.1,17.19,2026-03-01,0.3293,-0.423,-0.0767
S_369,51.12,17.19,2023-06-01,0.594,-0.5726,0.2125
S_369,51.12,17.19,2023-07-01,0.6051,-0.5975,0.185
S_369,51.12,17.19,2023-08-01,0.603,-0.5695,0.1268
S_369,51.12,17.19,2023-09-01,0.5956,-0.5727,0.1379
S_369,51.12,17.19,2023-10-01,0.5738,-0.5514,0.1028
S_369,51.12,17.19,2023-11-01,0.1123,-0.1546,0.1745
S_369,51.12,17.19,2023-12-01,0.4286,-0.456,0.0764
S_369,51.12,17.19,2024-01-01,0.222,-0.257,0.4167
S_369,51.12,17.19,2024-02-01,0.4263,-0.6301,-0.0327
S_369,51.12,17.19,2024-03-01,0.4257,-0.4394,0.1043
S_369,51.12,17.19,2024-04-01,0.4952,-0.484,0.1066
S_369,51.12,17.19,2024-05-01,0.5379,-0.5229,0.1461
S_369,51.12,17.19,2024-06-01,0.5712,-0.5151,0.2136
S_369,51.12,17.19,2024-07-01,0.6068,-0.5798,0.1502
S_369,51.12,17.19,2024-08-01,0.654,-0.5994,0.1878
S_369,51.12,17.19,2024-09-01,0.5377,-0.5507,0.0663
S_369,51.12,17.19,2024-10-01,0.4781,-0.5183,-0.0149
S_369,51.12,17.19,2024-11-01,0.4554,-0.4927,0.0282
S_369,51.12,17.19,2024-12-01,0.3845,-0.4126,0.092
S_369,51.12,17.19,2025-01-01,0.411,-0.4841,0.0376
S_369,51.12,17.19,2025-02-01,0.3735,-0.4361,-0.0068
S_369,51.12,17.19,2025-03-01,0.3818,-0.4337,-0.0373
S_369,51.12,17.19,2025-04-01,0.5831,-0.5621,0.1663
S_369,51.12,17.19,2025-05-01,0.5594,-0.5379,0.1562
S_369,51.12,17.19,2025-06-01,0.6469,-0.6299,0.2393
S_369,51.12,17.19,2025-07-01,0.5888,-0.5848,0.1923
S_369,51.12,17.19,2025-08-01,0.653,-0.61,0.2066
S_369,51.12,17.19,2025-09-01,0.6291,-0.6033,0.1659
S_369,51.12,17.19,2025-10-01,0.3727,-0.3744,0.0861
S_369,51.12,17.19,2025-11-01,0.4138,-0.488,-0.0213
S_369,51.12,17.19,2025-12-01,0.3755,-0.4756,-0.0004
S_369,51.12,17.19,2026-01-01,0.3153,-0.4277,-0.013
S_369,51.12,17.19,2026-02-01,0.2689,-0.3828,-0.118
S_369,51.12,17.19,2026-03-01,0.2875,-0.405,-0.085
S_370,51.14,17.19,2023-06-01,0.6509089357842871,-0.6130683766229336,0.2880589178229432
S_370,51.14,17.19,2023-07-01,0.5675611652332174,-0.5709853246985571,0.180655321108232
S_370,51.14,17.19,2023-08-01,0.5392001046218776,-0.5270893398387546,0.0875683333103526
S_370,51.14,17.19,2023-09-01,0.5572708152723899,-0.5443938600122141,0.1187744732705366
S_370,51.14,17.19,2023-10-01,0.5054741668694908,-0.4897710752178444,0.088653239578176
S_370,51.14,17.19,2023-11-01,0.3901703207871989,-0.4102692493814905,0.1093690729271443
S_370,51.14,17.19,2023-12-01,0.4317022727790863,-0.4467910029411484,0.0695765368472262
S_370,51.14,17.19,2024-01-01,0.2485787842617063,-0.2811124891706158,0.3597500866412694
S_370,51.14,17.19,2024-02-01,0.4156951226711896,-0.5813505483804619,-0.0395044768718025
S_370,51.14,17.19,2024-03-01,0.3830045635105261,-0.3930680628037609,0.0369916126009573
S_370,51.14,17.19,2024-04-01,0.5387931024287221,-0.5115426406887184,0.1552297510633382
S_370,51.14,17.19,2024-05-01,0.5713905158395749,-0.5496649278330302,0.1878249783376671
S_370,51.14,17.19,2024-06-01,0.576095000111226,-0.5261292713640435,0.222662514533684
S_370,51.14,17.19,2024-07-01,0.5471874315938132,-0.541503935890607,0.0923149965232409
S_370,51.14,17.19,2024-08-01,0.5589945816947376,-0.542081901276184,0.1062141343221891
S_370,51.14,17.19,2024-09-01,0.5305777487809793,-0.536058492003099,0.0737654688188937
S_370,51.14,17.19,2024-10-01,0.4868817639133403,-0.5120684991881347,0.0191342025775873
S_370,51.14,17.19,2024-11-01,0.4760990511600241,-0.4979479797542936,0.0611870237297804
S_370,51.14,17.19,2024-12-01,0.4032572547057678,-0.4127169480775407,0.1215033008585351
S_370,51.14,17.19,2025-01-01,0.4274122366383687,-0.4858259884618127,0.0602091449869402
S_370,51.14,17.19,2025-02-01,0.3890156854276049,-0.4473676623517016,0.0114778787413235
S_370,51.14,17.19,2025-03-01,0.3883187770777522,-0.4369451226746356,-0.0185731926647002
S_370,51.14,17.19,2025-04-01,0.5968636038967897,-0.5696941558710438,0.2067096500448382
S_370,51.14,17.19,2025-05-01,0.5813211724187479,-0.5520946176137292,0.1819150144824381
S_370,51.14,17.19,2025-06-01,0.652409718729513,-0.623384444539447,0.2718810390693115
S_370,51.14,17.19,2025-07-01,0.573595000106358,-0.5681094228789686,0.2156087519164775
S_370,51.14,17.19,2025-08-01,0.5923028824353147,-0.5709276515689825,0.1564711544509931
S_370,51.14,17.19,2025-09-01,0.5593801948375536,-0.5513272511134518,0.1153735497962242
S_370,51.14,17.19,2025-10-01,0.3927852380498982,-0.3841662950882127,0.0909625504514568
S_370,51.14,17.19,2025-11-01,0.4690814321309359,-0.521924577880878,0.0246607647748929
S_370,51.14,17.19,2025-12-01,0.4181851767749523,-0.491621111135161,0.0392957323433307
S_370,51.14,17.19,2026-01-01,0.3358793939268804,-0.4327307611844588,0.0098558874504498
S_370,51.14,17.19,2026-02-01,0.2953831998455208,-0.3960862914972554,-0.1046038059222148
S_370,51.14,17.19,2026-03-01,0.3161371103723869,-0.4216068542499367,-0.0775143614890015
S_371,51.16,17.19,2023-06-01,0.7038,-0.6513,0.4004
S_371,51.16,17.19,2023-07-01,0.5352,-0.5564,0.1964
S_371,51.16,17.19,2023-08-01,0.4684,-0.4853,0.0292
S_371,51.16,17.19,2023-09-01,0.5119,-0.5112,0.0854
S_371,51.16,17.19,2023-10-01,0.5424,-0.5225,0.0953
S_371,51.16,17.19,2023-11-01,0.5159,-0.5261,0.0746
S_371,51.16,17.19,2023-12-01,0.4609,-0.4655,0.0886
S_371,51.16,17.19,2024-01-01,0.2694,-0.301,0.3366
S_371,51.16,17.19,2024-02-01,0.4147,-0.5553,-0.0239
S_371,51.16,17.19,2024-03-01,0.3517,-0.3655,-0.0036
S_371,51.16,17.19,2024-04-01,0.5688,-0.5366,0.1928
S_371,51.16,17.19,2024-05-01,0.5862,-0.5674,0.2211
S_371,51.16,17.19,2024-06-01,0.6384,-0.578,0.2852
S_371,51.16,17.19,2024-07-01,0.5565,-0.5566,0.1
S_371,51.16,17.19,2024-08-01,0.5494,-0.5476,0.0885
S_371,51.16,17.19,2024-09-01,0.4484,-0.4877,-0.0036
S_371,51.16,17.19,2024-10-01,0.4093,-0.4558,-0.038
S_371,51.16,17.19,2024-11-01,0.4613,-0.48,0.0518
S_371,51.16,17.19,2024-12-01,0.4315,-0.427,0.1479
S_371,51.16,17.19,2025-01-01,0.4367,-0.4907,0.0648
S_371,51.16,17.19,2025-02-01,0.4042,-0.4646,0.0054
S_371,51.16,17.19,2025-03-01,0.4054,-0.4498,-0.0119
S_371,51.16,17.19,2025-04-01,0.611,-0.5922,0.2349
S_371,51.16,17.19,2025-05-01,0.5921,-0.5701,0.2324
S_371,51.16,17.19,2025-06-01,0.7203,-0.6679,0.3656
S_371,51.16,17.19,2025-07-01,0.6158,-0.594,0.3066
S_371,51.16,17.19,2025-08-01,0.5565,-0.5623,0.136
S_371,51.16,17.19,2025-09-01,0.5083,-0.517,0.0728
S_371,51.16,17.19,2025-10-01,0.391,-0.3924,0.0677
S_371,51.16,17.19,2025-11-01,0.4998,-0.5346,0.063
S_371,51.16,17.19,2025-12-01,0.4629,-0.5204,0.0874
S_371,51.16,17.19,2026-01-01,0.3495,-0.4383,0.0347
S_371,51.16,17.19,2026-02-01,0.3176,-0.416,-0.0939
S_371,51.16,17.19,2026-03-01,0.3362,-0.4349,-0.0791
S_372,51.18,17.19,2023-06-01,0.6800557078576301,-0.6305048373988771,0.3045158181966748
S_372,51.18,17.19,2023-07-01,0.62964495963574,-0.6059262540955224,0.2183136685880756
S_372,51.18,17.19,2023-08-01,0.6106407965959999,-0.5760133961129436,0.1456433549698623
S_372,51.18,17.19,2023-09-01,0.6025599575512736,-0.5694716526502535,0.1700463619282395
S_372,51.18,17.19,2023-10-01,0.5692158289634139,-0.5326494809812665,0.1583864299137338
S_372,51.18,17.19,2023-11-01,0.5301767460358077,-0.5372695030198917,0.0822053259368264
S_372,51.18,17.19,2023-12-01,0.4265390955558446,-0.4418003853497986,0.025368300228345
S_372,51.18,17.19,2024-01-01,0.2613147186150915,-0.3004724068467796,0.2957159146188677
S_372,51.18,17.19,2024-02-01,0.3750269917273756,-0.4778338094955256,-0.0371365440525626
S_372,51.18,17.19,2024-03-01,0.3039839023981106,-0.2900329521477511,0.0100844707605119
S_372,51.18,17.19,2024-04-01,0.4740422319318702,-0.4466782310075267,0.1156266628038674
S_372,51.18,17.19,2024-05-01,0.5710968635663606,-0.544102382195315,0.1808909362150512
S_372,51.18,17.19,2024-06-01,0.5819419497528364,-0.530989082416069,0.2179773075253773
S_372,51.18,17.19,2024-07-01,0.6381606650034449,-0.6002634160419789,0.1682011395231639
S_372,51.18,17.19,2024-08-01,0.6357375239296923,-0.5945988536195765,0.1705608411564527
S_372,51.18,17.19,2024-09-01,0.5575956442658311,-0.5503012991269026,0.1023542793578089
S_372,51.18,17.19,2024-10-01,0.4764234300873564,-0.5059777493329198,0.0113339622932892
S_372,51.18,17.19,2024-11-01,0.4483954282082293,-0.4744878961784869,0.0506535981230779
S_372,51.18,17.19,2024-12-01,0.3836943052021408,-0.3959426406711246,0.0856232140282928
S_372,51.18,17.19,2025-01-01,0.4126287161149186,-0.4789259485419053,0.0278501892376784
S_372,51.18,17.19,2025-02-01,0.3681488171373893,-0.4390016445746149,-0.0369054222970294
S_372,51.18,17.19,2025-03-01,0.3572183367016175,-0.4151192670214157,-0.053819562890632
S_372,51.18,17.19,2025-04-01,0.5950748785694963,-0.5563771080194662,0.1707905275003585
S_372,51.18,17.19,2025-05-01,0.5689463385689923,-0.5334777094177453,0.1850910890039787
S_372,51.18,17.19,2025-06-01,0.7116067544794169,-0.659308342633676,0.3009589639689052
S_372,51.18,17.19,2025-07-01,0.6502407002301795,-0.6093525714658378,0.2586930459510109
S_372,51.18,17.19,2025-08-01,0.6581336897947305,-0.613934620107765,0.2196743968825172
S_372,51.18,17.19,2025-09-01,0.6189927900396853,-0.586279971947494,0.1695549138180175
S_372,51.18,17.19,2025-10-01,0.4566061433760071,-0.4411635591242309,0.1159442123011542
S_372,51.18,17.19,2025-11-01,0.5157805169095517,-0.5500881851909243,0.0613079008543805
S_372,51.18,17.19,2025-12-01,0.4358408433063253,-0.4973245764386839,0.0439188816783226
S_372,51.18,17.19,2026-01-01,0.3487950029668517,-0.4278302478602191,0.0747736991401861
S_372,51.18,17.19,2026-02-01,0.3142568377137493,-0.4072693667841601,-0.1008024785651065
S_372,51.18,17.19,2026-03-01,0.3592065618089876,-0.4536676190171237,-0.0794259485519634
S_373,51.2,17.19,2023-06-01,0.6687,-0.6238,0.2639
S_373,51.2,17.19,2023-07-01,0.685,-0.6421,0.2425
S_373,51.2,17.19,2023-08-01,0.7152,-0.6525,0.2325
S_373,51.2,17.19,2023-09-01,0.7594,-0.6889,0.2968
S_373,51.2,17.19,2023-10-01,0.5850062436925608,-0.5432664261233894,0.1678627761211997
S_373,51.2,17.19,2023-11-01,0.6451,-0.6207,0.1521
S_373,51.2,17.19,2023-12-01,0.405,-0.418,-0.0112
S_373,51.2,17.19,2024-01-01,0.2785,-0.3225,0.1851
S_373,51.2,17.19,2024-02-01,0.3481,-0.4109,-0.0232
S_373,51.2,17.19,2024-03-01,0.2956,-0.226,0.0385
S_373,51.2,17.19,2024-04-01,0.4096,-0.3657,0.0578
S_373,51.2,17.19,2024-05-01,0.6178,-0.5774,0.177
S_373,51.2,17.19,2024-06-01,0.6494,-0.5946,0.2362
S_373,51.2,17.19,2024-07-01,0.7146,-0.6626,0.2228
S_373,51.2,17.19,2024-08-01,0.7101,-0.6525,0.231
S_373,51.2,17.19,2024-09-01,0.6598,-0.6365,0.163
S_373,51.2,17.19,2024-10-01,0.5406,-0.565,0.0271
S_373,51.2,17.19,2024-11-01,0.4526,-0.4749,0.0649
S_373,51.2,17.19,2024-12-01,0.3793,-0.3971,0.0215
S_373,51.2,17.19,2025-01-01,0.4175,-0.4972,-0.0165
S_373,51.2,17.19,2025-02-01,0.3595,-0.4356,-0.0591
S_373,51.2,17.19,2025-03-01,0.3412,-0.4106,-0.1184
S_373,51.2,17.19,2025-04-01,0.568,-0.5309,0.1208
S_373,51.2,17.19,2025-05-01,0.5727,-0.5258,0.1453
S_373,51.2,17.19,2025-06-01,0.7609,-0.6967,0.3213
S_373,51.2,17.19,2025-07-01,0.7085,-0.6498,0.2763
S_373,51.2,17.19,2025-08-01,0.7623,-0.6846,0.3125
S_373,51.2,17.19,2025-09-01,0.6945,-0.6423,0.2154
S_373,51.2,17.19,2025-10-01,0.59,-0.5546,0.1836
S_373,51.2,17.19,2025-11-01,0.5541,-0.5772,0.0682
S_373,51.2,17.19,2025-12-01,0.4656,-0.5177,0.0167
S_373,51.2,17.19,2026-01-01,0.3354,-0.4098,0.1104
S_373,51.2,17.19,2026-02-01,0.3452,-0.4368,-0.1153
S_373,51.2,17.19,2026-03-01,0.3743,-0.4667,-0.0889
S_374,51.22,17.19,2023-06-01,0.6678,-0.6347,0.2759
S_374,51.22,17.19,2023-07-01,0.608,-0.6137,0.1554
S_374,51.22,17.19,2023-08-01,0.5637,-0.5577,0.0713
S_374,51.22,17.19,2023-09-01,0.5815,-0.5692,0.1062
S_374,51.22,17.19,2023-10-01,0.551301616692392,-0.5140601571874385,0.1529201549096949
S_374,51.22,17.19,2023-11-01,0.5072,-0.5429,0.0378
S_374,51.22,17.19,2023-12-01,0.4196,-0.446,0.0131
S_374,51.22,17.19,2024-01-01,0.3235,-0.3876,0.1421
S_374,51.22,17.19,2024-02-01,0.3795,-0.4299,0.0254
S_374,51.22,17.19,2024-03-01,0.3501,-0.3409,0.0722
S_374,51.22,17.19,2024-04-01,0.5772,-0.5352,0.1141
S_374,51.22,17.19,2024-05-01,0.6728,-0.6264,0.2412
S_374,51.22,17.19,2024-06-01,0.681,-0.6232,0.2574
S_374,51.22,17.19,2024-07-01,0.5205,-0.5334,0.0233
S_374,51.22,17.19,2024-08-01,0.521,-0.5256,0.0404
S_374,51.22,17.19,2024-09-01,0.6038,-0.5876,0.1017
S_374,51.22,17.19,2024-10-01,0.571,-0.5829,0.0764
S_374,51.22,17.19,2024-11-01,0.5385,-0.5583,0.1098
S_374,51.22,17.19,2024-12-01,0.4735,-0.4781,0.1276
S_374,51.22,17.19,2025-01-01,0.4776,-0.5315,0.0802
S_374,51.22,17.19,2025-02-01,0.4193,-0.483,-0.0069
S_374,51.22,17.19,2025-03-01,0.4052,-0.46,-0.037
S_374,51.22,17.19,2025-04-01,0.6137,-0.5758,0.1957
S_374,51.22,17.19,2025-05-01,0.5897,-0.5486,0.2007
S_374,51.22,17.19,2025-06-01,0.653,-0.6289,0.2282
S_374,51.22,17.19,2025-07-01,0.5852,-0.581,0.1757
S_374,51.22,17.19,2025-08-01,0.5807,-0.5674,0.1104
S_374,51.22,17.19,2025-09-01,0.5902,-0.5724,0.1241
S_374,51.22,17.19,2025-10-01,0.4936,-0.4903,0.1067
S_374,51.22,17.19,2025-11-01,0.4818,-0.5351,0.0432
S_374,51.22,17.19,2025-12-01,0.4583,-0.5298,0.0505
S_374,51.22,17.19,2026-01-01,0.36,-0.4488,0.0136
S_374,51.22,17.19,2026-02-01,0.3337,-0.4362,-0.1038
S_374,51.22,17.19,2026-03-01,0.3586,-0.4591,-0.08
S_375,51.24,17.19,2023-06-01,0.6662,-0.6422,0.3264
S_375,51.24,17.19,2023-07-01,0.5912,-0.6027,0.1932
S_375,51.24,17.19,2023-08-01,0.4906,-0.5181,0.0321
S_375,51.24,17.19,2023-09-01,0.5048,-0.521,0.071
S_375,51.24,17.19,2023-10-01,0.5121978014254657,-0.4755737666491664,0.1453336212097621
S_375,51.24,17.19,2023-11-01,0.5302,-0.5473,0.0965
S_375,51.24,17.19,2023-12-01,0.4366,-0.449,0.0789
S_375,51.24,17.19,2024-01-01,0.3291,-0.3962,0.1544
S_375,51.24,17.19,2024-02-01,0.358,-0.3989,0.0664
S_375,51.24,17.19,2024-03-01,0.4085,-0.3785,0.1229
S_375,51.24,17.19,2024-04-01,0.5858,-0.5582,0.2379
S_375,51.24,17.19,2024-05-01,0.6021,-0.582,0.2516
S_375,51.24,17.19,2024-06-01,0.6525,-0.6018,0.2659
S_375,51.24,17.19,2024-07-01,0.5398,-0.5494,0.0918
S_375,51.24,17.19,2024-08-01,0.5253,-0.5344,0.092
S_375,51.24,17.19,2024-09-01,0.5224,-0.538,0.0761
S_375,51.24,17.19,2024-10-01,0.444,-0.4896,0.0171
S_375,51.24,17.19,2024-11-01,0.4514,-0.487,0.0666
S_375,51.24,17.19,2024-12-01,0.4141,-0.4283,0.1007
S_375,51.24,17.19,2025-01-01,0.401,-0.4572,0.0937
S_375,51.24,17.19,2025-02-01,0.3748,-0.4505,-0.013
S_375,51.24,17.19,2025-03-01,0.4034,-0.4477,-0.001
S_375,51.24,17.19,2025-04-01,0.6518,-0.6232,0.2763
S_375,51.24,17.19,2025-05-01,0.6148,-0.5861,0.2668
S_375,51.24,17.19,2025-06-01,0.7009,-0.6614,0.3223
S_375,51.24,17.19,2025-07-01,0.4962,-0.5308,0.222
S_375,51.24,17.19,2025-08-01,0.4978,-0.5321,0.0597
S_375,51.24,17.19,2025-09-01,0.4854,-0.5105,0.0501
S_375,51.24,17.19,2025-10-01,0.4554,-0.4725,0.0994
S_375,51.24,17.19,2025-11-01,0.4609,-0.5089,0.0479
S_375,51.24,17.19,2025-12-01,0.4337,-0.4878,0.1104
S_375,51.24,17.19,2026-01-01,0.297,-0.3749,0.1141
S_375,51.24,17.19,2026-02-01,0.3075,-0.4135,-0.0443
S_375,51.24,17.19,2026-03-01,0.3271,-0.4314,-0.041
S_376,50.96,17.21,2023-06-01,0.7043,-0.676,0.3941
S_376,50.96,17.21,2023-07-01,0.5298,-0.5668,0.2001
S_376,50.96,17.21,2023-08-01,0.4824,-0.5049,0.0161
S_376,50.96,17.21,2023-09-01,0.5547,-0.5472,0.0954
S_376,50.96,17.21,2023-10-01,0.6536,-0.6159,0.1745
S_376,50.96,17.21,2023-11-01,0.4559,-0.439,0.0834
S_376,50.96,17.21,2023-12-01,0.5699,-0.5515,0.1994
S_376,50.96,17.21,2024-01-01,0.2411,-0.2505,0.6293
S_376,50.96,17.21,2024-02-01,0.4330158339732662,-0.5783883592300849,-0.0561361253693649
S_376,50.96,17.21,2024-03-01,0.5777,-0.5601,0.1574
S_376,50.96,17.21,2024-04-01,0.5475,-0.5326,0.2043
S_376,50.96,17.21,2024-05-01,0.5878,-0.5739,0.2391
S_376,50.96,17.21,2024-06-01,0.5867,-0.5595,0.1733
S_376,50.96,17.21,2024-07-01,0.4913,-0.5166,0.0551
S_376,50.96,17.21,2024-08-01,0.484,-0.5091,0.034
S_376,50.96,17.21,2024-09-01,0.4459,-0.4927,-0.0124
S_376,50.96,17.21,2024-10-01,0.4169,-0.4782,0.0001
S_376,50.96,17.21,2024-11-01,0.4892,-0.5331,0.0845
S_376,50.96,17.21,2024-12-01,0.434,-0.4313,0.1759
S_376,50.96,17.21,2025-01-01,0.4865,-0.5357,0.1073
S_376,50.96,17.21,2025-02-01,0.4481,-0.5039,0.0212
S_376,50.96,17.21,2025-03-01,0.4779,-0.5104,0.0404
S_376,50.96,17.21,2025-04-01,0.5963,-0.5833,0.2532
S_376,50.96,17.21,2025-05-01,0.5596,-0.5531,0.2385
S_376,50.96,17.21,2025-06-01,0.6421,-0.6196,0.2778
S_376,50.96,17.21,2025-07-01,0.5593,-0.5759,0.2055
S_376,50.96,17.21,2025-08-01,0.5227,-0.5418,0.0899
S_376,50.96,17.21,2025-09-01,0.4279,-0.486,-0.0108
S_376,50.96,17.21,2025-10-01,0.229,-0.2699,0.0025
S_376,50.96,17.21,2025-11-01,0.4794,-0.5187,0.009
S_376,50.96,17.21,2025-12-01,0.5286,-0.5506,0.0973
S_376,50.96,17.21,2026-01-01,0.426,-0.4899,0.0963
S_376,50.96,17.21,2026-02-01,0.4055,-0.4735,-0.0569
S_376,50.96,17.21,2026-03-01,0.4192,-0.4859,-0.0459
S_377,50.98,17.21,2023-06-01,0.6645,-0.6243,0.3192
S_377,50.98,17.21,2023-07-01,0.5229,-0.5376,0.1443
S_377,50.98,17.21,2023-08-01,0.5127,-0.5169,0.0294
S_377,50.98,17.21,2023-09-01,0.4993,-0.5156,0.0204
S_377,50.98,17.21,2023-10-01,0.4834,-0.5042,-0.0034
S_377,50.98,17.21,2023-11-01,0.3605,-0.3791,0.0005
S_377,50.98,17.21,2023-12-01,0.4779,-0.4901,0.0818
S_377,50.98,17.21,2024-01-01,0.1969,-0.2154,0.575
S_377,50.98,17.21,2024-02-01,0.4004018802839975,-0.55913942607416,-0.0756122059641038
S_377,50.98,17.21,2024-03-01,0.6258,-0.5726,0.191
S_377,50.98,17.21,2024-04-01,0.5684,-0.5426,0.1477
S_377,50.98,17.21,2024-05-01,0.5882,-0.5717,0.1994
S_377,50.98,17.21,2024-06-01,0.6158,-0.5697,0.1991
S_377,50.98,17.21,2024-07-01,0.4725,-0.5083,0.0124
S_377,50.98,17.21,2024-08-01,0.5055,-0.5203,0.0208
S_377,50.98,17.21,2024-09-01,0.4924,-0.5194,0.0124
S_377,50.98,17.21,2024-10-01,0.4563,-0.4957,-0.0196
S_377,50.98,17.21,2024-11-01,0.4937,-0.524,0.047
S_377,50.98,17.21,2024-12-01,0.3991,-0.4166,0.122
S_377,50.98,17.21,2025-01-01,0.4445,-0.5104,0.0311
S_377,50.98,17.21,2025-02-01,0.3876,-0.465,-0.0549
S_377,50.98,17.21,2025-03-01,0.3942,-0.4557,-0.0617
S_377,50.98,17.21,2025-04-01,0.5406,-0.5443,0.1202
S_377,50.98,17.21,2025-05-01,0.5201,-0.5189,0.122
S_377,50.98,17.21,2025-06-01,0.6439,-0.6247,0.2124
S_377,50.98,17.21,2025-07-01,0.5898,-0.5869,0.1827
S_377,50.98,17.21,2025-08-01,0.6041,-0.5881,0.1539
S_377,50.98,17.21,2025-09-01,0.5456,-0.5489,0.0779
S_377,50.98,17.21,2025-10-01,0.2873020519309798,-0.3092018604217245,0.0172747589935745
S_377,50.98,17.21,2025-11-01,0.4128,-0.4823,-0.0381
S_377,50.98,17.21,2025-12-01,0.3873,-0.4809,-0.0272
S_377,50.98,17.21,2026-01-01,0.3355,-0.4479,-0.0054
S_377,50.98,17.21,2026-02-01,0.3013,-0.412,-0.1426
S_377,50.98,17.21,2026-03-01,0.313,-0.4281,-0.1251
S_378,51.0,17.21,2023-06-01,0.6622586019961619,-0.6238615058234422,0.2955359260962126
S_378,51.0,17.21,2023-07-01,0.5840475812656065,-0.5836881686508292,0.1875844872898318
S_378,51.0,17.21,2023-08-01,0.5695420626192023,-0.5530015316893155,0.0775026147830164
S_378,51.0,17.21,2023-09-01,0.573888866384787,-0.5677124327216944,0.0946372582852136
S_378,51.0,17.21,2023-10-01,0.525823975026596,-0.5346274802549827,0.0388617150275217
S_378,51.0,17.21,2023-11-01,0.4333853212545725,-0.4307944813524662,0.0672194995926615
S_378,51.0,17.21,2023-12-01,0.4665701209557862,-0.4867690943014678,0.076865260170675
S_378,51.0,17.21,2024-01-01,0.2032200046637813,-0.224256797805785,0.5277853212935689
S_378,51.0,17.21,2024-02-01,0.4131891879215205,-0.5940973929800987,-0.075682785375771
S_378,51.0,17.21,2024-03-01,0.5039072031343995,-0.4955617150548039,0.1036170774941348
S_378,51.0,17.21,2024-04-01,0.5925640738862201,-0.5621163398316844,0.1643476707822566
S_378,51.0,17.21,2024-05-01,0.6118235429441995,-0.5880389194107088,0.2114445908217193
S_378,51.0,17.21,2024-06-01,0.5847815669409965,-0.5487043391978164,0.1687055984324105
S_378,51.0,17.21,2024-07-01,0.5378146787058223,-0.5415987806605044,0.0521591965693665
S_378,51.0,17.21,2024-08-01,0.5494128579750998,-0.5423588112152488,0.0604694397530405
S_378,51.0,17.21,2024-09-01,0.5142379161390525,-0.5216706425653226,0.0574052860388736
S_378,51.0,17.21,2024-10-01,0.4695200445510262,-0.5051059273349174,-0.0360916904279448
S_378,51.0,17.21,2024-11-01,0.4650532925819523,-0.5146935909456564,0.0092760648532595
S_378,51.0,17.21,2024-12-01,0.3696781181584667,-0.3910799388905124,0.1149260847941791
S_378,51.0,17.21,2025-01-01,0.436984567096299,-0.5092528673285179,0.0085732174674901
S_378,51.0,17.21,2025-02-01,0.3845632068494923,-0.4611565652292025,-0.0544587547884146
S_378,51.0,17.21,2025-03-01,0.4112254035879864,-0.4713995912708861,-0.0581562762222279
S_378,51.0,17.21,2025-04-01,0.6075629577110168,-0.5790148548449745,0.1810181274806323
S_378,51.0,17.21,2025-05-01,0.5997958767989756,-0.5687181839174862,0.1949335204670584
S_378,51.0,17.21,2025-06-01,0.6799779254689513,-0.651397096167819,0.2582648913351543
S_378,51.0,17.21,2025-07-01,0.5081515847589282,-0.5423429297171409,0.1585979067952239
S_378,51.0,17.21,2025-08-01,0.5910158250685597,-0.5831723105050871,0.1236701044241737
S_378,51.0,17.21,2025-09-01,0.5854154163357943,-0.5717874144756312,0.103848993279356
S_378,51.0,17.21,2025-10-01,0.2961165836129595,-0.3109356515103249,0.0286732800101198
S_378,51.0,17.21,2025-11-01,0.4702051896881893,-0.5227453917190699,0.0172306565586152
S_378,51.0,17.21,2025-12-01,0.4674030565707304,-0.5302634958555715,0.0310494749802811
S_378,51.0,17.21,2026-01-01,0.3718989733330346,-0.4669618512792917,0.0291325901758858
S_378,51.0,17.21,2026-02-01,0.335805189693093,-0.4379083659999818,-0.1158842381951293
S_378,51.0,17.21,2026-03-01,0.3643608411529119,-0.4637166522165831,-0.095434819640271
S_379,51.02,17.21,2023-06-01,0.749,-0.6873,0.3302
S_379,51.02,17.21,2023-07-01,0.6815,-0.646,0.2321
S_379,51.02,17.21,2023-08-01,0.6507,-0.6107,0.1218
S_379,51.02,17.21,2023-09-01,0.6732,-0.6345,0.1601
S_379,51.02,17.21,2023-10-01,0.654,-0.6278,0.1232
S_379,51.02,17.21,2023-11-01,0.5173,-0.497,0.1302
S_379,51.02,17.21,2023-12-01,0.5248,-0.5308,0.0778
S_379,51.02,17.21,2024-01-01,0.2688,-0.2825,0.4556
S_379,51.02,17.21,2024-02-01,0.380510548656449,-0.6058356001183046,-0.0992290710916804
S_379,51.02,17.21,2024-03-01,0.4581,-0.4618,0.0535
S_379,51.02,17.21,2024-04-01,0.6604,-0.5954,0.1783
S_379,51.02,17.21,2024-05-01,0.696,-0.6357,0.2327
S_379,51.02,17.21,2024-06-01,0.6451,-0.5854,0.2092
S_379,51.02,17.21,2024-07-01,0.5924,-0.5691,0.0397
S_379,51.02,17.21,2024-08-01,0.5805,-0.5547,0.0298
S_379,51.02,17.21,2024-09-01,0.647,-0.615,0.0903
S_379,51.02,17.21,2024-10-01,0.5849,-0.5838,0.015
S_379,51.02,17.21,2024-11-01,0.5277,-0.5643,0.0097
S_379,51.02,17.21,2024-12-01,0.4133,-0.4233,0.1731
S_379,51.02,17.21,2025-01-01,0.5166,-0.5773,0.0059
S_379,51.02,17.21,2025-02-01,0.4472,-0.5085,-0.0479
S_379,51.02,17.21,2025-03-01,0.4582,-0.5127,-0.0619
S_379,51.02,17.21,2025-04-01,0.7582,-0.6627,0.2872
S_379,51.02,17.21,2025-05-01,0.7501,-0.6474,0.2923
S_379,51.02,17.21,2025-06-01,0.7382,-0.6933,0.2978
S_379,51.02,17.21,2025-07-01,0.3329,-0.4435,0.0816
S_379,51.02,17.21,2025-08-01,0.6351,-0.6115,0.136
S_379,51.02,17.21,2025-09-01,0.703,-0.6498,0.1812
S_379,51.02,17.21,2025-10-01,0.3772120212943298,-0.3409714658236616,0.1273512212429467
S_379,51.02,17.21,2025-11-01,0.5735,-0.6031,0.1042
S_379,51.02,17.21,2025-12-01,0.532,-0.5852,0.0219
S_379,51.02,17.21,2026-01-01,0.4186,-0.495,0.0437
S_379,51.02,17.21,2026-02-01,0.391,-0.4893,-0.1144
S_379,51.02,17.21,2026-03-01,0.4111,-0.5098,-0.0914
S_380,51.04,17.21,2023-06-01,0.6832,-0.6117,0.2846
S_380,51.04,17.21,2023-07-01,0.733,-0.6552,0.2705
S_380,51.04,17.21,2023-08-01,0.731,-0.6396,0.2284
S_380,51.04,17.21,2023-09-01,0.708,-0.6378,0.2277
S_380,51.04,17.21,2023-10-01,0.669,-0.6182,0.1565
S_380,51.04,17.21,2023-11-01,0.6328,-0.6147,0.1936
S_380,51.04,17.21,2023-12-01,0.4058,-0.4299,-0.0207
S_380,51.04,17.21,2024-01-01,0.2089,-0.2234,0.3967
S_380,51.04,17.21,2024-02-01,0.405744908700387,-0.65054173521798,-0.0948337248410319
S_380,51.04,17.21,2024-03-01,0.291352005392603,-0.271676749143812,0.0004433729037862
S_380,51.04,17.21,2024-04-01,0.6651,-0.5662,0.1784
S_380,51.04,17.21,2024-05-01,0.6978,-0.6147,0.2486
S_380,51.04,17.21,2024-06-01,0.7359,-0.6531,0.329
S_380,51.04,17.21,2024-07-01,0.5947,-0.5476,0.0648
S_380,51.04,17.21,2024-08-01,0.6059,-0.5492,0.0649
S_380,51.04,17.21,2024-09-01,0.3505,-0.3442,0.3864
S_380,51.04,17.21,2024-10-01,0.4699,-0.4789,-0.048
S_380,51.04,17.21,2024-11-01,0.3932,-0.4485,-0.1318
S_380,51.04,17.21,2024-12-01,0.2934,-0.3287,0.0357
S_380,51.04,17.21,2025-01-01,0.3815,-0.4631,-0.1172
S_380,51.04,17.21,2025-02-01,0.3338,-0.4059,-0.1121
S_380,51.04,17.21,2025-03-01,0.3279,-0.3875,-0.1436
S_380,51.04,17.21,2025-04-01,0.7036,-0.5866,0.2382
S_380,51.04,17.21,2025-05-01,0.7121,-0.5961,0.2692
S_380,51.04,17.21,2025-06-01,0.7714,-0.6988,0.3396
S_380,51.04,17.21,2025-07-01,0.5253911539376069,-0.5192236649139101,0.1832107573300827
S_380,51.04,17.21,2025-08-01,0.6457,-0.5956,0.1885
S_380,51.04,17.21,2025-09-01,0.677,-0.6119,0.1998
S_380,51.04,17.21,2025-10-01,0.4128681723677856,-0.3559513358839232,0.1585630879291121
S_380,51.04,17.21,2025-11-01,0.5243,-0.5558,0.0582
S_380,51.04,17.21,2025-12-01,0.4953,-0.5286,-0.0099
S_380,51.04,17.21,2026-01-01,0.3779,-0.4346,0.0852
S_380,51.04,17.21,2026-02-01,0.3393,-0.4345,-0.1338
S_380,51.04,17.21,2026-03-01,0.3636,-0.4573,-0.1087
S_381,51.06,17.21,2023-06-01,0.6070249999875981,-0.5708249999926271,0.2259999999899065
S_381,51.06,17.21,2023-07-01,0.6520999999929915,-0.6114999999946759,0.2245749999931356
S_381,51.06,17.21,2023-08-01,0.6375500000051542,-0.5785000000033284,0.1709500000028696
S_381,51.06,17.21,2023-09-01,0.6265000000008248,-0.5845750000019554,0.165474999999302
S_381,51.06,17.21,2023-10-01,0.5445999999780352,-0.5380249999876277,0.0579249999794742
S_381,51.06,17.21,2023-11-01,0.5256552142197961,-0.4986334810641374,0.1646177793144048
S_381,51.06,17.21,2023-12-01,0.4139250000020128,-0.4428500000008276,0.0231500000043289
S_381,51.06,17.21,2024-01-01,0.1995250000014012,-0.2248750000023135,0.4448500000037684
S_381,51.06,17.21,2024-02-01,0.4085517921070269,-0.6551013622086261,-0.0936438200743494
S_381,51.06,17.21,2024-03-01,0.2990849824335364,-0.2980914182737418,-0.0229043468822659
S_381,51.06,17.21,2024-04-01,0.5713249999950883,-0.5302749999967307,0.1466999999945717
S_381,51.06,17.21,2024-05-01,0.6021749999823149,-0.5606249999894556,0.1949999999858004
S_381,51.06,17.21,2024-06-01,0.6143249999919693,-0.5724499999943607,0.2099499999926563
S_381,51.06,17.21,2024-07-01,0.5406749999938019,-0.5262999999971917,0.069375000000711
S_381,51.06,17.21,2024-08-01,0.5552249999687259,-0.5294499999803997,0.0807249999784085
S_381,51.06,17.21,2024-09-01,0.5001999999862727,-0.4935999999843778,0.1940750000249242
S_381,51.06,17.21,2024-10-01,0.5165250000143424,-0.5280500000094721,0.0359500000189418
S_381,51.06,17.21,2024-11-01,0.4643250000036344,-0.4985750000016866,0.0182000000030584
S_381,51.06,17.21,2024-12-01,0.3541999999976938,-0.381099999999254,0.0983749999999363
S_381,51.06,17.21,2025-01-01,0.4085000000006251,-0.4833750000022729,-0.0006249999980954
S_381,51.06,17.21,2025-02-01,0.3638749999974341,-0.4299499999973964,-0.0432000000056786
S_381,51.06,17.21,2025-03-01,0.3686500000012818,-0.4263500000019559,-0.0551249999996701
S_381,51.06,17.21,2025-04-01,0.5973750000022054,-0.5539250000009034,0.1911000000013309
S_381,51.06,17.21,2025-05-01,0.5931000000105939,-0.5470750000047345,0.2021750000048582
S_381,51.06,17.21,2025-06-01,0.6881999999934353,-0.640774999995783,0.2923249999959396
S_381,51.06,17.21,2025-07-01,0.636672832116512,-0.6001509103713459,0.2555854974255934
S_381,51.06,17.21,2025-08-01,0.6090250000026899,-0.5741500000022343,0.1702500000011909
S_381,51.06,17.21,2025-09-01,0.5519999999896364,-0.5374249999933061,0.0940999999915657
S_381,51.06,17.21,2025-10-01,0.4856833455685873,-0.4398702702142313,0.1681040229169322
S_381,51.06,17.21,2025-11-01,0.4954750000026202,-0.5250750000003618,0.0517750000023023
S_381,51.06,17.21,2025-12-01,0.4801749999938745,-0.5126999999955574,0.0581999999961841
S_381,51.06,17.21,2026-01-01,0.3942250000090568,-0.4544000000041026,0.0650250000086508
S_381,51.06,17.21,2026-02-01,0.3478250000015736,-0.4281000000007423,-0.0809999999986244
S_381,51.06,17.21,2026-03-01,0.3659749999920356,-0.4465999999964778,-0.0581000000114392
S_382,51.08,17.21,2023-06-01,0.5354,-0.5282,0.1758
S_382,51.08,17.21,2023-07-01,0.6622,-0.632,0.2652
S_382,51.08,17.21,2023-08-01,0.5904,-0.5408,0.1662
S_382,51.08,17.21,2023-09-01,0.57,-0.5446,0.105
S_382,51.08,17.21,2023-10-01,0.4143,-0.463,-0.0612
S_382,51.08,17.21,2023-11-01,0.3687396268336416,-0.3795300813900722,0.0709706756164795
S_382,51.08,17.21,2023-12-01,0.4274,-0.4511,0.0625
S_382,51.08,17.21,2024-01-01,0.2232,-0.2543,0.4488
S_382,51.08,17.21,2024-02-01,0.4231832789251933,-0.6665280286805062,-0.0750430944633925
S_382,51.08,17.21,2024-03-01,0.4194,-0.4207,-0.0013
S_382,51.08,17.21,2024-04-01,0.5926,-0.5621,0.2048
S_382,51.08,17.21,2024-05-01,0.6365,-0.5929,0.2648
S_382,51.08,17.21,2024-06-01,0.5627,-0.5472,0.1867
S_382,51.08,17.21,2024-07-01,0.4323,-0.4629,0.0063
S_382,51.08,17.21,2024-08-01,0.4209,-0.4489,-0.0056
S_382,51.08,17.21,2024-09-01,0.5553,-0.547,0.107
S_382,51.08,17.21,2024-10-01,0.5737,-0.5788,0.1181
S_382,51.08,17.21,2024-11-01,0.5498,-0.5576,0.1574
S_382,51.08,17.21,2024-12-01,0.3761,-0.4036,0.1736
S_382,51.08,17.21,2025-01-01,0.4367,-0.509,0.1009
S_382,51.08,17.21,2025-02-01,0.3983,-0.4592,0.0183
S_382,51.08,17.21,2025-03-01,0.4099,-0.4657,0.0142
S_382,51.08,17.21,2025-04-01,0.5275,-0.5327,0.1937
S_382,51.08,17.21,2025-05-01,0.5112,-0.5109,0.1924
S_382,51.08,17.21,2025-06-01,0.671,-0.6307,0.3462
S_382,51.08,17.21,2025-07-01,0.5904,-0.5695,0.2745
S_382,51.08,17.21,2025-08-01,0.5664,-0.5539,0.1519
S_382,51.08,17.21,2025-09-01,0.4194,-0.4557,-0.0186
S_382,51.08,17.21,2025-10-01,0.45975378483169,-0.4251076571224181,0.1547575832546621
S_382,51.08,17.21,2025-11-01,0.5194,-0.5226,0.0943
S_382,51.08,17.21,2025-12-01,0.5556,-0.5473,0.2041
S_382,51.08,17.21,2026-01-01,0.477,-0.5059,0.1324
S_382,51.08,17.21,2026-02-01,0.4066,-0.4502,0.0123
S_382,51.08,17.21,2026-03-01,0.4262,-0.4699,0.0458
S_383,51.1,17.21,2023-06-01,0.5851249999980812,-0.5647499999989213,0.2087500000018979
S_383,51.1,17.21,2023-07-01,0.6276250000122185,-0.6121000000082712,0.2094750000124446
S_383,51.1,17.21,2023-08-01,0.6356999999945091,-0.5835249999957108,0.1663999999998958
S_383,51.1,17.21,2023-09-01,0.6309249999884341,-0.592199999991705,0.1661499999861938
S_383,51.1,17.21,2023-10-01,0.5162749999572636,-0.521024999975831,0.0439999999555952
S_383,51.1,17.21,2023-11-01,0.3201843277034669,-0.3306469964323349,0.1171816564670934
S_383,51.1,17.21,2023-12-01,0.4032000000097711,-0.434875000005874,0.0502750000078016
S_383,51.1,17.21,2024-01-01,0.2176250000060793,-0.2509500000037745,0.4267750000098614
S_383,51.1,17.21,2024-02-01,0.4270795187934918,-0.6678442998514967,-0.0729231696041067
S_383,51.1,17.21,2024-03-01,0.3860500000066455,-0.4048250000031402,0.0035749999908533
S_383,51.1,17.21,2024-04-01,0.5160250000174388,-0.5005500000113581,0.11440000001788
S_383,51.1,17.21,2024-05-01,0.567950000008039,-0.5443000000058532,0.1671250000117807
S_383,51.1,17.21,2024-06-01,0.5769000000027028,-0.5398000000078572,0.1876500000025585
S_383,51.1,17.21,2024-07-01,0.5708749999698168,-0.553674999981222,0.1147999999772382
S_383,51.1,17.21,2024-08-01,0.5849499999390989,-0.5566499999602247,0.1260249999513646
S_383,51.1,17.21,2024-09-01,0.5579750000030053,-0.5589500000014805,0.0877500000050439
S_383,51.1,17.21,2024-10-01,0.494825000017758,-0.5297750000134245,0.0131000000247791
S_383,51.1,17.21,2024-11-01,0.4560500000202052,-0.5003750000138634,0.029050000029263
S_383,51.1,17.21,2024-12-01,0.3437999999971075,-0.3813499999988509,0.0720500000048888
S_383,51.1,17.21,2025-01-01,0.3804500000065809,-0.4673750000064334,0.0194000000146177
S_383,51.1,17.21,2025-02-01,0.351300000011488,-0.4239500000088451,-0.0328249999871894
S_383,51.1,17.21,2025-03-01,0.3577500000085267,-0.4219750000087148,-0.049549999989765
S_383,51.1,17.21,2025-04-01,0.5279250000000322,-0.5262500000013528,0.131350000009883
S_383,51.1,17.21,2025-05-01,0.517900000004765,-0.5087250000048458,0.1332750000160985
S_383,51.1,17.21,2025-06-01,0.6715750000052926,-0.6357500000025008,0.2741250000246981
S_383,51.1,17.21,2025-07-01,0.6195999999993776,-0.5924249999987924,0.2308250000151946
S_383,51.1,17.21,2025-08-01,0.6454750000021673,-0.6041250000042184,0.2096250000017581
S_383,51.1,17.21,2025-09-01,0.5431749999692715,-0.5437999999789842,0.0909249999726688
S_383,51.1,17.21,2025-10-01,0.4206667520706674,-0.4000163853436834,0.1356818152118808
S_383,51.1,17.21,2025-11-01,0.4498500000153802,-0.5032250000064243,0.0201250000127867
S_383,51.1,17.21,2025-12-01,0.4323000000230663,-0.4927750000098703,0.0574000000286435
S_383,51.1,17.21,2026-01-01,0.3685000000357211,-0.4485250000186561,0.0418500000314826
S_383,51.1,17.21,2026-02-01,0.3194500000165655,-0.4045250000090047,-0.0712249999809159
S_383,51.1,17.21,2026-03-01,0.3393000000113338,-0.4254500000065068,-0.0423999999828939
S_384,51.12,17.21,2023-06-01,0.6656,-0.6254,0.2832
S_384,51.12,17.21,2023-07-01,0.656,-0.6347,0.2236
S_384,51.12,17.21,2023-08-01,0.6526,-0.6084,0.1591
S_384,51.12,17.21,2023-09-01,0.6502,-0.6158,0.1813
S_384,51.12,17.21,2023-10-01,0.6461,-0.5978,0.1643
S_384,51.12,17.21,2023-11-01,0.3779,-0.4121,0.2339
S_384,51.12,17.21,2023-12-01,0.4279,-0.4383,0.1055
S_384,51.12,17.21,2024-01-01,0.2542,-0.2811,0.4334
S_384,51.12,17.21,2024-02-01,0.45,-0.6785,-0.065
S_384,51.12,17.21,2024-03-01,0.4091,-0.4348,0.0749
S_384,51.12,17.21,2024-04-01,0.567,-0.5209,0.1586
S_384,51.12,17.21,2024-05-01,0.6092,-0.5742,0.1985
S_384,51.12,17.21,2024-06-01,0.6403,-0.5826,0.2339
S_384,51.12,17.21,2024-07-01,0.6552,-0.6143,0.1845
S_384,51.12,17.21,2024-08-01,0.7084,-0.6397,0.2286
S_384,51.12,17.21,2024-09-01,0.62,-0.6055,0.1383
S_384,51.12,17.21,2024-10-01,0.5103,-0.548,0.0117
S_384,51.12,17.21,2024-11-01,0.4394,-0.4979,0.0111
S_384,51.12,17.21,2024-12-01,0.3571,-0.4006,0.0632
S_384,51.12,17.21,2025-01-01,0.3728,-0.467,0.0056
S_384,51.12,17.21,2025-02-01,0.3531,-0.427,-0.0295
S_384,51.12,17.21,2025-03-01,0.3509,-0.4179,-0.0742
S_384,51.12,17.21,2025-04-01,0.5805,-0.5588,0.1405
S_384,51.12,17.21,2025-05-01,0.5714,-0.5433,0.1435
S_384,51.12,17.21,2025-06-01,0.6843,-0.653,0.2479
S_384,51.12,17.21,2025-07-01,0.6494,-0.6195,0.2192
S_384,51.12,17.21,2025-08-01,0.7064,-0.6476,0.2502
S_384,51.12,17.21,2025-09-01,0.6465,-0.6168,0.1821
S_384,51.12,17.21,2025-10-01,0.4165,-0.398,0.1481
S_384,51.12,17.21,2025-11-01,0.4526,-0.5217,-0.0051
S_384,51.12,17.21,2025-12-01,0.3926,-0.4864,0.0042
S_384,51.12,17.21,2026-01-01,0.3197,-0.421,0.0345
S_384,51.12,17.21,2026-02-01,0.2768,-0.3854,-0.1008
S_384,51.12,17.21,2026-03-01,0.3001,-0.4086,-0.0675
S_385,51.14,17.21,2023-06-01,0.6735880558016999,-0.6385282179223924,0.3311398001472218
S_385,51.14,17.21,2023-07-01,0.5830776296035705,-0.5972323176859108,0.1992646188547651
S_385,51.14,17.21,2023-08-01,0.554466608905993,-0.5515693998557012,0.092435935792498
S_385,51.14,17.21,2023-09-01,0.544566984558826,-0.537986387834987,0.1206566051391072
S_385,51.14,17.21,2023-10-01,0.6125039816189772,-0.5752818325890136,0.1447495186396926
S_385,51.14,17.21,2023-11-01,0.443121215730508,-0.4472074459533908,0.1486353680466608
S_385,51.14,17.21,2023-12-01,0.4328468271158203,-0.4559266862035429,0.0955698718563622
S_385,51.14,17.21,2024-01-01,0.2665818559588967,-0.302492796877838,0.3438309290500965
S_385,51.14,17.21,2024-02-01,0.3682470363343109,-0.5735025184821789,-0.0796848395853944
S_385,51.14,17.21,2024-03-01,0.3877741876759148,-0.406118978014154,0.0368737624202916
S_385,51.14,17.21,2024-04-01,0.4473655725592249,-0.4454384611017432,0.1258085820490981
S_385,51.14,17.21,2024-05-01,0.5331182238511812,-0.521357030397944,0.1759799223593698
S_385,51.14,17.21,2024-06-01,0.5804658216628354,-0.5352003688183674,0.2132742042092348
S_385,51.14,17.21,2024-07-01,0.6317373147302486,-0.600151664535723,0.1776242241629906
S_385,51.14,17.21,2024-08-01,0.6198747656868738,-0.5860402584452594,0.1835504052898248
S_385,51.14,17.21,2024-09-01,0.4865852648666846,-0.512984470783584,0.041843145765174
S_385,51.14,17.21,2024-10-01,0.4179789287763881,-0.4688414777995354,-0.0239570303912533
S_385,51.14,17.21,2024-11-01,0.4392659345308354,-0.4769507342184621,0.0487132034315454
S_385,51.14,17.21,2024-12-01,0.3811719416995969,-0.4014552096646636,0.0977032162125025
S_385,51.14,17.21,2025-01-01,0.4027438434845937,-0.4733652601694007,0.0448784869754004
S_385,51.14,17.21,2025-02-01,0.3703897169138119,-0.4382201973503155,-0.0075019569730606
S_385,51.14,17.21,2025-03-01,0.3710728885428536,-0.4219237989085568,-0.0260685727164316
S_385,51.14,17.21,2025-04-01,0.6126623962492105,-0.5868113496426425,0.2331449265720143
S_385,51.14,17.21,2025-05-01,0.5985171407612044,-0.5701175660153468,0.2346778855804567
S_385,51.14,17.21,2025-06-01,0.6737392717072945,-0.6418755033512702,0.3024130506711502
S_385,51.14,17.21,2025-07-01,0.5617585786354787,-0.5707820486319496,0.2366602631360332
S_385,51.14,17.21,2025-08-01,0.5761031928450752,-0.5711958933836783,0.1272584988442402
S_385,51.14,17.21,2025-09-01,0.4985380358385626,-0.5175197156566826,0.0533562762170485
S_385,51.14,17.21,2025-10-01,0.3457401456031572,-0.3561921390544537,0.0581743239380701
S_385,51.14,17.21,2025-11-01,0.4340847432552731,-0.4998273839422307,0.0078965346821133
S_385,51.14,17.21,2025-12-01,0.4151177187849826,-0.4898484318006761,0.0360339457520354
S_385,51.14,17.21,2026-01-01,0.3383655491842565,-0.4313551697602322,0.0075938799684972
S_385,51.14,17.21,2026-02-01,0.299716692126828,-0.3969458169908662,-0.0975869094316614
S_385,51.14,17.21,2026-03-01,0.316864097269075,-0.4146997674191341,-0.0778261811366293
S_386,51.16,17.21,2023-06-01,0.6712,-0.637,0.3524
S_386,51.16,17.21,2023-07-01,0.5726,-0.5899,0.2049
S_386,51.16,17.21,2023-08-01,0.5257,-0.5443,0.081
S_386,51.16,17.21,2023-09-01,0.543,-0.5414,0.1336
S_386,51.16,17.21,2023-10-01,0.5401990750143632,-0.5126104042895469,0.1224633743528364
S_386,51.16,17.21,2023-11-01,0.5141,-0.5186,0.0922
S_386,51.16,17.21,2023-12-01,0.4537,-0.4568,0.088
S_386,51.16,17.21,2024-01-01,0.2715,-0.3032,0.3086
S_386,51.16,17.21,2024-02-01,0.3221,-0.4946,-0.068
S_386,51.16,17.21,2024-03-01,0.3049,-0.3337,-0.047
S_386,51.16,17.21,2024-04-01,0.3496,-0.3855,0.0429
S_386,51.16,17.21,2024-05-01,0.4994,-0.5052,0.1568
S_386,51.16,17.21,2024-06-01,0.5313,-0.4903,0.1968
S_386,51.16,17.21,2024-07-01,0.6141,-0.5945,0.1735
S_386,51.16,17.21,2024-08-01,0.6201,-0.5902,0.1982
S_386,51.16,17.21,2024-09-01,0.4792,-0.5073,0.027
S_386,51.16,17.21,2024-10-01,0.4835,-0.5016,0.035
S_386,51.16,17.21,2024-11-01,0.4407,-0.4722,0.0527
S_386,51.16,17.21,2024-12-01,0.4052,-0.4017,0.1379
S_386,51.16,17.21,2025-01-01,0.4353,-0.4787,0.0877
S_386,51.16,17.21,2025-02-01,0.3855,-0.4429,0.0027
S_386,51.16,17.21,2025-03-01,0.3581,-0.4064,-0.0286
S_386,51.16,17.21,2025-04-01,0.6125,-0.5811,0.2484
S_386,51.16,17.21,2025-05-01,0.5987,-0.5669,0.2494
S_386,51.16,17.21,2025-06-01,0.6644,-0.6351,0.3074
S_386,51.16,17.21,2025-07-01,0.543,-0.56,0.242
S_386,51.16,17.21,2025-08-01,0.5422,-0.5535,0.112
S_386,51.16,17.21,2025-09-01,0.525,-0.5293,0.0784
S_386,51.16,17.21,2025-10-01,0.3592,-0.3685,0.0542
S_386,51.16,17.21,2025-11-01,0.4354,-0.4976,0.0356
S_386,51.16,17.21,2025-12-01,0.4263,-0.4914,0.0586
S_386,51.16,17.21,2026-01-01,0.328,-0.4168,0.0104
S_386,51.16,17.21,2026-02-01,0.3094,-0.4037,-0.0856
S_386,51.16,17.21,2026-03-01,0.3261,-0.4195,-0.0732
S_387,51.18,17.21,2023-06-01,0.651099390332305,-0.6146395923575388,0.2977986760609838
S_387,51.18,17.21,2023-07-01,0.5929628463077724,-0.5977073159849515,0.1957734018676289
S_387,51.18,17.21,2023-08-01,0.5489633513698043,-0.5490041630569351,0.0961154328963651
S_387,51.18,17.21,2023-09-01,0.5534885209639027,-0.545346847074096,0.1189916126162052
S_387,51.18,17.21,2023-10-01,0.5535923147123458,-0.5204479648373578,0.148076932776622
S_387,51.18,17.21,2023-11-01,0.5319548952728943,-0.5441397149133753,0.0840399061633836
S_387,51.18,17.21,2023-12-01,0.4332273123866988,-0.4441031529219009,0.064442283544387
S_387,51.18,17.21,2024-01-01,0.2720460894749547,-0.3096030483266773,0.295271702856089
S_387,51.18,17.21,2024-02-01,0.3291345237795143,-0.481422539669019,-0.0618807611834463
S_387,51.18,17.21,2024-03-01,0.3143515151918736,-0.3231169480823173,-0.0032519769203786
S_387,51.18,17.21,2024-04-01,0.4730664176387478,-0.466127730803697,0.1080725576216344
S_387,51.18,17.21,2024-05-01,0.5631877379965167,-0.5449979364259948,0.1889585965946193
S_387,51.18,17.21,2024-06-01,0.5543914826306158,-0.5071874241751942,0.2132109127052587
S_387,51.18,17.21,2024-07-01,0.5599468724497878,-0.5577612518887204,0.1089548414274303
S_387,51.18,17.21,2024-08-01,0.5728456097934126,-0.5577272944491711,0.1292005304438968
S_387,51.18,17.21,2024-09-01,0.5276149711597559,-0.5390103030402439,0.071382738111509
S_387,51.18,17.21,2024-10-01,0.4882378066939111,-0.5130533441895567,0.0327876587618172
S_387,51.18,17.21,2024-11-01,0.4536404725014807,-0.4844050865263343,0.0623843325185271
S_387,51.18,17.21,2024-12-01,0.4084020994700482,-0.4137360569130508,0.1160279833284574
S_387,51.18,17.21,2025-01-01,0.4254466558117942,-0.4845129509044469,0.0656334090476093
S_387,51.18,17.21,2025-02-01,0.3745761976628424,-0.4389546247893113,-0.0111472042082867
S_387,51.18,17.21,2025-03-01,0.3605353426438741,-0.4153379292377613,-0.037019430080011
S_387,51.18,17.21,2025-04-01,0.5795405591539415,-0.5569442171484591,0.1982457936126714
S_387,51.18,17.21,2025-05-01,0.5691828427094855,-0.5407944696804331,0.2029029003916612
S_387,51.18,17.21,2025-06-01,0.6518089357769846,-0.6272720346109988,0.2620574639115662
S_387,51.18,17.21,2025-07-01,0.5629876154349948,-0.5684149278297356,0.2066724350716543
S_387,51.18,17.21,2025-08-01,0.5851861435793395,-0.5752358910436014,0.1393394877628516
S_387,51.18,17.21,2025-09-01,0.531236021018133,-0.533047857194808,0.0854736364538243
S_387,51.18,17.21,2025-10-01,0.4139245599257059,-0.417041673887252,0.0846738456571397
S_387,51.18,17.21,2025-11-01,0.4444499387220211,-0.5020124278913154,0.0324429365441621
S_387,51.18,17.21,2025-12-01,0.4382950793510711,-0.4976003571348248,0.0588395490306254
S_387,51.18,17.21,2026-01-01,0.3398469083452558,-0.4196895490326491,0.0358542063826006
S_387,51.18,17.21,2026-02-01,0.3279232539442557,-0.420741020897085,-0.0939359956426762
S_387,51.18,17.21,2026-03-01,0.3385454798158755,-0.432562384571495,-0.0733009667983032
S_388,51.2,17.21,2023-06-01,0.6592758322702994,-0.6232355339064928,0.2825628779362292
S_388,51.2,17.21,2023-07-01,0.6190271114477128,-0.6066107482404793,0.1973783507326903
S_388,51.2,17.21,2023-08-01,0.591889098963331,-0.5728600704462704,0.1155123762804695
S_388,51.2,17.21,2023-09-01,0.622987318150452,-0.5917029836268664,0.1663296299209857
S_388,51.2,17.21,2023-10-01,0.5198317575919202,-0.4897187054926922,0.1320032310892346
S_388,51.2,17.21,2023-11-01,0.5285602067200401,-0.5451188816961537,0.0721573593261909
S_388,51.2,17.21,2023-12-01,0.4045038341393717,-0.4215021496501238,0.0229699448220558
S_388,51.2,17.21,2024-01-01,0.2873276330497968,-0.3398647551079827,0.182536600480385
S_388,51.2,17.21,2024-02-01,0.3341301116019605,-0.4059923317259177,-0.0071505649417791
S_388,51.2,17.21,2024-03-01,0.2833093692978275,-0.2636699613584089,0.0168198849639057
S_388,51.2,17.21,2024-04-01,0.4771770516013669,-0.4543377399913128,0.1233141736617515
S_388,51.2,17.21,2024-05-01,0.6264835569798894,-0.589902534999594,0.2150610173082569
S_388,51.2,17.21,2024-06-01,0.6177145424746957,-0.5722870057647861,0.2188279619601903
S_388,51.2,17.21,2024-07-01,0.5785236860199655,-0.5725140607761232,0.0964298060514994
S_388,51.2,17.21,2024-08-01,0.5831508938199838,-0.5676273839286848,0.1098881521202977
S_388,51.2,17.21,2024-09-01,0.5779718852614333,-0.5738494020223244,0.1078356137123452
S_388,51.2,17.21,2024-10-01,0.5140013720920323,-0.538714598904767,0.0356404511319787
S_388,51.2,17.21,2024-11-01,0.4609964383422816,-0.4853546481672331,0.0649143897054783
S_388,51.2,17.21,2024-12-01,0.4234609774059407,-0.4314598544119192,0.0918578410077731
S_388,51.2,17.21,2025-01-01,0.4412913615015277,-0.500964057369837,0.05174114887375
S_388,51.2,17.21,2025-02-01,0.3822328227607766,-0.4490673699155235,-0.0178537976577223
S_388,51.2,17.21,2025-03-01,0.3635299588446416,-0.4229703535449247,-0.0622856501941088
S_388,51.2,17.21,2025-04-01,0.5979017409253359,-0.5689379725691313,0.196118489484771
S_388,51.2,17.21,2025-05-01,0.5734078444272329,-0.538029958845606,0.1790745565002322
S_388,51.2,17.21,2025-06-01,0.6805191142646254,-0.6474627816069642,0.2702726559629664
S_388,51.2,17.21,2025-07-01,0.6175163067738534,-0.5984799388901759,0.2125211675657148
S_388,51.2,17.21,2025-08-01,0.6118592433231683,-0.5914458403673513,0.1577460165093782
S_388,51.2,17.21,2025-09-01,0.6020151438702013,-0.5788470762197132,0.1371560037319177
S_388,51.2,17.21,2025-10-01,0.5204133630438614,-0.509668203889523,0.1260142534584493
S_388,51.2,17.21,2025-11-01,0.4937500199508383,-0.5324294537802816,0.0478127616519726
S_388,51.2,17.21,2025-12-01,0.4466197321971987,-0.5068980430316176,0.0429199647807671
S_388,51.2,17.21,2026-01-01,0.3281956043688108,-0.4089574556529406,0.0578620838702283
S_388,51.2,17.21,2026-02-01,0.3188996710867091,-0.4156023822316702,-0.0957865240818178
S_388,51.2,17.21,2026-03-01,0.3412702173015438,-0.438507243021907,-0.0769912486292225
S_389,51.22,17.21,2023-06-01,0.6662,-0.6301,0.3243
S_389,51.22,17.21,2023-07-01,0.5681,-0.5769,0.1739
S_389,51.22,17.21,2023-08-01,0.5081,-0.5111,0.0478
S_389,51.22,17.21,2023-09-01,0.5674,-0.5459,0.1123
S_389,51.22,17.21,2023-10-01,0.5081357557057493,-0.4789422986631863,0.1282840838020725
S_389,51.22,17.21,2023-11-01,0.4711,-0.4984,0.0334
S_389,51.22,17.21,2023-12-01,0.3927,-0.4076,0.0283
S_389,51.22,17.21,2024-01-01,0.2874,-0.3468,0.1335
S_389,51.22,17.21,2024-02-01,0.3523,-0.3942,0.0429
S_389,51.22,17.21,2024-03-01,0.2591,-0.2521,-0.0205
S_389,51.22,17.21,2024-04-01,0.511,-0.4911,0.1446
S_389,51.22,17.21,2024-05-01,0.6232,-0.5941,0.2453
S_389,51.22,17.21,2024-06-01,0.622,-0.577,0.2353
S_389,51.22,17.21,2024-07-01,0.5113,-0.5274,0.0426
S_389,51.22,17.21,2024-08-01,0.5056,-0.5165,0.0455
S_389,51.22,17.21,2024-09-01,0.5296,-0.5307,0.0766
S_389,51.22,17.21,2024-10-01,0.4794,-0.5055,0.0302
S_389,51.22,17.21,2024-11-01,0.4887,-0.4981,0.0889
S_389,51.22,17.21,2024-12-01,0.4252,-0.4244,0.1258
S_389,51.22,17.21,2025-01-01,0.4335,-0.4773,0.0893
S_389,51.22,17.21,2025-02-01,0.3913,-0.4528,-0.0003
S_389,51.22,17.21,2025-03-01,0.3934,-0.4414,-0.0135
S_389,51.22,17.21,2025-04-01,0.5931,-0.5715,0.2224
S_389,51.22,17.21,2025-05-01,0.5728,-0.5461,0.2211
S_389,51.22,17.21,2025-06-01,0.6655,-0.6341,0.2737
S_389,51.22,17.21,2025-07-01,0.5983,-0.5825,0.22
S_389,51.22,17.21,2025-08-01,0.5679,-0.5588,0.1196
S_389,51.22,17.21,2025-09-01,0.5515,-0.539,0.1057
S_389,51.22,17.21,2025-10-01,0.4891,-0.4904,0.1017
S_389,51.22,17.21,2025-11-01,0.4588,-0.4998,0.0259
S_389,51.22,17.21,2025-12-01,0.395,-0.4685,0.0224
S_389,51.22,17.21,2026-01-01,0.2972,-0.392,0.0125
S_389,51.22,17.21,2026-02-01,0.2882,-0.3922,-0.1097
S_389,51.22,17.21,2026-03-01,0.3097,-0.4147,-0.0903
S_390,51.24,17.21,2023-06-01,0.6099,-0.6052,0.3018
S_390,51.24,17.21,2023-07-01,0.6,-0.6107,0.2392
S_390,51.24,17.21,2023-08-01,0.4797,-0.5132,0.0638
S_390,51.24,17.21,2023-09-01,0.5071,-0.5225,0.0962
S_390,51.24,17.21,2023-10-01,0.5240246526668755,-0.4895129176014612,0.1336922456300357
S_390,51.24,17.21,2023-11-01,0.4616,-0.503,0.085
S_390,51.24,17.21,2023-12-01,0.3976,-0.4236,0.086
S_390,51.24,17.21,2024-01-01,0.3055,-0.3775,0.1216
S_390,51.24,17.21,2024-02-01,0.3556,-0.3946,0.0966
S_390,51.24,17.21,2024-03-01,0.3446938167009521,-0.3259867099185337,0.0597742207513938
S_390,51.24,17.21,2024-04-01,0.5982,-0.5737,0.2878
S_390,51.24,17.21,2024-05-01,0.6694,-0.638,0.3375
S_390,51.24,17.21,2024-06-01,0.6864,-0.6299,0.3265
S_390,51.24,17.21,2024-07-01,0.411,-0.4699,-0.0044
S_390,51.24,17.21,2024-08-01,0.4254,-0.4633,0.0281
S_390,51.24,17.21,2024-09-01,0.4394,-0.4777,0.0352
S_390,51.24,17.21,2024-10-01,0.401,-0.4543,0.0209
S_390,51.24,17.21,2024-11-01,0.4467,-0.4794,0.0998
S_390,51.24,17.21,2024-12-01,0.4245,-0.4326,0.1469
S_390,51.24,17.21,2025-01-01,0.4125,-0.4625,0.1478
S_390,51.24,17.21,2025-02-01,0.3731,-0.4473,0.0191
S_390,51.24,17.21,2025-03-01,0.4089,-0.4492,0.0433
S_390,51.24,17.21,2025-04-01,0.6299,-0.6146,0.2958
S_390,51.24,17.21,2025-05-01,0.5937,-0.5762,0.2855
S_390,51.24,17.21,2025-06-01,0.6963,-0.6577,0.3507
S_390,51.24,17.21,2025-07-01,0.575920526274652,-0.5710191706982293,0.2562479900251309
S_390,51.24,17.21,2025-08-01,0.4614,-0.5097,0.0463
S_390,51.24,17.21,2025-09-01,0.4027,-0.4517,0.0139
S_390,51.24,17.21,2025-10-01,0.3991,-0.4399,0.0629
S_390,51.24,17.21,2025-11-01,0.438,-0.4894,0.0592
S_390,51.24,17.21,2025-12-01,0.436,-0.4802,0.1343
S_390,51.24,17.21,2026-01-01,0.3131,-0.396,0.0869
S_390,51.24,17.21,2026-02-01,0.2991,-0.4003,-0.0167
S_390,51.24,17.21,2026-03-01,0.3185,-0.4164,-0.018
S_391,50.96,17.23,2023-06-01,0.6793,-0.6527,0.3291
S_391,50.96,17.23,2023-07-01,0.5673,-0.5812,0.2148
S_391,50.96,17.23,2023-08-01,0.547,-0.5445,0.0562
S_391,50.96,17.23,2023-09-01,0.5794,-0.5643,0.1066
S_391,50.96,17.23,2023-10-01,0.5258,-0.5344,0.0535
S_391,50.96,17.23,2023-11-01,0.4604,-0.4434,0.0739
S_391,50.96,17.23,2023-12-01,0.4681,-0.4777,0.0629
S_391,50.96,17.23,2024-01-01,0.1719,-0.1977,0.5814
S_391,50.96,17.23,2024-02-01,0.4011123894116048,-0.5593619057915408,-0.0751805647076563
S_391,50.96,17.23,2024-03-01,0.4934,-0.4909,0.0603
S_391,50.96,17.23,2024-04-01,0.5199,-0.528,0.0924
S_391,50.96,17.23,2024-05-01,0.5366,-0.5441,0.132
S_391,50.96,17.23,2024-06-01,0.5683,-0.5543,0.1282
S_391,50.96,17.23,2024-07-01,0.5932,-0.5838,0.136
S_391,50.96,17.23,2024-08-01,0.6136,-0.5929,0.1492
S_391,50.96,17.23,2024-09-01,0.5163,-0.5453,0.0254
S_391,50.96,17.23,2024-10-01,0.4086,-0.4878,-0.0664
S_391,50.96,17.23,2024-11-01,0.4589,-0.5064,-0.0113
S_391,50.96,17.23,2024-12-01,0.4138,-0.4256,0.095
S_391,50.96,17.23,2025-01-01,0.4616,-0.5183,0.0298
S_391,50.96,17.23,2025-02-01,0.4307,-0.4939,-0.0513
S_391,50.96,17.23,2025-03-01,0.4488,-0.4946,-0.046
S_391,50.96,17.23,2025-04-01,0.6987,-0.6491,0.3002
S_391,50.96,17.23,2025-05-01,0.6918,-0.6389,0.3217
S_391,50.96,17.23,2025-06-01,0.7255,-0.6775,0.3981
S_391,50.96,17.23,2025-07-01,0.5983,-0.5903,0.3017
S_391,50.96,17.23,2025-08-01,0.3858,-0.4635,-0.0479
S_391,50.96,17.23,2025-09-01,0.4104,-0.457,-0.0873
S_391,50.96,17.23,2025-10-01,0.3406,-0.3639,-0.0117
S_391,50.96,17.23,2025-11-01,0.4803,-0.5146,-0.0147
S_391,50.96,17.23,2025-12-01,0.5093,-0.5469,0.0564
S_391,50.96,17.23,2026-01-01,0.4074,-0.4831,0.0373
S_391,50.96,17.23,2026-02-01,0.3684,-0.4538,-0.1349
S_391,50.96,17.23,2026-03-01,0.3802,-0.4697,-0.1226
S_392,50.98,17.23,2023-06-01,0.5802,-0.5602,0.2073
S_392,50.98,17.23,2023-07-01,0.5141,-0.5175,0.1152
S_392,50.98,17.23,2023-08-01,0.5239,-0.5144,0.0662
S_392,50.98,17.23,2023-09-01,0.5346,-0.5365,0.0926
S_392,50.98,17.23,2023-10-01,0.4975,-0.5025,0.0527
S_392,50.98,17.23,2023-11-01,0.4666,-0.4539,0.1142
S_392,50.98,17.23,2023-12-01,0.4482,-0.4749,0.063
S_392,50.98,17.23,2024-01-01,0.1869,-0.2088,0.5314
S_392,50.98,17.23,2024-02-01,0.4155704042272289,-0.5954454039435992,-0.0742225194534335
S_392,50.98,17.23,2024-03-01,0.5161,-0.5094,0.1505
S_392,50.98,17.23,2024-04-01,0.5251,-0.507,0.122
S_392,50.98,17.23,2024-05-01,0.505,-0.5044,0.1083
S_392,50.98,17.23,2024-06-01,0.5386,-0.5186,0.128
S_392,50.98,17.23,2024-07-01,0.5342,-0.5283,0.0872
S_392,50.98,17.23,2024-08-01,0.5547,-0.5378,0.1121
S_392,50.98,17.23,2024-09-01,0.5185,-0.5289,0.0686
S_392,50.98,17.23,2024-10-01,0.4516,-0.4912,0.007
S_392,50.98,17.23,2024-11-01,0.4534,-0.5001,0.0137
S_392,50.98,17.23,2024-12-01,0.3611,-0.3736,0.1074
S_392,50.98,17.23,2025-01-01,0.4191,-0.4819,0.0284
S_392,50.98,17.23,2025-02-01,0.3837,-0.4498,-0.0161
S_392,50.98,17.23,2025-03-01,0.3887,-0.4439,-0.0353
S_392,50.98,17.23,2025-04-01,0.5531,-0.5375,0.1398
S_392,50.98,17.23,2025-05-01,0.5217,-0.4991,0.1406
S_392,50.98,17.23,2025-06-01,0.5805,-0.5716,0.1713
S_392,50.98,17.23,2025-07-01,0.5308,-0.5371,0.1367
S_392,50.98,17.23,2025-08-01,0.5514,-0.5391,0.1105
S_392,50.98,17.23,2025-09-01,0.5456,-0.5385,0.0984
S_392,50.98,17.23,2025-10-01,0.2988797903582222,-0.3215513916878002,0.0105552534757976
S_392,50.98,17.23,2025-11-01,0.4639,-0.5054,0.043
S_392,50.98,17.23,2025-12-01,0.4471,-0.5129,0.0491
S_392,50.98,17.23,2026-01-01,0.3784,-0.4668,0.0461
S_392,50.98,17.23,2026-02-01,0.3371,-0.4296,-0.0922
S_392,50.98,17.23,2026-03-01,0.3457,-0.4434,-0.0729
S_393,51.0,17.23,2023-06-01,0.6313,-0.605,0.2996
S_393,51.0,17.23,2023-07-01,0.575,-0.5758,0.1652
S_393,51.0,17.23,2023-08-01,0.5775,-0.5587,0.0893
S_393,51.0,17.23,2023-09-01,0.5662,-0.5604,0.1086
S_393,51.0,17.23,2023-10-01,0.4601,-0.4946,-0.013
S_393,51.0,17.23,2023-11-01,0.4198,-0.4213,0.0598
S_393,51.0,17.23,2023-12-01,0.41,-0.4478,0.0808
S_393,51.0,17.23,2024-01-01,0.1555,-0.1858,0.5502
S_393,51.0,17.23,2024-02-01,0.3807372432546708,-0.6061093953659726,-0.0988695577150145
S_393,51.0,17.23,2024-03-01,0.4192,-0.4425,0.0332
S_393,51.0,17.23,2024-04-01,0.4865,-0.4896,0.0888
S_393,51.0,17.23,2024-05-01,0.4839,-0.5006,0.1102
S_393,51.0,17.23,2024-06-01,0.5261,-0.5123,0.1266
S_393,51.0,17.23,2024-07-01,0.5511,-0.5568,0.0796
S_393,51.0,17.23,2024-08-01,0.5585,-0.5553,0.0943
S_393,51.0,17.23,2024-09-01,0.4003,-0.4255,0.0616
S_393,51.0,17.23,2024-10-01,0.3958,-0.4605,-0.0739
S_393,51.0,17.23,2024-11-01,0.382,-0.4661,-0.032
S_393,51.0,17.23,2024-12-01,0.3027,-0.3457,0.055
S_393,51.0,17.23,2025-01-01,0.3625,-0.4594,-0.0253
S_393,51.0,17.23,2025-02-01,0.3195,-0.418,-0.0877
S_393,51.0,17.23,2025-03-01,0.3371,-0.4161,-0.0799
S_393,51.0,17.23,2025-04-01,0.5624,-0.5594,0.1648
S_393,51.0,17.23,2025-05-01,0.5516,-0.5451,0.1701
S_393,51.0,17.23,2025-06-01,0.6779,-0.6492,0.2616
S_393,51.0,17.23,2025-07-01,0.5559,-0.5659,0.1854
S_393,51.0,17.23,2025-08-01,0.5917,-0.582,0.1349
S_393,51.0,17.23,2025-09-01,0.5358,-0.5402,0.0563
S_393,51.0,17.23,2025-10-01,0.3766123302526774,-0.3716221315033566,0.0598632752916934
S_393,51.0,17.23,2025-11-01,0.4234,-0.491,0.0151
S_393,51.0,17.23,2025-12-01,0.439,-0.5043,0.0673
S_393,51.0,17.23,2026-01-01,0.357,-0.4581,0.0371
S_393,51.0,17.23,2026-02-01,0.3142,-0.4183,-0.1074
S_393,51.0,17.23,2026-03-01,0.3237,-0.4312,-0.0938
S_394,51.02,17.23,2023-06-01,0.7037,-0.6546,0.3065
S_394,51.02,17.23,2023-07-01,0.6256,-0.6058,0.1872
S_394,51.02,17.23,2023-08-01,0.6241,-0.5915,0.1208
S_394,51.02,17.23,2023-09-01,0.6563,-0.6188,0.1726
S_394,51.02,17.23,2023-10-01,0.6192,-0.6003,0.11
S_394,51.02,17.23,2023-11-01,0.5413,-0.5373,0.1242
S_394,51.02,17.23,2023-12-01,0.4977,-0.5198,0.077
S_394,51.02,17.23,2024-01-01,0.2573,-0.2752,0.4785
S_394,51.02,17.23,2024-02-01,0.4066868050468947,-0.6511370952607092,-0.094082637185237
S_394,51.02,17.23,2024-03-01,0.4976,-0.4956,0.0841
S_394,51.02,17.23,2024-04-01,0.6025,-0.5609,0.1338
S_394,51.02,17.23,2024-05-01,0.5751,-0.5597,0.1388
S_394,51.02,17.23,2024-06-01,0.5977,-0.5594,0.1405
S_394,51.02,17.23,2024-07-01,0.6207,-0.5961,0.1038
S_394,51.02,17.23,2024-08-01,0.6551,-0.6128,0.1419
S_394,51.02,17.23,2024-09-01,0.5936,-0.5833,0.1158
S_394,51.02,17.23,2024-10-01,0.5217,-0.5437,0.0127
S_394,51.02,17.23,2024-11-01,0.5159,-0.5546,0.0361
S_394,51.02,17.23,2024-12-01,0.4002,-0.4175,0.1319
S_394,51.02,17.23,2025-01-01,0.5005,-0.5543,0.0384
S_394,51.02,17.23,2025-02-01,0.4432,-0.5047,-0.0208
S_394,51.02,17.23,2025-03-01,0.4522,-0.4997,-0.0359
S_394,51.02,17.23,2025-04-01,0.6839,-0.6264,0.231
S_394,51.02,17.23,2025-05-01,0.6753,-0.6165,0.2388
S_394,51.02,17.23,2025-06-01,0.6797,-0.6499,0.2439
S_394,51.02,17.23,2025-07-01,0.7037,-0.6624,0.2958
S_394,51.02,17.23,2025-08-01,0.6191,-0.5987,0.1442
S_394,51.02,17.23,2025-09-01,0.6495,-0.6144,0.1505
S_394,51.02,17.23,2025-10-01,0.442759173467866,-0.4023794300258774,0.1237227655676099
S_394,51.02,17.23,2025-11-01,0.587,-0.6029,0.122
S_394,51.02,17.23,2025-12-01,0.5395,-0.5717,0.0793
S_394,51.02,17.23,2026-01-01,0.4283,-0.5033,0.0681
S_394,51.02,17.23,2026-02-01,0.3883,-0.4795,-0.0982
S_394,51.02,17.23,2026-03-01,0.398,-0.4945,-0.0761
S_395,51.04,17.23,2023-06-01,0.6228,-0.5703,0.2665
S_395,51.04,17.23,2023-07-01,0.6199,-0.5784,0.1971
S_395,51.04,17.23,2023-08-01,0.6683,-0.5872,0.1979
S_395,51.04,17.23,2023-09-01,0.5953,-0.5541,0.1633
S_395,51.04,17.23,2023-10-01,0.5551,-0.5233,0.1044
S_395,51.04,17.23,2023-11-01,0.6462,-0.5911,0.2472
S_395,51.04,17.23,2023-12-01,0.457,-0.4502,0.1161
S_395,51.04,17.23,2024-01-01,0.2163,-0.2274,0.4845
S_395,51.04,17.23,2024-02-01,0.4082444935414477,-0.6533734933436897,-0.0933563397869469
S_395,51.04,17.23,2024-03-01,-0.0492,0.1444,-0.1041
S_395,51.04,17.23,2024-04-01,0.6421,-0.5632,0.2336
S_395,51.04,17.23,2024-05-01,0.6199,-0.5608,0.2256
S_395,51.04,17.23,2024-06-01,0.6028,-0.552,0.1972
S_395,51.04,17.23,2024-07-01,0.5045,-0.4949,0.0551
S_395,51.04,17.23,2024-08-01,0.5111,-0.4938,0.0647
S_395,51.04,17.23,2024-09-01,0.1693,-0.1965,0.5208
S_395,51.04,17.23,2024-10-01,0.4223,-0.4313,-0.0204
S_395,51.04,17.23,2024-11-01,0.3715,-0.4122,-0.0624
S_395,51.04,17.23,2024-12-01,0.2893,-0.2988,0.0671
S_395,51.04,17.23,2025-01-01,0.3395,-0.4101,-0.0424
S_395,51.04,17.23,2025-02-01,0.2975,-0.3644,-0.0653
S_395,51.04,17.23,2025-03-01,0.3139,-0.3655,-0.0693
S_395,51.04,17.23,2025-04-01,0.6268,-0.5549,0.216
S_395,51.04,17.23,2025-05-01,0.63,-0.5562,0.2346
S_395,51.04,17.23,2025-06-01,0.6809,-0.6253,0.2971
S_395,51.04,17.23,2025-07-01,0.5179,-0.4566,0.1787
S_395,51.04,17.23,2025-08-01,0.56,-0.5375,0.1299
S_395,51.04,17.23,2025-09-01,0.6191,-0.5658,0.1731
S_395,51.04,17.23,2025-10-01,0.5222078517358764,-0.453975913222624,0.1772999651379865
S_395,51.04,17.23,2025-11-01,0.513,-0.5216,0.0918
S_395,51.04,17.23,2025-12-01,0.457,-0.4809,0.0471
S_395,51.04,17.23,2026-01-01,0.363,-0.4331,0.0967
S_395,51.04,17.23,2026-02-01,0.2911,-0.3871,-0.1048
S_395,51.04,17.23,2026-03-01,0.2974,-0.394,-0.0978
S_396,51.06,17.23,2023-06-01,0.6038,-0.5791,0.2304
S_396,51.06,17.23,2023-07-01,0.6106,-0.596,0.1891
S_396,51.06,17.23,2023-08-01,0.6076,-0.5695,0.1404
S_396,51.06,17.23,2023-09-01,0.5924,-0.5714,0.1387
S_396,51.06,17.23,2023-10-01,0.52,-0.5215,0.04
S_396,51.06,17.23,2023-11-01,0.4256,-0.4217,0.0814
S_396,51.06,17.23,2023-12-01,0.4328,-0.4744,0.0575
S_396,51.06,17.23,2024-01-01,0.1926,-0.2281,0.5026
S_396,51.06,17.23,2024-02-01,0.4233096680685045,-0.6644387004910844,-0.072872162339439
S_396,51.06,17.23,2024-03-01,0.2657135277608708,-0.2339541481951589,0.0054991737009909
S_396,51.06,17.23,2024-04-01,0.4914,-0.4894,0.0899
S_396,51.06,17.23,2024-05-01,0.5085,-0.5076,0.12
S_396,51.06,17.23,2024-06-01,0.5629,-0.5357,0.1402
S_396,51.06,17.23,2024-07-01,0.5688,-0.5597,0.1105
S_396,51.06,17.23,2024-08-01,0.6149,-0.5816,0.1474
S_396,51.06,17.23,2024-09-01,0.558,-0.5628,0.0903
S_396,51.06,17.23,2024-10-01,0.4733,-0.5159,-0.0002
S_396,51.06,17.23,2024-11-01,0.4499,-0.5064,0.032
S_396,51.06,17.23,2024-12-01,0.3619,-0.4003,0.0876
S_396,51.06,17.23,2025-01-01,0.4115,-0.4935,0.016
S_396,51.06,17.23,2025-02-01,0.3668,-0.445,-0.0407
S_396,51.06,17.23,2025-03-01,0.3772,-0.441,-0.0401
S_396,51.06,17.23,2025-04-01,0.5602,-0.5567,0.1564
S_396,51.06,17.23,2025-05-01,0.5475,-0.5372,0.1531
S_396,51.06,17.23,2025-06-01,0.6669,-0.6371,0.2558
S_396,51.06,17.23,2025-07-01,0.74,-0.6837,0.3061
S_396,51.06,17.23,2025-08-01,0.6181,-0.589,0.1726
S_396,51.06,17.23,2025-09-01,0.5164,-0.5242,0.0498
S_396,51.06,17.23,2025-10-01,0.52769328639163,-0.467195766925801,0.1889118086324353
S_396,51.06,17.23,2025-11-01,0.4524,-0.508,0.0121
S_396,51.06,17.23,2025-12-01,0.4319,-0.4919,0.0358
S_396,51.06,17.23,2026-01-01,0.3665,-0.4538,0.0108
S_396,51.06,17.23,2026-02-01,0.3206,-0.4159,-0.1014
S_396,51.06,17.23,2026-03-01,0.3343,-0.4331,-0.0845
S_397,51.08,17.23,2023-06-01,0.5739,-0.5556,0.2212
S_397,51.08,17.23,2023-07-01,0.5783,-0.5814,0.1633
S_397,51.08,17.23,2023-08-01,0.5912,-0.5647,0.1107
S_397,51.08,17.23,2023-09-01,0.6064,-0.5738,0.1448
S_397,51.08,17.23,2023-10-01,0.4926,-0.4915,0.0417
S_397,51.08,17.23,2023-11-01,0.4204499999805455,-0.3963166666491057,0.1287999999942864
S_397,51.08,17.23,2023-12-01,0.411,-0.4499,0.0379
S_397,51.08,17.23,2024-01-01,0.1908,-0.2237,0.4865
S_397,51.08,17.23,2024-02-01,0.4098099080227381,-0.6485787267245207,-0.0847538876794308
S_397,51.08,17.23,2024-03-01,0.4079,-0.4139,0.0318
S_397,51.08,17.23,2024-04-01,0.4708,-0.4783,0.0626
S_397,51.08,17.23,2024-05-01,0.4986,-0.4976,0.1191
S_397,51.08,17.23,2024-06-01,0.53,-0.5101,0.1329
S_397,51.08,17.23,2024-07-01,0.5227,-0.528,0.0748
S_397,51.08,17.23,2024-08-01,0.5456,-0.5306,0.0984
S_397,51.08,17.23,2024-09-01,0.5462,-0.5495,0.0772
S_397,51.08,17.23,2024-10-01,0.4311,-0.4898,-0.0223
S_397,51.08,17.23,2024-11-01,0.4285,-0.4869,0.0202
S_397,51.08,17.23,2024-12-01,0.3515,-0.3884,0.0787
S_397,51.08,17.23,2025-01-01,0.3936,-0.4735,0.0251
S_397,51.08,17.23,2025-02-01,0.3569,-0.4355,-0.0307
S_397,51.08,17.23,2025-03-01,0.3519,-0.417,-0.0395
S_397,51.08,17.23,2025-04-01,0.5114,-0.5158,0.1388
S_397,51.08,17.23,2025-05-01,0.5057,-0.5017,0.1391
S_397,51.08,17.23,2025-06-01,0.6496,-0.622,0.2498
S_397,51.08,17.23,2025-07-01,0.6169,-0.5957,0.2213
S_397,51.08,17.23,2025-08-01,0.6127,-0.594,0.1678
S_397,51.08,17.23,2025-09-01,0.539,-0.5465,0.0881
S_397,51.08,17.23,2025-10-01,0.4924747492815314,-0.4482549294344859,0.1701515085532826
S_397,51.08,17.23,2025-11-01,0.4183,-0.4921,-0.0211
S_397,51.08,17.23,2025-12-01,0.3818,-0.471,0.0142
S_397,51.08,17.23,2026-01-01,0.3326,-0.4412,-0.0165
S_397,51.08,17.23,2026-02-01,0.2899,-0.3991,-0.1259
S_397,51.08,17.23,2026-03-01,0.3025,-0.4167,-0.1038
S_398,51.1,17.23,2023-06-01,0.5277,-0.5247,0.1444
S_398,51.1,17.23,2023-07-01,0.6189,-0.6102,0.1724
S_398,51.1,17.23,2023-08-01,0.6619,-0.6091,0.1703
S_398,51.1,17.23,2023-09-01,0.6548,-0.6119,0.18
S_398,51.1,17.23,2023-10-01,0.5141,-0.5118,0.0668
S_398,51.1,17.23,2023-11-01,0.2898,-0.2857,0.0713
S_398,51.1,17.23,2023-12-01,0.3757,-0.4207,0.0341
S_398,51.1,17.23,2024-01-01,0.1984,-0.232,0.4217
S_398,51.1,17.23,2024-02-01,0.419201962521977,-0.672197364161453,-0.0993700581498446
S_398,51.1,17.23,2024-03-01,0.377,-0.3991,-0.0514
S_398,51.1,17.23,2024-04-01,0.4748,-0.4783,0.0716
S_398,51.1,17.23,2024-05-01,0.4864,-0.4884,0.0806
S_398,51.1,17.23,2024-06-01,0.561,-0.528,0.1466
S_398,51.1,17.23,2024-07-01,0.6636,-0.6142,0.1883
S_398,51.1,17.23,2024-08-01,0.6399,-0.5933,0.1692
S_398,51.1,17.23,2024-09-01,0.5166,-0.5383,0.0397
S_398,51.1,17.23,2024-10-01,0.4058,-0.4747,-0.0689
S_398,51.1,17.23,2024-11-01,0.374,-0.4492,-0.0623
S_398,51.1,17.23,2024-12-01,0.2884,-0.3369,-0.005
S_398,51.1,17.23,2025-01-01,0.3222,-0.4244,-0.0397
S_398,51.1,17.23,2025-02-01,0.2975,-0.383,-0.0791
S_398,51.1,17.23,2025-03-01,0.3095,-0.385,-0.0949
S_398,51.1,17.23,2025-04-01,0.4639,-0.4815,0.0511
S_398,51.1,17.23,2025-05-01,0.4555,-0.4649,0.0529
S_398,51.1,17.23,2025-06-01,0.7222,-0.6696,0.2991
S_398,51.1,17.23,2025-07-01,0.672,-0.6266,0.2619
S_398,51.1,17.23,2025-08-01,0.6828,-0.6346,0.2447
S_398,51.1,17.23,2025-09-01,0.5169,-0.534,0.0665
S_398,51.1,17.23,2025-10-01,0.4195220197498839,-0.4049946894054248,0.1200417023537717
S_398,51.1,17.23,2025-11-01,0.4008,-0.4817,-0.0234
S_398,51.1,17.23,2025-12-01,0.3808,-0.4582,0.0087
S_398,51.1,17.23,2026-01-01,0.3295,-0.4277,-0.0052
S_398,51.1,17.23,2026-02-01,0.2846,-0.3816,-0.0923
S_398,51.1,17.23,2026-03-01,0.3016,-0.4003,-0.0712
S_399,51.12,17.23,2023-06-01,0.5942,-0.5702,0.221
S_399,51.12,17.23,2023-07-01,0.6643,-0.6422,0.2315
S_399,51.12,17.23,2023-08-01,0.6792,-0.6271,0.2012
S_399,51.12,17.23,2023-09-01,0.704,-0.6482,0.2445
S_399,51.12,17.23,2023-10-01,0.6738,-0.6201,0.2085
S_399,51.12,17.23,2023-11-01,0.4457,-0.372,0.2202
S_399,51.12,17.23,2023-12-01,0.3728,-0.4262,0.0236
S_399,51.12,17.23,2024-01-01,0.2166,-0.2602,0.3774
S_399,51.12,17.23,2024-02-01,0.4117063981265515,-0.6519950360430647,-0.0912604470082766
S_399,51.12,17.23,2024-03-01,0.3673,-0.3963,0.0007
S_399,51.12,17.23,2024-04-01,0.3816,-0.3937,0.0557
S_399,51.12,17.23,2024-05-01,0.5018,-0.5018,0.1008
S_399,51.12,17.23,2024-06-01,0.6758,-0.6151,0.2605
S_399,51.12,17.23,2024-07-01,0.6582,-0.6172,0.2029
S_399,51.12,17.23,2024-08-01,0.6588,-0.607,0.2112
S_399,51.12,17.23,2024-09-01,0.5382,-0.5518,0.0823
S_399,51.12,17.23,2024-10-01,0.4647,-0.5031,-0.0044
S_399,51.12,17.23,2024-11-01,0.4109,-0.4634,0.0063
S_399,51.12,17.23,2024-12-01,0.3539,-0.3908,0.0642
S_399,51.12,17.23,2025-01-01,0.3721,-0.4595,0.0182
S_399,51.12,17.23,2025-02-01,0.3364,-0.4131,-0.0374
S_399,51.12,17.23,2025-03-01,0.3433,-0.4059,-0.065
S_399,51.12,17.23,2025-04-01,0.59,-0.5571,0.1769
S_399,51.12,17.23,2025-05-01,0.5836,-0.5458,0.1828
S_399,51.12,17.23,2025-06-01,0.6725,-0.6368,0.2506
S_399,51.12,17.23,2025-07-01,0.6117,-0.5953,0.21
S_399,51.12,17.23,2025-08-01,0.6242,-0.5972,0.1746
S_399,51.12,17.23,2025-09-01,0.6093,-0.5853,0.1555
S_399,51.12,17.23,2025-10-01,0.4518,-0.4247,0.1558
S_399,51.12,17.23,2025-11-01,0.5052,-0.5401,0.0571
S_399,51.12,17.23,2025-12-01,0.4372,-0.5097,0.057
S_399,51.12,17.23,2026-01-01,0.3542,-0.4446,0.0227
S_399,51.12,17.23,2026-02-01,0.3074,-0.4031,-0.102
S_399,51.12,17.23,2026-03-01,0.3246,-0.4235,-0.0741
S_400,51.14,17.23,2023-06-01,0.7401,-0.7015,0.4357
S_400,51.14,17.23,2023-07-01,0.4632,-0.5353,0.1465
S_400,51.14,17.23,2023-08-01,0.3969,-0.4486,-0.0397
S_400,51.14,17.23,2023-09-01,0.4636,-0.4757,0.072
S_400,51.14,17.23,2023-10-01,0.6141987831921416,-0.5773144609552827,0.1509603374774481
S_400,51.14,17.23,2023-11-01,0.3903384850621624,-0.3840015405554986,0.1346910209129098
S_400,51.14,17.23,2023-12-01,0.4594,-0.4937,0.1441
S_400,51.14,17.23,2024-01-01,0.2857,-0.3318,0.3388
S_400,51.14,17.23,2024-02-01,0.3203,-0.5624,-0.1385
S_400,51.14,17.23,2024-03-01,0.4638,-0.4568,0.1083
S_400,51.14,17.23,2024-04-01,0.472,-0.4665,0.2255
S_400,51.14,17.23,2024-05-01,0.5129,-0.4985,0.2258
S_400,51.14,17.23,2024-06-01,0.5784,-0.5455,0.1828
S_400,51.14,17.23,2024-07-01,0.6072,-0.5796,0.157
S_400,51.14,17.23,2024-08-01,0.5036,-0.5134,0.1043
S_400,51.14,17.23,2024-09-01,0.3819,-0.4458,-0.0268
S_400,51.14,17.23,2024-10-01,0.2271,-0.3327,-0.1324
S_400,51.14,17.23,2024-11-01,0.3985,-0.4371,0.0337
S_400,51.14,17.23,2024-12-01,0.4005,-0.4096,0.1157
S_400,51.14,17.23,2025-01-01,0.4218,-0.4842,0.0602
S_400,51.14,17.23,2025-02-01,0.3674,-0.4423,-0.0119
S_400,51.14,17.23,2025-03-01,0.3943,-0.4347,-0.0019
S_400,51.14,17.23,2025-04-01,0.6847,-0.6472,0.3129
S_400,51.14,17.23,2025-05-01,0.6669,-0.6305,0.3143
S_400,51.14,17.23,2025-06-01,0.67,-0.6356,0.3342
S_400,51.14,17.23,2025-07-01,0.4932,-0.5305,0.2455
S_400,51.14,17.23,2025-08-01,0.4457,-0.4941,-0.0139
S_400,51.14,17.23,2025-09-01,0.3718,-0.439,-0.0714
S_400,51.14,17.23,2025-10-01,0.2945,-0.3189,-0.0034
S_400,51.14,17.23,2025-11-01,0.4537,-0.5099,0.0074
S_400,51.14,17.23,2025-12-01,0.4259,-0.4968,0.0338
S_400,51.14,17.23,2026-01-01,0.3562,-0.4469,-0.0328
S_400,51.14,17.23,2026-02-01,0.3078,-0.3988,-0.1072
S_400,51.14,17.23,2026-03-01,0.3197,-0.4131,-0.0911
S_401,51.16,17.23,2023-06-01,0.6318,-0.6005,0.3184
S_401,51.16,17.23,2023-07-01,0.5838,-0.604,0.2096
S_401,51.16,17.23,2023-08-01,0.5292,-0.5343,0.0993
S_401,51.16,17.23,2023-09-01,0.5725,-0.5566,0.1458
S_401,51.16,17.23,2023-10-01,0.6108028679249958,-0.5739741093332628,0.1453394494192253
S_401,51.16,17.23,2023-11-01,0.4324,-0.4711,0.0363
S_401,51.16,17.23,2023-12-01,0.4008,-0.426,0.0601
S_401,51.16,17.23,2024-01-01,0.2501,-0.2903,0.2741
S_401,51.16,17.23,2024-02-01,0.3857,-0.5523,-0.0338
S_401,51.16,17.23,2024-03-01,0.3561,-0.3679,0.0091
S_401,51.16,17.23,2024-04-01,0.5204,-0.5043,0.1316
S_401,51.16,17.23,2024-05-01,0.5922,-0.5743,0.2311
S_401,51.16,17.23,2024-06-01,0.5683,-0.5171,0.2505
S_401,51.16,17.23,2024-07-01,0.4692,-0.5052,0.0405
S_401,51.16,17.23,2024-08-01,0.4885,-0.503,0.0663
S_401,51.16,17.23,2024-09-01,0.4564,-0.4852,0.0235
S_401,51.16,17.23,2024-10-01,0.4608,-0.4922,0.0248
S_401,51.16,17.23,2024-11-01,0.4947,-0.5104,0.1175
S_401,51.16,17.23,2024-12-01,0.445,-0.44,0.1734
S_401,51.16,17.23,2025-01-01,0.4232,-0.4839,0.0948
S_401,51.16,17.23,2025-02-01,0.3777,-0.4417,0.0154
S_401,51.16,17.23,2025-03-01,0.3851,-0.4315,0.0114
S_401,51.16,17.23,2025-04-01,0.5565,-0.5491,0.2298
S_401,51.16,17.23,2025-05-01,0.5399,-0.5272,0.2302
S_401,51.16,17.23,2025-06-01,0.6773,-0.6446,0.3275
S_401,51.16,17.23,2025-07-01,0.5613,-0.5741,0.2413
S_401,51.16,17.23,2025-08-01,0.579,-0.5735,0.1411
S_401,51.16,17.23,2025-09-01,0.4311,-0.4715,0.0123
S_401,51.16,17.23,2025-10-01,0.2991,-0.3324,0.0237
S_401,51.16,17.23,2025-11-01,0.3783,-0.4578,-0.0122
S_401,51.16,17.23,2025-12-01,0.4159,-0.4827,0.0523
S_401,51.16,17.23,2026-01-01,0.3405,-0.4305,-0.0039
S_401,51.16,17.23,2026-02-01,0.307,-0.4011,-0.0964
S_401,51.16,17.23,2026-03-01,0.3235,-0.4188,-0.0802
S_402,51.18,17.23,2023-06-01,0.6322,-0.5958,0.2526
S_402,51.18,17.23,2023-07-01,0.605,-0.5911,0.1847
S_402,51.18,17.23,2023-08-01,0.5697,-0.5523,0.108
S_402,51.18,17.23,2023-09-01,0.5798,-0.5623,0.1311
S_402,51.18,17.23,2023-10-01,0.5786456242951374,-0.5417824184135089,0.1566273281481887
S_402,51.18,17.23,2023-11-01,0.4994,-0.5254,0.0584
S_402,51.18,17.23,2023-12-01,0.4065,-0.4184,0.0425
S_402,51.18,17.23,2024-01-01,0.2769,-0.31,0.3343
S_402,51.18,17.23,2024-02-01,0.3225,-0.4646,-0.0563
S_402,51.18,17.23,2024-03-01,0.3412,-0.3267,0.0342
S_402,51.18,17.23,2024-04-01,0.5472,-0.5125,0.1288
S_402,51.18,17.23,2024-05-01,0.5764,-0.5447,0.1804
S_402,51.18,17.23,2024-06-01,0.5535,-0.4945,0.2319
S_402,51.18,17.23,2024-07-01,0.5765,-0.56,0.1164
S_402,51.18,17.23,2024-08-01,0.5818,-0.5598,0.1237
S_402,51.18,17.23,2024-09-01,0.5839,-0.5742,0.1226
S_402,51.18,17.23,2024-10-01,0.517,-0.5383,0.0447
S_402,51.18,17.23,2024-11-01,0.431,-0.473,0.0316
S_402,51.18,17.23,2024-12-01,0.3701,-0.3887,0.0628
S_402,51.18,17.23,2025-01-01,0.4018,-0.475,0.0253
S_402,51.18,17.23,2025-02-01,0.3528,-0.4225,-0.0339
S_402,51.18,17.23,2025-03-01,0.3341,-0.4005,-0.0717
S_402,51.18,17.23,2025-04-01,0.5448,-0.5238,0.1326
S_402,51.18,17.23,2025-05-01,0.5395,-0.5086,0.1405
S_402,51.18,17.23,2025-06-01,0.6352,-0.61,0.2122
S_402,51.18,17.23,2025-07-01,0.5802,-0.5678,0.1747
S_402,51.18,17.23,2025-08-01,0.6249,-0.5908,0.1772
S_402,51.18,17.23,2025-09-01,0.582,-0.5614,0.1343
S_402,51.18,17.23,2025-10-01,0.4882,-0.4684,0.1429
S_402,51.18,17.23,2025-11-01,0.4774,-0.5261,0.0466
S_402,51.18,17.23,2025-12-01,0.443,-0.4997,0.0457
S_402,51.18,17.23,2026-01-01,0.3408,-0.4092,0.0768
S_402,51.18,17.23,2026-02-01,0.3346,-0.4249,-0.0891
S_402,51.18,17.23,2026-03-01,0.3565,-0.4484,-0.0681
S_403,51.2,17.23,2023-06-01,0.6369,-0.6077,0.2642
S_403,51.2,17.23,2023-07-01,0.6139,-0.6118,0.1847
S_403,51.2,17.23,2023-08-01,0.5723,-0.5657,0.0975
S_403,51.2,17.23,2023-09-01,0.5727,-0.5611,0.1148
S_403,51.2,17.23,2023-10-01,0.5805976475201597,-0.5429456564373226,0.1592460761580855
S_403,51.2,17.23,2023-11-01,0.4901,-0.5302,0.0407
S_403,51.2,17.23,2023-12-01,0.4144,-0.4411,0.038
S_403,51.2,17.23,2024-01-01,0.2879,-0.3374,0.2424
S_403,51.2,17.23,2024-02-01,0.2919,-0.4157,-0.0892
S_403,51.2,17.23,2024-03-01,0.248,-0.2583,-0.0067
S_403,51.2,17.23,2024-04-01,0.4955,-0.4764,0.1474
S_403,51.2,17.23,2024-05-01,0.6057,-0.5724,0.2044
S_403,51.2,17.23,2024-06-01,0.5744,-0.5391,0.1727
S_403,51.2,17.23,2024-07-01,0.5507,-0.5552,0.0756
S_403,51.2,17.23,2024-08-01,0.5777,-0.5636,0.1023
S_403,51.2,17.23,2024-09-01,0.5877,-0.5879,0.1096
S_403,51.2,17.23,2024-10-01,0.4817,-0.5144,0.0208
S_403,51.2,17.23,2024-11-01,0.4629,-0.4918,0.0645
S_403,51.2,17.23,2024-12-01,0.4305,-0.4399,0.103
S_403,51.2,17.23,2025-01-01,0.4472,-0.5068,0.0623
S_403,51.2,17.23,2025-02-01,0.3868,-0.4539,-0.0251
S_403,51.2,17.23,2025-03-01,0.3768,-0.4328,-0.0483
S_403,51.2,17.23,2025-04-01,0.6051,-0.5775,0.1886
S_403,51.2,17.23,2025-05-01,0.5987,-0.563,0.1981
S_403,51.2,17.23,2025-06-01,0.632,-0.6233,0.203
S_403,51.2,17.23,2025-07-01,0.5686,-0.5755,0.1673
S_403,51.2,17.23,2025-08-01,0.596,-0.5857,0.1227
S_403,51.2,17.23,2025-09-01,0.5684,-0.5598,0.0996
S_403,51.2,17.23,2025-10-01,0.5011,-0.4977,0.1064
S_403,51.2,17.23,2025-11-01,0.4768,-0.5184,0.0526
S_403,51.2,17.23,2025-12-01,0.471,-0.5183,0.0843
S_403,51.2,17.23,2026-01-01,0.3546,-0.4278,0.0537
S_403,51.2,17.23,2026-02-01,0.3274,-0.4229,-0.0912
S_403,51.2,17.23,2026-03-01,0.3458,-0.4424,-0.0739
S_404,51.22,17.23,2023-06-01,0.694,-0.6543,0.3634
S_404,51.22,17.23,2023-07-01,0.5384,-0.5649,0.1556
S_404,51.22,17.23,2023-08-01,0.4533,-0.4875,0.0037
S_404,51.22,17.23,2023-09-01,0.5064,-0.5119,0.0711
S_404,51.22,17.23,2023-10-01,0.5074577233620011,-0.4788484270196849,0.1269236074383251
S_404,51.22,17.23,2023-11-01,0.4932,-0.5176,0.0825
S_404,51.22,17.23,2023-12-01,0.417,-0.4349,0.0716
S_404,51.22,17.23,2024-01-01,0.2989,-0.3581,0.1636
S_404,51.22,17.23,2024-02-01,0.3484,-0.402,0.0608
S_404,51.22,17.23,2024-03-01,0.3701,-0.3413,0.0716
S_404,51.22,17.23,2024-04-01,0.499,-0.4965,0.1518
S_404,51.22,17.23,2024-05-01,0.6009,-0.5781,0.2398
S_404,51.22,17.23,2024-06-01,0.6281,-0.581,0.2362
S_404,51.22,17.23,2024-07-01,0.4575,-0.4933,0.0244
S_404,51.22,17.23,2024-08-01,0.4877,-0.502,0.049
S_404,51.22,17.23,2024-09-01,0.5169,-0.5264,0.0715
S_404,51.22,17.23,2024-10-01,0.4445,-0.4835,0.0231
S_404,51.22,17.23,2024-11-01,0.4761,-0.4932,0.0857
S_404,51.22,17.23,2024-12-01,0.4377,-0.4359,0.1367
S_404,51.22,17.23,2025-01-01,0.442,-0.4861,0.1048
S_404,51.22,17.23,2025-02-01,0.3951,-0.456,0.0259
S_404,51.22,17.23,2025-03-01,0.4202,-0.4507,0.0194
S_404,51.22,17.23,2025-04-01,0.6368,-0.607,0.2761
S_404,51.22,17.23,2025-05-01,0.6158,-0.5813,0.2734
S_404,51.22,17.23,2025-06-01,0.6567,-0.6309,0.2884
S_404,51.22,17.23,2025-07-01,0.5681,-0.5678,0.2327
S_404,51.22,17.23,2025-08-01,0.4837,-0.514,0.0424
S_404,51.22,17.23,2025-09-01,0.5191,-0.5162,0.078
S_404,51.22,17.23,2025-10-01,0.4919,-0.4907,0.1045
S_404,51.22,17.23,2025-11-01,0.4805,-0.5154,0.074
S_404,51.22,17.23,2025-12-01,0.4482,-0.497,0.1059
S_404,51.22,17.23,2026-01-01,0.3245,-0.4051,0.0536
S_404,51.22,17.23,2026-02-01,0.3131,-0.4084,-0.055
S_404,51.22,17.23,2026-03-01,0.3328,-0.4268,-0.0457
S_405,51.24,17.23,2023-06-01,0.6839,-0.6587,0.4293
S_405,51.24,17.23,2023-07-01,0.5865,-0.5933,0.2953
S_405,51.24,17.23,2023-08-01,0.449,-0.4872,0.0258
S_405,51.24,17.23,2023-09-01,0.4782,-0.4991,0.078
S_405,51.24,17.23,2023-10-01,0.5016318409118367,-0.4734961857450876,0.125022686290067
S_405,51.24,17.23,2023-11-01,0.4068,-0.4652,0.0589
S_405,51.24,17.23,2023-12-01,0.3693,-0.4074,0.0706
S_405,51.24,17.23,2024-01-01,0.2808,-0.3602,0.0934
S_405,51.24,17.23,2024-02-01,0.3234,-0.3762,0.0933
S_405,51.24,17.23,2024-03-01,0.3332314513498891,-0.3098548278398441,0.0527891783097776
S_405,51.24,17.23,2024-04-01,0.587,-0.5732,0.2765
S_405,51.24,17.23,2024-05-01,0.6522,-0.6335,0.3464
S_405,51.24,17.23,2024-06-01,0.7152,-0.6476,0.393
S_405,51.24,17.23,2024-07-01,0.4021,-0.4687,-0.0028
S_405,51.24,17.23,2024-08-01,0.4068,-0.4577,0.005
S_405,51.24,17.23,2024-09-01,0.3665,-0.4346,-0.0287
S_405,51.24,17.23,2024-10-01,0.329,-0.4102,-0.007
S_405,51.24,17.23,2024-11-01,0.4441,-0.484,0.1244
S_405,51.24,17.23,2024-12-01,0.4507,-0.4544,0.187
S_405,51.24,17.23,2025-01-01,0.4246,-0.4663,0.205
S_405,51.24,17.23,2025-02-01,0.39,-0.4607,0.0454
S_405,51.24,17.23,2025-03-01,0.4492,-0.4756,0.0805
S_405,51.24,17.23,2025-04-01,0.6557,-0.6383,0.3492
S_405,51.24,17.23,2025-05-01,0.6221,-0.605,0.3393
S_405,51.24,17.23,2025-06-01,0.7094,-0.6708,0.3897
S_405,51.24,17.23,2025-07-01,0.6267,-0.5927,0.3837
S_405,51.24,17.23,2025-08-01,0.4269,-0.4853,0.0214
S_405,51.24,17.23,2025-09-01,0.3676,-0.4244,0.0008
S_405,51.24,17.23,2025-10-01,0.3766,-0.4343,0.0265
S_405,51.24,17.23,2025-11-01,0.4162,-0.4713,0.06
S_405,51.24,17.23,2025-12-01,0.4517,-0.4868,0.1709
S_405,51.24,17.23,2026-01-01,0.3214,-0.4159,0.0422
S_405,51.24,17.23,2026-02-01,0.2772,-0.386,-0.0109
S_405,51.24,17.23,2026-03-01,0.2968,-0.4017,-0.016
S_406,50.96,17.25,2023-06-01,0.6877,-0.6392,0.3666
S_406,50.96,17.25,2023-07-01,0.4428,-0.4974,0.0816
S_406,50.96,17.25,2023-08-01,0.5819,-0.5471,0.145
S_406,50.96,17.25,2023-09-01,0.5835,-0.5596,0.1516
S_406,50.96,17.25,2023-10-01,0.5173,-0.5191,0.069
S_406,50.96,17.25,2023-11-01,0.7636,-0.6716,0.4547
S_406,50.96,17.25,2023-12-01,0.4759,-0.4949,0.1168
S_406,50.96,17.25,2024-01-01,0.184,-0.206,0.6126
S_406,50.96,17.25,2024-02-01,0.4167127405981395,-0.5961592635829353,-0.0735481302489926
S_406,50.96,17.25,2024-03-01,0.5482,-0.5223,0.2011
S_406,50.96,17.25,2024-04-01,0.5455,-0.5301,0.1735
S_406,50.96,17.25,2024-05-01,0.5771,-0.5521,0.2228
S_406,50.96,17.25,2024-06-01,0.6074,-0.5617,0.2369
S_406,50.96,17.25,2024-07-01,0.4771,-0.5021,0.0526
S_406,50.96,17.25,2024-08-01,0.5051,-0.51,0.0715
S_406,50.96,17.25,2024-09-01,0.3985,-0.4546,-0.0392
S_406,50.96,17.25,2024-10-01,0.428,-0.4703,-0.0229
S_406,50.96,17.25,2024-11-01,0.5454,-0.5427,0.1195
S_406,50.96,17.25,2024-12-01,0.4983,-0.4778,0.2371
S_406,50.96,17.25,2025-01-01,0.5285,-0.5491,0.1539
S_406,50.96,17.25,2025-02-01,0.4959,-0.5319,0.104
S_406,50.96,17.25,2025-03-01,0.5073,-0.5254,0.0891
S_406,50.96,17.25,2025-04-01,0.6868,-0.6387,0.3654
S_406,50.96,17.25,2025-05-01,0.6595,-0.6108,0.3599
S_406,50.96,17.25,2025-06-01,0.5992,-0.5976,0.2664
S_406,50.96,17.25,2025-07-01,0.4999,-0.5442,0.1789
S_406,50.96,17.25,2025-08-01,0.4872,-0.5036,0.0306
S_406,50.96,17.25,2025-09-01,0.3941,-0.4381,-0.0329
S_406,50.96,17.25,2025-10-01,0.3,-0.3255,0.0074
S_406,50.96,17.25,2025-11-01,0.4438,-0.474,0.0149
S_406,50.96,17.25,2025-12-01,0.5121,-0.5377,0.1177
S_406,50.96,17.25,2026-01-01,0.4122,-0.477,0.0925
S_406,50.96,17.25,2026-02-01,0.3576,-0.4261,-0.0535
S_406,50.96,17.25,2026-03-01,0.3745,-0.4505,-0.0313
S_407,50.98,17.25,2023-06-01,0.6001,-0.5619,0.2381
S_407,50.98,17.25,2023-07-01,0.5565,-0.5373,0.1237
S_407,50.98,17.25,2023-08-01,0.606,-0.5597,0.1424
S_407,50.98,17.25,2023-09-01,0.6106,-0.5742,0.1682
S_407,50.98,17.25,2023-10-01,0.5733,-0.5436,0.1174
S_407,50.98,17.25,2023-11-01,0.4947,-0.4685,0.1211
S_407,50.98,17.25,2023-12-01,0.4324,-0.4477,0.042
S_407,50.98,17.25,2024-01-01,0.1779,-0.2041,0.5178
S_407,50.98,17.25,2024-02-01,0.4152215626955192,-0.597398808313475,-0.0752591269361789
S_407,50.98,17.25,2024-03-01,0.345,-0.3726,-0.015
S_407,50.98,17.25,2024-04-01,0.567,-0.5282,0.1412
S_407,50.98,17.25,2024-05-01,0.5573,-0.5351,0.1559
S_407,50.98,17.25,2024-06-01,0.544,-0.5148,0.1416
S_407,50.98,17.25,2024-07-01,0.5133,-0.5101,0.0581
S_407,50.98,17.25,2024-08-01,0.5226,-0.5092,0.0841
S_407,50.98,17.25,2024-09-01,0.5389,-0.5253,0.0935
S_407,50.98,17.25,2024-10-01,0.5002,-0.505,0.0386
S_407,50.98,17.25,2024-11-01,0.4741,-0.4935,0.0245
S_407,50.98,17.25,2024-12-01,0.359,-0.3751,0.0786
S_407,50.98,17.25,2025-01-01,0.4131,-0.4822,0.0038
S_407,50.98,17.25,2025-02-01,0.3682,-0.4411,-0.0442
S_407,50.98,17.25,2025-03-01,0.3374,-0.4095,-0.0833
S_407,50.98,17.25,2025-04-01,0.5274,-0.5085,0.1273
S_407,50.98,17.25,2025-05-01,0.5035,-0.4814,0.1266
S_407,50.98,17.25,2025-06-01,0.6216,-0.5869,0.1981
S_407,50.98,17.25,2025-07-01,0.5838,-0.5607,0.1627
S_407,50.98,17.25,2025-08-01,0.6216,-0.5813,0.1782
S_407,50.98,17.25,2025-09-01,0.5982,-0.5648,0.1489
S_407,50.98,17.25,2025-10-01,0.3444822241865389,-0.3535670728164125,0.0335570090096942
S_407,50.98,17.25,2025-11-01,0.4127,-0.4697,0.0031
S_407,50.98,17.25,2025-12-01,0.4087,-0.5003,0.0177
S_407,50.98,17.25,2026-01-01,0.3499,-0.4478,0.027
S_407,50.98,17.25,2026-02-01,0.3068,-0.4022,-0.1249
S_407,50.98,17.25,2026-03-01,0.3218,-0.426,-0.0926
S_408,51.0,17.25,2023-06-01,0.6265731060059393,-0.5933704148164514,0.2639001479334426
S_408,51.0,17.25,2023-07-01,0.5674482755950984,-0.5586624891578094,0.1472459415366037
S_408,51.0,17.25,2023-08-01,0.5843977092602387,-0.556611165230254,0.1065923268750474
S_408,51.0,17.25,2023-09-01,0.5913202056094493,-0.5715871103657064,0.1359975613371674
S_408,51.0,17.25,2023-10-01,0.5339519948603728,-0.532479098053877,0.0642743253383514
S_408,51.0,17.25,2023-11-01,0.4765937733567474,-0.4659006276058904,0.1023586399153445
S_408,51.0,17.25,2023-12-01,0.4426355518461787,-0.4682949926877804,0.0649622366357268
S_408,51.0,17.25,2024-01-01,0.1896474313484411,-0.2144387481032255,0.5219670960160245
S_408,51.0,17.25,2024-02-01,0.3961593926099669,-0.6176585817550466,-0.0950353733829313
S_408,51.0,17.25,2024-03-01,0.4337731418912667,-0.4468795777356282,0.0539179074409816
S_408,51.0,17.25,2024-04-01,0.542096612477724,-0.5192760497312348,0.1203433549536181
S_408,51.0,17.25,2024-05-01,0.5286564537838639,-0.5237318325826714,0.1291149711558468
S_408,51.0,17.25,2024-06-01,0.5487604689135949,-0.52409173516114,0.1341621320348104
S_408,51.0,17.25,2024-07-01,0.5509431636933184,-0.5453586399159208,0.0798887914366896
S_408,51.0,17.25,2024-08-01,0.5672046427203179,-0.5500818938443944,0.1048572726506254
S_408,51.0,17.25,2024-09-01,0.5054087624705863,-0.5088270344860528,0.0836182286878244
S_408,51.0,17.25,2024-10-01,0.4640093541726445,-0.4971232106051171,-0.006259127043387
S_408,51.0,17.25,2024-11-01,0.4514944876205228,-0.4994958548795065,0.0081172185583441
S_408,51.0,17.25,2024-12-01,0.3514778354002081,-0.3749596067121655,0.0886911867665069
S_408,51.0,17.25,2025-01-01,0.417623376481684,-0.4903923014917996,0.0075375287761953
S_408,51.0,17.25,2025-02-01,0.372679263933,-0.4493079869181928,-0.0462748557893883
S_408,51.0,17.25,2025-03-01,0.3717125683783736,-0.4372386001718644,-0.0625461761364618
S_408,51.0,17.25,2025-04-01,0.5753861181674712,-0.5538322509769386,0.1623493036638375
S_408,51.0,17.25,2025-05-01,0.5569384522365107,-0.5317032141947644,0.1654777307959825
S_408,51.0,17.25,2025-06-01,0.6416107034999112,-0.6150262409946288,0.2206337482392469
S_408,51.0,17.25,2025-07-01,0.5894837228405226,-0.5783980843354544,0.1915298123150483
S_408,51.0,17.25,2025-08-01,0.5977858297612028,-0.5763687770762037,0.1444549639772662
S_408,51.0,17.25,2025-09-01,0.5796542243219167,-0.5624204148132942,0.1116505663313134
S_408,51.0,17.25,2025-10-01,0.3908527213656022,-0.3803740810479746,0.0689714357022845
S_408,51.0,17.25,2025-11-01,0.4625365365743357,-0.5109189608850024,0.0395032754616908
S_408,51.0,17.25,2025-12-01,0.4526171319007843,-0.5188685424906776,0.0514884343035197
S_408,51.0,17.25,2026-01-01,0.3741192567531858,-0.4662462553456745,0.0424260497327358
S_408,51.0,17.25,2026-02-01,0.3321219479526861,-0.4285996608107041,-0.1074722258664477
S_408,51.0,17.25,2026-03-01,0.3430878859099734,-0.4453135172392281,-0.0854542063834953
S_409,51.02,17.25,2023-06-01,0.6249704581502126,-0.5777502092083683,0.266355086530534
S_409,51.02,17.25,2023-07-01,0.6014919264214178,-0.5678445742854564,0.185953448789734
S_409,51.02,17.25,2023-08-01,0.6055314321318916,-0.5555228534916118,0.1332022907314671
S_409,51.02,17.25,2023-09-01,0.6022483622647331,-0.5623170526873665,0.1585027778521324
S_409,51.02,17.25,2023-10-01,0.5515339828290131,-0.5295989719336509,0.0859728175894784
S_409,51.02,17.25,2023-11-01,0.4983800215506516,-0.4858146319841759,0.1179720525656178
S_409,51.02,17.25,2023-12-01,0.4199683333088929,-0.439012341255424,0.0721774782758603
S_409,51.02,17.25,2024-01-01,0.1960633946996725,-0.214918167419924,0.467704599405368
S_409,51.02,17.25,2024-02-01,0.4080863532543767,-0.6527079969755131,-0.0932185590724845
S_409,51.02,17.25,2024-03-01,0.3064335285109454,-0.2878520963836724,0.0141954005868195
S_409,51.02,17.25,2024-04-01,0.5593793939275031,-0.5152993470084976,0.1429820417928513
S_409,51.02,17.25,2024-05-01,0.5456906637742698,-0.5177248304234047,0.1544269119339407
S_409,51.02,17.25,2024-06-01,0.5814963853417323,-0.5392380159033656,0.1611384776265146
S_409,51.02,17.25,2024-07-01,0.5506163817598928,-0.5312978138831661,0.0822289755198616
S_409,51.02,17.25,2024-08-01,0.5760100758973711,-0.5401904978935175,0.1163459669298778
S_409,51.02,17.25,2024-09-01,0.3456046322245048,-0.3587123053420623,0.2863672619110373
S_409,51.02,17.25,2024-10-01,0.4318663817490268,-0.4554483189356239,-0.025095140620902
S_409,51.02,17.25,2024-11-01,0.4046334344333793,-0.447907507245971,-0.0310030049983653
S_409,51.02,17.25,2024-12-01,0.317732676858844,-0.3298945130387627,0.0665563925352722
S_409,51.02,17.25,2025-01-01,0.3735234885479629,-0.4377375108540657,-0.0231886868251039
S_409,51.02,17.25,2025-02-01,0.3336009488679883,-0.4003968470863689,-0.0526584919850608
S_409,51.02,17.25,2025-03-01,0.3426049640085522,-0.3960427886463913,-0.0668383296931901
S_409,51.02,17.25,2025-04-01,0.5930769552750171,-0.5428568109322309,0.1797093975221291
S_409,51.02,17.25,2025-05-01,0.5905656854441661,-0.5372647799188317,0.1942075685271868
S_409,51.02,17.25,2025-06-01,0.66457960313137,-0.6192956456924232,0.2605462553513574
S_409,51.02,17.25,2025-07-01,0.6293078105396988,-0.5867871611345862,0.2268919518055287
S_409,51.02,17.25,2025-08-01,0.589440245354092,-0.5575825901860886,0.1468396356841515
S_409,51.02,17.25,2025-09-01,0.5854459848952298,-0.5510083261325547,0.1291396356968215
S_409,51.02,17.25,2025-10-01,0.4734625813351367,-0.4289414460882539,0.129305479859666
S_409,51.02,17.25,2025-11-01,0.4761959848775066,-0.505977817460875,0.0473578210517022
S_409,51.02,17.25,2025-12-01,0.4364600072145641,-0.4780432070575045,0.0329484415015135
S_409,51.02,17.25,2026-01-01,0.3580961940877704,-0.4357294985350572,0.0687159379585867
S_409,51.02,17.25,2026-02-01,0.308947204219701,-0.4018798990027596,-0.1075351767700704
S_409,51.02,17.25,2026-03-01,0.3172865440339176,-0.4135079689775659,-0.0939254833991542
S_410,51.04,17.25,2023-06-01,0.5433,-0.4869,0.2026
S_410,51.04,17.25,2023-07-01,0.5831,-0.5168,0.1915
S_410,51.04,17.25,2023-08-01,0.5624,-0.4949,0.1309
S_410,51.04,17.25,2023-09-01,0.5786,-0.513,0.1763
S_410,51.04,17.25,2023-10-01,0.546,-0.4881,0.1189
S_410,51.04,17.25,2023-11-01,0.4065,-0.4055,0.0615
S_410,51.04,17.25,2023-12-01,0.3231,-0.3441,0.0302
S_410,51.04,17.25,2024-01-01,0.1492,-0.1664,0.3867
S_410,51.04,17.25,2024-02-01,0.4231723410408554,-0.6636256577235699,-0.0721796191531481
S_410,51.04,17.25,2024-03-01,0.287,-0.2764,0.0145
S_410,51.04,17.25,2024-04-01,0.5093,-0.454,0.1264
S_410,51.04,17.25,2024-05-01,0.5075,-0.4574,0.151
S_410,51.04,17.25,2024-06-01,0.5894,-0.5291,0.1807
S_410,51.04,17.25,2024-07-01,0.5128,-0.4742,0.0817
S_410,51.04,17.25,2024-08-01,0.5552,-0.4897,0.1429
S_410,51.04,17.25,2024-09-01,0.1836,-0.2016,0.4501
S_410,51.04,17.25,2024-10-01,0.3743,-0.3807,-0.0317
S_410,51.04,17.25,2024-11-01,0.3328,-0.3536,-0.0752
S_410,51.04,17.25,2024-12-01,0.266,-0.2531,0.009
S_410,51.04,17.25,2025-01-01,0.2784,-0.3254,-0.0697
S_410,51.04,17.25,2025-02-01,0.2595,-0.3091,-0.0508
S_410,51.04,17.25,2025-03-01,0.2572,-0.2998,-0.0868
S_410,51.04,17.25,2025-04-01,0.5001,-0.4391,0.1133
S_410,51.04,17.25,2025-05-01,0.5055,-0.4391,0.1381
S_410,51.04,17.25,2025-06-01,0.6285,-0.5633,0.2506
S_410,51.04,17.25,2025-07-01,0.6856,-0.618,0.2214
S_410,51.04,17.25,2025-08-01,0.579,-0.5134,0.1699
S_410,51.04,17.25,2025-09-01,0.5327,-0.4848,0.1282
S_410,51.04,17.25,2025-10-01,0.6411,-0.5281,0.2497
S_410,51.04,17.25,2025-11-01,0.3767,-0.4086,-0.0359
S_410,51.04,17.25,2025-12-01,0.3171,-0.3638,-0.0477
S_410,51.04,17.25,2026-01-01,0.2852,-0.3542,0.0719
S_410,51.04,17.25,2026-02-01,0.2385,-0.3231,-0.1189
S_410,51.04,17.25,2026-03-01,0.2461,-0.3338,-0.1091
S_411,51.06,17.25,2023-06-01,0.5987441724136559,-0.5613457206628729,0.2491463220614916
S_411,51.06,17.25,2023-07-01,0.5816719017971883,-0.5610067379652196,0.1814003688221573
S_411,51.06,17.25,2023-08-01,0.5670032327418754,-0.5308730812241002,0.1111585786452935
S_411,51.06,17.25,2023-09-01,0.5914155691336497,-0.548030576776808,0.1552883613403354
S_411,51.06,17.25,2023-10-01,0.4970239351581584,-0.4840278656383353,0.0554573593092516
S_411,51.06,17.25,2023-11-01,0.4983733348222204,-0.4819019103886842,0.1281662292091024
S_411,51.06,17.25,2023-12-01,0.4203406837175654,-0.436361715047961,0.0729936074886481
S_411,51.06,17.25,2024-01-01,0.1900177187821891,-0.2148251544823101,0.4768428732659822
S_411,51.06,17.25,2024-02-01,0.4192169447106673,-0.6753118601994644,-0.1018463164077405
S_411,51.06,17.25,2024-03-01,0.3014864722298107,-0.2750458517948728,0.0227508262964005
S_411,51.06,17.25,2024-04-01,0.5188968071623136,-0.4966970961783984,0.1163885773874041
S_411,51.06,17.25,2024-05-01,0.5523270880729527,-0.5198516246352068,0.1734029602410259
S_411,51.06,17.25,2024-06-01,0.5673067214247434,-0.5319768988264825,0.1607114459741934
S_411,51.06,17.25,2024-07-01,0.5230776530109381,-0.5153216492694852,0.0757711077248963
S_411,51.06,17.25,2024-08-01,0.5502667120941686,-0.5222376835638579,0.1091361353183374
S_411,51.06,17.25,2024-09-01,0.4660836134173241,-0.4647708517665055,0.2044151108131966
S_411,51.06,17.25,2024-10-01,0.450144501327501,-0.4777690544088817,0.0025171971943343
S_411,51.06,17.25,2024-11-01,0.437239969458741,-0.4719017808414643,0.0227356701602081
S_411,51.06,17.25,2024-12-01,0.3418477175479019,-0.3497022294769702,0.0744102830990437
S_411,51.06,17.25,2025-01-01,0.3903629743000446,-0.4508677951993621,0.0147954681349279
S_411,51.06,17.25,2025-02-01,0.3419281780183849,-0.4016527710061657,-0.025916187067328
S_411,51.06,17.25,2025-03-01,0.3579694232387514,-0.4079633032135122,-0.031596262196261
S_411,51.06,17.25,2025-04-01,0.5674815036697178,-0.5294084224533875,0.17513255027254
S_411,51.06,17.25,2025-05-01,0.5404440760632561,-0.5110873745901005,0.1684760084034955
S_411,51.06,17.25,2025-06-01,0.6497348760767571,-0.607784062052888,0.2662279055298482
S_411,51.06,17.25,2025-07-01,0.6721991894004946,-0.6220008339876734,0.2480594126318919
S_411,51.06,17.25,2025-08-01,0.5828480065499027,-0.5486407635284893,0.1560389826948702
S_411,51.06,17.25,2025-09-01,0.5269796430409863,-0.5117416704720564,0.0913920757715423
S_411,51.06,17.25,2025-10-01,0.5472945623729241,-0.4780296081211669,0.1987345529876387
S_411,51.06,17.25,2025-11-01,0.4482055351589727,-0.4852643862865767,0.0201538307166898
S_411,51.06,17.25,2025-12-01,0.4088222672045839,-0.4560558276089123,0.0209070668863717
S_411,51.06,17.25,2026-01-01,0.340072134378286,-0.4251767226910635,0.0211304239964876
S_411,51.06,17.25,2026-02-01,0.2947285633691558,-0.3869881287671572,-0.1066936473929003
S_411,51.06,17.25,2026-03-01,0.3076522659356087,-0.4032933184706703,-0.0900156654748423
S_412,51.08,17.25,2023-06-01,0.6667,-0.6221,0.3342
S_412,51.08,17.25,2023-07-01,0.5537,-0.5558,0.1764
S_412,51.08,17.25,2023-08-01,0.5139,-0.5043,0.0625
S_412,51.08,17.25,2023-09-01,0.6005,-0.5554,0.1452
S_412,51.08,17.25,2023-10-01,0.4282,-0.4372,0.0172
S_412,51.08,17.25,2023-11-01,0.3486080123049445,-0.3428890260218417,0.0685834957071156
S_412,51.08,17.25,2023-12-01,0.4792,-0.4808,0.1008
S_412,51.08,17.25,2024-01-01,0.2277,-0.2437,0.5344
S_412,51.08,17.25,2024-02-01,0.4192083770623143,-0.674983816544433,-0.1019489073429297
S_412,51.08,17.25,2024-03-01,0.4887,-0.4721,0.1143
S_412,51.08,17.25,2024-04-01,0.59,-0.5597,0.1709
S_412,51.08,17.25,2024-05-01,0.5932,-0.5656,0.2123
S_412,51.08,17.25,2024-06-01,0.576,-0.5466,0.1809
S_412,51.08,17.25,2024-07-01,0.4879,-0.5031,0.0358
S_412,51.08,17.25,2024-08-01,0.484,-0.4895,0.0447
S_412,51.08,17.25,2024-09-01,0.6,-0.57,0.1628
S_412,51.08,17.25,2024-10-01,0.5163,-0.5282,0.057
S_412,51.08,17.25,2024-11-01,0.5352,-0.5451,0.1132
S_412,51.08,17.25,2024-12-01,0.4348,-0.4317,0.1318
S_412,51.08,17.25,2025-01-01,0.4789,-0.5177,0.0908
S_412,51.08,17.25,2025-02-01,0.4309,-0.4772,0.0416
S_412,51.08,17.25,2025-03-01,0.4438,-0.4767,0.0377
S_412,51.08,17.25,2025-04-01,0.6002,-0.5744,0.2268
S_412,51.08,17.25,2025-05-01,0.5929,-0.5636,0.235
S_412,51.08,17.25,2025-06-01,0.6539,-0.6129,0.3039
S_412,51.08,17.25,2025-07-01,0.6301,-0.5829,0.2356
S_412,51.08,17.25,2025-08-01,0.5676,-0.5514,0.1441
S_412,51.08,17.25,2025-09-01,0.4667,-0.488,0.0384
S_412,51.08,17.25,2025-10-01,0.5011787180701612,-0.4538043343628529,0.172835873676711
S_412,51.08,17.25,2025-11-01,0.4697,-0.5135,0.0336
S_412,51.08,17.25,2025-12-01,0.4434,-0.4949,0.0561
S_412,51.08,17.25,2026-01-01,0.3738,-0.4562,0.0073
S_412,51.08,17.25,2026-02-01,0.3285,-0.4134,-0.0862
S_412,51.08,17.25,2026-03-01,0.3462,-0.4335,-0.0667
S_413,51.1,17.25,2023-06-01,0.593942584267498,-0.5706791448251133,0.2272154728226154
S_413,51.1,17.25,2023-07-01,0.5935949465213746,-0.587523373649769,0.1731189780181556
S_413,51.1,17.25,2023-08-01,0.5908223469964963,-0.5629196358505252,0.115393687293495
S_413,51.1,17.25,2023-09-01,0.6198066815320491,-0.5828366968072357,0.1565611934552865
S_413,51.1,17.25,2023-10-01,0.5175626296645093,-0.5081755626208488,0.0764211470337347
S_413,51.1,17.25,2023-11-01,0.3361394760290646,-0.3129148526369931,0.10053135447857
S_413,51.1,17.25,2023-12-01,0.4173900293095883,-0.4461077081865564,0.0550800751397101
S_413,51.1,17.25,2024-01-01,0.2154013954758749,-0.2435267825370679,0.4657021097538396
S_413,51.1,17.25,2024-02-01,0.4189461574220779,-0.6747447544019876,-0.10285451263649
S_413,51.1,17.25,2024-03-01,0.4358193468292104,-0.4384204698249485,0.0440197720781931
S_413,51.1,17.25,2024-04-01,0.5197869892370282,-0.5081615622731002,0.1219454715353401
S_413,51.1,17.25,2024-05-01,0.5383514154264716,-0.5270488006192949,0.1360835803509039
S_413,51.1,17.25,2024-06-01,0.5635841418471241,-0.5309788158958935,0.1596863878340624
S_413,51.1,17.25,2024-07-01,0.573305502093572,-0.5594800751295703,0.1093282743489271
S_413,51.1,17.25,2024-08-01,0.5760010665595747,-0.5526927005427227,0.118307708182529
S_413,51.1,17.25,2024-09-01,0.5597145823793225,-0.5578892916558179,0.0962984517485593
S_413,51.1,17.25,2024-10-01,0.470834490714289,-0.5107057911067604,-0.0025271678906538
S_413,51.1,17.25,2024-11-01,0.4577681075680907,-0.5014666157487265,0.0275642335304463
S_413,51.1,17.25,2024-12-01,0.3709221543221244,-0.3975715728718569,0.0706074356981665
S_413,51.1,17.25,2025-01-01,0.4038236062343555,-0.4765212240050657,0.026718512862103
S_413,51.1,17.25,2025-02-01,0.3653162668822461,-0.4349335205046508,-0.0170505415378043
S_413,51.1,17.25,2025-03-01,0.3698924679631319,-0.4280868130922955,-0.035480693063083
S_413,51.1,17.25,2025-04-01,0.542043843479064,-0.5365709150338739,0.1411198684257713
S_413,51.1,17.25,2025-05-01,0.5291684364729923,-0.5172107482436246,0.1381288922833917
S_413,51.1,17.25,2025-06-01,0.6683207987565424,-0.6302813908050343,0.2648791448310866
S_413,51.1,17.25,2025-07-01,0.6278519370224507,-0.5956999999993355,0.2203558675019309
S_413,51.1,17.25,2025-08-01,0.6238407635234049,-0.5937572230725835,0.1793993421683338
S_413,51.1,17.25,2025-09-01,0.5289921954809228,-0.5353592364786071,0.0776066416226665
S_413,51.1,17.25,2025-10-01,0.4334764244659545,-0.416358654625503,0.127414751054869
S_413,51.1,17.25,2025-11-01,0.4541770350731238,-0.5121965346833494,0.0108656289944681
S_413,51.1,17.25,2025-12-01,0.4171375307780566,-0.4867265499542016,0.0297377234579965
S_413,51.1,17.25,2026-01-01,0.3549085022572953,-0.448780035227608,-0.0010971526127359
S_413,51.1,17.25,2026-02-01,0.3097537577539009,-0.4058977540151909,-0.100678174596068
S_413,51.1,17.25,2026-03-01,0.32591448604559,-0.4253860190157171,-0.077687992521036
S_414,51.12,17.25,2023-06-01,0.6016,-0.5759,0.2073
S_414,51.12,17.25,2023-07-01,0.619,-0.6009,0.1775
S_414,51.12,17.25,2023-08-01,0.5964,-0.5741,0.1167
S_414,51.12,17.25,2023-09-01,0.6136,-0.5876,0.1528
S_414,51.12,17.25,2023-10-01,0.5816074959581854,-0.5539113791511777,0.1279907890851117
S_414,51.12,17.25,2023-11-01,0.265,-0.2497,0.0537
S_414,51.12,17.25,2023-12-01,0.4288,-0.4509,0.0526
S_414,51.12,17.25,2024-01-01,0.2375,-0.2689,0.4263
S_414,51.12,17.25,2024-02-01,0.4145982510182096,-0.6557697171225431,-0.0936398299606533
S_414,51.12,17.25,2024-03-01,0.4615,-0.4614,0.0778
S_414,51.12,17.25,2024-04-01,0.5292,-0.5076,0.1653
S_414,51.12,17.25,2024-05-01,0.5613,-0.545,0.1403
S_414,51.12,17.25,2024-06-01,0.5775,-0.5331,0.1705
S_414,51.12,17.25,2024-07-01,0.6042,-0.5834,0.1283
S_414,51.12,17.25,2024-08-01,0.6256,-0.5909,0.1551
S_414,51.12,17.25,2024-09-01,0.5721,-0.5713,0.0999
S_414,51.12,17.25,2024-10-01,0.5185,-0.544,0.0183
S_414,51.12,17.25,2024-11-01,0.4848,-0.5204,0.037
S_414,51.12,17.25,2024-12-01,0.4033,-0.4306,0.0793
S_414,51.12,17.25,2025-01-01,0.4176,-0.4896,0.0302
S_414,51.12,17.25,2025-02-01,0.3735,-0.4442,-0.004
S_414,51.12,17.25,2025-03-01,0.3691,-0.4304,-0.0464
S_414,51.12,17.25,2025-04-01,0.5837,-0.5685,0.1471
S_414,51.12,17.25,2025-05-01,0.5557,-0.5341,0.1258
S_414,51.12,17.25,2025-06-01,0.6421,-0.6142,0.2023
S_414,51.12,17.25,2025-07-01,0.5892,-0.5776,0.1629
S_414,51.12,17.25,2025-08-01,0.629,-0.5951,0.1576
S_414,51.12,17.25,2025-09-01,0.5963,-0.5762,0.1205
S_414,51.12,17.25,2025-10-01,0.4653,-0.445,0.1287
S_414,51.12,17.25,2025-11-01,0.5174,-0.5556,0.045
S_414,51.12,17.25,2025-12-01,0.4522,-0.5182,0.0354
S_414,51.12,17.25,2026-01-01,0.3772,-0.4678,0.0055
S_414,51.12,17.25,2026-02-01,0.3302,-0.4275,-0.1057
S_414,51.12,17.25,2026-03-01,0.3465,-0.4485,-0.0767
S_415,51.14,17.25,2023-06-01,0.6596,-0.6263,0.3434
S_415,51.14,17.25,2023-07-01,0.5228,-0.5635,0.1492
S_415,51.14,17.25,2023-08-01,0.4667,-0.4992,0.0356
S_415,51.14,17.25,2023-09-01,0.4532,-0.4847,0.0377
S_415,51.14,17.25,2023-10-01,0.5881742343726185,-0.5584044191873062,0.1325755820232274
S_415,51.14,17.25,2023-11-01,0.4102686501891576,-0.3970751293523337,0.111581695183251
S_415,51.14,17.25,2023-12-01,0.4292,-0.4558,0.0811
S_415,51.14,17.25,2024-01-01,0.2798,-0.322,0.2992
S_415,51.14,17.25,2024-02-01,0.4765,-0.7567,-0.103
S_415,51.14,17.25,2024-03-01,0.4042,-0.41,0.0255
S_415,51.14,17.25,2024-04-01,0.4359,-0.452,0.0787
S_415,51.14,17.25,2024-05-01,0.4671,-0.4853,0.133
S_415,51.14,17.25,2024-06-01,0.5595,-0.5404,0.1552
S_415,51.14,17.25,2024-07-01,0.5262,-0.543,0.0696
S_415,51.14,17.25,2024-08-01,0.5277,-0.5325,0.0823
S_415,51.14,17.25,2024-09-01,0.432,-0.4881,-0.0113
S_415,51.14,17.25,2024-10-01,0.384,-0.4305,0.0051
S_415,51.14,17.25,2024-11-01,0.4317,-0.4852,0.0572
S_415,51.14,17.25,2024-12-01,0.404,-0.4293,0.1169
S_415,51.14,17.25,2025-01-01,0.4167,-0.4809,0.0869
S_415,51.14,17.25,2025-02-01,0.3684,-0.4326,0.019
S_415,51.14,17.25,2025-03-01,0.3761,-0.4302,0.0013
S_415,51.14,17.25,2025-04-01,0.5176,-0.5279,0.1865
S_415,51.14,17.25,2025-05-01,0.5239,-0.5196,0.2026
S_415,51.14,17.25,2025-06-01,0.6125,-0.6078,0.2379
S_415,51.14,17.25,2025-07-01,0.5092,-0.5447,0.1637
S_415,51.14,17.25,2025-08-01,0.5754,-0.5664,0.1488
S_415,51.14,17.25,2025-09-01,0.4495,-0.4868,0.0187
S_415,51.14,17.25,2025-10-01,0.3591,-0.3637,0.0662
S_415,51.14,17.25,2025-11-01,0.421,-0.4926,0.0407
S_415,51.14,17.25,2025-12-01,0.4208,-0.4864,0.0921
S_415,51.14,17.25,2026-01-01,0.3381,-0.4291,0.0028
S_415,51.14,17.25,2026-02-01,0.301,-0.398,-0.0762
S_415,51.14,17.25,2026-03-01,0.3162,-0.4142,-0.0624
S_416,51.16,17.25,2023-06-01,0.694538862971635,-0.6437460660980211,0.3535065219128396
S_416,51.16,17.25,2023-07-01,0.5984806998685982,-0.6057053094045614,0.2113753904638369
S_416,51.16,17.25,2023-08-01,0.554543152547315,-0.550916987956638,0.1047252975337295
S_416,51.16,17.25,2023-09-01,0.5965785832760332,-0.5763271114271442,0.1603681075200489
S_416,51.16,17.25,2023-10-01,0.6020265825245426,-0.5686185167736474,0.1408119584962017
S_416,51.16,17.25,2023-11-01,0.5182175836025533,-0.5377163968895388,0.0947567563972665
S_416,51.16,17.25,2023-12-01,0.4377119276643572,-0.4520232938476897,0.093521473114748
S_416,51.16,17.25,2024-01-01,0.2987829789224183,-0.3306400657599643,0.3250426406577773
S_416,51.16,17.25,2024-02-01,0.4245052529799916,-0.6616148383143906,-0.0839561165999391
S_416,51.16,17.25,2024-03-01,0.297201076310025,-0.2851027608124421,0.0004800683111403
S_416,51.16,17.25,2024-04-01,0.5243049405787694,-0.5036988205590793,0.1467323741255197
S_416,51.16,17.25,2024-05-01,0.5759141006603608,-0.5524774038705423,0.2105050534568993
S_416,51.16,17.25,2024-06-01,0.6080727357490512,-0.5600126652979428,0.2257445412127017
S_416,51.16,17.25,2024-07-01,0.5937123927838712,-0.5788716691845036,0.134529646420495
S_416,51.16,17.25,2024-08-01,0.5757586983272301,-0.5601750216444189,0.1339187853259287
S_416,51.16,17.25,2024-09-01,0.5093309124911993,-0.5259433617719264,0.069717316864628
S_416,51.16,17.25,2024-10-01,0.4377764239590987,-0.4745087017607401,0.0240562431438466
S_416,51.16,17.25,2024-11-01,0.4776183036360661,-0.5091507974812618,0.0792341618015557
S_416,51.16,17.25,2024-12-01,0.4410437471311625,-0.4461244401992706,0.1384670808987461
S_416,51.16,17.25,2025-01-01,0.4560045717593639,-0.516111678541838,0.0885509502666353
S_416,51.16,17.25,2025-02-01,0.399500505048213,-0.4596990132368492,0.0176378596975756
S_416,51.16,17.25,2025-03-01,0.399452265927964,-0.4471625490140345,-0.0120426805798856
S_416,51.16,17.25,2025-04-01,0.6114083425895432,-0.5809488735598749,0.228278752621746
S_416,51.16,17.25,2025-05-01,0.5975197487024673,-0.5593663597839474,0.2383647716403346
S_416,51.16,17.25,2025-06-01,0.697730520322188,-0.6587717091039388,0.3100841583910915
S_416,51.16,17.25,2025-07-01,0.5974052529510637,-0.5937029271733278,0.2420471725498775
S_416,51.16,17.25,2025-08-01,0.6098981296247975,-0.5934766895879512,0.1556392220775271
S_416,51.16,17.25,2025-09-01,0.5154699914685185,-0.5284228354682939,0.0778808360621279
S_416,51.16,17.25,2025-10-01,0.3947668716439522,-0.3967774437578033,0.0871288192825441
S_416,51.16,17.25,2025-11-01,0.4591220180422682,-0.5139462821242589,0.0520439796953847
S_416,51.16,17.25,2025-12-01,0.4503665193915123,-0.5025996710762118,0.0737772676404965
S_416,51.16,17.25,2026-01-01,0.3709284670214242,-0.44304254434765,0.0668464417421257
S_416,51.16,17.25,2026-02-01,0.3408446375476384,-0.4253436108968345,-0.0637968801421175
S_416,51.16,17.25,2026-03-01,0.3609181275145392,-0.4447149512083321,-0.0493153929896108
S_417,51.18,17.25,2023-06-01,0.76,-0.6636,0.3406
S_417,51.18,17.25,2023-07-01,0.7845,-0.6994,0.3212
S_417,51.18,17.25,2023-08-01,0.7792,-0.6916,0.2814
S_417,51.18,17.25,2023-09-01,0.7759,-0.6976,0.3183
S_417,51.18,17.25,2023-10-01,0.6556634039831092,-0.6070601105928056,0.1826069911471014
S_417,51.18,17.25,2023-11-01,0.6194,-0.6226,0.1802
S_417,51.18,17.25,2023-12-01,0.4678,-0.4448,0.1036
S_417,51.18,17.25,2024-01-01,0.3757,-0.3788,0.3921
S_417,51.18,17.25,2024-02-01,0.485,-0.746,-0.0765
S_417,51.18,17.25,2024-03-01,0.0135,0.044,-0.1094
S_417,51.18,17.25,2024-04-01,0.6536,-0.5811,0.1742
S_417,51.18,17.25,2024-05-01,0.713,-0.636,0.2566
S_417,51.18,17.25,2024-06-01,0.7174,-0.6328,0.3019
S_417,51.18,17.25,2024-07-01,0.7762,-0.6879,0.2776
S_417,51.18,17.25,2024-08-01,0.7621,-0.6781,0.2741
S_417,51.18,17.25,2024-09-01,0.7297,-0.6612,0.2652
S_417,51.18,17.25,2024-10-01,0.6175,-0.6011,0.1529
S_417,51.18,17.25,2024-11-01,0.5624,-0.5828,0.0952
S_417,51.18,17.25,2024-12-01,0.5028,-0.4949,0.1412
S_417,51.18,17.25,2025-01-01,0.5523,-0.6061,0.104
S_417,51.18,17.25,2025-02-01,0.4751,-0.5171,0.0394
S_417,51.18,17.25,2025-03-01,0.4408,-0.4886,-0.056
S_417,51.18,17.25,2025-04-01,0.7083,-0.619,0.2087
S_417,51.18,17.25,2025-05-01,0.6797,-0.581,0.2286
S_417,51.18,17.25,2025-06-01,0.823,-0.7403,0.3478
S_417,51.18,17.25,2025-07-01,0.7954,-0.707,0.3187
S_417,51.18,17.25,2025-08-01,0.7914,-0.7108,0.2969
S_417,51.18,17.25,2025-09-01,0.7674,-0.6902,0.3082
S_417,51.18,17.25,2025-10-01,0.597,-0.5493,0.2355
S_417,51.18,17.25,2025-11-01,0.5819,-0.5943,0.1592
S_417,51.18,17.25,2025-12-01,0.5317,-0.5428,0.1052
S_417,51.18,17.25,2026-01-01,0.4446,-0.4668,0.2721
S_417,51.18,17.25,2026-02-01,0.4379,-0.4957,0.0119
S_417,51.18,17.25,2026-03-01,0.4722,-0.5235,0.0242
S_418,51.2,17.25,2023-06-01,0.7113,-0.6346,0.3051
S_418,51.2,17.25,2023-07-01,0.6834,-0.6284,0.2374
S_418,51.2,17.25,2023-08-01,0.6494,-0.5903,0.1741
S_418,51.2,17.25,2023-09-01,0.6589,-0.6037,0.214
S_418,51.2,17.25,2023-10-01,0.6583037966218135,-0.6091617454534572,0.1843702293642025
S_418,51.2,17.25,2023-11-01,0.6013,-0.6027,0.1575
S_418,51.2,17.25,2023-12-01,0.4788,-0.4572,0.1006
S_418,51.2,17.25,2024-01-01,0.3901,-0.4027,0.3586
S_418,51.2,17.25,2024-02-01,0.5324,-0.6322,0.099
S_418,51.2,17.25,2024-03-01,0.2225995280179593,-0.1969826033214005,-0.0042003522862649
S_418,51.2,17.25,2024-04-01,0.6309,-0.5683,0.1766
S_418,51.2,17.25,2024-05-01,0.7287,-0.6504,0.3033
S_418,51.2,17.25,2024-06-01,0.7235,-0.6385,0.3024
S_418,51.2,17.25,2024-07-01,0.6437,-0.584,0.1584
S_418,51.2,17.25,2024-08-01,0.6445,-0.5846,0.1595
S_418,51.2,17.25,2024-09-01,0.6516,-0.6058,0.1753
S_418,51.2,17.25,2024-10-01,0.5853,-0.5792,0.0993
S_418,51.2,17.25,2024-11-01,0.5095,-0.514,0.0783
S_418,51.2,17.25,2024-12-01,0.4548,-0.4367,0.0902
S_418,51.2,17.25,2025-01-01,0.4925,-0.5296,0.0966
S_418,51.2,17.25,2025-02-01,0.4334,-0.4721,0.0583
S_418,51.2,17.25,2025-03-01,0.3922,-0.4275,-0.0468
S_418,51.2,17.25,2025-04-01,0.6057,-0.5402,0.1526
S_418,51.2,17.25,2025-05-01,0.6049,-0.5272,0.1738
S_418,51.2,17.25,2025-06-01,0.7159,-0.6549,0.2781
S_418,51.2,17.25,2025-07-01,0.6855,-0.6233,0.2468
S_418,51.2,17.25,2025-08-01,0.6974,-0.6257,0.2324
S_418,51.2,17.25,2025-09-01,0.6866,-0.6204,0.2353
S_418,51.2,17.25,2025-10-01,0.5974,-0.5556,0.2132
S_418,51.2,17.25,2025-11-01,0.5425,-0.5647,0.1087
S_418,51.2,17.25,2025-12-01,0.5159,-0.5437,0.091
S_418,51.2,17.25,2026-01-01,0.4082,-0.4446,0.1893
S_418,51.2,17.25,2026-02-01,0.4056,-0.4681,-0.0384
S_418,51.2,17.25,2026-03-01,0.4333,-0.4928,-0.0197
S_419,51.22,17.25,2023-06-01,0.6306,-0.5891,0.3448
S_419,51.22,17.25,2023-07-01,0.5323,-0.5294,0.1966
S_419,51.22,17.25,2023-08-01,0.4358,-0.4526,0.0193
S_419,51.22,17.25,2023-09-01,0.4542,-0.4579,0.0699
S_419,51.22,17.25,2023-10-01,0.5059576749768527,-0.4777830730517349,0.1258062996513448
S_419,51.22,17.25,2023-11-01,0.407,-0.4411,0.0295
S_419,51.22,17.25,2023-12-01,0.3344,-0.3594,0.0402
S_419,51.22,17.25,2024-01-01,0.2547,-0.3116,0.1362
S_419,51.22,17.25,2024-02-01,0.4062,-0.5226,-0.0749
S_419,51.22,17.25,2024-03-01,0.302,-0.2746,0.0499
S_419,51.22,17.25,2024-04-01,0.6431,-0.5997,0.3073
S_419,51.22,17.25,2024-05-01,0.5781,-0.5666,0.2227
S_419,51.22,17.25,2024-06-01,0.6305,-0.5778,0.2702
S_419,51.22,17.25,2024-07-01,0.488,-0.4934,0.0661
S_419,51.22,17.25,2024-08-01,0.4888,-0.4854,0.0865
S_419,51.22,17.25,2024-09-01,0.4695,-0.4764,0.0677
S_419,51.22,17.25,2024-10-01,0.3747,-0.4152,-0.0082
S_419,51.22,17.25,2024-11-01,0.38,-0.4167,0.0372
S_419,51.22,17.25,2024-12-01,0.3286,-0.3494,0.0688
S_419,51.22,17.25,2025-01-01,0.3393,-0.3982,0.067
S_419,51.22,17.25,2025-02-01,0.3127,-0.3785,0.0113
S_419,51.22,17.25,2025-03-01,0.3518,-0.3769,0.005
S_419,51.22,17.25,2025-04-01,0.5626,-0.5363,0.2369
S_419,51.22,17.25,2025-05-01,0.5667,-0.5349,0.2437
S_419,51.22,17.25,2025-06-01,0.6437,-0.6043,0.3012
S_419,51.22,17.25,2025-07-01,0.5714,-0.558,0.2402
S_419,51.22,17.25,2025-08-01,0.4666,-0.4763,0.0608
S_419,51.22,17.25,2025-09-01,0.4185,-0.4276,0.0411
S_419,51.22,17.25,2025-10-01,0.4473,-0.4548,0.0883
S_419,51.22,17.25,2025-11-01,0.4535,-0.4697,0.0777
S_419,51.22,17.25,2025-12-01,0.4133,-0.4517,0.1008
S_419,51.22,17.25,2026-01-01,0.2988,-0.363,0.1172
S_419,51.22,17.25,2026-02-01,0.2862,-0.364,-0.0301
S_419,51.22,17.25,2026-03-01,0.3024,-0.3808,-0.038
S_420,51.24,17.25,2023-06-01,0.6579706415015814,-0.6276872284946922,0.368544824038936
S_420,51.24,17.25,2023-07-01,0.5741019606133471,-0.5725860552757466,0.2246965456224091
S_420,51.24,17.25,2023-08-01,0.4506184553579656,-0.4805311020084121,0.0248249592278257
S_420,51.24,17.25,2023-09-01,0.4814398083197293,-0.4927238377478511,0.0767904871720295
S_420,51.24,17.25,2023-10-01,0.50238831869698,-0.4744098256693064,0.1248732116036788
S_420,51.24,17.25,2023-11-01,0.4562352189232,-0.4906754209547806,0.0703083261046153
S_420,51.24,17.25,2023-12-01,0.3860063328797792,-0.4062604796311204,0.0660186454605857
S_420,51.24,17.25,2024-01-01,0.2805033565397483,-0.347280279188842,0.1266196285600824
S_420,51.24,17.25,2024-02-01,0.3597497935812681,-0.430405664717204,0.0342028188779381
S_420,51.24,17.25,2024-03-01,0.303852358826057,-0.2860594447496598,0.0339663585749713
S_420,51.24,17.25,2024-04-01,0.5868361773353559,-0.5646299423097563,0.2603713771739304
S_420,51.24,17.25,2024-05-01,0.6297110145043803,-0.6030601916818061,0.2776066613597958
S_420,51.24,17.25,2024-06-01,0.6650959618080675,-0.6083922903057241,0.3097709834716516
S_420,51.24,17.25,2024-07-01,0.4424864680849398,-0.4820125679079642,0.02443118074962
S_420,51.24,17.25,2024-08-01,0.4872634694564005,-0.4958885726705918,0.0642006164043982
S_420,51.24,17.25,2024-09-01,0.4431419320073101,-0.4745931811594291,0.0334127118752049
S_420,51.24,17.25,2024-10-01,0.4086733163692885,-0.4542680453456413,0.0158348848699797
S_420,51.24,17.25,2024-11-01,0.4315738866741304,-0.4643266239928262,0.0848425293338469
S_420,51.24,17.25,2024-12-01,0.4056773680875003,-0.4141826065001336,0.1328024060611105
S_420,51.24,17.25,2025-01-01,0.4124250570850284,-0.4593001439786942,0.1229783782142318
S_420,51.24,17.25,2025-02-01,0.3737879562753339,-0.4358104633363243,0.0324791386003986
S_420,51.24,17.25,2025-03-01,0.4035494786289011,-0.4318356452622854,0.0236405822286976
S_420,51.24,17.25,2025-04-01,0.6147084374724879,-0.5843004128187629,0.2674161606835301
S_420,51.24,17.25,2025-05-01,0.6007552873428689,-0.5657875760725805,0.2691594177939781
S_420,51.24,17.25,2025-06-01,0.6783082608841899,-0.6387887301676295,0.3223714289150037
S_420,51.24,17.25,2025-07-01,0.6057039864672596,-0.5811609520743695,0.284319734343196
S_420,51.24,17.25,2025-08-01,0.4939740576533933,-0.5107104307002399,0.0712110144988113
S_420,51.24,17.25,2025-09-01,0.4223461276816419,-0.4498941316564958,0.0324293314853594
S_420,51.24,17.25,2025-10-01,0.4275741093791889,-0.4540002553287156,0.0686421356181856
S_420,51.24,17.25,2025-11-01,0.4616980067546752,-0.4950857403059714,0.0761982429855296
S_420,51.24,17.25,2025-12-01,0.4365072181392906,-0.4770754997064258,0.129004936967702
S_420,51.24,17.25,2026-01-01,0.328569088087303,-0.4014986231940319,0.0910324923127775
S_420,51.24,17.25,2026-02-01,0.3079395855978449,-0.3968787122699729,-0.030897278985949
S_420,51.24,17.25,2026-03-01,0.3277643086021238,-0.4149201336261706,-0.029984901174874
